ISO-10303-21;
HEADER;
FILE_DESCRIPTION (( 'STEP AP214' ),
    '1' );
FILE_NAME ('TFML-110-01-L-D-RA.STEP',
    '2024-05-30T06:54:16',
    ( '' ),
    ( '' ),
    'SwSTEP 2.0',
    'SolidWorks 2024',
    '' );
FILE_SCHEMA (( 'AUTOMOTIVE_DESIGN' ));
ENDSEC;

DATA;
#1 = CARTESIAN_POINT ( 'NONE',  ( 0.2320000000000000118, 0.02999999999999999889, 0.03000000000000008910 ) ) ;
#2 = CARTESIAN_POINT ( 'NONE',  ( 0.1179999999999999938, -0.01000000000000000021, 0.03500000000000000333 ) ) ;
#3 = DIRECTION ( 'NONE',  ( 1.000000000000000000, 0.000000000000000000, -0.000000000000000000 ) ) ;
#4 = ORIENTED_EDGE ( 'NONE', *, *, #7164, .F. ) ;
#5 = CARTESIAN_POINT ( 'NONE',  ( 0.1749999999999999889, 0.1905000000000000027, 0.02500000000000000139 ) ) ;
#6 = ADVANCED_FACE ( 'NONE', ( #6089 ), #3406, .T. ) ;
#7 = VECTOR ( 'NONE', #7771, 39.37007874015748143 ) ;
#8 = EDGE_CURVE ( 'NONE', #4607, #4305, #4740, .T. ) ;
#9 = AXIS2_PLACEMENT_3D ( 'NONE', #250, #7717, #2413 ) ;
#10 = ADVANCED_FACE ( 'NONE', ( #677 ), #4697, .T. ) ;
#11 = VECTOR ( 'NONE', #7420, 39.37007874015748143 ) ;
#12 = VERTEX_POINT ( 'NONE', #3365 ) ;
#13 = CARTESIAN_POINT ( 'NONE',  ( 0.1179999999999999938, -0.1000000000000000056, 0.1874999999999999722 ) ) ;
#14 = VECTOR ( 'NONE', #4031, 39.37007874015748143 ) ;
#15 = DIRECTION ( 'NONE',  ( 0.000000000000000000, -0.000000000000000000, 1.000000000000000000 ) ) ;
#16 = EDGE_CURVE ( 'NONE', #7944, #8062, #5098, .T. ) ;
#17 = PLANE ( 'NONE',  #502 ) ;
#18 = ORIENTED_EDGE ( 'NONE', *, *, #7994, .T. ) ;
#19 = EDGE_CURVE ( 'NONE', #2050, #8346, #6807, .T. ) ;
#20 = VERTEX_POINT ( 'NONE', #2739 ) ;
#21 = AXIS2_PLACEMENT_3D ( 'NONE', #3539, #5186, #5143 ) ;
#22 = LINE ( 'NONE', #690, #8582 ) ;
#23 = ORIENTED_EDGE ( 'NONE', *, *, #3739, .T. ) ;
#24 = DIRECTION ( 'NONE',  ( -0.000000000000000000, 1.000000000000000000, 0.000000000000000000 ) ) ;
#25 = DIRECTION ( 'NONE',  ( 1.000000000000000000, 0.000000000000000000, 0.000000000000000000 ) ) ;
#26 = VERTEX_POINT ( 'NONE', #2117 ) ;
#27 = CARTESIAN_POINT ( 'NONE',  ( 0.2500000000000000000, -0.05999999999999999778, -0.01499999999999999944 ) ) ;
#28 = LINE ( 'NONE', #2005, #2666 ) ;
#29 = VERTEX_POINT ( 'NONE', #625 ) ;
#30 = CARTESIAN_POINT ( 'NONE',  ( -0.03200000000000000067, -0.01499999999999999598, 0.1874999999999999722 ) ) ;
#31 = AXIS2_PLACEMENT_3D ( 'NONE', #340, #5720, #5806 ) ;
#32 = DIRECTION ( 'NONE',  ( 0.000000000000000000, -1.000000000000000000, 0.000000000000000000 ) ) ;
#33 = ORIENTED_EDGE ( 'NONE', *, *, #4218, .F. ) ;
#34 = PLANE ( 'NONE',  #2308 ) ;
#35 = ORIENTED_EDGE ( 'NONE', *, *, #3431, .F. ) ;
#36 = FACE_OUTER_BOUND ( 'NONE', #8072, .T. ) ;
#37 = ORIENTED_EDGE ( 'NONE', *, *, #5126, .F. ) ;
#38 = DIRECTION ( 'NONE',  ( 0.000000000000000000, 1.000000000000000000, -0.000000000000000000 ) ) ;
#39 = FACE_OUTER_BOUND ( 'NONE', #967, .T. ) ;
#40 = ORIENTED_EDGE ( 'NONE', *, *, #5016, .T. ) ;
#41 = CARTESIAN_POINT ( 'NONE',  ( -0.1680000000000000382, -0.01499999999999999944, 0.1874999999999999722 ) ) ;
#42 = DIRECTION ( 'NONE',  ( 0.000000000000000000, 0.000000000000000000, -1.000000000000000000 ) ) ;
#43 = EDGE_CURVE ( 'NONE', #3144, #6131, #4825, .T. ) ;
#44 = CARTESIAN_POINT ( 'NONE',  ( 0.02500000000000000139, 0.1905000000000000027, 0.02500000000000000139 ) ) ;
#45 = DIRECTION ( 'NONE',  ( 1.000000000000000000, 0.000000000000000000, -0.000000000000000000 ) ) ;
#46 = DIRECTION ( 'NONE',  ( 0.000000000000000000, -0.000000000000000000, -1.000000000000000000 ) ) ;
#47 = CARTESIAN_POINT ( 'NONE',  ( -0.1474999999999999922, 0.000000000000000000, -0.06500000000000000222 ) ) ;
#48 = ORIENTED_EDGE ( 'NONE', *, *, #2165, .T. ) ;
#49 = FACE_BOUND ( 'NONE', #3488, .T. ) ;
#50 = ADVANCED_FACE ( 'NONE', ( #4121 ), #1401, .F. ) ;
#51 = ORIENTED_EDGE ( 'NONE', *, *, #7253, .T. ) ;
#52 = LINE ( 'NONE', #1449, #5062 ) ;
#53 = VECTOR ( 'NONE', #186, 39.37007874015748143 ) ;
#54 = CARTESIAN_POINT ( 'NONE',  ( -0.1180000000000000077, 0.02999999999999999889, -0.01999999999999996225 ) ) ;
#55 = EDGE_CURVE ( 'NONE', #8627, #8498, #2157, .T. ) ;
#56 = FACE_OUTER_BOUND ( 'NONE', #4772, .T. ) ;
#57 = ORIENTED_EDGE ( 'NONE', *, *, #3020, .F. ) ;
#58 = ORIENTED_EDGE ( 'NONE', *, *, #2520, .T. ) ;
#59 = DIRECTION ( 'NONE',  ( -1.000000000000000000, 0.000000000000000000, 0.000000000000000000 ) ) ;
#60 = EDGE_CURVE ( 'NONE', #4414, #1837, #7598, .T. ) ;
#61 = ORIENTED_EDGE ( 'NONE', *, *, #2997, .T. ) ;
#62 = CIRCLE ( 'NONE', #5068, 0.008999999999999997585 ) ;
#63 = CARTESIAN_POINT ( 'NONE',  ( 0.2500000000000000000, -0.01499999999999999944, 0.03500000000000000333 ) ) ;
#64 = CARTESIAN_POINT ( 'NONE',  ( 0.000000000000000000, 0.000000000000000000, 0.000000000000000000 ) ) ;
#65 = VERTEX_POINT ( 'NONE', #6045 ) ;
#66 = LINE ( 'NONE', #4235, #933 ) ;
#67 = VERTEX_POINT ( 'NONE', #8810 ) ;
#68 = CARTESIAN_POINT ( 'NONE',  ( -0.02500000000000000139, 0.1905000000000000027, 0.02500000000000000139 ) ) ;
#69 = VECTOR ( 'NONE', #6121, 39.37007874015748143 ) ;
#70 = ORIENTED_EDGE ( 'NONE', *, *, #3150, .T. ) ;
#71 = CARTESIAN_POINT ( 'NONE',  ( -0.03200000000000000067, -0.1000000000000000056, 0.1874999999999999722 ) ) ;
#72 = ADVANCED_FACE ( 'NONE', ( #579 ), #3322, .T. ) ;
#73 = DIRECTION ( 'NONE',  ( -0.000000000000000000, -0.000000000000000000, 1.000000000000000000 ) ) ;
#74 = ORIENTED_EDGE ( 'NONE', *, *, #6647, .T. ) ;
#75 = AXIS2_PLACEMENT_3D ( 'NONE', #7914, #1796, #7197 ) ;
#76 = ADVANCED_FACE ( 'NONE', ( #5416 ), #7473, .T. ) ;
#77 = AXIS2_PLACEMENT_3D ( 'NONE', #7758, #7674, #5670 ) ;
#78 = DIRECTION ( 'NONE',  ( 0.000000000000000000, -1.000000000000000000, 0.000000000000000000 ) ) ;
#79 = ORIENTED_EDGE ( 'NONE', *, *, #1076, .T. ) ;
#80 = VERTEX_POINT ( 'NONE', #1660 ) ;
#81 = PLANE ( 'NONE',  #7026 ) ;
#82 = ORIENTED_EDGE ( 'NONE', *, *, #2266, .F. ) ;
#83 = CARTESIAN_POINT ( 'NONE',  ( -0.03199999999999999373, -0.05999999999999999778, -0.01499999999999999944 ) ) ;
#84 = DIRECTION ( 'NONE',  ( 0.000000000000000000, 0.000000000000000000, 1.000000000000000000 ) ) ;
#85 = AXIS2_PLACEMENT_3D ( 'NONE', #6916, #8183, #6750 ) ;
#86 = VERTEX_POINT ( 'NONE', #5733 ) ;
#87 = CARTESIAN_POINT ( 'NONE',  ( 0.2500000000000000000, -0.01000000000000000021, 0.02999999999999999889 ) ) ;
#88 = VECTOR ( 'NONE', #7169, 39.37007874015748143 ) ;
#89 = CIRCLE ( 'NONE', #8789, 0.008999999999999997585 ) ;
#90 = LINE ( 'NONE', #6798, #4507 ) ;
#91 = CARTESIAN_POINT ( 'NONE',  ( 0.2500000000000000000, -0.01499999999999999944, 0.02999999999999999889 ) ) ;
#92 = CARTESIAN_POINT ( 'NONE',  ( -0.1819999999999999951, -0.05999999999999999778, -0.01499999999999999944 ) ) ;
#93 = VECTOR ( 'NONE', #575, 39.37007874015748143 ) ;
#94 = DIRECTION ( 'NONE',  ( 0.000000000000000000, 0.000000000000000000, -1.000000000000000000 ) ) ;
#95 = ORIENTED_EDGE ( 'NONE', *, *, #6120, .T. ) ;
#96 = DIRECTION ( 'NONE',  ( 0.000000000000000000, 0.000000000000000000, 1.000000000000000000 ) ) ;
#97 = LINE ( 'NONE', #7557, #926 ) ;
#98 = EDGE_LOOP ( 'NONE', ( #8386, #6173, #6251, #6913, #7008, #4470, #6808, #5443 ) ) ;
#99 = FACE_BOUND ( 'NONE', #169, .T. ) ;
#100 = EDGE_CURVE ( 'NONE', #5609, #1188, #8494, .T. ) ;
#101 = VECTOR ( 'NONE', #4840, 39.37007874015748143 ) ;
#102 = ORIENTED_EDGE ( 'NONE', *, *, #6084, .T. ) ;
#103 = DIRECTION ( 'NONE',  ( 0.000000000000000000, 1.000000000000000000, -0.000000000000000000 ) ) ;
#104 = DIRECTION ( 'NONE',  ( 0.000000000000000000, -1.000000000000000000, 0.000000000000000000 ) ) ;
#105 = EDGE_CURVE ( 'NONE', #6480, #554, #4393, .T. ) ;
#106 = CARTESIAN_POINT ( 'NONE',  ( -0.2320000000000000118, -0.05999999999999999778, -0.01499999999999999944 ) ) ;
#107 = VERTEX_POINT ( 'NONE', #4963 ) ;
#108 = FACE_OUTER_BOUND ( 'NONE', #2127, .T. ) ;
#109 = ORIENTED_EDGE ( 'NONE', *, *, #4242, .T. ) ;
#110 = CARTESIAN_POINT ( 'NONE',  ( -0.1179999999999999938, 0.02999999999999999889, 0.03000000000000008910 ) ) ;
#111 = ORIENTED_EDGE ( 'NONE', *, *, #4387, .T. ) ;
#112 = FACE_OUTER_BOUND ( 'NONE', #8679, .T. ) ;
#113 = EDGE_LOOP ( 'NONE', ( #1603, #7655, #6408, #2325 ) ) ;
#114 = CARTESIAN_POINT ( 'NONE',  ( -0.2500000000000000000, -0.07499999999999999722, 0.1874999999999999722 ) ) ;
#115 = EDGE_CURVE ( 'NONE', #5668, #7192, #8806, .T. ) ;
#116 = DIRECTION ( 'NONE',  ( 0.000000000000000000, 0.000000000000000000, -1.000000000000000000 ) ) ;
#117 = ADVANCED_FACE ( 'NONE', ( #2253 ), #7776, .F. ) ;
#118 = ORIENTED_EDGE ( 'NONE', *, *, #1292, .T. ) ;
#119 = CARTESIAN_POINT ( 'NONE',  ( -0.1749999999999999889, 0.03500000000000000333, 0.01600000000000000380 ) ) ;
#120 = EDGE_CURVE ( 'NONE', #4362, #8033, #989, .T. ) ;
#121 = VERTEX_POINT ( 'NONE', #3714 ) ;
#122 = ORIENTED_EDGE ( 'NONE', *, *, #2460, .T. ) ;
#123 = CARTESIAN_POINT ( 'NONE',  ( 0.1819999999999999951, -0.01000000000000000021, 0.03000000000000004746 ) ) ;
#124 = ORIENTED_EDGE ( 'NONE', *, *, #2023, .F. ) ;
#125 = PLANE ( 'NONE',  #6878 ) ;
#126 = DIRECTION ( 'NONE',  ( 1.000000000000000000, 0.000000000000000000, -0.000000000000000000 ) ) ;
#127 = ORIENTED_EDGE ( 'NONE', *, *, #5254, .T. ) ;
#128 = LINE ( 'NONE', #1651, #6658 ) ;
#129 = DIRECTION ( 'NONE',  ( 0.000000000000000000, 0.000000000000000000, 1.000000000000000000 ) ) ;
#130 = CARTESIAN_POINT ( 'NONE',  ( 0.01799999999999998476, -0.01000000000000000021, 0.03500000000000000333 ) ) ;
#131 = ADVANCED_FACE ( 'NONE', ( #7735 ), #3049, .F. ) ;
#132 = DIRECTION ( 'NONE',  ( 0.000000000000000000, 0.000000000000000000, -1.000000000000000000 ) ) ;
#133 = AXIS2_PLACEMENT_3D ( 'NONE', #4015, #7539, #8744 ) ;
#134 = CARTESIAN_POINT ( 'NONE',  ( 0.2320000000000000118, 0.02999999999999999889, 0.02000000000000003164 ) ) ;
#135 = CYLINDRICAL_SURFACE ( 'NONE', #4877, 0.005000000000000021788 ) ;
#136 = CARTESIAN_POINT ( 'NONE',  ( -0.06800000000000000488, 0.02999999999999999889, 0.1874999999999999722 ) ) ;
#137 = DIRECTION ( 'NONE',  ( 0.000000000000000000, 1.000000000000000000, 0.000000000000000000 ) ) ;
#138 = DIRECTION ( 'NONE',  ( -1.000000000000000000, 0.000000000000000000, 0.000000000000000000 ) ) ;
#139 = VERTEX_POINT ( 'NONE', #4914 ) ;
#140 = DIRECTION ( 'NONE',  ( 0.000000000000000000, -0.000000000000000000, 1.000000000000000000 ) ) ;
#141 = CIRCLE ( 'NONE', #859, 0.008999999999999997585 ) ;
#142 = VERTEX_POINT ( 'NONE', #4301 ) ;
#143 = CARTESIAN_POINT ( 'NONE',  ( 0.1250000000000000000, 0.03500000000000000333, 0.02500000000000000139 ) ) ;
#144 = CARTESIAN_POINT ( 'NONE',  ( 0.06800000000000000488, -0.07499999999999999722, -0.02000000000000000042 ) ) ;
#145 = DIMENSIONAL_EXPONENTS ( 1.000000000000000000, 0.000000000000000000, 0.000000000000000000, 0.000000000000000000, 0.000000000000000000, 0.000000000000000000, 0.000000000000000000 ) ;
#146 = CYLINDRICAL_SURFACE ( 'NONE', #1815, 0.01000000000000000021 ) ;
#147 = EDGE_CURVE ( 'NONE', #2179, #5198, #5775, .T. ) ;
#148 = AXIS2_PLACEMENT_3D ( 'NONE', #5038, #5717, #880 ) ;
#149 = AXIS2_PLACEMENT_3D ( 'NONE', #6823, #5352, #2809 ) ;
#150 = ORIENTED_EDGE ( 'NONE', *, *, #7593, .T. ) ;
#151 = VERTEX_POINT ( 'NONE', #6436 ) ;
#152 = VERTEX_POINT ( 'NONE', #2915 ) ;
#153 = EDGE_CURVE ( 'NONE', #4003, #3660, #5054, .T. ) ;
#154 = CARTESIAN_POINT ( 'NONE',  ( 0.1680000000000000382, -0.01499999999999999424, 0.1874999999999999722 ) ) ;
#155 = VECTOR ( 'NONE', #2696, 39.37007874015748143 ) ;
#156 = ORIENTED_EDGE ( 'NONE', *, *, #3456, .F. ) ;
#157 = DIRECTION ( 'NONE',  ( 0.000000000000000000, 0.000000000000000000, 1.000000000000000000 ) ) ;
#158 = ORIENTED_EDGE ( 'NONE', *, *, #3551, .F. ) ;
#159 = ORIENTED_EDGE ( 'NONE', *, *, #6298, .F. ) ;
#160 = PLANE ( 'NONE',  #2433 ) ;
#161 = CARTESIAN_POINT ( 'NONE',  ( 0.06800000000000000488, -0.07499999999999999722, 0.1874999999999999722 ) ) ;
#162 = ORIENTED_EDGE ( 'NONE', *, *, #6177, .T. ) ;
#163 = AXIS2_PLACEMENT_3D ( 'NONE', #1971, #4687, #8621 ) ;
#164 = CARTESIAN_POINT ( 'NONE',  ( -0.1180000000000000077, -0.01499999999999999771, 0.01999999999999999695 ) ) ;
#165 = ORIENTED_EDGE ( 'NONE', *, *, #610, .F. ) ;
#166 = EDGE_CURVE ( 'NONE', #4020, #3865, #6391, .T. ) ;
#167 = ORIENTED_EDGE ( 'NONE', *, *, #6328, .T. ) ;
#168 = DIRECTION ( 'NONE',  ( -1.000000000000000000, -0.000000000000000000, 0.000000000000000000 ) ) ;
#169 = EDGE_LOOP ( 'NONE', ( #3607, #8413, #3220, #3531 ) ) ;
#170 = CARTESIAN_POINT ( 'NONE',  ( -0.1179999999999999938, 0.000000000000000000, 0.1874999999999999722 ) ) ;
#171 = VECTOR ( 'NONE', #6157, 39.37007874015748143 ) ;
#172 = CARTESIAN_POINT ( 'NONE',  ( -0.1475000000000000200, 0.000000000000000000, -0.06500000000000000222 ) ) ;
#173 = EDGE_LOOP ( 'NONE', ( #5204, #5027, #1550, #2391 ) ) ;
#174 = CARTESIAN_POINT ( 'NONE',  ( -0.06800000000000000488, -0.06499999999999998834, -0.02999999999999999889 ) ) ;
#175 = DIRECTION ( 'NONE',  ( 0.000000000000000000, -0.4961389383568337585, 0.8682431421244591885 ) ) ;
#176 = VECTOR ( 'NONE', #2820, 39.37007874015748143 ) ;
#177 = CARTESIAN_POINT ( 'NONE',  ( 0.06800000000000000488, -0.06500000000000000222, 0.1874999999999999722 ) ) ;
#178 = LINE ( 'NONE', #1319, #6938 ) ;
#179 = CARTESIAN_POINT ( 'NONE',  ( 0.01799999999999999170, 0.03000000000000000583, 0.03000000000000000930 ) ) ;
#180 = DIRECTION ( 'NONE',  ( 0.000000000000000000, -1.000000000000000000, 0.000000000000000000 ) ) ;
#181 = CARTESIAN_POINT ( 'NONE',  ( -0.1680000000000000382, -0.01499999999999999944, 0.03500000000000000333 ) ) ;
#182 = ADVANCED_FACE ( 'NONE', ( #7645 ), #2387, .F. ) ;
#183 = FACE_OUTER_BOUND ( 'NONE', #4453, .T. ) ;
#184 = LINE ( 'NONE', #2961, #6781 ) ;
#185 = ORIENTED_EDGE ( 'NONE', *, *, #3341, .T. ) ;
#186 = DIRECTION ( 'NONE',  ( -0.000000000000000000, 0.000000000000000000, -1.000000000000000000 ) ) ;
#187 = EDGE_LOOP ( 'NONE', ( #2899, #3919, #2149, #750 ) ) ;
#188 = DIRECTION ( 'NONE',  ( -1.000000000000000000, 0.000000000000000000, 0.000000000000000000 ) ) ;
#189 = CARTESIAN_POINT ( 'NONE',  ( -0.1180000000000000077, -0.02500000000000000139, 0.02999999999999999889 ) ) ;
#190 = CARTESIAN_POINT ( 'NONE',  ( -0.01799999999999998476, -0.01000000000000000021, 0.03500000000000000333 ) ) ;
#191 = EDGE_LOOP ( 'NONE', ( #6745, #794, #7934, #4661 ) ) ;
#192 = ORIENTED_EDGE ( 'NONE', *, *, #3801, .T. ) ;
#193 = DIRECTION ( 'NONE',  ( -0.000000000000000000, -0.000000000000000000, -1.000000000000000000 ) ) ;
#194 = ORIENTED_EDGE ( 'NONE', *, *, #3413, .T. ) ;
#195 = DIRECTION ( 'NONE',  ( -0.000000000000000000, 1.000000000000000000, 0.000000000000000000 ) ) ;
#196 = VERTEX_POINT ( 'NONE', #181 ) ;
#197 = ORIENTED_EDGE ( 'NONE', *, *, #100, .F. ) ;
#198 = FACE_BOUND ( 'NONE', #1193, .T. ) ;
#199 = CARTESIAN_POINT ( 'NONE',  ( -0.02500000000000000139, 0.2550000000000000044, 0.01600000000000000380 ) ) ;
#200 = EDGE_CURVE ( 'NONE', #3099, #2586, #6258, .T. ) ;
#201 = AXIS2_PLACEMENT_3D ( 'NONE', #4437, #1709, #7335 ) ;
#202 = ORIENTED_EDGE ( 'NONE', *, *, #1446, .F. ) ;
#203 = DIRECTION ( 'NONE',  ( 0.000000000000000000, -0.7071067811865469066, 0.7071067811865479058 ) ) ;
#204 = ORIENTED_EDGE ( 'NONE', *, *, #3135, .F. ) ;
#205 = VERTEX_POINT ( 'NONE', #5643 ) ;
#206 = DIRECTION ( 'NONE',  ( 0.7071067811865470176, 0.7071067811865480168, 0.000000000000000000 ) ) ;
#207 = ORIENTED_EDGE ( 'NONE', *, *, #5831, .F. ) ;
#208 = VECTOR ( 'NONE', #2980, 39.37007874015748143 ) ;
#209 = CARTESIAN_POINT ( 'NONE',  ( -0.01799999999999998476, -0.02500000000000000139, 0.02999999999999999889 ) ) ;
#210 = CARTESIAN_POINT ( 'NONE',  ( 0.1250000000000000000, 0.03500000000000000333, 0.01600000000000000380 ) ) ;
#211 = VERTEX_POINT ( 'NONE', #8362 ) ;
#212 = DIRECTION ( 'NONE',  ( 0.000000000000000000, 0.7071067811865479058, -0.7071067811865471286 ) ) ;
#213 = DIRECTION ( 'NONE',  ( -0.000000000000000000, -1.000000000000000000, -0.000000000000000000 ) ) ;
#214 = AXIS2_PLACEMENT_3D ( 'NONE', #4127, #2035, #4830 ) ;
#215 = EDGE_CURVE ( 'NONE', #3340, #284, #809, .T. ) ;
#216 = VECTOR ( 'NONE', #3943, 39.37007874015748143 ) ;
#217 = CARTESIAN_POINT ( 'NONE',  ( -0.02500000000000000139, 0.03500000000000000333, 0.01600000000000000380 ) ) ;
#218 = DIRECTION ( 'NONE',  ( -1.000000000000000000, 0.000000000000000000, -0.000000000000000000 ) ) ;
#219 = VECTOR ( 'NONE', #755, 39.37007874015748143 ) ;
#220 = DIRECTION ( 'NONE',  ( -0.000000000000000000, 0.000000000000000000, -1.000000000000000000 ) ) ;
#221 = LINE ( 'NONE', #1753, #6165 ) ;
#222 = FACE_OUTER_BOUND ( 'NONE', #8341, .T. ) ;
#223 = DIRECTION ( 'NONE',  ( 0.000000000000000000, -0.000000000000000000, 1.000000000000000000 ) ) ;
#224 = DIRECTION ( 'NONE',  ( 0.000000000000000000, 0.000000000000000000, 1.000000000000000000 ) ) ;
#225 = VECTOR ( 'NONE', #7976, 39.37007874015748143 ) ;
#226 = VERTEX_POINT ( 'NONE', #5009 ) ;
#227 = LINE ( 'NONE', #6441, #2362 ) ;
#228 = AXIS2_PLACEMENT_3D ( 'NONE', #3664, #5589, #2242 ) ;
#229 = PRODUCT_RELATED_PRODUCT_CATEGORY ( 'part', '', ( #923 ) ) ;
#230 = VECTOR ( 'NONE', #2402, 39.37007874015748143 ) ;
#231 = LINE ( 'NONE', #8502, #6666 ) ;
#232 = ADVANCED_FACE ( 'NONE', ( #222 ), #1531, .F. ) ;
#233 = EDGE_LOOP ( 'NONE', ( #3562, #4858, #5258, #3234 ) ) ;
#234 = CIRCLE ( 'NONE', #6521, 0.008999999999999997585 ) ;
#235 = DIRECTION ( 'NONE',  ( 0.000000000000000000, -1.000000000000000000, -0.000000000000000000 ) ) ;
#236 = CARTESIAN_POINT ( 'NONE',  ( 0.3125000000000000000, 0.1239999999999999991, -0.03749999999999999167 ) ) ;
#237 = EDGE_CURVE ( 'NONE', #5185, #3751, #947, .T. ) ;
#238 = FACE_OUTER_BOUND ( 'NONE', #5712, .T. ) ;
#239 = CARTESIAN_POINT ( 'NONE',  ( 0.3125000000000000000, 0.3160000000000000031, -0.03749999999999999861 ) ) ;
#240 = ORIENTED_EDGE ( 'NONE', *, *, #2198, .F. ) ;
#241 = ORIENTED_EDGE ( 'NONE', *, *, #19, .F. ) ;
#242 = EDGE_CURVE ( 'NONE', #4078, #5046, #7317, .T. ) ;
#243 = ORIENTED_EDGE ( 'NONE', *, *, #5678, .T. ) ;
#244 = CARTESIAN_POINT ( 'NONE',  ( 0.2625000000000000111, 0.01999999999999999695, 0.04249999999999998918 ) ) ;
#245 = ORIENTED_EDGE ( 'NONE', *, *, #1052, .T. ) ;
#246 = CARTESIAN_POINT ( 'NONE',  ( 0.002499999999999950179, 0.2200000000000000011, -0.06500000000000000222 ) ) ;
#247 = ORIENTED_EDGE ( 'NONE', *, *, #7292, .T. ) ;
#248 = LINE ( 'NONE', #2183, #7844 ) ;
#249 = LINE ( 'NONE', #4282, #3802 ) ;
#250 = CARTESIAN_POINT ( 'NONE',  ( 0.000000000000000000, 0.1905000000000000027, 0.000000000000000000 ) ) ;
#251 = ORIENTED_EDGE ( 'NONE', *, *, #5921, .T. ) ;
#252 = ORIENTED_EDGE ( 'NONE', *, *, #8834, .F. ) ;
#253 = FACE_OUTER_BOUND ( 'NONE', #6726, .T. ) ;
#254 = APPLICATION_CONTEXT ( 'automotive_design' ) ;
#255 = ORIENTED_EDGE ( 'NONE', *, *, #534, .F. ) ;
#256 = DIRECTION ( 'NONE',  ( 1.000000000000000000, -0.000000000000000000, -0.000000000000000000 ) ) ;
#257 = CARTESIAN_POINT ( 'NONE',  ( 0.03199999999999999373, -0.02500000000000000139, 0.02999999999999999889 ) ) ;
#258 = EDGE_LOOP ( 'NONE', ( #3833, #8337, #885, #6853 ) ) ;
#259 = LINE ( 'NONE', #5682, #2808 ) ;
#260 = LINE ( 'NONE', #938, #1295 ) ;
#261 = EDGE_CURVE ( 'NONE', #4994, #6465, #7363, .T. ) ;
#262 = DIRECTION ( 'NONE',  ( 0.000000000000000000, 0.000000000000000000, -1.000000000000000000 ) ) ;
#263 = ORIENTED_EDGE ( 'NONE', *, *, #1267, .T. ) ;
#264 = DIRECTION ( 'NONE',  ( 0.000000000000000000, 0.000000000000000000, -1.000000000000000000 ) ) ;
#265 = LINE ( 'NONE', #2467, #8020 ) ;
#266 = DIRECTION ( 'NONE',  ( 0.000000000000000000, 0.000000000000000000, 1.000000000000000000 ) ) ;
#267 = ADVANCED_FACE ( 'NONE', ( #3257 ), #2001, .T. ) ;
#268 = DIRECTION ( 'NONE',  ( -1.000000000000000000, 0.000000000000000000, 0.000000000000000000 ) ) ;
#269 = DIRECTION ( 'NONE',  ( 1.000000000000000000, -0.000000000000000000, 0.000000000000000000 ) ) ;
#270 = EDGE_LOOP ( 'NONE', ( #5662, #4147, #3498, #4251 ) ) ;
#271 = LINE ( 'NONE', #8499, #3634 ) ;
#272 = CARTESIAN_POINT ( 'NONE',  ( 0.1819999999999999951, 0.02999999999999999889, 0.1874999999999999722 ) ) ;
#273 = FACE_OUTER_BOUND ( 'NONE', #5494, .T. ) ;
#274 = ORIENTED_EDGE ( 'NONE', *, *, #1653, .T. ) ;
#275 = ADVANCED_FACE ( 'NONE', ( #3921 ), #5302, .T. ) ;
#276 = CARTESIAN_POINT ( 'NONE',  ( 0.1179999999999999938, -0.06500000000000000222, -0.01499999999999995608 ) ) ;
#277 = CARTESIAN_POINT ( 'NONE',  ( 0.1320000000000000062, -0.06500000000000000222, 0.1874999999999999722 ) ) ;
#278 = AXIS2_PLACEMENT_3D ( 'NONE', #4765, #6779, #1916 ) ;
#279 = CARTESIAN_POINT ( 'NONE',  ( -0.1680000000000000382, 0.02999999999999999889, -0.01999999999999996225 ) ) ;
#280 = CARTESIAN_POINT ( 'NONE',  ( -0.1819999999999999951, -0.1000000000000000056, -0.02999999999999988440 ) ) ;
#281 = ADVANCED_FACE ( 'NONE', ( #6649 ), #1246, .T. ) ;
#282 = ORIENTED_EDGE ( 'NONE', *, *, #4929, .F. ) ;
#283 = VECTOR ( 'NONE', #324, 39.37007874015748143 ) ;
#284 = VERTEX_POINT ( 'NONE', #2584 ) ;
#285 = ORIENTED_EDGE ( 'NONE', *, *, #1186, .F. ) ;
#286 = CARTESIAN_POINT ( 'NONE',  ( 0.2625000000000000111, 0.05650000000000000161, -0.08999999999999999667 ) ) ;
#287 = SHAPE_DEFINITION_REPRESENTATION ( #418, #6595 ) ;
#288 = EDGE_CURVE ( 'NONE', #1406, #6323, #6104, .T. ) ;
#289 = DIRECTION ( 'NONE',  ( 0.000000000000000000, -1.000000000000000000, 0.000000000000000000 ) ) ;
#290 = AXIS2_PLACEMENT_3D ( 'NONE', #1421, #3347, #2682 ) ;
#291 = DIRECTION ( 'NONE',  ( 0.000000000000000000, -1.000000000000000000, 0.000000000000000000 ) ) ;
#292 = ORIENTED_EDGE ( 'NONE', *, *, #3025, .F. ) ;
#293 = AXIS2_PLACEMENT_3D ( 'NONE', #1208, #6741, #4558 ) ;
#294 = CARTESIAN_POINT ( 'NONE',  ( 0.2179999999999999993, -0.02500000000000000486, 0.1874999999999999722 ) ) ;
#295 = ORIENTED_EDGE ( 'NONE', *, *, #1930, .T. ) ;
#296 = ORIENTED_EDGE ( 'NONE', *, *, #5672, .T. ) ;
#297 = CARTESIAN_POINT ( 'NONE',  ( 0.2625000000000000111, 0.2049999999999999878, 0.06500000000000000222 ) ) ;
#298 = VERTEX_POINT ( 'NONE', #7153 ) ;
#299 = CYLINDRICAL_SURFACE ( 'NONE', #8174, 0.008999999999999999320 ) ;
#300 = LINE ( 'NONE', #2332, #1658 ) ;
#301 = ORIENTED_EDGE ( 'NONE', *, *, #5740, .F. ) ;
#302 = CARTESIAN_POINT ( 'NONE',  ( -0.03200000000000000067, -0.1000000000000000056, 0.1874999999999999722 ) ) ;
#303 = DIRECTION ( 'NONE',  ( 1.000000000000000000, 0.000000000000000000, 0.000000000000000000 ) ) ;
#304 = AXIS2_PLACEMENT_3D ( 'NONE', #2085, #6770, #644 ) ;
#305 = ADVANCED_FACE ( 'NONE', ( #648 ), #4433, .T. ) ;
#306 = LINE ( 'NONE', #5099, #4786 ) ;
#307 = VERTEX_POINT ( 'NONE', #5981 ) ;
#308 = AXIS2_PLACEMENT_3D ( 'NONE', #3627, #311, #5864 ) ;
#309 = CARTESIAN_POINT ( 'NONE',  ( 0.08200000000000000344, -0.01499999999999999944, 0.02999999999999999889 ) ) ;
#310 = CIRCLE ( 'NONE', #3174, 0.01000000000000000021 ) ;
#311 = DIRECTION ( 'NONE',  ( -1.000000000000000000, 0.000000000000000000, 0.000000000000000000 ) ) ;
#312 = DIRECTION ( 'NONE',  ( 0.000000000000000000, 1.000000000000000000, -0.000000000000000000 ) ) ;
#313 = DIRECTION ( 'NONE',  ( 0.000000000000000000, 0.000000000000000000, 1.000000000000000000 ) ) ;
#314 = PLANE ( 'NONE',  #6644 ) ;
#315 = ORIENTED_EDGE ( 'NONE', *, *, #43, .T. ) ;
#316 = AXIS2_PLACEMENT_3D ( 'NONE', #2273, #3518, #8384 ) ;
#317 = CYLINDRICAL_SURFACE ( 'NONE', #1213, 0.005000000000000021788 ) ;
#318 = ADVANCED_FACE ( 'NONE', ( #3295 ), #3338, .T. ) ;
#319 = FACE_OUTER_BOUND ( 'NONE', #4354, .T. ) ;
#320 = CARTESIAN_POINT ( 'NONE',  ( 0.1819999999999999951, 0.02999999999999999889, 0.03000000000000008910 ) ) ;
#321 = ORIENTED_EDGE ( 'NONE', *, *, #7509, .F. ) ;
#322 = DIRECTION ( 'NONE',  ( 0.000000000000000000, 0.000000000000000000, 1.000000000000000000 ) ) ;
#323 = CARTESIAN_POINT ( 'NONE',  ( 0.1179999999999999938, 0.02999999999999999889, -0.05000000000000000278 ) ) ;
#324 = DIRECTION ( 'NONE',  ( 0.000000000000000000, -0.000000000000000000, 1.000000000000000000 ) ) ;
#325 = CARTESIAN_POINT ( 'NONE',  ( 0.3125000000000000000, 0.2200000000000000011, 0.08749999999999999445 ) ) ;
#326 = ADVANCED_FACE ( 'NONE', ( #1911 ), #4049, .T. ) ;
#327 = ORIENTED_EDGE ( 'NONE', *, *, #120, .F. ) ;
#328 = EDGE_LOOP ( 'NONE', ( #3978, #5108 ) ) ;
#329 = EDGE_LOOP ( 'NONE', ( #3085, #618, #5675, #5783 ) ) ;
#330 = DIRECTION ( 'NONE',  ( -0.000000000000000000, 1.000000000000000000, 0.000000000000000000 ) ) ;
#331 = EDGE_CURVE ( 'NONE', #1656, #5309, #6690, .T. ) ;
#332 = DIRECTION ( 'NONE',  ( 1.000000000000000000, 0.000000000000000000, 0.000000000000000000 ) ) ;
#333 = CARTESIAN_POINT ( 'NONE',  ( 0.03199999999999999373, -0.06500000000000000222, -0.02000000000000000042 ) ) ;
#334 = VERTEX_POINT ( 'NONE', #4633 ) ;
#335 = ADVANCED_FACE ( 'NONE', ( #1037 ), #8079, .T. ) ;
#336 = AXIS2_PLACEMENT_3D ( 'NONE', #3593, #5014, #140 ) ;
#337 = EDGE_LOOP ( 'NONE', ( #5767, #6035, #7357, #2316 ) ) ;
#338 = LINE ( 'NONE', #4992, #4155 ) ;
#339 = ORIENTED_EDGE ( 'NONE', *, *, #3328, .F. ) ;
#340 = CARTESIAN_POINT ( 'NONE',  ( 0.2179999999999999993, -0.1000000000000000056, 0.1874999999999999722 ) ) ;
#341 = EDGE_CURVE ( 'NONE', #2318, #7508, #3762, .T. ) ;
#342 = VERTEX_POINT ( 'NONE', #353 ) ;
#343 = FACE_OUTER_BOUND ( 'NONE', #4572, .T. ) ;
#344 = CARTESIAN_POINT ( 'NONE',  ( 0.2320000000000000118, 0.000000000000000000, 0.1874999999999999722 ) ) ;
#345 = EDGE_LOOP ( 'NONE', ( #5219, #4689, #6365, #6101 ) ) ;
#346 = DIRECTION ( 'NONE',  ( -1.000000000000000000, 0.000000000000000000, -0.000000000000000000 ) ) ;
#347 = LINE ( 'NONE', #5138, #3438 ) ;
#348 = ADVANCED_FACE ( 'NONE', ( #3096 ), #599, .F. ) ;
#349 = CARTESIAN_POINT ( 'NONE',  ( 0.1319999999999999785, -0.02500000000000000139, 0.1874999999999999722 ) ) ;
#350 = EDGE_LOOP ( 'NONE', ( #2798, #832, #8017, #670 ) ) ;
#351 = DIRECTION ( 'NONE',  ( 0.000000000000000000, -1.000000000000000000, 0.000000000000000000 ) ) ;
#352 = DIRECTION ( 'NONE',  ( 1.000000000000000000, 0.000000000000000000, -0.000000000000000000 ) ) ;
#353 = CARTESIAN_POINT ( 'NONE',  ( 0.1680000000000000382, -0.01499999999999999771, 0.03500000000000000333 ) ) ;
#354 = DIRECTION ( 'NONE',  ( 0.000000000000000000, 0.000000000000000000, 1.000000000000000000 ) ) ;
#355 = DIRECTION ( 'NONE',  ( 0.000000000000000000, 0.000000000000000000, -1.000000000000000000 ) ) ;
#356 = VECTOR ( 'NONE', #4618, 39.37007874015748143 ) ;
#357 = ORIENTED_EDGE ( 'NONE', *, *, #6866, .F. ) ;
#358 = DIRECTION ( 'NONE',  ( 0.000000000000000000, -1.000000000000000000, 0.000000000000000000 ) ) ;
#359 = CIRCLE ( 'NONE', #4080, 0.008999999999999997585 ) ;
#360 = CARTESIAN_POINT ( 'NONE',  ( 0.1179999999999999938, -0.1000000000000000056, 0.1874999999999999722 ) ) ;
#361 = DIRECTION ( 'NONE',  ( -0.000000000000000000, -0.000000000000000000, 1.000000000000000000 ) ) ;
#362 = VECTOR ( 'NONE', #6242, 39.37007874015748143 ) ;
#363 = ORIENTED_EDGE ( 'NONE', *, *, #7662, .F. ) ;
#364 = LINE ( 'NONE', #3638, #8497 ) ;
#365 = EDGE_CURVE ( 'NONE', #4264, #2050, #5395, .T. ) ;
#366 = CYLINDRICAL_SURFACE ( 'NONE', #4094, 0.008999999999999999320 ) ;
#367 = CIRCLE ( 'NONE', #5515, 0.008999999999999999320 ) ;
#368 = CARTESIAN_POINT ( 'NONE',  ( -0.2249999999999999778, 0.2550000000000000044, -0.02500000000000000139 ) ) ;
#369 = FACE_OUTER_BOUND ( 'NONE', #406, .T. ) ;
#370 = VERTEX_POINT ( 'NONE', #6901 ) ;
#371 = EDGE_CURVE ( 'NONE', #394, #4542, #2088, .T. ) ;
#372 = ORIENTED_EDGE ( 'NONE', *, *, #5858, .F. ) ;
#373 = VECTOR ( 'NONE', #2388, 39.37007874015748143 ) ;
#374 = VERTEX_POINT ( 'NONE', #3604 ) ;
#375 = DIRECTION ( 'NONE',  ( -1.000000000000000000, 0.000000000000000000, -0.000000000000000000 ) ) ;
#376 = ADVANCED_FACE ( 'NONE', ( #3557 ), #3473, .F. ) ;
#377 = DIRECTION ( 'NONE',  ( 0.000000000000000000, -0.000000000000000000, 1.000000000000000000 ) ) ;
#378 = DIRECTION ( 'NONE',  ( -0.000000000000000000, 1.000000000000000000, 0.000000000000000000 ) ) ;
#379 = VERTEX_POINT ( 'NONE', #7489 ) ;
#380 = FACE_OUTER_BOUND ( 'NONE', #6127, .T. ) ;
#381 = EDGE_LOOP ( 'NONE', ( #1770, #2854, #4812, #1772 ) ) ;
#382 = VECTOR ( 'NONE', #2131, 39.37007874015748143 ) ;
#383 = DIRECTION ( 'NONE',  ( -1.000000000000000000, 0.000000000000000000, 0.000000000000000000 ) ) ;
#384 = ORIENTED_EDGE ( 'NONE', *, *, #1292, .F. ) ;
#385 = EDGE_CURVE ( 'NONE', #3200, #3277, #5616, .T. ) ;
#386 = CARTESIAN_POINT ( 'NONE',  ( -0.2179999999999999993, -0.07499999999999999722, 0.1874999999999999722 ) ) ;
#387 = DIRECTION ( 'NONE',  ( -0.000000000000000000, 0.000000000000000000, 1.000000000000000000 ) ) ;
#388 = ORIENTED_EDGE ( 'NONE', *, *, #7272, .T. ) ;
#389 = DIRECTION ( 'NONE',  ( -1.000000000000000000, 0.000000000000000000, 0.000000000000000000 ) ) ;
#390 = EDGE_CURVE ( 'NONE', #6679, #5828, #2843, .T. ) ;
#391 = PLANE ( 'NONE',  #8714 ) ;
#392 = EDGE_CURVE ( 'NONE', #3099, #8252, #4275, .T. ) ;
#393 = DIRECTION ( 'NONE',  ( 0.000000000000000000, 0.000000000000000000, 1.000000000000000000 ) ) ;
#394 = VERTEX_POINT ( 'NONE', #8207 ) ;
#395 = CARTESIAN_POINT ( 'NONE',  ( 0.2320000000000000118, -0.05999999999999999778, -0.02000000000000000042 ) ) ;
#396 = ORIENTED_EDGE ( 'NONE', *, *, #760, .T. ) ;
#397 = CARTESIAN_POINT ( 'NONE',  ( -0.06800000000000000488, -0.01499999999999999944, 0.1874999999999999722 ) ) ;
#398 = DIRECTION ( 'NONE',  ( -1.000000000000000000, -0.000000000000000000, 0.000000000000000000 ) ) ;
#399 = CARTESIAN_POINT ( 'NONE',  ( 0.2875000000000000333, 0.2200000000000000011, 0.1124999999999999889 ) ) ;
#400 = EDGE_LOOP ( 'NONE', ( #2677, #2546, #8692, #4873 ) ) ;
#401 = PLANE ( 'NONE',  #2784 ) ;
#402 = EDGE_CURVE ( 'NONE', #2973, #7432, #7812, .T. ) ;
#403 = EDGE_CURVE ( 'NONE', #2073, #342, #6186, .T. ) ;
#404 = DIRECTION ( 'NONE',  ( 0.000000000000000000, -1.000000000000000000, 0.000000000000000000 ) ) ;
#405 = DIRECTION ( 'NONE',  ( 1.000000000000000000, -0.000000000000000000, 0.000000000000000000 ) ) ;
#406 = EDGE_LOOP ( 'NONE', ( #3298, #1717, #7377, #7287 ) ) ;
#407 = PLANE ( 'NONE',  #2074 ) ;
#408 = ORIENTED_EDGE ( 'NONE', *, *, #1119, .T. ) ;
#409 = CARTESIAN_POINT ( 'NONE',  ( 0.1179999999999999938, -0.01499999999999999944, 0.02999999999999999889 ) ) ;
#410 = CARTESIAN_POINT ( 'NONE',  ( -0.08200000000000004508, -0.01499999999999999771, 0.02000000000000004552 ) ) ;
#411 = DIRECTION ( 'NONE',  ( 0.000000000000000000, -1.000000000000000000, 0.000000000000000000 ) ) ;
#412 = VERTEX_POINT ( 'NONE', #4099 ) ;
#413 = VERTEX_POINT ( 'NONE', #4233 ) ;
#414 = VERTEX_POINT ( 'NONE', #3424 ) ;
#415 = VECTOR ( 'NONE', #1965, 39.37007874015748143 ) ;
#416 = CARTESIAN_POINT ( 'NONE',  ( -0.06800000000000000488, -0.01000000000000000021, 0.03000000000000004746 ) ) ;
#417 = FACE_OUTER_BOUND ( 'NONE', #2356, .T. ) ;
#418 = PRODUCT_DEFINITION_SHAPE ( 'NONE', 'NONE',  #1824 ) ;
#419 = LINE ( 'NONE', #1014, #225 ) ;
#420 = CIRCLE ( 'NONE', #6566, 0.005000000000000021788 ) ;
#421 = EDGE_CURVE ( 'NONE', #196, #3146, #2177, .T. ) ;
#422 = VERTEX_POINT ( 'NONE', #6816 ) ;
#423 = CARTESIAN_POINT ( 'NONE',  ( 0.000000000000000000, 0.2200000000000000011, 0.05249999999999999806 ) ) ;
#424 = ORIENTED_EDGE ( 'NONE', *, *, #3623, .F. ) ;
#425 = DIRECTION ( 'NONE',  ( 0.000000000000000000, -0.000000000000000000, 1.000000000000000000 ) ) ;
#426 = EDGE_LOOP ( 'NONE', ( #3556, #4996, #7356, #4273 ) ) ;
#427 = DIRECTION ( 'NONE',  ( -1.000000000000000000, -0.000000000000000000, 0.000000000000000000 ) ) ;
#428 = AXIS2_PLACEMENT_3D ( 'NONE', #4514, #3799, #7234 ) ;
#429 = PLANE ( 'NONE',  #8085 ) ;
#430 = DIRECTION ( 'NONE',  ( 0.000000000000000000, 0.000000000000000000, -1.000000000000000000 ) ) ;
#431 = CARTESIAN_POINT ( 'NONE',  ( 0.2500000000000000000, -0.01000000000000000021, 0.02999999999999999889 ) ) ;
#432 = AXIS2_PLACEMENT_3D ( 'NONE', #6285, #5625, #203 ) ;
#433 = EDGE_CURVE ( 'NONE', #4097, #1406, #2757, .T. ) ;
#434 = AXIS2_PLACEMENT_3D ( 'NONE', #4731, #7504, #8096 ) ;
#435 = CARTESIAN_POINT ( 'NONE',  ( -0.01799999999999998476, -0.06500000000000000222, -0.01499999999999995608 ) ) ;
#436 = ORIENTED_EDGE ( 'NONE', *, *, #3310, .F. ) ;
#437 = DIRECTION ( 'NONE',  ( -1.000000000000000000, 0.000000000000000000, 0.000000000000000000 ) ) ;
#438 = LINE ( 'NONE', #1794, #1184 ) ;
#439 = ORIENTED_EDGE ( 'NONE', *, *, #6317, .F. ) ;
#440 = CARTESIAN_POINT ( 'NONE',  ( -0.2249999999999999778, 0.03500000000000000333, -0.03400000000000000244 ) ) ;
#441 = FACE_OUTER_BOUND ( 'NONE', #7797, .T. ) ;
#443 = ORIENTED_EDGE ( 'NONE', *, *, #7970, .T. ) ;
#442 = CIRCLE ( 'NONE', #7014, 0.004999999999999997502 ) ;
#444 = LINE ( 'NONE', #2563, #630 ) ;
#445 = EDGE_CURVE ( 'NONE', #2742, #1991, #7614, .T. ) ;
#446 = CIRCLE ( 'NONE', #1317, 0.008999999999999997585 ) ;
#447 = CARTESIAN_POINT ( 'NONE',  ( 0.000000000000000000, 0.1905000000000000027, 0.000000000000000000 ) ) ;
#448 = EDGE_CURVE ( 'NONE', #6229, #8748, #5390, .T. ) ;
#449 = CARTESIAN_POINT ( 'NONE',  ( -0.2320000000000000118, -0.01000000000000000021, 0.03500000000000000333 ) ) ;
#450 = EDGE_LOOP ( 'NONE', ( #2485, #6952, #4134, #3932 ) ) ;
#451 = DIRECTION ( 'NONE',  ( -0.000000000000000000, -1.000000000000000000, 0.000000000000000000 ) ) ;
#452 = ORIENTED_EDGE ( 'NONE', *, *, #6845, .F. ) ;
#453 = DIRECTION ( 'NONE',  ( 0.000000000000000000, -1.000000000000000000, 0.000000000000000000 ) ) ;
#454 = EDGE_CURVE ( 'NONE', #7682, #298, #6949, .T. ) ;
#455 = AXIS2_PLACEMENT_3D ( 'NONE', #6746, #7286, #3848 ) ;
#456 = DIRECTION ( 'NONE',  ( -1.000000000000000000, -0.000000000000000000, -0.000000000000000000 ) ) ;
#457 =( GEOMETRIC_REPRESENTATION_CONTEXT ( 3 ) GLOBAL_UNCERTAINTY_ASSIGNED_CONTEXT ( ( #2542 ) ) GLOBAL_UNIT_ASSIGNED_CONTEXT ( ( #694, #8785, #2716 ) ) REPRESENTATION_CONTEXT ( 'NONE', 'WORKASPACE' ) );
#458 = EDGE_CURVE ( 'NONE', #1538, #567, #1679, .T. ) ;
#459 = ORIENTED_EDGE ( 'NONE', *, *, #6090, .T. ) ;
#460 = ORIENTED_EDGE ( 'NONE', *, *, #7338, .F. ) ;
#461 = ORIENTED_EDGE ( 'NONE', *, *, #3348, .F. ) ;
#462 = DIRECTION ( 'NONE',  ( 0.000000000000000000, 0.000000000000000000, 1.000000000000000000 ) ) ;
#463 = LINE ( 'NONE', #5931, #1567 ) ;
#464 = DIRECTION ( 'NONE',  ( 0.000000000000000000, 1.000000000000000000, -0.000000000000000000 ) ) ;
#465 = VERTEX_POINT ( 'NONE', #2045 ) ;
#466 = CARTESIAN_POINT ( 'NONE',  ( 0.02500000000000000139, 0.1905000000000000027, 0.01600000000000000380 ) ) ;
#467 = ORIENTED_EDGE ( 'NONE', *, *, #2801, .F. ) ;
#468 = ORIENTED_EDGE ( 'NONE', *, *, #4591, .F. ) ;
#469 = ORIENTED_EDGE ( 'NONE', *, *, #7450, .F. ) ;
#470 = DIRECTION ( 'NONE',  ( -1.000000000000000000, 0.000000000000000000, -0.000000000000000000 ) ) ;
#471 = DIRECTION ( 'NONE',  ( 1.000000000000000000, 0.000000000000000000, 0.000000000000000000 ) ) ;
#472 = ORIENTED_EDGE ( 'NONE', *, *, #2729, .F. ) ;
#473 = LINE ( 'NONE', #3798, #6836 ) ;
#474 = EDGE_CURVE ( 'NONE', #4592, #5658, #4758, .T. ) ;
#475 = DIRECTION ( 'NONE',  ( -0.000000000000000000, -1.000000000000000000, 0.000000000000000000 ) ) ;
#476 = DIRECTION ( 'NONE',  ( 0.000000000000000000, 1.000000000000000000, 0.000000000000000000 ) ) ;
#477 = EDGE_LOOP ( 'NONE', ( #3834, #8336, #2044, #5127, #5216, #4937, #3816, #1856 ) ) ;
#478 = LINE ( 'NONE', #5951, #5169 ) ;
#479 = CYLINDRICAL_SURFACE ( 'NONE', #8728, 0.01000000000000000021 ) ;
#480 = VERTEX_POINT ( 'NONE', #779 ) ;
#481 = AXIS2_PLACEMENT_3D ( 'NONE', #8240, #681, #8146 ) ;
#482 = FACE_OUTER_BOUND ( 'NONE', #6860, .T. ) ;
#483 = CARTESIAN_POINT ( 'NONE',  ( 0.2500000000000000000, -0.01499999999999999771, 0.02000000000000000042 ) ) ;
#484 = EDGE_LOOP ( 'NONE', ( #5418, #542, #3337, #5283 ) ) ;
#485 = CARTESIAN_POINT ( 'NONE',  ( -0.1680000000000000382, 0.02999999999999999889, 0.03000000000000008910 ) ) ;
#486 = EDGE_CURVE ( 'NONE', #2374, #4843, #7534, .T. ) ;
#487 = AXIS2_PLACEMENT_3D ( 'NONE', #4581, #3869, #6637 ) ;
#488 = CIRCLE ( 'NONE', #1072, 0.008999999999999997585 ) ;
#489 = PLANE ( 'NONE',  #8635 ) ;
#490 = CARTESIAN_POINT ( 'NONE',  ( 0.07499999999999999722, 0.2550000000000000044, 0.01600000000000000380 ) ) ;
#491 = VECTOR ( 'NONE', #7030, 39.37007874015748143 ) ;
#492 = EDGE_LOOP ( 'NONE', ( #247, #1103, #7048, #6804 ) ) ;
#493 = DIRECTION ( 'NONE',  ( 0.000000000000000000, 0.7071067811865470176, -0.7071067811865480168 ) ) ;
#494 = AXIS2_PLACEMENT_3D ( 'NONE', #7191, #2381, #5729 ) ;
#495 = ORIENTED_EDGE ( 'NONE', *, *, #6740, .F. ) ;
#496 = DIRECTION ( 'NONE',  ( 0.000000000000000000, 0.000000000000000000, -1.000000000000000000 ) ) ;
#497 = DIRECTION ( 'NONE',  ( 0.000000000000000000, 0.000000000000000000, -1.000000000000000000 ) ) ;
#498 = PRODUCT_DEFINITION ( 'UNKNOWN', '', #3467, #4588 ) ;
#499 = CIRCLE ( 'NONE', #5505, 0.004999999999999997502 ) ;
#500 = EDGE_CURVE ( 'NONE', #465, #412, #8164, .T. ) ;
#501 = ORIENTED_EDGE ( 'NONE', *, *, #6775, .T. ) ;
#502 = AXIS2_PLACEMENT_3D ( 'NONE', #2751, #8687, #5297 ) ;
#503 = EDGE_CURVE ( 'NONE', #6522, #554, #4181, .T. ) ;
#504 = EDGE_LOOP ( 'NONE', ( #1928, #4, #5719, #5063, #3066, #1287 ) ) ;
#505 = VECTOR ( 'NONE', #6081, 39.37007874015748143 ) ;
#506 = CARTESIAN_POINT ( 'NONE',  ( 0.2320000000000000118, 0.02999999999999999889, 0.1874999999999999722 ) ) ;
#507 = EDGE_CURVE ( 'NONE', #4769, #6038, #5571, .T. ) ;
#508 = VECTOR ( 'NONE', #4964, 39.37007874015748143 ) ;
#509 = DIRECTION ( 'NONE',  ( 1.000000000000000000, 0.000000000000000000, 0.000000000000000000 ) ) ;
#510 = CARTESIAN_POINT ( 'NONE',  ( 0.1680000000000000382, -0.05999999999999999778, -0.01499999999999999944 ) ) ;
#511 = EDGE_CURVE ( 'NONE', #4644, #6312, #1773, .T. ) ;
#512 = ORIENTED_EDGE ( 'NONE', *, *, #2655, .F. ) ;
#513 = VECTOR ( 'NONE', #8629, 39.37007874015748143 ) ;
#514 = CARTESIAN_POINT ( 'NONE',  ( 0.2500000000000000000, -0.06500000000000000222, -0.02000000000000000042 ) ) ;
#515 = ORIENTED_EDGE ( 'NONE', *, *, #215, .F. ) ;
#516 = DIRECTION ( 'NONE',  ( 0.000000000000000000, 1.000000000000000000, 0.000000000000000000 ) ) ;
#517 = VERTEX_POINT ( 'NONE', #6410 ) ;
#518 = CYLINDRICAL_SURFACE ( 'NONE', #7741, 0.004999999999999997502 ) ;
#519 = LINE ( 'NONE', #5221, #4655 ) ;
#520 = DIRECTION ( 'NONE',  ( 0.000000000000000000, 0.000000000000000000, 1.000000000000000000 ) ) ;
#521 = CARTESIAN_POINT ( 'NONE',  ( 0.2500000000000000000, -0.06500000000000000222, 0.1874999999999999722 ) ) ;
#522 = AXIS2_PLACEMENT_3D ( 'NONE', #2829, #8276, #8190 ) ;
#523 = CARTESIAN_POINT ( 'NONE',  ( 0.000000000000000000, 0.1905000000000000027, 0.000000000000000000 ) ) ;
#524 = ORIENTED_EDGE ( 'NONE', *, *, #2102, .T. ) ;
#525 = FACE_OUTER_BOUND ( 'NONE', #1739, .T. ) ;
#526 = CARTESIAN_POINT ( 'NONE',  ( 0.2500000000000000000, -0.01000000000000000021, 0.02999999999999999889 ) ) ;
#527 = ORIENTED_EDGE ( 'NONE', *, *, #3328, .T. ) ;
#528 = LINE ( 'NONE', #6664, #8150 ) ;
#529 = CARTESIAN_POINT ( 'NONE',  ( 0.2320000000000000118, 0.02999999999999999889, 0.03000000000000008910 ) ) ;
#530 = EDGE_LOOP ( 'NONE', ( #6646, #7265, #2323, #5350 ) ) ;
#531 = CARTESIAN_POINT ( 'NONE',  ( 0.1524999999999999967, 0.2200000000000000011, -0.08999999999999999667 ) ) ;
#532 = EDGE_CURVE ( 'NONE', #2658, #121, #6196, .T. ) ;
#533 = DIRECTION ( 'NONE',  ( 1.000000000000000000, 0.000000000000000000, 0.000000000000000000 ) ) ;
#534 = EDGE_CURVE ( 'NONE', #1615, #5255, #2359, .T. ) ;
#535 = LINE ( 'NONE', #490, #1735 ) ;
#536 = EDGE_LOOP ( 'NONE', ( #4108, #4451, #2535, #4807 ) ) ;
#537 = DIRECTION ( 'NONE',  ( 0.000000000000000000, 0.000000000000000000, 1.000000000000000000 ) ) ;
#538 = VERTEX_POINT ( 'NONE', #8424 ) ;
#539 = LINE ( 'NONE', #8680, #2506 ) ;
#540 = CARTESIAN_POINT ( 'NONE',  ( 0.1749999999999999889, 0.2550000000000000044, -0.03400000000000000244 ) ) ;
#541 = EDGE_CURVE ( 'NONE', #5626, #8812, #4411, .T. ) ;
#542 = ORIENTED_EDGE ( 'NONE', *, *, #4339, .F. ) ;
#543 = CARTESIAN_POINT ( 'NONE',  ( 0.000000000000000000, 0.1905000000000000027, 0.000000000000000000 ) ) ;
#544 = CARTESIAN_POINT ( 'NONE',  ( -0.2320000000000000118, -0.1000000000000000056, -0.01999999999999999001 ) ) ;
#545 = EDGE_CURVE ( 'NONE', #4289, #7485, #4320, .T. ) ;
#546 = LINE ( 'NONE', #8773, #950 ) ;
#547 = VECTOR ( 'NONE', #332, 39.37007874015748143 ) ;
#548 = VERTEX_POINT ( 'NONE', #3648 ) ;
#549 = DIRECTION ( 'NONE',  ( -1.000000000000000000, 0.000000000000000000, 0.000000000000000000 ) ) ;
#550 = EDGE_CURVE ( 'NONE', #1556, #6318, #5755, .T. ) ;
#551 = ORIENTED_EDGE ( 'NONE', *, *, #4400, .T. ) ;
#552 = DIRECTION ( 'NONE',  ( 1.000000000000000000, 0.000000000000000000, -0.000000000000000000 ) ) ;
#553 = PLANE ( 'NONE',  #5468 ) ;
#554 = VERTEX_POINT ( 'NONE', #244 ) ;
#555 = DIRECTION ( 'NONE',  ( 1.000000000000000000, 0.000000000000000000, 0.000000000000000000 ) ) ;
#556 = DIRECTION ( 'NONE',  ( 0.000000000000000000, 1.000000000000000000, -0.000000000000000000 ) ) ;
#557 = FACE_OUTER_BOUND ( 'NONE', #3975, .T. ) ;
#558 = ADVANCED_FACE ( 'NONE', ( #3022 ), #2357, .T. ) ;
#559 = VECTOR ( 'NONE', #4128, 39.37007874015748143 ) ;
#560 = LINE ( 'NONE', #1382, #1445 ) ;
#561 = DIRECTION ( 'NONE',  ( -1.000000000000000000, 0.000000000000000000, -0.000000000000000000 ) ) ;
#562 = ORIENTED_EDGE ( 'NONE', *, *, #3546, .T. ) ;
#563 = VECTOR ( 'NONE', #7080, 39.37007874015748143 ) ;
#564 = PLANE ( 'NONE',  #5313 ) ;
#565 = ORIENTED_EDGE ( 'NONE', *, *, #6959, .T. ) ;
#566 = CARTESIAN_POINT ( 'NONE',  ( 0.1320000000000000062, -0.02500000000000000139, 0.02999999999999999889 ) ) ;
#567 = VERTEX_POINT ( 'NONE', #1683 ) ;
#568 = DIRECTION ( 'NONE',  ( 0.000000000000000000, -0.4961389383568340361, -0.8682431421244591885 ) ) ;
#569 = CARTESIAN_POINT ( 'NONE',  ( -0.1180000000000000077, -0.02500000000000000139, 0.1874999999999999722 ) ) ;
#570 = ORIENTED_EDGE ( 'NONE', *, *, #2278, .T. ) ;
#571 = DIRECTION ( 'NONE',  ( 0.000000000000000000, -1.000000000000000000, 0.000000000000000000 ) ) ;
#572 = ADVANCED_FACE ( 'NONE', ( #916 ), #5168, .T. ) ;
#573 = AXIS2_PLACEMENT_3D ( 'NONE', #4107, #700, #2101 ) ;
#574 = AXIS2_PLACEMENT_3D ( 'NONE', #6806, #6049, #5247 ) ;
#575 = DIRECTION ( 'NONE',  ( 0.000000000000000000, 0.000000000000000000, 1.000000000000000000 ) ) ;
#576 = DIRECTION ( 'NONE',  ( -1.000000000000000000, 0.000000000000000000, -0.000000000000000000 ) ) ;
#577 = ORIENTED_EDGE ( 'NONE', *, *, #3235, .F. ) ;
#578 = VECTOR ( 'NONE', #4738, 39.37007874015748143 ) ;
#579 = FACE_OUTER_BOUND ( 'NONE', #2257, .T. ) ;
#580 = CARTESIAN_POINT ( 'NONE',  ( 0.2500000000000000000, -0.05999999999999999778, -0.02000000000000000042 ) ) ;
#581 = ORIENTED_EDGE ( 'NONE', *, *, #4754, .F. ) ;
#582 = PLANE ( 'NONE',  #5780 ) ;
#583 = LINE ( 'NONE', #3326, #7 ) ;
#584 = ADVANCED_FACE ( 'NONE', ( #1009 ), #7753, .T. ) ;
#585 = AXIS2_PLACEMENT_3D ( 'NONE', #3712, #7911, #8492 ) ;
#586 = FACE_OUTER_BOUND ( 'NONE', #191, .T. ) ;
#587 = ORIENTED_EDGE ( 'NONE', *, *, #773, .F. ) ;
#588 = VECTOR ( 'NONE', #8450, 39.37007874015748143 ) ;
#589 = LINE ( 'NONE', #506, #2502 ) ;
#590 = AXIS2_PLACEMENT_3D ( 'NONE', #7554, #2252, #5641 ) ;
#591 = VECTOR ( 'NONE', #5133, 39.37007874015748143 ) ;
#592 = DIRECTION ( 'NONE',  ( 0.000000000000000000, 0.000000000000000000, -1.000000000000000000 ) ) ;
#593 = EDGE_CURVE ( 'NONE', #4289, #6038, #5123, .T. ) ;
#594 = FACE_OUTER_BOUND ( 'NONE', #8554, .T. ) ;
#595 = VERTEX_POINT ( 'NONE', #2270 ) ;
#596 = DIRECTION ( 'NONE',  ( 0.000000000000000000, -1.000000000000000000, 0.000000000000000000 ) ) ;
#597 = EDGE_CURVE ( 'NONE', #6465, #6368, #6506, .T. ) ;
#598 = VERTEX_POINT ( 'NONE', #8382 ) ;
#599 = PLANE ( 'NONE',  #4673 ) ;
#600 = APPLICATION_PROTOCOL_DEFINITION ( 'draft international standard', 'automotive_design', 1998, #254 ) ;
#601 = VERTEX_POINT ( 'NONE', #416 ) ;
#602 = CARTESIAN_POINT ( 'NONE',  ( -0.1474999999999999922, 0.2200000000000000011, -0.08250000000000000389 ) ) ;
#603 = DIRECTION ( 'NONE',  ( -0.000000000000000000, -0.000000000000000000, -1.000000000000000000 ) ) ;
#604 = ORIENTED_EDGE ( 'NONE', *, *, #2130, .T. ) ;
#605 = CARTESIAN_POINT ( 'NONE',  ( 0.2625000000000000111, 2.134256245050204869E-18, -0.1124999999999999889 ) ) ;
#606 = DIRECTION ( 'NONE',  ( 1.000000000000000000, 0.000000000000000000, -0.000000000000000000 ) ) ;
#607 = EDGE_CURVE ( 'NONE', #3004, #4837, #1729, .T. ) ;
#608 = VERTEX_POINT ( 'NONE', #3115 ) ;
#609 = CARTESIAN_POINT ( 'NONE',  ( 0.07499999999999999722, 0.03500000000000000333, -0.01600000000000000380 ) ) ;
#610 = EDGE_CURVE ( 'NONE', #6092, #8602, #7175, .T. ) ;
#611 = VERTEX_POINT ( 'NONE', #969 ) ;
#612 = DIRECTION ( 'NONE',  ( 0.000000000000000000, -0.000000000000000000, -1.000000000000000000 ) ) ;
#613 = EDGE_LOOP ( 'NONE', ( #1328, #4541, #58, #5590 ) ) ;
#614 = CARTESIAN_POINT ( 'NONE',  ( 0.06800000000000000488, -0.01499999999999999944, 0.02999999999999999889 ) ) ;
#615 = ORIENTED_EDGE ( 'NONE', *, *, #7346, .F. ) ;
#616 = DIRECTION ( 'NONE',  ( -1.000000000000000000, 0.000000000000000000, 0.000000000000000000 ) ) ;
#617 = DIRECTION ( 'NONE',  ( -1.000000000000000000, 0.000000000000000000, 0.000000000000000000 ) ) ;
#618 = ORIENTED_EDGE ( 'NONE', *, *, #2165, .F. ) ;
#619 = ADVANCED_FACE ( 'NONE', ( #7216 ), #3827, .F. ) ;
#620 = DIRECTION ( 'NONE',  ( -1.000000000000000000, -0.000000000000000000, 0.000000000000000000 ) ) ;
#621 = CARTESIAN_POINT ( 'NONE',  ( 0.2320000000000000118, -0.01499999999999999944, 0.1874999999999999722 ) ) ;
#622 = EDGE_CURVE ( 'NONE', #5668, #6041, #1590, .T. ) ;
#623 = CIRCLE ( 'NONE', #2064, 0.01000000000000000021 ) ;
#624 = CARTESIAN_POINT ( 'NONE',  ( -0.2500000000000000000, -0.07499999999999999722, 0.1874999999999999722 ) ) ;
#625 = CARTESIAN_POINT ( 'NONE',  ( 0.02500000000000000139, 0.1905000000000000027, 0.03400000000000000244 ) ) ;
#626 = DIRECTION ( 'NONE',  ( -1.000000000000000000, 0.000000000000000000, -0.000000000000000000 ) ) ;
#627 = EDGE_LOOP ( 'NONE', ( #5834, #3528, #3581, #8792 ) ) ;
#628 = DIRECTION ( 'NONE',  ( -1.000000000000000000, 0.000000000000000000, -0.000000000000000000 ) ) ;
#629 = CARTESIAN_POINT ( 'NONE',  ( 0.2500000000000000000, -0.02500000000000000139, 0.02999999999999999889 ) ) ;
#630 = VECTOR ( 'NONE', #8628, 39.37007874015748143 ) ;
#631 = EDGE_CURVE ( 'NONE', #5674, #5476, #7260, .T. ) ;
#632 = ORIENTED_EDGE ( 'NONE', *, *, #3071, .F. ) ;
#633 = AXIS2_PLACEMENT_3D ( 'NONE', #8516, #2977, #2407 ) ;
#634 = CARTESIAN_POINT ( 'NONE',  ( 0.1320000000000000062, -0.01499999999999999944, 0.1874999999999999722 ) ) ;
#635 = ORIENTED_EDGE ( 'NONE', *, *, #6412, .T. ) ;
#636 = ADVANCED_FACE ( 'NONE', ( #1858 ), #6592, .F. ) ;
#637 = DIRECTION ( 'NONE',  ( 0.000000000000000000, 0.000000000000000000, 1.000000000000000000 ) ) ;
#638 = VECTOR ( 'NONE', #626, 39.37007874015748143 ) ;
#639 = DIRECTION ( 'NONE',  ( 0.000000000000000000, -1.000000000000000000, 0.000000000000000000 ) ) ;
#640 = CARTESIAN_POINT ( 'NONE',  ( -0.3125000000000000000, 0.2200000000000000011, 0.000000000000000000 ) ) ;
#641 = EDGE_CURVE ( 'NONE', #7183, #26, #589, .T. ) ;
#642 = AXIS2_PLACEMENT_3D ( 'NONE', #1220, #5327, #3902 ) ;
#643 = ORIENTED_EDGE ( 'NONE', *, *, #2098, .F. ) ;
#644 = DIRECTION ( 'NONE',  ( -1.000000000000000000, 0.000000000000000000, -0.000000000000000000 ) ) ;
#645 = VERTEX_POINT ( 'NONE', #2575 ) ;
#646 = EDGE_CURVE ( 'NONE', #2742, #2627, #1144, .T. ) ;
#647 = CIRCLE ( 'NONE', #3657, 0.01000000000000000021 ) ;
#648 = FACE_OUTER_BOUND ( 'NONE', #2143, .T. ) ;
#649 =( NAMED_UNIT ( * ) PLANE_ANGLE_UNIT ( ) SI_UNIT ( $, .RADIAN. ) );
#650 = EDGE_LOOP ( 'NONE', ( #1555, #6204, #5177, #7297 ) ) ;
#651 = DIRECTION ( 'NONE',  ( -1.000000000000000000, -0.000000000000000000, -0.000000000000000000 ) ) ;
#652 = CARTESIAN_POINT ( 'NONE',  ( 0.1680000000000000382, -0.1000000000000000056, 0.1874999999999999722 ) ) ;
#653 = ORIENTED_EDGE ( 'NONE', *, *, #7073, .F. ) ;
#654 = DIRECTION ( 'NONE',  ( -0.7071067811865479058, 0.000000000000000000, 0.7071067811865469066 ) ) ;
#655 = FACE_OUTER_BOUND ( 'NONE', #8454, .T. ) ;
#656 = VECTOR ( 'NONE', #3213, 39.37007874015748143 ) ;
#657 = ORIENTED_EDGE ( 'NONE', *, *, #8473, .T. ) ;
#658 = CIRCLE ( 'NONE', #955, 0.004999999999999997502 ) ;
#659 = DIRECTION ( 'NONE',  ( 0.000000000000000000, 0.000000000000000000, 1.000000000000000000 ) ) ;
#660 = ORIENTED_EDGE ( 'NONE', *, *, #390, .F. ) ;
#661 = EDGE_CURVE ( 'NONE', #7995, #738, #5292, .T. ) ;
#662 = DIRECTION ( 'NONE',  ( 0.000000000000000000, 0.000000000000000000, -1.000000000000000000 ) ) ;
#663 = ORIENTED_EDGE ( 'NONE', *, *, #1495, .F. ) ;
#664 = AXIS2_PLACEMENT_3D ( 'NONE', #6359, #2969, #8415 ) ;
#665 = CARTESIAN_POINT ( 'NONE',  ( -0.2179999999999999993, 0.02999999999999999889, 0.1874999999999999722 ) ) ;
#666 = ADVANCED_FACE ( 'NONE', ( #4707 ), #3331, .T. ) ;
#667 = ORIENTED_EDGE ( 'NONE', *, *, #6717, .T. ) ;
#668 = CARTESIAN_POINT ( 'NONE',  ( -0.1819999999999999951, -0.1000000000000000056, 0.1874999999999999722 ) ) ;
#669 = CARTESIAN_POINT ( 'NONE',  ( 0.1320000000000000062, 0.02999999999999999889, 0.02000000000000003164 ) ) ;
#670 = ORIENTED_EDGE ( 'NONE', *, *, #829, .F. ) ;
#671 = DIRECTION ( 'NONE',  ( 0.000000000000000000, 0.000000000000000000, -1.000000000000000000 ) ) ;
#672 = EDGE_CURVE ( 'NONE', #7995, #4490, #1360, .T. ) ;
#673 = CLOSED_SHELL ( 'NONE', ( #2851, #4848, #4189, #6688, #8746, #4086, #7438, #3564, #6110, #1111, #72, #836, #5642, #8402, #666, #5817, #770, #2213, #50, #4557, #8640, #8003, #8219, #3522, #5929, #8538, #8586, #5760, #2813, #8777, #3547, #558, #1219, #4759, #2683, #619, #2072, #3569, #8731, #8332, #7064, #1490, #7837, #2358, #1377 ) ) ;
#674 = LINE ( 'NONE', #7552, #69 ) ;
#675 = CARTESIAN_POINT ( 'NONE',  ( 0.2249999999999999778, 0.2550000000000000044, 0.02500000000000000139 ) ) ;
#676 = FACE_OUTER_BOUND ( 'NONE', #4519, .T. ) ;
#677 = FACE_OUTER_BOUND ( 'NONE', #2268, .T. ) ;
#678 = EDGE_CURVE ( 'NONE', #8627, #2339, #8604, .T. ) ;
#679 = DIRECTION ( 'NONE',  ( -1.000000000000000000, 0.000000000000000000, -0.000000000000000000 ) ) ;
#680 = VERTEX_POINT ( 'NONE', #3202 ) ;
#681 = DIRECTION ( 'NONE',  ( -1.000000000000000000, 0.000000000000000000, 0.000000000000000000 ) ) ;
#682 = CARTESIAN_POINT ( 'NONE',  ( 0.08200000000000000344, -0.05999999999999999778, -0.02000000000000000042 ) ) ;
#683 = EDGE_CURVE ( 'NONE', #7322, #1771, #8770, .T. ) ;
#684 = ADVANCED_FACE ( 'NONE', ( #1322 ), #8021, .F. ) ;
#685 = ORIENTED_EDGE ( 'NONE', *, *, #7919, .F. ) ;
#686 = DIRECTION ( 'NONE',  ( 0.000000000000000000, -1.000000000000000000, 0.000000000000000000 ) ) ;
#687 = CARTESIAN_POINT ( 'NONE',  ( 0.000000000000000000, 0.2200000000000000011, 0.05249999999999999806 ) ) ;
#688 = FACE_OUTER_BOUND ( 'NONE', #6417, .T. ) ;
#689 = VERTEX_POINT ( 'NONE', #1992 ) ;
#690 = CARTESIAN_POINT ( 'NONE',  ( -0.2320000000000000118, -0.02500000000000000486, 0.1874999999999999722 ) ) ;
#691 = VERTEX_POINT ( 'NONE', #7351 ) ;
#692 = CARTESIAN_POINT ( 'NONE',  ( -0.2500000000000000000, -0.02500000000000000139, 0.1874999999999999722 ) ) ;
#693 = ORIENTED_EDGE ( 'NONE', *, *, #8444, .T. ) ;
#694 =( CONVERSION_BASED_UNIT ( 'INCH', #6776 ) LENGTH_UNIT ( ) NAMED_UNIT ( #2100 ) );
#695 = DIRECTION ( 'NONE',  ( 0.000000000000000000, 0.000000000000000000, -1.000000000000000000 ) ) ;
#696 = ORIENTED_EDGE ( 'NONE', *, *, #4538, .T. ) ;
#697 = CARTESIAN_POINT ( 'NONE',  ( -0.1680000000000000382, -0.07499999999999999722, 0.000000000000000000 ) ) ;
#698 = DIRECTION ( 'NONE',  ( 0.000000000000000000, -1.000000000000000000, -0.000000000000000000 ) ) ;
#699 = EDGE_CURVE ( 'NONE', #2987, #2586, #5335, .T. ) ;
#700 = DIRECTION ( 'NONE',  ( -1.000000000000000000, 0.000000000000000000, 0.000000000000000000 ) ) ;
#701 = ORIENTED_EDGE ( 'NONE', *, *, #6304, .T. ) ;
#702 = FACE_OUTER_BOUND ( 'NONE', #5132, .T. ) ;
#703 = ORIENTED_EDGE ( 'NONE', *, *, #1877, .T. ) ;
#704 = CARTESIAN_POINT ( 'NONE',  ( -0.1680000000000000382, -0.01499999999999999944, 0.1874999999999999722 ) ) ;
#705 = VECTOR ( 'NONE', #2036, 39.37007874015748143 ) ;
#706 = CARTESIAN_POINT ( 'NONE',  ( 0.1680000000000000382, -0.06500000000000000222, 0.1874999999999999722 ) ) ;
#707 = ORIENTED_EDGE ( 'NONE', *, *, #6682, .T. ) ;
#708 = LINE ( 'NONE', #87, #3074 ) ;
#709 = EDGE_CURVE ( 'NONE', #538, #3968, #2667, .T. ) ;
#710 = AXIS2_PLACEMENT_3D ( 'NONE', #5295, #5337, #15 ) ;
#711 = CARTESIAN_POINT ( 'NONE',  ( -0.2625000000000001221, 0.05999999999999999778, -0.1124999999999999889 ) ) ;
#712 = DIRECTION ( 'NONE',  ( 0.000000000000000000, 1.000000000000000000, -0.000000000000000000 ) ) ;
#713 = CYLINDRICAL_SURFACE ( 'NONE', #590, 0.01000000000000000021 ) ;
#714 = EDGE_CURVE ( 'NONE', #1514, #5268, #6720, .T. ) ;
#715 = CARTESIAN_POINT ( 'NONE',  ( 0.2500000000000000000, -0.02500000000000000139, 0.02999999999999999889 ) ) ;
#716 = CARTESIAN_POINT ( 'NONE',  ( -0.01799999999999999864, 0.02999999999999999889, 0.1874999999999999722 ) ) ;
#717 = ORIENTED_EDGE ( 'NONE', *, *, #983, .T. ) ;
#718 = FACE_BOUND ( 'NONE', #3031, .T. ) ;
#719 = VECTOR ( 'NONE', #5490, 39.37007874015748143 ) ;
#720 = ADVANCED_FACE ( 'NONE', ( #7441 ), #8646, .T. ) ;
#721 = VECTOR ( 'NONE', #3876, 39.37007874015748143 ) ;
#722 = CIRCLE ( 'NONE', #1878, 0.005000000000000021788 ) ;
#723 = EDGE_CURVE ( 'NONE', #691, #7590, #4042, .T. ) ;
#724 = ORIENTED_EDGE ( 'NONE', *, *, #1301, .T. ) ;
#725 = DIRECTION ( 'NONE',  ( 0.000000000000000000, -1.000000000000000000, 0.000000000000000000 ) ) ;
#726 = VECTOR ( 'NONE', #5874, 39.37007874015748143 ) ;
#727 = EDGE_CURVE ( 'NONE', #3645, #5652, #3636, .T. ) ;
#728 = CARTESIAN_POINT ( 'NONE',  ( 0.06800000000000000488, -0.02500000000000000486, 0.1874999999999999722 ) ) ;
#729 = CARTESIAN_POINT ( 'NONE',  ( 0.2179999999999999993, -0.06500000000000000222, -0.02000000000000000042 ) ) ;
#730 = ORIENTED_EDGE ( 'NONE', *, *, #699, .T. ) ;
#731 = AXIS2_PLACEMENT_3D ( 'NONE', #6389, #264, #2999 ) ;
#732 = DIRECTION ( 'NONE',  ( -0.000000000000000000, -0.000000000000000000, 1.000000000000000000 ) ) ;
#733 = ORIENTED_EDGE ( 'NONE', *, *, #6936, .F. ) ;
#734 = DIRECTION ( 'NONE',  ( 0.000000000000000000, 0.000000000000000000, -1.000000000000000000 ) ) ;
#735 = CARTESIAN_POINT ( 'NONE',  ( 0.000000000000000000, 0.000000000000000000, 0.000000000000000000 ) ) ;
#736 = VERTEX_POINT ( 'NONE', #2536 ) ;
#737 = CARTESIAN_POINT ( 'NONE',  ( 0.2500000000000000000, -0.01499999999999999771, 0.02000000000000000042 ) ) ;
#738 = VERTEX_POINT ( 'NONE', #7973 ) ;
#739 = CARTESIAN_POINT ( 'NONE',  ( -0.3125000000000000000, 0.2200000000000000011, -0.1124999999999999889 ) ) ;
#740 = ORIENTED_EDGE ( 'NONE', *, *, #2655, .T. ) ;
#741 = DIRECTION ( 'NONE',  ( 0.000000000000000000, 0.000000000000000000, -1.000000000000000000 ) ) ;
#742 = AXIS2_PLACEMENT_3D ( 'NONE', #8180, #7545, #8223 ) ;
#743 = DIRECTION ( 'NONE',  ( 1.000000000000000000, 0.000000000000000000, 0.000000000000000000 ) ) ;
#744 = ORIENTED_EDGE ( 'NONE', *, *, #4323, .F. ) ;
#745 = AXIS2_PLACEMENT_3D ( 'NONE', #7319, #555, #1334 ) ;
#746 = DIRECTION ( 'NONE',  ( 0.000000000000000000, 0.000000000000000000, -1.000000000000000000 ) ) ;
#747 = VERTEX_POINT ( 'NONE', #1190 ) ;
#748 = ORIENTED_EDGE ( 'NONE', *, *, #4206, .T. ) ;
#749 = CARTESIAN_POINT ( 'NONE',  ( -0.07499999999999999722, 0.1905000000000000027, -0.03400000000000000244 ) ) ;
#750 = ORIENTED_EDGE ( 'NONE', *, *, #3874, .F. ) ;
#751 = EDGE_CURVE ( 'NONE', #4329, #2987, #4499, .T. ) ;
#752 = DIRECTION ( 'NONE',  ( 0.000000000000000000, -0.000000000000000000, 1.000000000000000000 ) ) ;
#753 = CYLINDRICAL_SURFACE ( 'NONE', #4220, 0.01000000000000000021 ) ;
#754 = VERTEX_POINT ( 'NONE', #6225 ) ;
#755 = DIRECTION ( 'NONE',  ( 1.000000000000000000, 0.000000000000000000, -0.000000000000000000 ) ) ;
#756 = CARTESIAN_POINT ( 'NONE',  ( 0.08200000000000001732, -0.07499999999999999722, 0.1874999999999999722 ) ) ;
#757 = CARTESIAN_POINT ( 'NONE',  ( 0.01799999999999999864, -0.06500000000000000222, 0.1874999999999999722 ) ) ;
#758 = DIRECTION ( 'NONE',  ( -1.000000000000000000, -0.000000000000000000, 0.000000000000000000 ) ) ;
#759 = CARTESIAN_POINT ( 'NONE',  ( -0.2320000000000000118, -0.06500000000000000222, 0.1874999999999999722 ) ) ;
#760 = EDGE_CURVE ( 'NONE', #826, #6146, #2789, .T. ) ;
#761 = LINE ( 'NONE', #3496, #1503 ) ;
#762 = VERTEX_POINT ( 'NONE', #6176 ) ;
#763 = FACE_BOUND ( 'NONE', #7891, .T. ) ;
#764 = APPLICATION_CONTEXT ( 'automotive_design' ) ;
#765 = EDGE_CURVE ( 'NONE', #1491, #5704, #2781, .T. ) ;
#766 = VECTOR ( 'NONE', #5467, 39.37007874015748143 ) ;
#767 = ORIENTED_EDGE ( 'NONE', *, *, #8368, .T. ) ;
#768 = ADVANCED_FACE ( 'NONE', ( #2835 ), #7525, .T. ) ;
#769 = DIRECTION ( 'NONE',  ( 0.000000000000000000, 0.000000000000000000, -1.000000000000000000 ) ) ;
#770 = ADVANCED_FACE ( 'NONE', ( #5518 ), #2706, .T. ) ;
#771 = PLANE ( 'NONE',  #8704 ) ;
#772 = DIRECTION ( 'NONE',  ( -1.000000000000000000, 0.000000000000000000, -0.000000000000000000 ) ) ;
#773 = EDGE_CURVE ( 'NONE', #412, #1053, #52, .T. ) ;
#774 = ORIENTED_EDGE ( 'NONE', *, *, #4122, .F. ) ;
#776 = EDGE_CURVE ( 'NONE', #4951, #7843, #6939, .T. ) ;
#775 = DIRECTION ( 'NONE',  ( 0.000000000000000000, 0.000000000000000000, 1.000000000000000000 ) ) ;
#777 = VERTEX_POINT ( 'NONE', #2168 ) ;
#778 = AXIS2_PLACEMENT_3D ( 'NONE', #47, #2831, #3 ) ;
#779 = CARTESIAN_POINT ( 'NONE',  ( -0.02500000000000000139, 0.03500000000000000333, -0.03400000000000000244 ) ) ;
#780 =( NAMED_UNIT ( * ) SI_UNIT ( $, .STERADIAN. ) SOLID_ANGLE_UNIT ( ) );
#781 = EDGE_LOOP ( 'NONE', ( #975, #2015, #4932, #6079, #8306, #6570, #1896, #8027, #2556, #5264, #8743, #1998 ) ) ;
#782 = PLANE ( 'NONE',  #4169 ) ;
#783 = ORIENTED_EDGE ( 'NONE', *, *, #5703, .T. ) ;
#784 = CIRCLE ( 'NONE', #494, 0.004999999999999997502 ) ;
#785 = VERTEX_POINT ( 'NONE', #1362 ) ;
#786 = DIRECTION ( 'NONE',  ( -0.000000000000000000, 0.000000000000000000, 1.000000000000000000 ) ) ;
#787 = LINE ( 'NONE', #3523, #6364 ) ;
#788 = EDGE_CURVE ( 'NONE', #4974, #7810, #1789, .T. ) ;
#789 = VECTOR ( 'NONE', #2647, 39.37007874015748143 ) ;
#790 = VECTOR ( 'NONE', #3980, 39.37007874015748143 ) ;
#791 = CIRCLE ( 'NONE', #4516, 0.008999999999999999320 ) ;
#792 = CARTESIAN_POINT ( 'NONE',  ( -0.2625000000000000111, 0.000000000000000000, 0.1124999999999999889 ) ) ;
#793 = ORIENTED_EDGE ( 'NONE', *, *, #7272, .F. ) ;
#794 = ORIENTED_EDGE ( 'NONE', *, *, #3692, .T. ) ;
#795 = CYLINDRICAL_SURFACE ( 'NONE', #742, 0.008999999999999999320 ) ;
#796 = EDGE_LOOP ( 'NONE', ( #551, #4942, #8243, #1624, #2470, #192, #1974, #7271 ) ) ;
#797 = CARTESIAN_POINT ( 'NONE',  ( 0.2500000000000000000, -0.06500000000000000222, -0.02999999999999999889 ) ) ;
#798 = AXIS2_PLACEMENT_3D ( 'NONE', #4859, #2334, #4199 ) ;
#799 = CARTESIAN_POINT ( 'NONE',  ( -0.2180000000000000271, -0.05999999999999999778, -0.02000000000000000042 ) ) ;
#800 = VECTOR ( 'NONE', #2457, 39.37007874015748143 ) ;
#801 = ORIENTED_EDGE ( 'NONE', *, *, #8429, .T. ) ;
#802 = CARTESIAN_POINT ( 'NONE',  ( 0.2500000000000000000, -0.01499999999999999771, 0.02000000000000000042 ) ) ;
#803 = AXIS2_PLACEMENT_3D ( 'NONE', #1098, #3109, #6543 ) ;
#804 = CIRCLE ( 'NONE', #2533, 0.008999999999999999320 ) ;
#805 = CARTESIAN_POINT ( 'NONE',  ( 0.2500000000000000000, 0.02999999999999999889, -0.02999999999999999889 ) ) ;
#806 = FACE_OUTER_BOUND ( 'NONE', #2665, .T. ) ;
#807 = DIRECTION ( 'NONE',  ( -0.000000000000000000, -0.000000000000000000, -1.000000000000000000 ) ) ;
#808 = CARTESIAN_POINT ( 'NONE',  ( -0.1474999999999999922, 0.08985714285714289928, -0.08250000000000000389 ) ) ;
#809 = LINE ( 'NONE', #136, #5243 ) ;
#810 = CARTESIAN_POINT ( 'NONE',  ( 0.000000000000000000, 0.1905000000000000027, 0.000000000000000000 ) ) ;
#811 = ADVANCED_FACE ( 'NONE', ( #4792 ), #7606, .F. ) ;
#812 = FACE_OUTER_BOUND ( 'NONE', #2732, .T. ) ;
#813 = ORIENTED_EDGE ( 'NONE', *, *, #2752, .F. ) ;
#814 = FACE_OUTER_BOUND ( 'NONE', #7750, .T. ) ;
#815 = AXIS2_PLACEMENT_3D ( 'NONE', #5375, #8104, #2698 ) ;
#816 = ADVANCED_FACE ( 'NONE', ( #4174 ), #3416, .T. ) ;
#817 = AXIS2_PLACEMENT_3D ( 'NONE', #1374, #2224, #6856 ) ;
#818 = VERTEX_POINT ( 'NONE', #819 ) ;
#819 = CARTESIAN_POINT ( 'NONE',  ( -0.1749999999999999889, 0.1905000000000000027, 0.03400000000000000244 ) ) ;
#820 = CARTESIAN_POINT ( 'NONE',  ( 0.3125000000000000000, 0.000000000000000000, -0.08749999999999999445 ) ) ;
#821 = CARTESIAN_POINT ( 'NONE',  ( -0.2320000000000000118, -0.02500000000000000486, 0.02999999999999999542 ) ) ;
#822 = EDGE_CURVE ( 'NONE', #121, #826, #3549, .T. ) ;
#823 = ORIENTED_EDGE ( 'NONE', *, *, #6812, .F. ) ;
#824 = ORIENTED_EDGE ( 'NONE', *, *, #913, .F. ) ;
#825 = CARTESIAN_POINT ( 'NONE',  ( 0.2500000000000000000, -0.02500000000000000139, 0.02999999999999999889 ) ) ;
#826 = VERTEX_POINT ( 'NONE', #6264 ) ;
#827 = CARTESIAN_POINT ( 'NONE',  ( -0.2625000000000000111, 0.2049999999999999878, -0.06500000000000000222 ) ) ;
#828 = CONTEXT_DEPENDENT_SHAPE_REPRESENTATION ( #4428, #7923 ) ;
#829 = EDGE_CURVE ( 'NONE', #3256, #1688, #4209, .T. ) ;
#830 = ORIENTED_EDGE ( 'NONE', *, *, #1769, .T. ) ;
#831 = DIRECTION ( 'NONE',  ( 0.5773502691896258421, -0.5773502691896258421, -0.5773502691896255090 ) ) ;
#832 = ORIENTED_EDGE ( 'NONE', *, *, #2261, .T. ) ;
#833 = DIRECTION ( 'NONE',  ( -1.000000000000000000, 0.000000000000000000, 0.000000000000000000 ) ) ;
#834 = CARTESIAN_POINT ( 'NONE',  ( 0.01799999999999999864, -0.01499999999999999424, 0.1874999999999999722 ) ) ;
#835 = ORIENTED_EDGE ( 'NONE', *, *, #445, .F. ) ;
#836 = ADVANCED_FACE ( 'NONE', ( #2078 ), #2122, .T. ) ;
#837 = CARTESIAN_POINT ( 'NONE',  ( 0.2179999999999999993, -0.1000000000000000056, 0.1874999999999999722 ) ) ;
#838 = ORIENTED_EDGE ( 'NONE', *, *, #5539, .F. ) ;
#839 = ORIENTED_EDGE ( 'NONE', *, *, #5460, .F. ) ;
#840 = FACE_OUTER_BOUND ( 'NONE', #4817, .T. ) ;
#841 = EDGE_CURVE ( 'NONE', #2028, #1887, #7563, .T. ) ;
#842 = ORIENTED_EDGE ( 'NONE', *, *, #4771, .F. ) ;
#843 = LINE ( 'NONE', #5630, #3186 ) ;
#844 = LINE ( 'NONE', #1519, #8651 ) ;
#845 = ORIENTED_EDGE ( 'NONE', *, *, #3445, .F. ) ;
#846 = CARTESIAN_POINT ( 'NONE',  ( -0.2500000000000000000, -0.02500000000000000139, 0.1874999999999999722 ) ) ;
#847 = CARTESIAN_POINT ( 'NONE',  ( -0.1474999999999999922, 0.000000000000000000, -0.08250000000000000389 ) ) ;
#848 = FACE_OUTER_BOUND ( 'NONE', #6447, .T. ) ;
#849 = LINE ( 'NONE', #6922, #5671 ) ;
#850 = AXIS2_PLACEMENT_3D ( 'NONE', #3024, #7937, #7089 ) ;
#851 = CARTESIAN_POINT ( 'NONE',  ( 0.2500000000000000000, -0.01499999999999999944, 0.1874999999999999722 ) ) ;
#852 = ORIENTED_EDGE ( 'NONE', *, *, #4485, .F. ) ;
#853 = DIRECTION ( 'NONE',  ( -1.000000000000000000, -0.000000000000000000, -0.000000000000000000 ) ) ;
#854 = CARTESIAN_POINT ( 'NONE',  ( -0.2500000000000000000, 0.000000000000000000, -0.04249999999999999611 ) ) ;
#855 = LINE ( 'NONE', #6259, #2953 ) ;
#856 = DIRECTION ( 'NONE',  ( 1.000000000000000000, 0.000000000000000000, 0.000000000000000000 ) ) ;
#857 = EDGE_LOOP ( 'NONE', ( #4595, #3324 ) ) ;
#858 = DIRECTION ( 'NONE',  ( 0.000000000000000000, -1.000000000000000000, 0.000000000000000000 ) ) ;
#859 = AXIS2_PLACEMENT_3D ( 'NONE', #6178, #104, #8285 ) ;
#860 = VERTEX_POINT ( 'NONE', #3505 ) ;
#861 = VECTOR ( 'NONE', #3928, 39.37007874015748143 ) ;
#862 = DIRECTION ( 'NONE',  ( -1.000000000000000000, -0.000000000000000000, 0.000000000000000000 ) ) ;
#863 = EDGE_CURVE ( 'NONE', #5565, #5334, #7658, .T. ) ;
#864 = DIRECTION ( 'NONE',  ( 0.000000000000000000, 0.000000000000000000, -1.000000000000000000 ) ) ;
#865 = FACE_OUTER_BOUND ( 'NONE', #4035, .T. ) ;
#866 = AXIS2_PLACEMENT_3D ( 'NONE', #5447, #5404, #2054 ) ;
#867 = ORIENTED_EDGE ( 'NONE', *, *, #6947, .F. ) ;
#868 = ORIENTED_EDGE ( 'NONE', *, *, #2254, .F. ) ;
#869 = ORIENTED_EDGE ( 'NONE', *, *, #2422, .F. ) ;
#870 = DIRECTION ( 'NONE',  ( 1.000000000000000000, 0.000000000000000000, -0.000000000000000000 ) ) ;
#871 = AXIS2_PLACEMENT_3D ( 'NONE', #1847, #8007, #1353 ) ;
#872 = ORIENTED_EDGE ( 'NONE', *, *, #2618, .T. ) ;
#873 = EDGE_CURVE ( 'NONE', #5658, #6192, #6098, .T. ) ;
#874 = CARTESIAN_POINT ( 'NONE',  ( 0.2249999999999999778, 0.2550000000000000044, 0.03400000000000000244 ) ) ;
#875 = EDGE_LOOP ( 'NONE', ( #5487, #2363, #2195, #1204 ) ) ;
#876 = ORIENTED_EDGE ( 'NONE', *, *, #3464, .F. ) ;
#877 = FACE_OUTER_BOUND ( 'NONE', #7223, .T. ) ;
#878 = FACE_OUTER_BOUND ( 'NONE', #7095, .T. ) ;
#879 = VECTOR ( 'NONE', #3132, 39.37007874015748143 ) ;
#880 = DIRECTION ( 'NONE',  ( 0.000000000000000000, 0.000000000000000000, 1.000000000000000000 ) ) ;
#881 = ORIENTED_EDGE ( 'NONE', *, *, #699, .F. ) ;
#882 = ORIENTED_EDGE ( 'NONE', *, *, #641, .T. ) ;
#883 = FACE_OUTER_BOUND ( 'NONE', #7650, .T. ) ;
#884 = APPLICATION_CONTEXT ( 'automotive_design' ) ;
#885 = ORIENTED_EDGE ( 'NONE', *, *, #4122, .T. ) ;
#886 = DIRECTION ( 'NONE',  ( -1.000000000000000000, 0.000000000000000000, -0.000000000000000000 ) ) ;
#887 = AXIS2_PLACEMENT_3D ( 'NONE', #5676, #2327, #3081 ) ;
#888 = DIRECTION ( 'NONE',  ( 0.000000000000000000, -1.000000000000000000, 0.000000000000000000 ) ) ;
#889 = VERTEX_POINT ( 'NONE', #8549 ) ;
#890 = FACE_OUTER_BOUND ( 'NONE', #3907, .T. ) ;
#891 = EDGE_CURVE ( 'NONE', #26, #2586, #3686, .T. ) ;
#892 = CARTESIAN_POINT ( 'NONE',  ( 0.01799999999999999864, -0.1000000000000000056, 0.1874999999999999722 ) ) ;
#893 = VECTOR ( 'NONE', #3427, 39.37007874015748143 ) ;
#894 = AXIS2_PLACEMENT_3D ( 'NONE', #4331, #7270, #3922 ) ;
#895 = DIRECTION ( 'NONE',  ( 0.000000000000000000, -1.000000000000000000, 0.000000000000000000 ) ) ;
#896 = LINE ( 'NONE', #6718, #4529 ) ;
#897 = CARTESIAN_POINT ( 'NONE',  ( 0.2320000000000000118, -0.07499999999999999722, 0.000000000000000000 ) ) ;
#898 = CARTESIAN_POINT ( 'NONE',  ( -0.2625000000000000111, 0.05650000000000000161, 0.06500000000000000222 ) ) ;
#899 = EDGE_CURVE ( 'NONE', #6041, #889, #2930, .T. ) ;
#900 = DIRECTION ( 'NONE',  ( 0.000000000000000000, -1.000000000000000000, 0.000000000000000000 ) ) ;
#901 = CARTESIAN_POINT ( 'NONE',  ( 0.1179999999999999938, -0.06500000000000000222, 0.1874999999999999722 ) ) ;
#902 = DIRECTION ( 'NONE',  ( 0.000000000000000000, 0.000000000000000000, 1.000000000000000000 ) ) ;
#903 = ORIENTED_EDGE ( 'NONE', *, *, #3188, .F. ) ;
#904 = CARTESIAN_POINT ( 'NONE',  ( -0.1319999999999999785, 0.02999999999999999889, -0.05000000000000000278 ) ) ;
#905 = EDGE_CURVE ( 'NONE', #818, #413, #6358, .T. ) ;
#906 = CARTESIAN_POINT ( 'NONE',  ( 0.1250000000000000000, 0.1905000000000000027, -0.03400000000000000244 ) ) ;
#907 = ORIENTED_EDGE ( 'NONE', *, *, #2007, .F. ) ;
#908 = CARTESIAN_POINT ( 'NONE',  ( 0.2500000000000000000, -0.06500000000000000222, 0.1874999999999999722 ) ) ;
#909 = FACE_OUTER_BOUND ( 'NONE', #1908, .T. ) ;
#910 = CARTESIAN_POINT ( 'NONE',  ( 0.002499999999999935867, 0.2049999999999999878, -0.06499999999999998834 ) ) ;
#911 = FACE_OUTER_BOUND ( 'NONE', #5883, .T. ) ;
#912 = VERTEX_POINT ( 'NONE', #5784 ) ;
#913 = EDGE_CURVE ( 'NONE', #8567, #1343, #3012, .T. ) ;
#914 = VERTEX_POINT ( 'NONE', #6492 ) ;
#915 = VERTEX_POINT ( 'NONE', #3597 ) ;
#916 = FACE_OUTER_BOUND ( 'NONE', #2631, .T. ) ;
#917 = ORIENTED_EDGE ( 'NONE', *, *, #16, .T. ) ;
#918 = LINE ( 'NONE', #3650, #4072 ) ;
#919 = EDGE_LOOP ( 'NONE', ( #4628, #8225, #2281, #8366 ) ) ;
#920 = EDGE_CURVE ( 'NONE', #7508, #7126, #7745, .T. ) ;
#921 = VECTOR ( 'NONE', #7802, 39.37007874015748143 ) ;
#922 = FACE_BOUND ( 'NONE', #5863, .T. ) ;
#923 = PRODUCT ( 'TFML-110-01-L-D-RA_terminal', 'TFML-110-01-L-D-RA_terminal', '', ( #6411 ) ) ;
#924 = CARTESIAN_POINT ( 'NONE',  ( 0.1320000000000000062, -0.01000000000000000021, 0.03000000000000004746 ) ) ;
#925 = ADVANCED_FACE ( 'NONE', ( #2262 ), #1674, .T. ) ;
#926 = VECTOR ( 'NONE', #1440, 39.37007874015748143 ) ;
#927 = LINE ( 'NONE', #837, #8434 ) ;
#928 = EDGE_LOOP ( 'NONE', ( #7398, #5411, #8193, #3878 ) ) ;
#929 = ORIENTED_EDGE ( 'NONE', *, *, #672, .F. ) ;
#930 = CIRCLE ( 'NONE', #5651, 0.004999999999999997502 ) ;
#931 = PLANE ( 'NONE',  #4167 ) ;
#932 = EDGE_LOOP ( 'NONE', ( #8511, #8608, #4755, #6657 ) ) ;
#933 = VECTOR ( 'NONE', #4981, 39.37007874015748143 ) ;
#934 = FACE_OUTER_BOUND ( 'NONE', #8594, .T. ) ;
#935 = PLANE ( 'NONE',  #3942 ) ;
#936 = ORIENTED_EDGE ( 'NONE', *, *, #5902, .T. ) ;
#937 = LINE ( 'NONE', #3667, #7220 ) ;
#938 = CARTESIAN_POINT ( 'NONE',  ( -0.2500000000000000000, -0.02500000000000000139, 0.1874999999999999722 ) ) ;
#939 = CIRCLE ( 'NONE', #2940, 0.005000000000000021788 ) ;
#940 = EDGE_CURVE ( 'NONE', #6240, #4700, #1718, .T. ) ;
#941 = CARTESIAN_POINT ( 'NONE',  ( 0.000000000000000000, 0.2200000000000000011, 0.000000000000000000 ) ) ;
#942 = PRODUCT_RELATED_PRODUCT_CATEGORY ( 'part', '', ( #5857 ) ) ;
#943 = ORIENTED_EDGE ( 'NONE', *, *, #3456, .T. ) ;
#944 = DIRECTION ( 'NONE',  ( -1.000000000000000000, -0.000000000000000000, 0.000000000000000000 ) ) ;
#945 = AXIS2_PLACEMENT_3D ( 'NONE', #3764, #6484, #355 ) ;
#946 = CARTESIAN_POINT ( 'NONE',  ( 0.2625000000000000111, 0.1239999999999999991, 0.000000000000000000 ) ) ;
#947 = LINE ( 'NONE', #3676, #4246 ) ;
#948 = LINE ( 'NONE', #1662, #4089 ) ;
#949 = CYLINDRICAL_SURFACE ( 'NONE', #8779, 0.01000000000000000021 ) ;
#950 = VECTOR ( 'NONE', #8821, 39.37007874015748143 ) ;
#951 = ORIENTED_EDGE ( 'NONE', *, *, #5139, .T. ) ;
#952 = CARTESIAN_POINT ( 'NONE',  ( 0.000000000000000000, 0.05650000000000000161, -0.06500000000000000222 ) ) ;
#953 = EDGE_CURVE ( 'NONE', #6774, #1465, #2304, .T. ) ;
#954 = VECTOR ( 'NONE', #1475, 39.37007874015748143 ) ;
#955 = AXIS2_PLACEMENT_3D ( 'NONE', #190, #8247, #6227 ) ;
#956 = DIRECTION ( 'NONE',  ( 0.000000000000000000, 0.000000000000000000, -1.000000000000000000 ) ) ;
#957 = ADVANCED_FACE ( 'NONE', ( #5116 ), #6313, .T. ) ;
#958 = ORIENTED_EDGE ( 'NONE', *, *, #7783, .F. ) ;
#959 = VECTOR ( 'NONE', #7017, 39.37007874015748143 ) ;
#960 = DIRECTION ( 'NONE',  ( -1.000000000000000000, -0.000000000000000000, 0.000000000000000000 ) ) ;
#961 = EDGE_CURVE ( 'NONE', #567, #1538, #62, .T. ) ;
#962 = LINE ( 'NONE', #2400, #6094 ) ;
#963 = DIRECTION ( 'NONE',  ( 0.000000000000000000, -1.000000000000000000, 0.000000000000000000 ) ) ;
#964 = DIRECTION ( 'NONE',  ( 0.000000000000000000, 0.000000000000000000, 1.000000000000000000 ) ) ;
#965 = EDGE_LOOP ( 'NONE', ( #3553, #3259, #2172, #1262 ) ) ;
#966 = VECTOR ( 'NONE', #1199, 39.37007874015748143 ) ;
#967 = EDGE_LOOP ( 'NONE', ( #4464, #4227, #8577, #70 ) ) ;
#968 = ORIENTED_EDGE ( 'NONE', *, *, #3546, .F. ) ;
#969 = CARTESIAN_POINT ( 'NONE',  ( 0.2179999999999999993, -0.01000000000000000021, 0.02999999999999999542 ) ) ;
#970 = EDGE_CURVE ( 'NONE', #4993, #7011, #364, .T. ) ;
#971 = FACE_OUTER_BOUND ( 'NONE', #1189, .T. ) ;
#972 = LINE ( 'NONE', #834, #4720 ) ;
#973 = VERTEX_POINT ( 'NONE', #276 ) ;
#974 = CARTESIAN_POINT ( 'NONE',  ( 0.2500000000000000000, -0.06500000000000000222, -0.02999999999999999889 ) ) ;
#975 = ORIENTED_EDGE ( 'NONE', *, *, #3855, .F. ) ;
#976 = ORIENTED_EDGE ( 'NONE', *, *, #5934, .T. ) ;
#977 = FACE_OUTER_BOUND ( 'NONE', #2753, .T. ) ;
#978 = VERTEX_POINT ( 'NONE', #5835 ) ;
#979 = FACE_OUTER_BOUND ( 'NONE', #5030, .T. ) ;
#980 = CARTESIAN_POINT ( 'NONE',  ( 0.2500000000000000000, -0.02500000000000000139, 0.02999999999999999889 ) ) ;
#981 = EDGE_LOOP ( 'NONE', ( #2104, #3693, #1022, #7135, #6001, #3344, #5693, #6671 ) ) ;
#982 = CARTESIAN_POINT ( 'NONE',  ( -0.1250000000000000000, 0.03500000000000000333, -0.02500000000000000139 ) ) ;
#983 = EDGE_CURVE ( 'NONE', #6990, #8812, #999, .T. ) ;
#984 = CARTESIAN_POINT ( 'NONE',  ( -0.2179999999999999993, 0.02999999999999999889, 0.01999999999999999001 ) ) ;
#985 = LINE ( 'NONE', #3709, #2228 ) ;
#986 = ORIENTED_EDGE ( 'NONE', *, *, #6180, .T. ) ;
#987 = CYLINDRICAL_SURFACE ( 'NONE', #6018, 0.008999999999999997585 ) ;
#988 = CARTESIAN_POINT ( 'NONE',  ( 0.002499999999999950179, 0.08985714285714289928, -0.06500000000000000222 ) ) ;
#989 = LINE ( 'NONE', #3628, #7236 ) ;
#990 = FACE_OUTER_BOUND ( 'NONE', #1922, .T. ) ;
#991 = DIRECTION ( 'NONE',  ( 1.000000000000000000, 0.000000000000000000, -0.000000000000000000 ) ) ;
#992 = EDGE_LOOP ( 'NONE', ( #6862, #6248, #5579, #4231, #2182, #4210, #7576, #7585 ) ) ;
#993 = CARTESIAN_POINT ( 'NONE',  ( 0.2500000000000000000, -0.01000000000000000021, 0.02999999999999999889 ) ) ;
#994 = EDGE_CURVE ( 'NONE', #3201, #1828, #3727, .T. ) ;
#995 = DIRECTION ( 'NONE',  ( -0.000000000000000000, -0.000000000000000000, 1.000000000000000000 ) ) ;
#996 = EDGE_CURVE ( 'NONE', #4592, #3912, #5698, .T. ) ;
#997 = DIRECTION ( 'NONE',  ( 0.000000000000000000, -0.000000000000000000, -1.000000000000000000 ) ) ;
#998 = ORIENTED_EDGE ( 'NONE', *, *, #4493, .F. ) ;
#999 = LINE ( 'NONE', #5021, #1936 ) ;
#1000 = LINE ( 'NONE', #8507, #3239 ) ;
#1001 = VECTOR ( 'NONE', #5351, 39.37007874015748143 ) ;
#1002 = DIRECTION ( 'NONE',  ( -1.000000000000000000, -0.000000000000000000, -0.000000000000000000 ) ) ;
#1003 = EDGE_CURVE ( 'NONE', #6240, #4634, #7067, .T. ) ;
#1004 = CARTESIAN_POINT ( 'NONE',  ( 0.2500000000000000000, -0.06500000000000000222, 0.1874999999999999722 ) ) ;
#1005 = ORIENTED_EDGE ( 'NONE', *, *, #5097, .F. ) ;
#1006 = EDGE_CURVE ( 'NONE', #1248, #1778, #8414, .T. ) ;
#1007 = ORIENTED_EDGE ( 'NONE', *, *, #3993, .T. ) ;
#1008 = ORIENTED_EDGE ( 'NONE', *, *, #4495, .T. ) ;
#1009 = FACE_OUTER_BOUND ( 'NONE', #2129, .T. ) ;
#1010 = EDGE_CURVE ( 'NONE', #7183, #2094, #2438, .T. ) ;
#1011 = VECTOR ( 'NONE', #2898, 39.37007874015748143 ) ;
#1012 = LINE ( 'NONE', #7262, #547 ) ;
#1013 = VECTOR ( 'NONE', #8572, 39.37007874015748143 ) ;
#1014 = CARTESIAN_POINT ( 'NONE',  ( 0.2320000000000000118, -0.06500000000000000222, 0.1874999999999999722 ) ) ;
#1015 = ORIENTED_EDGE ( 'NONE', *, *, #6685, .T. ) ;
#1016 = ORIENTED_EDGE ( 'NONE', *, *, #1870, .T. ) ;
#1017 = VECTOR ( 'NONE', #7118, 39.37007874015748143 ) ;
#1018 = LINE ( 'NONE', #6418, #3870 ) ;
#1019 = ORIENTED_EDGE ( 'NONE', *, *, #147, .T. ) ;
#1020 = CIRCLE ( 'NONE', #6015, 0.01000000000000000021 ) ;
#1021 = PLANE ( 'NONE',  #4173 ) ;
#1022 = ORIENTED_EDGE ( 'NONE', *, *, #1312, .T. ) ;
#1023 = CARTESIAN_POINT ( 'NONE',  ( 0.000000000000000000, -0.07499999999999999722, -0.02000000000000000042 ) ) ;
#1024 = CARTESIAN_POINT ( 'NONE',  ( 0.2320000000000000118, -0.01499999999999999944, 0.1874999999999999722 ) ) ;
#1025 = EDGE_LOOP ( 'NONE', ( #4891, #1544, #3601, #2145, #6198, #443, #8535, #6097 ) ) ;
#1026 = DIRECTION ( 'NONE',  ( 1.000000000000000000, 0.000000000000000000, 0.000000000000000000 ) ) ;
#1027 = PLANE ( 'NONE',  #4444 ) ;
#1028 = AXIS2_PLACEMENT_3D ( 'NONE', #7150, #5687, #1033 ) ;
#1029 = DIRECTION ( 'NONE',  ( 0.000000000000000000, -1.000000000000000000, 0.000000000000000000 ) ) ;
#1030 = ORIENTED_EDGE ( 'NONE', *, *, #1097, .T. ) ;
#1031 = ADVANCED_FACE ( 'NONE', ( #7880 ), #6400, .T. ) ;
#1032 = AXIS2_PLACEMENT_3D ( 'NONE', #5495, #7625, #3396 ) ;
#1033 = DIRECTION ( 'NONE',  ( 0.000000000000000000, -0.000000000000000000, 1.000000000000000000 ) ) ;
#1034 = EDGE_LOOP ( 'NONE', ( #167, #2310, #5261, #8556 ) ) ;
#1035 = VECTOR ( 'NONE', #3540, 39.37007874015748143 ) ;
#1036 = DIRECTION ( 'NONE',  ( 1.000000000000000000, 0.000000000000000000, -0.000000000000000000 ) ) ;
#1037 = FACE_OUTER_BOUND ( 'NONE', #3596, .T. ) ;
#1038 = CYLINDRICAL_SURFACE ( 'NONE', #5517, 0.008999999999999997585 ) ;
#1039 = DIRECTION ( 'NONE',  ( 0.000000000000000000, 0.000000000000000000, 1.000000000000000000 ) ) ;
#1040 = VERTEX_POINT ( 'NONE', #4573 ) ;
#1041 = CARTESIAN_POINT ( 'NONE',  ( 0.1524999999999999967, 0.05650000000000000161, -0.08999999999999999667 ) ) ;
#1042 = PRODUCT_DEFINITION_FORMATION_WITH_SPECIFIED_SOURCE ( 'ANY', '', #923, .NOT_KNOWN. ) ;
#1043 = CARTESIAN_POINT ( 'NONE',  ( 0.3125000000000000000, 0.2200000000000000011, -0.08749999999999999445 ) ) ;
#1044 = EDGE_CURVE ( 'NONE', #226, #818, #1365, .T. ) ;
#1045 = CARTESIAN_POINT ( 'NONE',  ( -0.1749999999999999889, 0.03500000000000000333, -0.01600000000000000380 ) ) ;
#1046 = EDGE_LOOP ( 'NONE', ( #3208, #4677, #3632, #7496 ) ) ;
#1047 = CARTESIAN_POINT ( 'NONE',  ( 0.3125000000000000000, 0.2200000000000000011, -0.05249999999999998418 ) ) ;
#1048 = LINE ( 'NONE', #3772, #7231 ) ;
#1049 = DIRECTION ( 'NONE',  ( 0.000000000000000000, -0.8682431421244591885, 0.4961389383568340361 ) ) ;
#1050 = LINE ( 'NONE', #5201, #230 ) ;
#1051 = ORIENTED_EDGE ( 'NONE', *, *, #3742, .T. ) ;
#1052 = EDGE_CURVE ( 'NONE', #1830, #8460, #8068, .T. ) ;
#1053 = VERTEX_POINT ( 'NONE', #6674 ) ;
#1054 = EDGE_CURVE ( 'NONE', #8267, #1521, #8720, .T. ) ;
#1055 = VERTEX_POINT ( 'NONE', #3236 ) ;
#1056 = CARTESIAN_POINT ( 'NONE',  ( 0.2775000000000000244, 0.2200000000000000011, 0.05249999999999999806 ) ) ;
#1057 = FACE_BOUND ( 'NONE', #3138, .T. ) ;
#1058 = EDGE_CURVE ( 'NONE', #8657, #680, #4660, .T. ) ;
#1059 = LINE ( 'NONE', #8606, #5797 ) ;
#1060 = ORIENTED_EDGE ( 'NONE', *, *, #2491, .F. ) ;
#1061 = DIRECTION ( 'NONE',  ( -0.000000000000000000, 1.000000000000000000, 0.000000000000000000 ) ) ;
#1062 = EDGE_CURVE ( 'NONE', #6591, #914, #7250, .T. ) ;
#1063 = ORIENTED_EDGE ( 'NONE', *, *, #4206, .F. ) ;
#1064 = ORIENTED_EDGE ( 'NONE', *, *, #2283, .F. ) ;
#1065 = LINE ( 'NONE', #8480, #4459 ) ;
#1066 = ORIENTED_EDGE ( 'NONE', *, *, #3985, .F. ) ;
#1067 = DIRECTION ( 'NONE',  ( 0.000000000000000000, -1.000000000000000000, 0.000000000000000000 ) ) ;
#1068 = CARTESIAN_POINT ( 'NONE',  ( 0.02500000000000000139, 0.03500000000000000333, -0.01600000000000000380 ) ) ;
#1069 = EDGE_LOOP ( 'NONE', ( #3561, #7403, #1299, #5516 ) ) ;
#1070 = CARTESIAN_POINT ( 'NONE',  ( 0.02500000000000000139, 0.1905000000000000027, 0.02500000000000000139 ) ) ;
#1071 = EDGE_CURVE ( 'NONE', #4610, #7475, #5197, .T. ) ;
#1072 = AXIS2_PLACEMENT_3D ( 'NONE', #2431, #4568, #5912 ) ;
#1073 = CYLINDRICAL_SURFACE ( 'NONE', #1579, 0.01000000000000000021 ) ;
#1074 = AXIS2_PLACEMENT_3D ( 'NONE', #6053, #1275, #8115 ) ;
#1075 = CARTESIAN_POINT ( 'NONE',  ( -0.01799999999999999864, -0.07499999999999999722, 0.000000000000000000 ) ) ;
#1076 = EDGE_CURVE ( 'NONE', #5805, #4329, #1132, .T. ) ;
#1077 = ORIENTED_EDGE ( 'NONE', *, *, #1946, .F. ) ;
#1078 = CARTESIAN_POINT ( 'NONE',  ( 0.2320000000000000118, -0.05999999999999999778, -0.01499999999999999944 ) ) ;
#1079 = CARTESIAN_POINT ( 'NONE',  ( 0.2320000000000000118, 0.02999999999999999889, 0.1874999999999999722 ) ) ;
#1080 = LINE ( 'NONE', #3808, #4241 ) ;
#1081 = LINE ( 'NONE', #3809, #7072 ) ;
#1082 = VECTOR ( 'NONE', #4268, 39.37007874015748143 ) ;
#1083 = ORIENTED_EDGE ( 'NONE', *, *, #5305, .F. ) ;
#1084 = LINE ( 'NONE', #3139, #5340 ) ;
#1085 = AXIS2_PLACEMENT_3D ( 'NONE', #2503, #3845, #1836 ) ;
#1086 = VECTOR ( 'NONE', #8013, 39.37007874015748143 ) ;
#1087 = CIRCLE ( 'NONE', #75, 0.008999999999999997585 ) ;
#1088 = CYLINDRICAL_SURFACE ( 'NONE', #1099, 0.008999999999999997585 ) ;
#1089 = PLANE ( 'NONE',  #6443 ) ;
#1090 = AXIS2_PLACEMENT_3D ( 'NONE', #5338, #1906, #1954 ) ;
#1091 = EDGE_LOOP ( 'NONE', ( #7842, #327, #565, #1112 ) ) ;
#1092 = DIRECTION ( 'NONE',  ( 1.951319995474470178E-15, -0.000000000000000000, -1.000000000000000000 ) ) ;
#1093 = ORIENTED_EDGE ( 'NONE', *, *, #2531, .F. ) ;
#1094 = CARTESIAN_POINT ( 'NONE',  ( 0.03200000000000000067, 0.02999999999999999889, 0.1874999999999999722 ) ) ;
#1095 = VECTOR ( 'NONE', #556, 39.37007874015748143 ) ;
#1096 = LINE ( 'NONE', #8464, #283 ) ;
#1097 = EDGE_CURVE ( 'NONE', #4552, #1274, #1849, .T. ) ;
#1098 = CARTESIAN_POINT ( 'NONE',  ( 0.2500000000000000000, -0.01000000000000000021, 0.02999999999999999889 ) ) ;
#1099 = AXIS2_PLACEMENT_3D ( 'NONE', #2434, #404, #956 ) ;
#1100 = ORIENTED_EDGE ( 'NONE', *, *, #1889, .T. ) ;
#1101 = ORIENTED_EDGE ( 'NONE', *, *, #7171, .F. ) ;
#1102 = AXIS2_PLACEMENT_3D ( 'NONE', #8463, #4356, #6401 ) ;
#1103 = ORIENTED_EDGE ( 'NONE', *, *, #507, .F. ) ;
#1104 = CARTESIAN_POINT ( 'NONE',  ( 0.000000000000000000, 0.2200000000000000011, 0.000000000000000000 ) ) ;
#1105 = DIRECTION ( 'NONE',  ( 0.000000000000000000, 1.000000000000000000, 0.000000000000000000 ) ) ;
#1106 = EDGE_CURVE ( 'NONE', #5291, #7138, #3860, .T. ) ;
#1107 = CARTESIAN_POINT ( 'NONE',  ( -0.2500000000000000000, 0.02999999999999999889, -0.04249999999999999611 ) ) ;
#1108 = AXIS2_PLACEMENT_3D ( 'NONE', #715, #6170, #46 ) ;
#1109 = ORIENTED_EDGE ( 'NONE', *, *, #4640, .T. ) ;
#1110 = CARTESIAN_POINT ( 'NONE',  ( -0.1319999999999999785, -0.07499999999999999722, -0.02000000000000000042 ) ) ;
#1111 = ADVANCED_FACE ( 'NONE', ( #2656 ), #407, .T. ) ;
#1112 = ORIENTED_EDGE ( 'NONE', *, *, #1284, .F. ) ;
#1113 = ORIENTED_EDGE ( 'NONE', *, *, #371, .F. ) ;
#1114 = CARTESIAN_POINT ( 'NONE',  ( 0.2775000000000000244, 0.2200000000000000011, 0.000000000000000000 ) ) ;
#1115 = DIRECTION ( 'NONE',  ( -0.000000000000000000, 0.000000000000000000, -1.000000000000000000 ) ) ;
#1116 = ORIENTED_EDGE ( 'NONE', *, *, #7514, .F. ) ;
#1117 = DIRECTION ( 'NONE',  ( 0.000000000000000000, 0.000000000000000000, -1.000000000000000000 ) ) ;
#1118 = DIRECTION ( 'NONE',  ( -0.000000000000000000, -1.000000000000000000, 0.000000000000000000 ) ) ;
#1119 = EDGE_CURVE ( 'NONE', #142, #538, #3194, .T. ) ;
#1120 = LINE ( 'NONE', #5184, #7637 ) ;
#1121 = ORIENTED_EDGE ( 'NONE', *, *, #723, .T. ) ;
#1122 = LINE ( 'NONE', #8091, #8302 ) ;
#1123 = ORIENTED_EDGE ( 'NONE', *, *, #5060, .T. ) ;
#1124 = DIRECTION ( 'NONE',  ( -1.000000000000000000, -0.000000000000000000, 0.000000000000000000 ) ) ;
#1125 = DIRECTION ( 'NONE',  ( 0.000000000000000000, -1.000000000000000000, -0.000000000000000000 ) ) ;
#1126 = CARTESIAN_POINT ( 'NONE',  ( 0.2500000000000000000, 0.02999999999999999542, -0.02000000000000000042 ) ) ;
#1127 = EDGE_LOOP ( 'NONE', ( #4619, #1901, #5696, #7677 ) ) ;
#1128 = CARTESIAN_POINT ( 'NONE',  ( 0.07499999999999999722, 0.1905000000000000027, 0.02500000000000000139 ) ) ;
#1129 = CARTESIAN_POINT ( 'NONE',  ( 0.08200000000000000344, 0.02999999999999999889, -0.02999999999999999889 ) ) ;
#1130 = CARTESIAN_POINT ( 'NONE',  ( -0.1819999999999999951, 0.03000000000000000583, 0.03000000000000000930 ) ) ;
#1131 = ORIENTED_EDGE ( 'NONE', *, *, #607, .F. ) ;
#1132 = LINE ( 'NONE', #7391, #7210 ) ;
#1133 = EDGE_LOOP ( 'NONE', ( #2496, #82, #4150, #8823 ) ) ;
#1134 = CARTESIAN_POINT ( 'NONE',  ( -0.2249999999999999778, 0.03500000000000000333, -0.02500000000000000139 ) ) ;
#1135 = DIRECTION ( 'NONE',  ( -1.000000000000000000, 0.000000000000000000, 0.000000000000000000 ) ) ;
#1136 = AXIS2_PLACEMENT_3D ( 'NONE', #3755, #389, #4555 ) ;
#1137 = CYLINDRICAL_SURFACE ( 'NONE', #4232, 0.008999999999999997585 ) ;
#1138 = ORIENTED_EDGE ( 'NONE', *, *, #4266, .T. ) ;
#1139 = ORIENTED_EDGE ( 'NONE', *, *, #7073, .T. ) ;
#1140 = ADVANCED_BREP_SHAPE_REPRESENTATION ( '', ( #2939, #2184 ), #6888 ) ;
#1141 = VERTEX_POINT ( 'NONE', #6539 ) ;
#1142 = EDGE_CURVE ( 'NONE', #205, #5523, #3988, .T. ) ;
#1143 = AXIS2_PLACEMENT_3D ( 'NONE', #1324, #7401, #592 ) ;
#1144 = LINE ( 'NONE', #5973, #5208 ) ;
#1145 = LINE ( 'NONE', #5252, #5855 ) ;
#1146 = CARTESIAN_POINT ( 'NONE',  ( 0.1749999999999999889, 0.03500000000000000333, 0.03400000000000000244 ) ) ;
#1147 = VECTOR ( 'NONE', #1582, 39.37007874015748854 ) ;
#1148 = ORIENTED_EDGE ( 'NONE', *, *, #3255, .F. ) ;
#1149 = CARTESIAN_POINT ( 'NONE',  ( -0.07499999999999999722, 0.03500000000000000333, 0.01600000000000000380 ) ) ;
#1150 = ORIENTED_EDGE ( 'NONE', *, *, #1583, .F. ) ;
#1151 = EDGE_CURVE ( 'NONE', #5867, #8298, #5282, .T. ) ;
#1152 = ORIENTED_EDGE ( 'NONE', *, *, #2263, .F. ) ;
#1153 = FACE_OUTER_BOUND ( 'NONE', #8040, .T. ) ;
#1154 = ORIENTED_EDGE ( 'NONE', *, *, #994, .F. ) ;
#1155 = LINE ( 'NONE', #6608, #7592 ) ;
#1156 = AXIS2_PLACEMENT_3D ( 'NONE', #5592, #2907, #5095 ) ;
#1157 = DIRECTION ( 'NONE',  ( 0.000000000000000000, 0.000000000000000000, -1.000000000000000000 ) ) ;
#1158 = EDGE_LOOP ( 'NONE', ( #408, #7780, #1227, #3459, #2717, #102, #251, #4139 ) ) ;
#1159 = CARTESIAN_POINT ( 'NONE',  ( 0.2500000000000000000, -0.06500000000000000222, 0.1874999999999999722 ) ) ;
#1160 = LINE ( 'NONE', #4556, #1013 ) ;
#1161 = VECTOR ( 'NONE', #3482, 39.37007874015748143 ) ;
#1162 = VECTOR ( 'NONE', #568, 39.37007874015748143 ) ;
#1163 = LINE ( 'NONE', #7237, #8774 ) ;
#1164 = ORIENTED_EDGE ( 'NONE', *, *, #8303, .F. ) ;
#1165 = DIRECTION ( 'NONE',  ( 0.000000000000000000, 0.000000000000000000, -1.000000000000000000 ) ) ;
#1166 = EDGE_LOOP ( 'NONE', ( #8739, #7751 ) ) ;
#1167 = PLANE ( 'NONE',  #6872 ) ;
#1168 = ADVANCED_FACE ( 'NONE', ( #3145 ), #3906, .T. ) ;
#1169 = ORIENTED_EDGE ( 'NONE', *, *, #5325, .T. ) ;
#1170 = CARTESIAN_POINT ( 'NONE',  ( 0.01799999999999999864, -0.1000000000000000056, 0.1874999999999999722 ) ) ;
#1171 = DIRECTION ( 'NONE',  ( -1.000000000000000000, 0.000000000000000000, -0.000000000000000000 ) ) ;
#1173 = ORIENTED_EDGE ( 'NONE', *, *, #6489, .F. ) ;
#1172 = VECTOR ( 'NONE', #7687, 39.37007874015748143 ) ;
#1174 = LINE ( 'NONE', #2606, #3500 ) ;
#1175 = EDGE_CURVE ( 'NONE', #4309, #5394, #1225, .T. ) ;
#1176 = AXIS2_PLACEMENT_3D ( 'NONE', #309, #3047, #2640 ) ;
#1177 = EDGE_CURVE ( 'NONE', #1678, #2437, #5966, .T. ) ;
#1178 = DIRECTION ( 'NONE',  ( 0.000000000000000000, -1.000000000000000000, -0.000000000000000000 ) ) ;
#1179 = CARTESIAN_POINT ( 'NONE',  ( -0.2320000000000000118, 0.03000000000000000583, 0.02000000000000009409 ) ) ;
#1180 = ORIENTED_EDGE ( 'NONE', *, *, #7807, .T. ) ;
#1181 = CARTESIAN_POINT ( 'NONE',  ( -0.01799999999999998476, 0.000000000000000000, 0.1874999999999999722 ) ) ;
#1182 = VERTEX_POINT ( 'NONE', #8593 ) ;
#1183 = LINE ( 'NONE', #1094, #8775 ) ;
#1184 = VECTOR ( 'NONE', #1211, 39.37007874015748143 ) ;
#1185 = DIRECTION ( 'NONE',  ( 0.000000000000000000, 1.707404996040157067E-15, 1.000000000000000000 ) ) ;
#1186 = EDGE_CURVE ( 'NONE', #5120, #3700, #4534, .T. ) ;
#1187 = VECTOR ( 'NONE', #6334, 39.37007874015748854 ) ;
#1188 = VERTEX_POINT ( 'NONE', #5917 ) ;
#1189 = EDGE_LOOP ( 'NONE', ( #5559, #4954, #2625, #1935, #6855, #740, #667, #7340 ) ) ;
#1190 = CARTESIAN_POINT ( 'NONE',  ( 0.2500000000000000000, 0.02999999999999999889, -0.04249999999999999611 ) ) ;
#1191 = CARTESIAN_POINT ( 'NONE',  ( 0.01799999999999998476, -0.05999999999999999778, -0.01999999999999999695 ) ) ;
#1192 = CARTESIAN_POINT ( 'NONE',  ( -0.1819999999999999951, -0.01499999999999999944, 0.02999999999999999889 ) ) ;
#1193 = EDGE_LOOP ( 'NONE', ( #18, #1123 ) ) ;
#1194 = ORIENTED_EDGE ( 'NONE', *, *, #4172, .T. ) ;
#1195 = PRODUCT_DEFINITION_CONTEXT ( 'detailed design', #1810, 'design' ) ;
#1196 = FACE_OUTER_BOUND ( 'NONE', #3350, .T. ) ;
#1197 = EDGE_LOOP ( 'NONE', ( #4165, #2724, #8163, #7909 ) ) ;
#1198 = EDGE_CURVE ( 'NONE', #4951, #3517, #6069, .T. ) ;
#1199 = DIRECTION ( 'NONE',  ( -0.000000000000000000, 0.000000000000000000, -1.000000000000000000 ) ) ;
#1200 = DIRECTION ( 'NONE',  ( 0.000000000000000000, 0.7071067811865479058, 0.7071067811865471286 ) ) ;
#1201 = EDGE_LOOP ( 'NONE', ( #6868, #8644, #3388, #6163 ) ) ;
#1202 = DIRECTION ( 'NONE',  ( 0.000000000000000000, 0.000000000000000000, -1.000000000000000000 ) ) ;
#1203 = PLANE ( 'NONE',  #6367 ) ;
#1204 = ORIENTED_EDGE ( 'NONE', *, *, #2748, .T. ) ;
#1205 = CARTESIAN_POINT ( 'NONE',  ( -0.1680000000000000382, -0.01499999999999999944, 0.02999999999999999889 ) ) ;
#1206 = DIRECTION ( 'NONE',  ( -0.000000000000000000, -1.000000000000000000, -0.000000000000000000 ) ) ;
#1207 = ADVANCED_FACE ( 'NONE', ( #812 ), #6126, .T. ) ;
#1208 = CARTESIAN_POINT ( 'NONE',  ( -0.1250000000000000000, 0.2550000000000000044, -0.02500000000000000139 ) ) ;
#1209 = EDGE_LOOP ( 'NONE', ( #2190, #7412, #6732, #3279 ) ) ;
#1210 = LINE ( 'NONE', #3307, #6162 ) ;
#1211 = DIRECTION ( 'NONE',  ( 0.000000000000000000, 0.000000000000000000, 1.000000000000000000 ) ) ;
#1212 = ORIENTED_EDGE ( 'NONE', *, *, #1643, .T. ) ;
#1213 = AXIS2_PLACEMENT_3D ( 'NONE', #3005, #4919, #7069 ) ;
#1214 = CARTESIAN_POINT ( 'NONE',  ( 0.2500000000000000000, -0.01499999999999999944, 0.02999999999999999889 ) ) ;
#1215 = DIRECTION ( 'NONE',  ( -0.000000000000000000, -1.000000000000000000, -0.000000000000000000 ) ) ;
#1216 = VERTEX_POINT ( 'NONE', #7431 ) ;
#1217 = PLANE ( 'NONE',  #201 ) ;
#1218 = VECTOR ( 'NONE', #4498, 39.37007874015748143 ) ;
#1219 = ADVANCED_FACE ( 'NONE', ( #4164 ), #6215, .F. ) ;
#1220 = CARTESIAN_POINT ( 'NONE',  ( 0.000000000000000000, -0.07499999999999999722, 0.000000000000000000 ) ) ;
#1221 = LINE ( 'NONE', #624, #155 ) ;
#1222 = AXIS2_PLACEMENT_3D ( 'NONE', #1938, #1808, #3946 ) ;
#1223 = EDGE_CURVE ( 'NONE', #5893, #4396, #6884, .T. ) ;
#1224 = ORIENTED_EDGE ( 'NONE', *, *, #4242, .F. ) ;
#1225 = LINE ( 'NONE', #1895, #7779 ) ;
#1226 = CIRCLE ( 'NONE', #3218, 0.01000000000000000021 ) ;
#1227 = ORIENTED_EDGE ( 'NONE', *, *, #7888, .T. ) ;
#1228 = CARTESIAN_POINT ( 'NONE',  ( -0.2249999999999999778, 0.1905000000000000027, 0.03400000000000000244 ) ) ;
#1229 = CARTESIAN_POINT ( 'NONE',  ( -0.01799999999999999170, -0.07499999999999999722, 0.1874999999999999722 ) ) ;
#1230 = VECTOR ( 'NONE', #856, 39.37007874015748143 ) ;
#1231 = EDGE_CURVE ( 'NONE', #6318, #4590, #5417, .T. ) ;
#1232 = ORIENTED_EDGE ( 'NONE', *, *, #6672, .T. ) ;
#1233 = VECTOR ( 'NONE', #1496, 39.37007874015748143 ) ;
#1234 = EDGE_CURVE ( 'NONE', #860, #1491, #97, .T. ) ;
#1235 = VERTEX_POINT ( 'NONE', #3366 ) ;
#1236 = AXIS2_PLACEMENT_3D ( 'NONE', #980, #888, #5766 ) ;
#1237 = DIRECTION ( 'NONE',  ( 0.000000000000000000, 0.000000000000000000, -1.000000000000000000 ) ) ;
#1238 = AXIS2_PLACEMENT_3D ( 'NONE', #1671, #5742, #4399 ) ;
#1239 = DIRECTION ( 'NONE',  ( -0.000000000000000000, 1.000000000000000000, 0.000000000000000000 ) ) ;
#1240 = CARTESIAN_POINT ( 'NONE',  ( 0.1819999999999999951, -0.01499999999999999944, 0.02999999999999999889 ) ) ;
#1241 = AXIS2_PLACEMENT_3D ( 'NONE', #7727, #4252, #2244 ) ;
#1242 = CIRCLE ( 'NONE', #1956, 0.008999999999999999320 ) ;
#1243 = ORIENTED_EDGE ( 'NONE', *, *, #2483, .F. ) ;
#1244 = DIRECTION ( 'NONE',  ( -1.000000000000000000, -0.000000000000000000, 0.000000000000000000 ) ) ;
#1245 = EDGE_LOOP ( 'NONE', ( #7981, #7312, #3243, #515 ) ) ;
#1246 = PLANE ( 'NONE',  #8242 ) ;
#1247 = VERTEX_POINT ( 'NONE', #3543 ) ;
#1248 = VERTEX_POINT ( 'NONE', #4699 ) ;
#1249 = FACE_OUTER_BOUND ( 'NONE', #2962, .T. ) ;
#1250 = DIRECTION ( 'NONE',  ( -1.000000000000000000, 0.000000000000000000, 0.000000000000000000 ) ) ;
#1251 = LINE ( 'NONE', #2764, #4578 ) ;
#1252 = AXIS2_PLACEMENT_3D ( 'NONE', #1547, #6143, #6992 ) ;
#1253 = CARTESIAN_POINT ( 'NONE',  ( 0.2500000000000000000, -0.01000000000000000021, 0.02999999999999999889 ) ) ;
#1254 = ORIENTED_EDGE ( 'NONE', *, *, #6889, .F. ) ;
#1255 = DIRECTION ( 'NONE',  ( 1.000000000000000000, 0.000000000000000000, -0.000000000000000000 ) ) ;
#1256 = VERTEX_POINT ( 'NONE', #6758 ) ;
#1257 = CARTESIAN_POINT ( 'NONE',  ( 0.000000000000000000, 0.1239999999999999991, 0.000000000000000000 ) ) ;
#1258 = ORIENTED_EDGE ( 'NONE', *, *, #4485, .T. ) ;
#1259 = ADVANCED_FACE ( 'NONE', ( #7600 ), #8192, .T. ) ;
#1260 = FACE_OUTER_BOUND ( 'NONE', #7752, .T. ) ;
#1261 = CARTESIAN_POINT ( 'NONE',  ( -0.1180000000000000077, 0.02999999999999999889, -0.02999999999999999889 ) ) ;
#1262 = ORIENTED_EDGE ( 'NONE', *, *, #5703, .F. ) ;
#1263 = CARTESIAN_POINT ( 'NONE',  ( -0.06800000000000000488, -0.01000000000000000021, 0.03500000000000000333 ) ) ;
#1264 = CARTESIAN_POINT ( 'NONE',  ( 0.1524999999999999967, 0.000000000000000000, -0.08999999999999999667 ) ) ;
#1265 = DIRECTION ( 'NONE',  ( 0.000000000000000000, 0.000000000000000000, -1.000000000000000000 ) ) ;
#1266 = VERTEX_POINT ( 'NONE', #3407 ) ;
#1267 = EDGE_CURVE ( 'NONE', #7982, #6422, #6091, .T. ) ;
#1268 = DIRECTION ( 'NONE',  ( 0.000000000000000000, -1.000000000000000000, 0.000000000000000000 ) ) ;
#1269 = ORIENTED_EDGE ( 'NONE', *, *, #4475, .T. ) ;
#1270 = CARTESIAN_POINT ( 'NONE',  ( 0.2500000000000000000, 0.02999999999999999889, 0.02000000000000000042 ) ) ;
#1271 = DIRECTION ( 'NONE',  ( -0.000000000000000000, -1.000000000000000000, -0.000000000000000000 ) ) ;
#1272 = EDGE_CURVE ( 'NONE', #4592, #6131, #7474, .T. ) ;
#1273 = LINE ( 'NONE', #634, #8660 ) ;
#1274 = VERTEX_POINT ( 'NONE', #2741 ) ;
#1275 = DIRECTION ( 'NONE',  ( 0.000000000000000000, 0.000000000000000000, -1.000000000000000000 ) ) ;
#1276 = EDGE_CURVE ( 'NONE', #6643, #6182, #5556, .T. ) ;
#1277 = DIRECTION ( 'NONE',  ( 0.000000000000000000, 1.000000000000000000, -0.000000000000000000 ) ) ;
#1278 = CARTESIAN_POINT ( 'NONE',  ( 0.2625000000000000111, 0.1239999999999999991, -0.03749999999999999861 ) ) ;
#1279 = ADVANCED_FACE ( 'NONE', ( #6803 ), #5603, .T. ) ;
#1280 = VERTEX_POINT ( 'NONE', #1983 ) ;
#1281 = CIRCLE ( 'NONE', #133, 0.008999999999999997585 ) ;
#1282 = ORIENTED_EDGE ( 'NONE', *, *, #709, .T. ) ;
#1284 = EDGE_CURVE ( 'NONE', #4255, #8603, #2068, .T. ) ;
#1283 = CARTESIAN_POINT ( 'NONE',  ( -0.2774999999999999689, 0.2200000000000000011, -0.08000000000000001554 ) ) ;
#1285 = VERTEX_POINT ( 'NONE', #4208 ) ;
#1286 = DIRECTION ( 'NONE',  ( -0.000000000000000000, -1.000000000000000000, -0.000000000000000000 ) ) ;
#1287 = ORIENTED_EDGE ( 'NONE', *, *, #3507, .T. ) ;
#1288 = LINE ( 'NONE', #4013, #2393 ) ;
#1289 = CARTESIAN_POINT ( 'NONE',  ( -0.1680000000000000382, -0.06499999999999998834, -0.02999999999999999889 ) ) ;
#1290 = AXIS2_PLACEMENT_3D ( 'NONE', #8024, #6099, #2669 ) ;
#1291 = PLANE ( 'NONE',  #7863 ) ;
#1292 = EDGE_CURVE ( 'NONE', #8689, #762, #8811, .T. ) ;
#1293 = CYLINDRICAL_SURFACE ( 'NONE', #293, 0.008999999999999997585 ) ;
#1294 = EDGE_LOOP ( 'NONE', ( #5383, #1807, #8293, #7669, #5624, #6841, #2424, #3397 ) ) ;
#1295 = VECTOR ( 'NONE', #6428, 39.37007874015748143 ) ;
#1296 = FACE_OUTER_BOUND ( 'NONE', #3600, .T. ) ;
#1297 = ORIENTED_EDGE ( 'NONE', *, *, #8324, .T. ) ;
#1298 = CARTESIAN_POINT ( 'NONE',  ( -0.2500000000000000000, 0.000000000000000000, -0.04249999999999999611 ) ) ;
#1299 = ORIENTED_EDGE ( 'NONE', *, *, #4056, .T. ) ;
#1300 = LINE ( 'NONE', #6703, #1162 ) ;
#1301 = EDGE_CURVE ( 'NONE', #1650, #1828, #2027, .T. ) ;
#1302 = LINE ( 'NONE', #3399, #3656 ) ;
#1303 = EDGE_LOOP ( 'NONE', ( #8798, #748, #663, #6618 ) ) ;
#1304 = DIRECTION ( 'NONE',  ( 1.000000000000000000, -0.000000000000000000, -0.000000000000000000 ) ) ;
#1305 = CIRCLE ( 'NONE', #2161, 0.008999999999999997585 ) ;
#1306 = VECTOR ( 'NONE', #2636, 39.37007874015748143 ) ;
#1307 = EDGE_CURVE ( 'NONE', #20, #3954, #4123, .T. ) ;
#1308 = CARTESIAN_POINT ( 'NONE',  ( 0.02500000000000000139, 0.03500000000000000333, -0.02500000000000000139 ) ) ;
#1309 = DIRECTION ( 'NONE',  ( 0.000000000000000000, -1.000000000000000000, 0.000000000000000000 ) ) ;
#1310 = VECTOR ( 'NONE', #3858, 39.37007874015748854 ) ;
#1311 = EDGE_LOOP ( 'NONE', ( #1357, #204, #4743, #3206 ) ) ;
#1312 = EDGE_CURVE ( 'NONE', #8632, #6910, #761, .T. ) ;
#1313 = CARTESIAN_POINT ( 'NONE',  ( 0.3125000000000000000, 0.2049999999999999878, 0.03750000000000000555 ) ) ;
#1314 = EDGE_LOOP ( 'NONE', ( #4194, #2003, #4048, #8045 ) ) ;
#1315 = CARTESIAN_POINT ( 'NONE',  ( 0.1680000000000000382, 0.02999999999999999889, -0.05000000000000000278 ) ) ;
#1316 = CARTESIAN_POINT ( 'NONE',  ( 0.1680000000000000382, -0.07499999999999999722, 0.1874999999999999722 ) ) ;
#1317 = AXIS2_PLACEMENT_3D ( 'NONE', #4823, #180, #6257 ) ;
#1318 = ADVANCED_FACE ( 'NONE', ( #5692 ), #8496, .T. ) ;
#1319 = CARTESIAN_POINT ( 'NONE',  ( 0.1819999999999999951, -0.07499999999999999722, 0.000000000000000000 ) ) ;
#1320 = ORIENTED_EDGE ( 'NONE', *, *, #3887, .T. ) ;
#1321 = AXIS2_PLACEMENT_3D ( 'NONE', #1079, #8579, #1659 ) ;
#1322 = FACE_OUTER_BOUND ( 'NONE', #7173, .T. ) ;
#1323 = CIRCLE ( 'NONE', #1758, 0.008999999999999997585 ) ;
#1324 = CARTESIAN_POINT ( 'NONE',  ( 0.1250000000000000000, 0.03500000000000000333, -0.02500000000000000139 ) ) ;
#1325 = CARTESIAN_POINT ( 'NONE',  ( -0.1680000000000000382, 0.000000000000000000, 0.1874999999999999722 ) ) ;
#1326 = EDGE_CURVE ( 'NONE', #1578, #7570, #184, .T. ) ;
#1327 = EDGE_CURVE ( 'NONE', #5523, #7824, #2297, .T. ) ;
#1328 = ORIENTED_EDGE ( 'NONE', *, *, #3020, .T. ) ;
#1329 = FACE_OUTER_BOUND ( 'NONE', #6458, .T. ) ;
#1330 = ORIENTED_EDGE ( 'NONE', *, *, #3767, .F. ) ;
#1331 = DIRECTION ( 'NONE',  ( 0.000000000000000000, -0.000000000000000000, 1.000000000000000000 ) ) ;
#1332 = EDGE_CURVE ( 'NONE', #4651, #4905, #5056, .T. ) ;
#1333 = ORIENTED_EDGE ( 'NONE', *, *, #6896, .F. ) ;
#1334 = DIRECTION ( 'NONE',  ( 0.000000000000000000, 0.000000000000000000, -1.000000000000000000 ) ) ;
#1335 = ORIENTED_EDGE ( 'NONE', *, *, #545, .F. ) ;
#1336 = DIRECTION ( 'NONE',  ( 0.000000000000000000, 0.000000000000000000, -1.000000000000000000 ) ) ;
#1337 = EDGE_LOOP ( 'NONE', ( #1297, #8467, #4062, #6702 ) ) ;
#1338 = CYLINDRICAL_SURFACE ( 'NONE', #2292, 0.005000000000000021788 ) ;
#1339 = CARTESIAN_POINT ( 'NONE',  ( 0.2249999999999999778, 0.03500000000000000333, 0.02500000000000000139 ) ) ;
#1340 = VERTEX_POINT ( 'NONE', #2389 ) ;
#1341 = EDGE_CURVE ( 'NONE', #7810, #4734, #2256, .T. ) ;
#1342 = DIRECTION ( 'NONE',  ( 0.000000000000000000, 0.000000000000000000, -1.000000000000000000 ) ) ;
#1343 = VERTEX_POINT ( 'NONE', #3631 ) ;
#1344 = DIRECTION ( 'NONE',  ( 1.000000000000000000, 0.000000000000000000, -0.000000000000000000 ) ) ;
#1345 = FACE_OUTER_BOUND ( 'NONE', #3393, .T. ) ;
#1346 = ORIENTED_EDGE ( 'NONE', *, *, #940, .F. ) ;
#1347 = LINE ( 'NONE', #2770, #5296 ) ;
#1348 = DIRECTION ( 'NONE',  ( -1.000000000000000000, 0.000000000000000000, 0.000000000000000000 ) ) ;
#1349 = ORIENTED_EDGE ( 'NONE', *, *, #3692, .F. ) ;
#1350 = CARTESIAN_POINT ( 'NONE',  ( 0.06800000000000000488, -0.1000000000000000056, -0.02999999999999988440 ) ) ;
#1351 = EDGE_CURVE ( 'NONE', #5320, #2000, #3051, .T. ) ;
#1352 = CARTESIAN_POINT ( 'NONE',  ( -0.2500000000000000000, 0.000000000000000000, 0.1874999999999999722 ) ) ;
#1353 = DIRECTION ( 'NONE',  ( 0.000000000000000000, -0.000000000000000000, 1.000000000000000000 ) ) ;
#1354 = ORIENTED_EDGE ( 'NONE', *, *, #5922, .T. ) ;
#1355 = ADVANCED_FACE ( 'NONE', ( #5011 ), #7737, .T. ) ;
#1356 = DIRECTION ( 'NONE',  ( -0.000000000000000000, -0.000000000000000000, 1.000000000000000000 ) ) ;
#1357 = ORIENTED_EDGE ( 'NONE', *, *, #3842, .T. ) ;
#1358 = LINE ( 'NONE', #6805, #6338 ) ;
#1359 = DIRECTION ( 'NONE',  ( 1.000000000000000000, 0.000000000000000000, 0.000000000000000000 ) ) ;
#1360 = CIRCLE ( 'NONE', #7488, 0.008999999999999999320 ) ;
#1361 = VERTEX_POINT ( 'NONE', #7778 ) ;
#1362 = CARTESIAN_POINT ( 'NONE',  ( -0.03199999999999999373, -0.01499999999999999771, 0.03500000000000000333 ) ) ;
#1363 = EDGE_CURVE ( 'NONE', #5320, #8529, #4965, .T. ) ;
#1364 = VECTOR ( 'NONE', #2111, 39.37007874015748143 ) ;
#1365 = CIRCLE ( 'NONE', #1222, 0.008999999999999999320 ) ;
#1366 = CARTESIAN_POINT ( 'NONE',  ( 0.03200000000000000067, 0.02999999999999999889, 0.03000000000000008910 ) ) ;
#1367 = DIRECTION ( 'NONE',  ( 0.000000000000000000, 0.000000000000000000, 1.000000000000000000 ) ) ;
#1368 = AXIS2_PLACEMENT_3D ( 'NONE', #1435, #4614, #8140 ) ;
#1369 = ORIENTED_EDGE ( 'NONE', *, *, #3999, .T. ) ;
#1370 = ORIENTED_EDGE ( 'NONE', *, *, #4793, .F. ) ;
#1371 = DIRECTION ( 'NONE',  ( 0.5773502691896247319, -0.5773502691896260641, 0.5773502691896263972 ) ) ;
#1372 = ORIENTED_EDGE ( 'NONE', *, *, #5130, .F. ) ;
#1373 = VECTOR ( 'NONE', #4240, 39.37007874015748143 ) ;
#1374 = CARTESIAN_POINT ( 'NONE',  ( -0.2500000000000000000, 0.000000000000000000, 0.1874999999999999722 ) ) ;
#1375 =( CONVERSION_BASED_UNIT ( 'INCH', #4890 ) LENGTH_UNIT ( ) NAMED_UNIT ( #3465 ) );
#1376 = ORIENTED_EDGE ( 'NONE', *, *, #1829, .F. ) ;
#1377 = ADVANCED_FACE ( 'NONE', ( #4303 ), #314, .F. ) ;
#1378 = CARTESIAN_POINT ( 'NONE',  ( -0.02500000000000000139, 0.03500000000000000333, -0.02500000000000000139 ) ) ;
#1379 = CARTESIAN_POINT ( 'NONE',  ( 0.08200000000000000344, -0.02500000000000000139, 0.02999999999999999889 ) ) ;
#1380 = ORIENTED_EDGE ( 'NONE', *, *, #7746, .T. ) ;
#1381 = LINE ( 'NONE', #4105, #8700 ) ;
#1382 = CARTESIAN_POINT ( 'NONE',  ( -0.01799999999999999864, 0.02999999999999999889, 0.1874999999999999722 ) ) ;
#1383 = VECTOR ( 'NONE', #1832, 39.37007874015748143 ) ;
#1384 = AXIS2_PLACEMENT_3D ( 'NONE', #6179, #5522, #3599 ) ;
#1385 = EDGE_CURVE ( 'NONE', #5894, #1751, #2206, .T. ) ;
#1386 = DIRECTION ( 'NONE',  ( -1.000000000000000000, -0.000000000000000000, 0.000000000000000000 ) ) ;
#1387 = EDGE_LOOP ( 'NONE', ( #2345, #6336 ) ) ;
#1388 = CIRCLE ( 'NONE', #4664, 0.008999999999999997585 ) ;
#1389 = FACE_OUTER_BOUND ( 'NONE', #5884, .T. ) ;
#1390 = ORIENTED_EDGE ( 'NONE', *, *, #1003, .F. ) ;
#1391 = CARTESIAN_POINT ( 'NONE',  ( -0.2249999999999999778, 0.1905000000000000027, -0.02500000000000000139 ) ) ;
#1392 = DIRECTION ( 'NONE',  ( 0.000000000000000000, 0.000000000000000000, 1.000000000000000000 ) ) ;
#1393 = ORIENTED_EDGE ( 'NONE', *, *, #7579, .T. ) ;
#1394 = DIRECTION ( 'NONE',  ( 1.000000000000000000, 0.000000000000000000, -0.000000000000000000 ) ) ;
#1395 = ADVANCED_FACE ( 'NONE', ( #6438 ), #949, .T. ) ;
#1396 = VECTOR ( 'NONE', #1982, 39.37007874015748143 ) ;
#1397 = CARTESIAN_POINT ( 'NONE',  ( 0.1819999999999999951, -0.01499999999999999944, 0.03500000000000000333 ) ) ;
#1398 = LINE ( 'NONE', #5461, #6451 ) ;
#1399 = FACE_OUTER_BOUND ( 'NONE', #2840, .T. ) ;
#1400 = EDGE_CURVE ( 'NONE', #7256, #1182, #6348, .T. ) ;
#1401 = PLANE ( 'NONE',  #522 ) ;
#1402 = CARTESIAN_POINT ( 'NONE',  ( -0.01799999999999999864, 0.02999999999999999889, 0.03000000000000008910 ) ) ;
#1403 = ORIENTED_EDGE ( 'NONE', *, *, #500, .F. ) ;
#1404 = DIRECTION ( 'NONE',  ( -0.000000000000000000, -0.000000000000000000, 1.000000000000000000 ) ) ;
#1405 = ORIENTED_EDGE ( 'NONE', *, *, #5166, .F. ) ;
#1406 = VERTEX_POINT ( 'NONE', #3003 ) ;
#1407 = DIRECTION ( 'NONE',  ( 0.000000000000000000, 0.000000000000000000, 1.000000000000000000 ) ) ;
#1408 = CARTESIAN_POINT ( 'NONE',  ( 0.2500000000000000000, -0.05999999999999999778, -0.02000000000000000042 ) ) ;
#1409 = LINE ( 'NONE', #7402, #3089 ) ;
#1410 = ADVANCED_FACE ( 'NONE', ( #4435 ), #5735, .T. ) ;
#1411 = ORIENTED_EDGE ( 'NONE', *, *, #7176, .T. ) ;
#1412 = CARTESIAN_POINT ( 'NONE',  ( -0.2500000000000000000, -0.02500000000000000139, 0.1874999999999999722 ) ) ;
#1413 = ORIENTED_EDGE ( 'NONE', *, *, #961, .F. ) ;
#1414 = CARTESIAN_POINT ( 'NONE',  ( 0.06800000000000000488, -0.05999999999999999778, -0.01499999999999999944 ) ) ;
#1415 = DIRECTION ( 'NONE',  ( 1.000000000000000000, 0.000000000000000000, 0.000000000000000000 ) ) ;
#1416 = EDGE_LOOP ( 'NONE', ( #6470, #2929, #1594, #436 ) ) ;
#1417 = LINE ( 'NONE', #1507, #8023 ) ;
#1418 = CARTESIAN_POINT ( 'NONE',  ( 0.2874999999999999778, 0.06000000000000001166, -0.1124999999999999889 ) ) ;
#1419 = ORIENTED_EDGE ( 'NONE', *, *, #5785, .F. ) ;
#1420 = CARTESIAN_POINT ( 'NONE',  ( 0.2874999999999999778, 0.2200000000000000011, 0.1124999999999999889 ) ) ;
#1421 = CARTESIAN_POINT ( 'NONE',  ( 0.2249999999999999778, 0.1905000000000000027, 0.02500000000000000139 ) ) ;
#1422 = EDGE_CURVE ( 'NONE', #5245, #2028, #7785, .T. ) ;
#1423 = LINE ( 'NONE', #7460, #5736 ) ;
#1424 = VERTEX_POINT ( 'NONE', #3098 ) ;
#1425 = ORIENTED_EDGE ( 'NONE', *, *, #8389, .T. ) ;
#1426 = DIRECTION ( 'NONE',  ( 1.000000000000000000, 0.000000000000000000, 0.000000000000000000 ) ) ;
#1427 = EDGE_LOOP ( 'NONE', ( #7718, #1194, #2819, #2018 ) ) ;
#1428 = FACE_OUTER_BOUND ( 'NONE', #345, .T. ) ;
#1429 = AXIS2_PLACEMENT_3D ( 'NONE', #7233, #6561, #1117 ) ;
#1430 = CARTESIAN_POINT ( 'NONE',  ( 0.1819999999999999951, 0.02999999999999999889, 0.1874999999999999722 ) ) ;
#1431 = ORIENTED_EDGE ( 'NONE', *, *, #1596, .T. ) ;
#1432 = LINE ( 'NONE', #5500, #1364 ) ;
#1433 = EDGE_CURVE ( 'NONE', #4280, #689, #3590, .T. ) ;
#1434 = VECTOR ( 'NONE', #7307, 39.37007874015748143 ) ;
#1435 = CARTESIAN_POINT ( 'NONE',  ( 0.2500000000000000000, 0.02999999999999999889, 0.02000000000000000042 ) ) ;
#1436 = EDGE_CURVE ( 'NONE', #8308, #4592, #6977, .T. ) ;
#1437 = DIRECTION ( 'NONE',  ( 0.000000000000000000, -0.000000000000000000, 1.000000000000000000 ) ) ;
#1438 = PLANE ( 'NONE',  #3318 ) ;
#1439 = ORIENTED_EDGE ( 'NONE', *, *, #3949, .F. ) ;
#1440 = DIRECTION ( 'NONE',  ( 0.000000000000000000, -1.000000000000000000, 0.000000000000000000 ) ) ;
#1442 = VERTEX_POINT ( 'NONE', #3937 ) ;
#1441 = VECTOR ( 'NONE', #6514, 39.37007874015748143 ) ;
#1443 = CARTESIAN_POINT ( 'NONE',  ( -0.2500000000000000000, -0.02500000000000000139, 0.1874999999999999722 ) ) ;
#1444 = EDGE_CURVE ( 'NONE', #6380, #3386, #1087, .T. ) ;
#1445 = VECTOR ( 'NONE', #73, 39.37007874015748143 ) ;
#1446 = EDGE_CURVE ( 'NONE', #7822, #3144, #2469, .T. ) ;
#1447 = VECTOR ( 'NONE', #1244, 39.37007874015748143 ) ;
#1448 = ORIENTED_EDGE ( 'NONE', *, *, #3584, .T. ) ;
#1449 = CARTESIAN_POINT ( 'NONE',  ( 0.2179999999999999993, -0.07499999999999999722, 0.1874999999999999722 ) ) ;
#1450 = EDGE_CURVE ( 'NONE', #3400, #7546, #6620, .T. ) ;
#1451 = VECTOR ( 'NONE', #7248, 39.37007874015748143 ) ;
#1452 = DIRECTION ( 'NONE',  ( 1.000000000000000000, -0.000000000000000000, -0.000000000000000000 ) ) ;
#1453 = CARTESIAN_POINT ( 'NONE',  ( -0.2500000000000000000, -0.07499999999999999722, 0.1874999999999999722 ) ) ;
#1454 = EDGE_LOOP ( 'NONE', ( #7392, #8703 ) ) ;
#1455 = VECTOR ( 'NONE', #3181, 39.37007874015748143 ) ;
#1456 = VERTEX_POINT ( 'NONE', #6533 ) ;
#1457 = VECTOR ( 'NONE', #2867, 39.37007874015748143 ) ;
#1458 = DIRECTION ( 'NONE',  ( -1.000000000000000000, 0.000000000000000000, -0.000000000000000000 ) ) ;
#1459 = ORIENTED_EDGE ( 'NONE', *, *, #2491, .T. ) ;
#1460 = DIRECTION ( 'NONE',  ( -1.000000000000000000, -0.000000000000000000, 0.000000000000000000 ) ) ;
#1461 = VECTOR ( 'NONE', #4278, 39.37007874015748143 ) ;
#1462 = ORIENTED_EDGE ( 'NONE', *, *, #1746, .T. ) ;
#1463 = DIRECTION ( 'NONE',  ( 1.000000000000000000, -0.000000000000000000, 0.000000000000000000 ) ) ;
#1464 = ORIENTED_EDGE ( 'NONE', *, *, #5473, .T. ) ;
#1465 = VERTEX_POINT ( 'NONE', #4565 ) ;
#1466 = CARTESIAN_POINT ( 'NONE',  ( 0.2500000000000000000, 0.02999999999999999889, -0.02999999999999999889 ) ) ;
#1467 = LINE ( 'NONE', #161, #1373 ) ;
#1468 = EDGE_CURVE ( 'NONE', #6380, #7310, #1081, .T. ) ;
#1469 = DIRECTION ( 'NONE',  ( -1.000000000000000000, -0.000000000000000000, 0.000000000000000000 ) ) ;
#1470 = ORIENTED_EDGE ( 'NONE', *, *, #1488, .F. ) ;
#1471 = ORIENTED_EDGE ( 'NONE', *, *, #4339, .T. ) ;
#1472 = FACE_OUTER_BOUND ( 'NONE', #3356, .T. ) ;
#1473 = ORIENTED_EDGE ( 'NONE', *, *, #6587, .T. ) ;
#1474 = LINE ( 'NONE', #797, #1893 ) ;
#1475 = DIRECTION ( 'NONE',  ( -1.000000000000000000, 0.000000000000000000, -0.000000000000000000 ) ) ;
#1476 = ORIENTED_EDGE ( 'NONE', *, *, #4215, .T. ) ;
#1477 = DIRECTION ( 'NONE',  ( -1.000000000000000000, 0.000000000000000000, -0.000000000000000000 ) ) ;
#1478 = EDGE_CURVE ( 'NONE', #1055, #107, #3851, .T. ) ;
#1479 = PLANE ( 'NONE',  #1939 ) ;
#1480 = CARTESIAN_POINT ( 'NONE',  ( -0.03200000000000000067, -0.02500000000000000486, 0.1874999999999999722 ) ) ;
#1481 = PLANE ( 'NONE',  #8160 ) ;
#1482 = FACE_OUTER_BOUND ( 'NONE', #4014, .T. ) ;
#1483 = CARTESIAN_POINT ( 'NONE',  ( 0.08200000000000000344, 0.02999999999999999889, 0.1874999999999999722 ) ) ;
#1484 = FACE_OUTER_BOUND ( 'NONE', #6763, .T. ) ;
#1485 = CARTESIAN_POINT ( 'NONE',  ( -0.2500000000000000000, -0.07499999999999999722, 0.1874999999999999722 ) ) ;
#1486 = VERTEX_POINT ( 'NONE', #2512 ) ;
#1487 = LINE ( 'NONE', #5779, #53 ) ;
#1488 = EDGE_CURVE ( 'NONE', #4644, #3700, #5190, .T. ) ;
#1489 = VECTOR ( 'NONE', #7830, 39.37007874015748143 ) ;
#1490 = ADVANCED_FACE ( 'NONE', ( #6572 ), #8001, .F. ) ;
#1491 = VERTEX_POINT ( 'NONE', #8581 ) ;
#1492 = DIRECTION ( 'NONE',  ( 0.000000000000000000, 0.000000000000000000, -1.000000000000000000 ) ) ;
#1493 = VECTOR ( 'NONE', #4528, 39.37007874015748143 ) ;
#1494 = CARTESIAN_POINT ( 'NONE',  ( 0.2625000000000000111, 0.05650000000000000161, 0.06500000000000000222 ) ) ;
#1495 = EDGE_CURVE ( 'NONE', #211, #5950, #5866, .T. ) ;
#1496 = DIRECTION ( 'NONE',  ( 1.000000000000000000, 0.000000000000000000, -0.000000000000000000 ) ) ;
#1497 = VECTOR ( 'NONE', #7087, 39.37007874015748143 ) ;
#1498 = ORIENTED_EDGE ( 'NONE', *, *, #2818, .F. ) ;
#1499 = ADVANCED_FACE ( 'NONE', ( #441 ), #7289, .T. ) ;
#1500 = ORIENTED_EDGE ( 'NONE', *, *, #8224, .T. ) ;
#1501 = LINE ( 'NONE', #3555, #7157 ) ;
#1502 = VERTEX_POINT ( 'NONE', #5910 ) ;
#1503 = VECTOR ( 'NONE', #6307, 39.37007874015748143 ) ;
#1504 = DIRECTION ( 'NONE',  ( 0.000000000000000000, -1.000000000000000000, 0.000000000000000000 ) ) ;
#1505 = DIRECTION ( 'NONE',  ( 0.000000000000000000, 0.000000000000000000, 1.000000000000000000 ) ) ;
#1506 = EDGE_LOOP ( 'NONE', ( #8610, #1470, #6581, #8652 ) ) ;
#1507 = CARTESIAN_POINT ( 'NONE',  ( 0.2500000000000000000, 0.02999999999999999889, -0.02999999999999999889 ) ) ;
#1508 = VERTEX_POINT ( 'NONE', #8626 ) ;
#1509 = AXIS2_PLACEMENT_3D ( 'NONE', #7908, #5227, #7415 ) ;
#1510 = CARTESIAN_POINT ( 'NONE',  ( 0.2320000000000000118, -0.01499999999999999944, 0.02999999999999999889 ) ) ;
#1511 = DIRECTION ( 'NONE',  ( -1.000000000000000000, 0.000000000000000000, 0.000000000000000000 ) ) ;
#1512 = AXIS2_PLACEMENT_3D ( 'NONE', #7132, #2410, #7263 ) ;
#1513 = CARTESIAN_POINT ( 'NONE',  ( -0.1319999999999999785, -0.05999999999999999778, -0.01499999999999999944 ) ) ;
#1514 = VERTEX_POINT ( 'NONE', #2561 ) ;
#1515 = EDGE_LOOP ( 'NONE', ( #8326, #4943, #1691, #4957, #7451, #7605, #7454, #4940 ) ) ;
#1516 = DIRECTION ( 'NONE',  ( 0.000000000000000000, -1.000000000000000000, 0.000000000000000000 ) ) ;
#1517 = ORIENTED_EDGE ( 'NONE', *, *, #2263, .T. ) ;
#1518 = CARTESIAN_POINT ( 'NONE',  ( -0.01799999999999998476, -0.01499999999999999944, 0.02999999999999999889 ) ) ;
#1519 = CARTESIAN_POINT ( 'NONE',  ( 0.2500000000000000000, -0.06500000000000000222, 0.1874999999999999722 ) ) ;
#1520 = AXIS2_PLACEMENT_3D ( 'NONE', #6791, #6830, #4857 ) ;
#1521 = VERTEX_POINT ( 'NONE', #1261 ) ;
#1522 = CARTESIAN_POINT ( 'NONE',  ( 0.2874999999999999778, 0.08985714285714289928, -0.1124999999999999889 ) ) ;
#1523 = PLANE ( 'NONE',  #6576 ) ;
#1524 = AXIS2_PLACEMENT_3D ( 'NONE', #3716, #2296, #96 ) ;
#1525 = AXIS2_PLACEMENT_3D ( 'NONE', #8359, #6343, #3371 ) ;
#1526 = DIRECTION ( 'NONE',  ( -0.000000000000000000, -1.000000000000000000, 0.000000000000000000 ) ) ;
#1527 = FACE_OUTER_BOUND ( 'NONE', #1506, .T. ) ;
#1528 = EDGE_CURVE ( 'NONE', #554, #67, #3227, .T. ) ;
#1529 = FACE_OUTER_BOUND ( 'NONE', #5392, .T. ) ;
#1530 = CARTESIAN_POINT ( 'NONE',  ( 0.2500000000000000000, 0.02999999999999999889, 0.02000000000000010103 ) ) ;
#1531 = CYLINDRICAL_SURFACE ( 'NONE', #4806, 0.005000000000000021788 ) ;
#1532 = DIRECTION ( 'NONE',  ( 0.000000000000000000, -0.000000000000000000, 1.000000000000000000 ) ) ;
#1533 = DIMENSIONAL_EXPONENTS ( 1.000000000000000000, 0.000000000000000000, 0.000000000000000000, 0.000000000000000000, 0.000000000000000000, 0.000000000000000000, 0.000000000000000000 ) ;
#1534 = CARTESIAN_POINT ( 'NONE',  ( -0.2625000000000000111, 0.3160000000000000031, -0.03749999999999999861 ) ) ;
#1535 = ORIENTED_EDGE ( 'NONE', *, *, #4195, .F. ) ;
#1536 = DIRECTION ( 'NONE',  ( -0.000000000000000000, 1.000000000000000000, 0.000000000000000000 ) ) ;
#1537 = ADVANCED_FACE ( 'NONE', ( #5234 ), #5275, .T. ) ;
#1538 = VERTEX_POINT ( 'NONE', #1885 ) ;
#1539 = CARTESIAN_POINT ( 'NONE',  ( -0.01799999999999999864, 0.02999999999999999889, 0.1874999999999999722 ) ) ;
#1540 = CARTESIAN_POINT ( 'NONE',  ( -0.1819999999999999951, -0.1000000000000000056, 0.02000000000000009409 ) ) ;
#1541 = EDGE_CURVE ( 'NONE', #548, #7269, #5794, .T. ) ;
#1542 = CARTESIAN_POINT ( 'NONE',  ( -0.2500000000000000000, 0.03500000000000000333, -0.04249999999999999611 ) ) ;
#1543 = EDGE_LOOP ( 'NONE', ( #8478, #3685, #2600, #1809 ) ) ;
#1544 = ORIENTED_EDGE ( 'NONE', *, *, #8695, .F. ) ;
#1545 = EDGE_CURVE ( 'NONE', #8279, #4547, #2429, .T. ) ;
#1546 = ORIENTED_EDGE ( 'NONE', *, *, #4098, .F. ) ;
#1547 = CARTESIAN_POINT ( 'NONE',  ( 0.2249999999999999778, 0.03500000000000000333, -0.02500000000000000139 ) ) ;
#1548 = ORIENTED_EDGE ( 'NONE', *, *, #3999, .F. ) ;
#1549 = LINE ( 'NONE', #3606, #2077 ) ;
#1550 = ORIENTED_EDGE ( 'NONE', *, *, #5684, .F. ) ;
#1551 = FACE_BOUND ( 'NONE', #5307, .T. ) ;
#1552 = CARTESIAN_POINT ( 'NONE',  ( -0.06800000000000000488, -0.06500000000000000222, 0.1874999999999999722 ) ) ;
#1553 = ADVANCED_FACE ( 'NONE', ( #8710 ), #2602, .T. ) ;
#1554 = DIRECTION ( 'NONE',  ( 1.000000000000000000, 0.000000000000000000, -0.000000000000000000 ) ) ;
#1555 = ORIENTED_EDGE ( 'NONE', *, *, #4613, .F. ) ;
#1556 = VERTEX_POINT ( 'NONE', #569 ) ;
#1557 = CARTESIAN_POINT ( 'NONE',  ( -0.08200000000000004508, -0.05999999999999999778, -0.02000000000000000042 ) ) ;
#1558 = ORIENTED_EDGE ( 'NONE', *, *, #4262, .T. ) ;
#1559 = LINE ( 'NONE', #4196, #8599 ) ;
#1560 = CARTESIAN_POINT ( 'NONE',  ( -0.02500000000000000139, 0.03500000000000000333, -0.02500000000000000139 ) ) ;
#1561 = ORIENTED_EDGE ( 'NONE', *, *, #1988, .F. ) ;
#1562 = DIRECTION ( 'NONE',  ( 0.000000000000000000, 0.000000000000000000, -1.000000000000000000 ) ) ;
#1563 = ADVANCED_FACE ( 'NONE', ( #4480 ), #5827, .T. ) ;
#1564 = CARTESIAN_POINT ( 'NONE',  ( 0.3125000000000000000, 0.1239999999999999991, 0.08749999999999999445 ) ) ;
#1565 = FACE_OUTER_BOUND ( 'NONE', #3385, .T. ) ;
#1566 = DIRECTION ( 'NONE',  ( -0.000000000000000000, 0.000000000000000000, -1.000000000000000000 ) ) ;
#1567 = VECTOR ( 'NONE', #2537, 39.37007874015748143 ) ;
#1568 = CARTESIAN_POINT ( 'NONE',  ( 0.1179999999999999938, -0.01499999999999999771, 0.02000000000000004552 ) ) ;
#1569 = PLANE ( 'NONE',  #4029 ) ;
#1570 = DIRECTION ( 'NONE',  ( 0.000000000000000000, 0.000000000000000000, -1.000000000000000000 ) ) ;
#1571 = CARTESIAN_POINT ( 'NONE',  ( 0.3125000000000000000, 0.2049999999999999878, 0.03749999999999999861 ) ) ;
#1572 = CARTESIAN_POINT ( 'NONE',  ( 0.2500000000000000000, -0.02500000000000000139, 0.02999999999999999889 ) ) ;
#1573 = VERTEX_POINT ( 'NONE', #7422 ) ;
#1574 = CARTESIAN_POINT ( 'NONE',  ( 0.1819999999999999951, 0.02999999999999999889, 0.02000000000000003164 ) ) ;
#1575 = ADVANCED_FACE ( 'NONE', ( #3313 ), #753, .T. ) ;
#1576 = VECTOR ( 'NONE', #2030, 39.37007874015748143 ) ;
#1577 = EDGE_CURVE ( 'NONE', #7290, #2455, #1302, .T. ) ;
#1578 = VERTEX_POINT ( 'NONE', #8097 ) ;
#1579 = AXIS2_PLACEMENT_3D ( 'NONE', #6524, #8618, #5856 ) ;
#1580 = DIRECTION ( 'NONE',  ( 0.000000000000000000, 1.000000000000000000, -0.000000000000000000 ) ) ;
#1581 = DIRECTION ( 'NONE',  ( 0.000000000000000000, 0.000000000000000000, 1.000000000000000000 ) ) ;
#1582 = DIRECTION ( 'NONE',  ( -0.7071067811865479058, 0.000000000000000000, -0.7071067811865469066 ) ) ;
#1583 = EDGE_CURVE ( 'NONE', #538, #1361, #7548, .T. ) ;
#1584 = LINE ( 'NONE', #2124, #7373 ) ;
#1585 = VECTOR ( 'NONE', #2493, 39.37007874015748143 ) ;
#1586 = AXIS2_PLACEMENT_3D ( 'NONE', #1391, #4815, #1926 ) ;
#1587 = ORIENTED_EDGE ( 'NONE', *, *, #3682, .T. ) ;
#1588 = ORIENTED_EDGE ( 'NONE', *, *, #5413, .T. ) ;
#1589 = VERTEX_POINT ( 'NONE', #8227 ) ;
#1590 = LINE ( 'NONE', #7038, #3359 ) ;
#1591 = AXIS2_PLACEMENT_3D ( 'NONE', #7295, #8141, #7388 ) ;
#1592 = EDGE_LOOP ( 'NONE', ( #7380, #4667 ) ) ;
#1593 = LINE ( 'NONE', #2759, #3032 ) ;
#1594 = ORIENTED_EDGE ( 'NONE', *, *, #8523, .F. ) ;
#1595 = DIRECTION ( 'NONE',  ( -1.000000000000000000, 0.000000000000000000, 0.000000000000000000 ) ) ;
#1596 = EDGE_CURVE ( 'NONE', #1573, #4414, #7506, .T. ) ;
#1597 = DIRECTION ( 'NONE',  ( 0.000000000000000000, 0.000000000000000000, -1.000000000000000000 ) ) ;
#1598 = ADVANCED_FACE ( 'NONE', ( #2691 ), #4025, .F. ) ;
#1599 = AXIS2_PLACEMENT_3D ( 'NONE', #44, #2827, #5640 ) ;
#1600 = LINE ( 'NONE', #4328, #5294 ) ;
#1601 = EDGE_CURVE ( 'NONE', #3283, #5626, #2731, .T. ) ;
#1602 = EDGE_LOOP ( 'NONE', ( #3308, #1546, #4787, #7835 ) ) ;
#1603 = ORIENTED_EDGE ( 'NONE', *, *, #8110, .F. ) ;
#1604 = DIRECTION ( 'NONE',  ( -0.7071067811865470176, 0.7071067811865480168, 0.000000000000000000 ) ) ;
#1605 = ORIENTED_EDGE ( 'NONE', *, *, #4897, .F. ) ;
#1606 = DIRECTION ( 'NONE',  ( 0.000000000000000000, 0.000000000000000000, -1.000000000000000000 ) ) ;
#1607 = VECTOR ( 'NONE', #4149, 39.37007874015748143 ) ;
#1608 = LINE ( 'NONE', #8310, #2948 ) ;
#1609 = VERTEX_POINT ( 'NONE', #6873 ) ;
#1610 = DIRECTION ( 'NONE',  ( 0.000000000000000000, -1.000000000000000000, 0.000000000000000000 ) ) ;
#1611 = LINE ( 'NONE', #6296, #2303 ) ;
#1612 = VECTOR ( 'NONE', #2857, 39.37007874015748143 ) ;
#1613 = ADVANCED_FACE ( 'NONE', ( #39 ), #2109, .T. ) ;
#1614 = FACE_OUTER_BOUND ( 'NONE', #6545, .T. ) ;
#1615 = VERTEX_POINT ( 'NONE', #5545 ) ;
#1616 = DIRECTION ( 'NONE',  ( -0.000000000000000000, -0.000000000000000000, -1.000000000000000000 ) ) ;
#1617 = DIRECTION ( 'NONE',  ( 0.000000000000000000, 1.000000000000000000, 0.000000000000000000 ) ) ;
#1618 = DIRECTION ( 'NONE',  ( -1.000000000000000000, 0.000000000000000000, 0.000000000000000000 ) ) ;
#1619 = DIRECTION ( 'NONE',  ( 0.000000000000000000, 0.000000000000000000, 1.000000000000000000 ) ) ;
#1620 = DIRECTION ( 'NONE',  ( 1.000000000000000000, 0.000000000000000000, 0.000000000000000000 ) ) ;
#1621 = ORIENTED_EDGE ( 'NONE', *, *, #215, .T. ) ;
#1622 = CARTESIAN_POINT ( 'NONE',  ( 0.3125000000000000000, 0.2049999999999999878, -0.03749999999999999861 ) ) ;
#1623 = DIRECTION ( 'NONE',  ( -0.000000000000000000, 0.000000000000000000, 1.000000000000000000 ) ) ;
#1624 = ORIENTED_EDGE ( 'NONE', *, *, #7533, .T. ) ;
#1625 = DIRECTION ( 'NONE',  ( -1.000000000000000000, -0.000000000000000000, 0.000000000000000000 ) ) ;
#1626 = DIRECTION ( 'NONE',  ( -0.000000000000000000, -0.000000000000000000, -1.000000000000000000 ) ) ;
#1627 = CARTESIAN_POINT ( 'NONE',  ( -0.2625000000000000111, 0.1239999999999999991, 0.000000000000000000 ) ) ;
#1628 = DIRECTION ( 'NONE',  ( 0.000000000000000000, 1.707404996040157067E-15, 1.000000000000000000 ) ) ;
#1629 = EDGE_LOOP ( 'NONE', ( #839, #5938, #6629, #252 ) ) ;
#1630 = ORIENTED_EDGE ( 'NONE', *, *, #8202, .T. ) ;
#1631 = VERTEX_POINT ( 'NONE', #706 ) ;
#1632 = ADVANCED_FACE ( 'NONE', ( #4152 ), #7588, .F. ) ;
#1633 = DIRECTION ( 'NONE',  ( 0.000000000000000000, 1.000000000000000000, -0.000000000000000000 ) ) ;
#1634 = DIRECTION ( 'NONE',  ( 1.000000000000000000, -0.000000000000000000, -0.000000000000000000 ) ) ;
#1635 = VECTOR ( 'NONE', #103, 39.37007874015748143 ) ;
#1636 = DIRECTION ( 'NONE',  ( 0.000000000000000000, 0.000000000000000000, 1.000000000000000000 ) ) ;
#1637 = CARTESIAN_POINT ( 'NONE',  ( -0.2320000000000000118, -0.05999999999999999778, -0.01999999999999999695 ) ) ;
#1638 = VECTOR ( 'NONE', #1536, 39.37007874015748143 ) ;
#1639 = ORIENTED_EDGE ( 'NONE', *, *, #1716, .F. ) ;
#1640 = AXIS2_PLACEMENT_3D ( 'NONE', #7966, #5330, #537 ) ;
#1641 = LINE ( 'NONE', #974, #3446 ) ;
#1642 = ORIENTED_EDGE ( 'NONE', *, *, #3903, .F. ) ;
#1643 = EDGE_CURVE ( 'NONE', #3277, #1786, #8843, .T. ) ;
#1644 = ORIENTED_EDGE ( 'NONE', *, *, #7450, .T. ) ;
#1645 = DIRECTION ( 'NONE',  ( 1.000000000000000000, 0.000000000000000000, 0.000000000000000000 ) ) ;
#1646 = ORIENTED_EDGE ( 'NONE', *, *, #1682, .F. ) ;
#1647 = VECTOR ( 'NONE', #1634, 39.37007874015748143 ) ;
#1648 = DIRECTION ( 'NONE',  ( 0.000000000000000000, 0.000000000000000000, 1.000000000000000000 ) ) ;
#1649 = DIRECTION ( 'NONE',  ( -0.000000000000000000, 1.000000000000000000, 0.000000000000000000 ) ) ;
#1650 = VERTEX_POINT ( 'NONE', #669 ) ;
#1651 = CARTESIAN_POINT ( 'NONE',  ( 0.3125000000000000000, 0.2049999999999999878, -0.03749999999999999167 ) ) ;
#1652 = PLANE ( 'NONE',  #2864 ) ;
#1653 = EDGE_CURVE ( 'NONE', #1442, #1665, #2771, .T. ) ;
#1654 = AXIS2_PLACEMENT_3D ( 'NONE', #4988, #291, #1597 ) ;
#1655 = DIRECTION ( 'NONE',  ( -0.000000000000000000, -0.000000000000000000, -1.000000000000000000 ) ) ;
#1656 = VERTEX_POINT ( 'NONE', #4197 ) ;
#1657 = DIRECTION ( 'NONE',  ( 0.000000000000000000, -1.000000000000000000, 0.000000000000000000 ) ) ;
#1658 = VECTOR ( 'NONE', #4904, 39.37007874015748143 ) ;
#1659 = DIRECTION ( 'NONE',  ( 0.000000000000000000, 0.000000000000000000, -1.000000000000000000 ) ) ;
#1660 = CARTESIAN_POINT ( 'NONE',  ( 0.1524999999999999967, 0.2049999999999999878, -0.06500000000000000222 ) ) ;
#1661 = ADVANCED_FACE ( 'NONE', ( #5498 ), #4816, .T. ) ;
#1662 = CARTESIAN_POINT ( 'NONE',  ( 0.08200000000000000344, -0.05999999999999999778, -0.02000000000000000042 ) ) ;
#1663 = DIRECTION ( 'NONE',  ( -1.000000000000000000, 0.000000000000000000, 0.000000000000000000 ) ) ;
#1664 = AXIS2_PLACEMENT_3D ( 'NONE', #4302, #8323, #223 ) ;
#1665 = VERTEX_POINT ( 'NONE', #4692 ) ;
#1666 = CARTESIAN_POINT ( 'NONE',  ( 0.1749999999999999889, 0.03500000000000000333, -0.02500000000000000139 ) ) ;
#1667 = ADVANCED_FACE ( 'NONE', ( #2017 ), #5364, .T. ) ;
#1668 = AXIS2_PLACEMENT_3D ( 'NONE', #1170, #7913, #6483 ) ;
#1669 = AXIS2_PLACEMENT_3D ( 'NONE', #4615, #8715, #6669 ) ;
#1670 = EDGE_CURVE ( 'NONE', #5805, #6771, #6161, .T. ) ;
#1671 = CARTESIAN_POINT ( 'NONE',  ( -0.1819999999999999951, -0.1000000000000000056, 0.1874999999999999722 ) ) ;
#1672 = LINE ( 'NONE', #4401, #1017 ) ;
#1673 = VERTEX_POINT ( 'NONE', #8803 ) ;
#1674 = PLANE ( 'NONE',  #7635 ) ;
#1675 = DIRECTION ( 'NONE',  ( 1.000000000000000000, 0.000000000000000000, -0.000000000000000000 ) ) ;
#1676 = CARTESIAN_POINT ( 'NONE',  ( 0.000000000000000000, -0.07499999999999999722, 0.000000000000000000 ) ) ;
#1677 = PLANE ( 'NONE',  #803 ) ;
#1678 = VERTEX_POINT ( 'NONE', #7467 ) ;
#1679 = CIRCLE ( 'NONE', #1252, 0.008999999999999997585 ) ;
#1680 = ORIENTED_EDGE ( 'NONE', *, *, #2315, .T. ) ;
#1681 = EDGE_LOOP ( 'NONE', ( #460, #5073, #321, #3154 ) ) ;
#1682 = EDGE_CURVE ( 'NONE', #480, #7310, #2527, .T. ) ;
#1683 = CARTESIAN_POINT ( 'NONE',  ( 0.2249999999999999778, 0.03500000000000000333, -0.01600000000000000380 ) ) ;
#1684 = ITEM_DEFINED_TRANSFORMATION ( 'NONE', 'NONE', #7029,  #2184 ) ;
#1685 = LINE ( 'NONE', #2409, #4989 ) ;
#1686 = CARTESIAN_POINT ( 'NONE',  ( 0.2500000000000000000, 0.02999999999999999889, 0.02000000000000000042 ) ) ;
#1687 = EDGE_CURVE ( 'NONE', #3825, #2967, #6425, .T. ) ;
#1688 = VERTEX_POINT ( 'NONE', #210 ) ;
#1689 = FACE_OUTER_BOUND ( 'NONE', #627, .T. ) ;
#1690 = VERTEX_POINT ( 'NONE', #2991 ) ;
#1691 = ORIENTED_EDGE ( 'NONE', *, *, #541, .F. ) ;
#1692 = DIRECTION ( 'NONE',  ( -1.000000000000000000, -0.000000000000000000, 0.000000000000000000 ) ) ;
#1693 = ORIENTED_EDGE ( 'NONE', *, *, #5039, .F. ) ;
#1694 = CARTESIAN_POINT ( 'NONE',  ( -0.1320000000000000062, -0.07499999999999999722, 0.1874999999999999722 ) ) ;
#1695 = DIRECTION ( 'NONE',  ( 1.000000000000000000, 0.000000000000000000, -0.000000000000000000 ) ) ;
#1696 = ORIENTED_EDGE ( 'NONE', *, *, #3781, .F. ) ;
#1697 = PLANE ( 'NONE',  #8090 ) ;
#1698 = LINE ( 'NONE', #984, #6281 ) ;
#1699 = EDGE_CURVE ( 'NONE', #5878, #6319, #844, .T. ) ;
#1700 = CARTESIAN_POINT ( 'NONE',  ( -0.2500000000000000000, 0.000000000000000000, 0.1874999999999999722 ) ) ;
#1701 = ORIENTED_EDGE ( 'NONE', *, *, #1177, .T. ) ;
#1702 = CARTESIAN_POINT ( 'NONE',  ( 0.2500000000000000000, 0.02999999999999999889, 0.03000000000000009950 ) ) ;
#1703 = EDGE_LOOP ( 'NONE', ( #1439, #1066, #4935, #6599 ) ) ;
#1704 = CARTESIAN_POINT ( 'NONE',  ( -0.1819999999999999951, -0.02500000000000000486, 0.1874999999999999722 ) ) ;
#1705 = DIRECTION ( 'NONE',  ( 0.000000000000000000, -0.000000000000000000, 1.000000000000000000 ) ) ;
#1706 = DIRECTION ( 'NONE',  ( -1.000000000000000000, 0.000000000000000000, 0.000000000000000000 ) ) ;
#1707 = CARTESIAN_POINT ( 'NONE',  ( 0.1179999999999999938, -0.02500000000000000486, 0.1874999999999999722 ) ) ;
#1708 = EDGE_LOOP ( 'NONE', ( #5540, #3110, #4844, #1320 ) ) ;
#1709 = DIRECTION ( 'NONE',  ( 0.000000000000000000, 1.000000000000000000, 0.000000000000000000 ) ) ;
#1710 = EDGE_CURVE ( 'NONE', #6133, #7679, #300, .T. ) ;
#1711 = ADVANCED_FACE ( 'NONE', ( #7101 ), #4250, .T. ) ;
#1712 = VECTOR ( 'NONE', #2360, 39.37007874015748143 ) ;
#1713 = CARTESIAN_POINT ( 'NONE',  ( -0.02500000000000000139, 0.1905000000000000027, -0.01600000000000000380 ) ) ;
#1714 = EDGE_CURVE ( 'NONE', #7549, #8055, #367, .T. ) ;
#1715 = CARTESIAN_POINT ( 'NONE',  ( 0.2249999999999999778, 0.2550000000000000044, -0.02500000000000000139 ) ) ;
#1716 = EDGE_CURVE ( 'NONE', #8291, #211, #6250, .T. ) ;
#1717 = ORIENTED_EDGE ( 'NONE', *, *, #7533, .F. ) ;
#1718 = LINE ( 'NONE', #2350, #3786 ) ;
#1719 = LINE ( 'NONE', #4446, #5961 ) ;
#1720 = AXIS2_PLACEMENT_3D ( 'NONE', #6402, #4537, #8597 ) ;
#1721 = ADVANCED_FACE ( 'NONE', ( #4999 ), #935, .T. ) ;
#1722 = CARTESIAN_POINT ( 'NONE',  ( 0.2625000000000000111, 0.02000000000000000042, 0.04249999999999999611 ) ) ;
#1723 = DIRECTION ( 'NONE',  ( -1.000000000000000000, 0.000000000000000000, 0.000000000000000000 ) ) ;
#1724 = ORIENTED_EDGE ( 'NONE', *, *, #7257, .T. ) ;
#1725 = VECTOR ( 'NONE', #1206, 39.37007874015748143 ) ;
#1726 = ORIENTED_EDGE ( 'NONE', *, *, #2474, .F. ) ;
#1727 = EDGE_CURVE ( 'NONE', #7086, #1514, #6292, .T. ) ;
#1728 = ORIENTED_EDGE ( 'NONE', *, *, #7495, .F. ) ;
#1729 = LINE ( 'NONE', #4454, #3210 ) ;
#1730 = AXIS2_PLACEMENT_3D ( 'NONE', #8795, #2188, #8128 ) ;
#1731 = CARTESIAN_POINT ( 'NONE',  ( -0.2320000000000000118, -0.1000000000000000056, 0.1874999999999999722 ) ) ;
#1732 = VECTOR ( 'NONE', #2421, 39.37007874015748143 ) ;
#1733 = CARTESIAN_POINT ( 'NONE',  ( -0.1250000000000000000, 0.1905000000000000027, -0.03400000000000000244 ) ) ;
#1734 = ORIENTED_EDGE ( 'NONE', *, *, #996, .F. ) ;
#1735 = VECTOR ( 'NONE', #1309, 39.37007874015748143 ) ;
#1736 = DIRECTION ( 'NONE',  ( 0.000000000000000000, 0.000000000000000000, 1.000000000000000000 ) ) ;
#1737 = ORIENTED_EDGE ( 'NONE', *, *, #4493, .T. ) ;
#1738 = CARTESIAN_POINT ( 'NONE',  ( -0.1250000000000000000, 0.2550000000000000044, 0.02500000000000000139 ) ) ;
#1739 = EDGE_LOOP ( 'NONE', ( #4185, #615, #3380, #7419 ) ) ;
#1740 = FACE_OUTER_BOUND ( 'NONE', #3823, .T. ) ;
#1741 = CARTESIAN_POINT ( 'NONE',  ( 0.08200000000000000344, 0.02999999999999999889, 0.03000000000000008910 ) ) ;
#1742 = ORIENTED_EDGE ( 'NONE', *, *, #3855, .T. ) ;
#1743 = DIRECTION ( 'NONE',  ( -1.000000000000000000, -0.000000000000000000, -0.000000000000000000 ) ) ;
#1744 = CARTESIAN_POINT ( 'NONE',  ( -0.1749999999999999889, 0.1905000000000000027, -0.03400000000000000244 ) ) ;
#1745 = VECTOR ( 'NONE', #2116, 39.37007874015748143 ) ;
#1746 = EDGE_CURVE ( 'NONE', #2712, #1991, #4292, .T. ) ;
#1747 = CARTESIAN_POINT ( 'NONE',  ( -0.1250000000000000000, 0.1905000000000000027, -0.02500000000000000139 ) ) ;
#1748 = ORIENTED_EDGE ( 'NONE', *, *, #7514, .T. ) ;
#1749 = VECTOR ( 'NONE', #8404, 39.37007874015748143 ) ;
#1750 = CARTESIAN_POINT ( 'NONE',  ( 0.02500000000000000139, 0.03500000000000000333, -0.02500000000000000139 ) ) ;
#1751 = VERTEX_POINT ( 'NONE', #7725 ) ;
#1752 = AXIS2_PLACEMENT_3D ( 'NONE', #6801, #2777, #94 ) ;
#1753 = CARTESIAN_POINT ( 'NONE',  ( 0.2625000000000000111, 0.2049999999999999878, -0.06500000000000000222 ) ) ;
#1754 = EDGE_CURVE ( 'NONE', #7982, #6432, #4421, .T. ) ;
#1755 = CARTESIAN_POINT ( 'NONE',  ( 0.1680000000000000382, -0.01499999999999999944, 0.02999999999999999889 ) ) ;
#1756 = DIRECTION ( 'NONE',  ( -0.000000000000000000, 0.4961389383568340361, 0.8682431421244591885 ) ) ;
#1757 = EDGE_LOOP ( 'NONE', ( #5710, #194, #255, #2061 ) ) ;
#1758 = AXIS2_PLACEMENT_3D ( 'NONE', #2417, #1067, #6471 ) ;
#1759 = DIRECTION ( 'NONE',  ( -0.000000000000000000, -0.000000000000000000, 1.000000000000000000 ) ) ;
#1760 = COLOUR_RGB ( '',0.6862745098039215730, 0.6862745098039215730, 0.6862745098039215730 ) ;
#1761 = LINE ( 'NONE', #5059, #2099 ) ;
#1762 = DIRECTION ( 'NONE',  ( 0.000000000000000000, -1.000000000000000000, 0.000000000000000000 ) ) ;
#1763 = EDGE_LOOP ( 'NONE', ( #1349, #3746, #6308, #2523 ) ) ;
#1764 = EDGE_CURVE ( 'NONE', #3968, #4630, #1608, .T. ) ;
#1765 = DIRECTION ( 'NONE',  ( 0.000000000000000000, -0.000000000000000000, 1.000000000000000000 ) ) ;
#1766 = EDGE_LOOP ( 'NONE', ( #8601, #660, #604, #4566, #4330, #7520, #1212, #7915 ) ) ;
#1767 = DIRECTION ( 'NONE',  ( 0.000000000000000000, 1.000000000000000000, 0.000000000000000000 ) ) ;
#1768 = DIRECTION ( 'NONE',  ( 0.000000000000000000, 0.000000000000000000, -1.000000000000000000 ) ) ;
#1769 = EDGE_CURVE ( 'NONE', #1053, #5805, #2904, .T. ) ;
#1770 = ORIENTED_EDGE ( 'NONE', *, *, #7425, .T. ) ;
#1771 = VERTEX_POINT ( 'NONE', #5631 ) ;
#1772 = ORIENTED_EDGE ( 'NONE', *, *, #288, .T. ) ;
#1773 = LINE ( 'NONE', #5841, #7203 ) ;
#1774 = ADVANCED_FACE ( 'NONE', ( #2859 ), #8351, .T. ) ;
#1775 = FACE_OUTER_BOUND ( 'NONE', #7102, .T. ) ;
#1776 = CARTESIAN_POINT ( 'NONE',  ( 0.06800000000000000488, -0.1000000000000000056, 0.1874999999999999722 ) ) ;
#1777 = AXIS2_PLACEMENT_3D ( 'NONE', #2029, #6128, #6886 ) ;
#1778 = VERTEX_POINT ( 'NONE', #6335 ) ;
#1779 = CARTESIAN_POINT ( 'NONE',  ( 0.000000000000000000, 0.000000000000000000, 0.1124999999999999889 ) ) ;
#1780 = ORIENTED_EDGE ( 'NONE', *, *, #4059, .T. ) ;
#1781 = ORIENTED_EDGE ( 'NONE', *, *, #6738, .F. ) ;
#1782 = CARTESIAN_POINT ( 'NONE',  ( 0.000000000000000000, 0.000000000000000000, 0.000000000000000000 ) ) ;
#1783 = ORIENTED_EDGE ( 'NONE', *, *, #7358, .F. ) ;
#1784 = CARTESIAN_POINT ( 'NONE',  ( -0.02500000000000000139, 0.2550000000000000044, 0.02500000000000000139 ) ) ;
#1785 = FACE_OUTER_BOUND ( 'NONE', #4477, .T. ) ;
#1786 = VERTEX_POINT ( 'NONE', #2194 ) ;
#1787 = CARTESIAN_POINT ( 'NONE',  ( 0.08200000000000004508, 0.000000000000000000, 0.1874999999999999722 ) ) ;
#1788 = CARTESIAN_POINT ( 'NONE',  ( -0.2320000000000000118, 0.02999999999999999889, -0.05000000000000000278 ) ) ;
#1789 = CIRCLE ( 'NONE', #3497, 0.01000000000000000021 ) ;
#1790 = CARTESIAN_POINT ( 'NONE',  ( 0.000000000000000000, 0.2200000000000000011, -0.08999999999999999667 ) ) ;
#1791 = EDGE_LOOP ( 'NONE', ( #2860, #5557, #7472, #2458 ) ) ;
#1792 = LINE ( 'NONE', #395, #1890 ) ;
#1793 = VERTEX_POINT ( 'NONE', #4953 ) ;
#1794 = CARTESIAN_POINT ( 'NONE',  ( 0.2179999999999999993, -0.02500000000000000486, 0.1874999999999999722 ) ) ;
#1795 = DIRECTION ( 'NONE',  ( -1.000000000000000000, 0.000000000000000000, 0.000000000000000000 ) ) ;
#1796 = DIRECTION ( 'NONE',  ( 0.000000000000000000, -1.000000000000000000, 0.000000000000000000 ) ) ;
#1797 = AXIS2_PLACEMENT_3D ( 'NONE', #3717, #1663, #7691 ) ;
#1798 = VERTEX_POINT ( 'NONE', #2947 ) ;
#1799 = CARTESIAN_POINT ( 'NONE',  ( -0.1180000000000000077, -0.02500000000000000139, 0.02999999999999999889 ) ) ;
#1800 = VECTOR ( 'NONE', #8489, 39.37007874015748143 ) ;
#1801 = ADVANCED_FACE ( 'NONE', ( #5680 ), #8396, .T. ) ;
#1802 = AXIS2_PLACEMENT_3D ( 'NONE', #4294, #1610, #1562 ) ;
#1803 = VECTOR ( 'NONE', #1215, 39.37007874015748143 ) ;
#1804 = DIRECTION ( 'NONE',  ( 0.000000000000000000, -0.000000000000000000, 1.000000000000000000 ) ) ;
#1805 = CARTESIAN_POINT ( 'NONE',  ( 0.07499999999999999722, 0.1905000000000000027, 0.01600000000000000380 ) ) ;
#1806 = AXIS2_PLACEMENT_3D ( 'NONE', #4188, #2185, #6907 ) ;
#1807 = ORIENTED_EDGE ( 'NONE', *, *, #7893, .T. ) ;
#1808 = DIRECTION ( 'NONE',  ( 0.000000000000000000, -1.000000000000000000, 0.000000000000000000 ) ) ;
#1809 = ORIENTED_EDGE ( 'NONE', *, *, #5824, .F. ) ;
#1810 = APPLICATION_CONTEXT ( 'automotive_design' ) ;
#1811 = DIRECTION ( 'NONE',  ( 0.000000000000000000, -1.000000000000000000, 0.000000000000000000 ) ) ;
#1812 = CIRCLE ( 'NONE', #7512, 0.008999999999999999320 ) ;
#1813 = FACE_OUTER_BOUND ( 'NONE', #4085, .T. ) ;
#1814 = CARTESIAN_POINT ( 'NONE',  ( 0.2500000000000000000, 0.000000000000000000, -0.04249999999999999611 ) ) ;
#1815 = AXIS2_PLACEMENT_3D ( 'NONE', #7255, #2354, #964 ) ;
#1816 = EDGE_CURVE ( 'NONE', #4093, #8468, #4087, .T. ) ;
#1817 = ORIENTED_EDGE ( 'NONE', *, *, #7603, .F. ) ;
#1818 = ORIENTED_EDGE ( 'NONE', *, *, #3900, .F. ) ;
#1819 = VECTOR ( 'NONE', #5686, 39.37007874015748143 ) ;
#1820 = ORIENTED_EDGE ( 'NONE', *, *, #1003, .T. ) ;
#1821 = CARTESIAN_POINT ( 'NONE',  ( -0.2320000000000000118, -0.06500000000000000222, -0.02000000000000000042 ) ) ;
#1822 = DIRECTION ( 'NONE',  ( 0.000000000000000000, -0.000000000000000000, 1.000000000000000000 ) ) ;
#1823 = LINE ( 'NONE', #6596, #1948 ) ;
#1824 = PRODUCT_DEFINITION ( 'UNKNOWN', '', #1042, #1195 ) ;
#1825 = UNCERTAINTY_MEASURE_WITH_UNIT (LENGTH_MEASURE( 1.000000000000000082E-05 ), #3967, 'distance_accuracy_value', 'NONE');
#1826 = DIRECTION ( 'NONE',  ( 0.000000000000000000, -1.000000000000000000, 0.000000000000000000 ) ) ;
#1827 = ORIENTED_EDGE ( 'NONE', *, *, #5139, .F. ) ;
#1828 = VERTEX_POINT ( 'NONE', #6609 ) ;
#1829 = EDGE_CURVE ( 'NONE', #2426, #601, #5899, .T. ) ;
#1830 = VERTEX_POINT ( 'NONE', #7274 ) ;
#1831 = DIRECTION ( 'NONE',  ( 1.000000000000000000, 0.000000000000000000, 0.000000000000000000 ) ) ;
#1832 = DIRECTION ( 'NONE',  ( -0.000000000000000000, -1.000000000000000000, 0.000000000000000000 ) ) ;
#1833 = DIRECTION ( 'NONE',  ( -1.000000000000000000, -0.000000000000000000, 0.000000000000000000 ) ) ;
#1834 = DIRECTION ( 'NONE',  ( 0.000000000000000000, 0.000000000000000000, 1.000000000000000000 ) ) ;
#1835 = ADVANCED_FACE ( 'NONE', ( #4469 ), #429, .F. ) ;
#1836 = DIRECTION ( 'NONE',  ( 0.000000000000000000, 0.000000000000000000, 1.000000000000000000 ) ) ;
#1837 = VERTEX_POINT ( 'NONE', #1741 ) ;
#1838 = DIRECTION ( 'NONE',  ( 0.000000000000000000, 1.000000000000000000, -0.000000000000000000 ) ) ;
#1839 = DIRECTION ( 'NONE',  ( 0.000000000000000000, -0.000000000000000000, 1.000000000000000000 ) ) ;
#1840 = ADVANCED_FACE ( 'NONE', ( #1785 ), #7187, .T. ) ;
#1841 = EDGE_LOOP ( 'NONE', ( #8282, #6321, #917, #1369 ) ) ;
#1842 = FACE_OUTER_BOUND ( 'NONE', #6565, .T. ) ;
#1843 = DIRECTION ( 'NONE',  ( 0.000000000000000000, 1.000000000000000000, 0.000000000000000000 ) ) ;
#1844 = VERTEX_POINT ( 'NONE', #8615 ) ;
#1845 = DIRECTION ( 'NONE',  ( 1.000000000000000000, -0.000000000000000000, -0.000000000000000000 ) ) ;
#1846 = PLANE ( 'NONE',  #7355 ) ;
#1847 = CARTESIAN_POINT ( 'NONE',  ( 0.2500000000000000000, -0.01499999999999999944, 0.1874999999999999722 ) ) ;
#1848 = ORIENTED_EDGE ( 'NONE', *, *, #2697, .F. ) ;
#1849 = LINE ( 'NONE', #7341, #2786 ) ;
#1850 = ORIENTED_EDGE ( 'NONE', *, *, #8473, .F. ) ;
#1851 = DIRECTION ( 'NONE',  ( 0.7071067811865479058, -0.000000000000000000, -0.7071067811865469066 ) ) ;
#1852 = CARTESIAN_POINT ( 'NONE',  ( -0.2500000000000000000, 0.03500000000000000333, 0.04249999999999999611 ) ) ;
#1853 = VECTOR ( 'NONE', #1833, 39.37007874015748143 ) ;
#1854 = ORIENTED_EDGE ( 'NONE', *, *, #3985, .T. ) ;
#1855 = EDGE_CURVE ( 'NONE', #5918, #1673, #4596, .T. ) ;
#1856 = ORIENTED_EDGE ( 'NONE', *, *, #7346, .T. ) ;
#1857 = VECTOR ( 'NONE', #8116, 39.37007874015748854 ) ;
#1858 = FACE_OUTER_BOUND ( 'NONE', #3749, .T. ) ;
#1859 = EDGE_CURVE ( 'NONE', #298, #4041, #8528, .T. ) ;
#1860 = DIRECTION ( 'NONE',  ( 0.000000000000000000, 0.000000000000000000, 1.000000000000000000 ) ) ;
#1861 = LINE ( 'NONE', #8650, #7217 ) ;
#1862 = CIRCLE ( 'NONE', #3006, 0.005000000000000021788 ) ;
#1863 = ORIENTED_EDGE ( 'NONE', *, *, #3129, .T. ) ;
#1864 = LINE ( 'NONE', #4589, #5882 ) ;
#1865 = EDGE_LOOP ( 'NONE', ( #6491, #2312, #3724, #5853 ) ) ;
#1866 = ORIENTED_EDGE ( 'NONE', *, *, #105, .T. ) ;
#1867 = DIRECTION ( 'NONE',  ( -1.000000000000000000, 0.000000000000000000, -0.000000000000000000 ) ) ;
#1868 = CARTESIAN_POINT ( 'NONE',  ( 0.02500000000000000139, 0.2550000000000000044, -0.03400000000000000244 ) ) ;
#1869 = ORIENTED_EDGE ( 'NONE', *, *, #4398, .F. ) ;
#1870 = EDGE_CURVE ( 'NONE', #2987, #8114, #2418, .T. ) ;
#1871 = SURFACE_STYLE_FILL_AREA ( #7366 ) ;
#1872 = CIRCLE ( 'NONE', #290, 0.008999999999999999320 ) ;
#1873 = FACE_OUTER_BOUND ( 'NONE', #3880, .T. ) ;
#1874 = LINE ( 'NONE', #5901, #8410 ) ;
#1875 = LINE ( 'NONE', #521, #3582 ) ;
#1876 = AXIS2_PLACEMENT_3D ( 'NONE', #8619, #476, #3130 ) ;
#1877 = EDGE_CURVE ( 'NONE', #8460, #7086, #2498, .T. ) ;
#1878 = AXIS2_PLACEMENT_3D ( 'NONE', #83, #256, #3574 ) ;
#1879 = LINE ( 'NONE', #1790, #6500 ) ;
#1880 = ORIENTED_EDGE ( 'NONE', *, *, #2779, .F. ) ;
#1881 = DIRECTION ( 'NONE',  ( 1.000000000000000000, -0.000000000000000000, -0.000000000000000000 ) ) ;
#1882 = FACE_OUTER_BOUND ( 'NONE', #2620, .T. ) ;
#1883 = ORIENTED_EDGE ( 'NONE', *, *, #6090, .F. ) ;
#1884 = CARTESIAN_POINT ( 'NONE',  ( 0.1320000000000000062, 0.02999999999999999889, 0.03000000000000008910 ) ) ;
#1885 = CARTESIAN_POINT ( 'NONE',  ( 0.2249999999999999778, 0.03500000000000000333, -0.03400000000000000244 ) ) ;
#1887 = VERTEX_POINT ( 'NONE', #1068 ) ;
#1886 = VECTOR ( 'NONE', #732, 39.37007874015748143 ) ;
#1888 = DIRECTION ( 'NONE',  ( 0.000000000000000000, -0.7071067811865479058, 0.7071067811865469066 ) ) ;
#1889 = EDGE_CURVE ( 'NONE', #3699, #3195, #519, .T. ) ;
#1890 = VECTOR ( 'NONE', #5773, 39.37007874015748143 ) ;
#1891 = DIRECTION ( 'NONE',  ( 0.000000000000000000, 0.000000000000000000, 1.000000000000000000 ) ) ;
#1892 = LINE ( 'NONE', #2521, #578 ) ;
#1893 = VECTOR ( 'NONE', #3532, 39.37007874015748143 ) ;
#1894 = VERTEX_POINT ( 'NONE', #7949 ) ;
#1895 = CARTESIAN_POINT ( 'NONE',  ( -0.1320000000000000062, -0.1000000000000000056, 0.02999999999999998848 ) ) ;
#1896 = ORIENTED_EDGE ( 'NONE', *, *, #8202, .F. ) ;
#1897 = DIRECTION ( 'NONE',  ( 0.000000000000000000, 0.000000000000000000, -1.000000000000000000 ) ) ;
#1898 = AXIS2_PLACEMENT_3D ( 'NONE', #6421, #8438, #3036 ) ;
#1899 = CARTESIAN_POINT ( 'NONE',  ( 0.2500000000000000000, 0.02999999999999999889, 0.02000000000000000042 ) ) ;
#1900 = EDGE_CURVE ( 'NONE', #3519, #1141, #6520, .T. ) ;
#1901 = ORIENTED_EDGE ( 'NONE', *, *, #6265, .F. ) ;
#1902 = MECHANICAL_DESIGN_GEOMETRIC_PRESENTATION_REPRESENTATION (  '', ( #4037 ), #2475 ) ;
#1903 = ORIENTED_EDGE ( 'NONE', *, *, #6352, .F. ) ;
#1904 = CARTESIAN_POINT ( 'NONE',  ( -0.2500000000000000000, 0.000000000000000000, 0.1874999999999999722 ) ) ;
#1905 = LINE ( 'NONE', #4626, #5426 ) ;
#1906 = DIRECTION ( 'NONE',  ( 0.000000000000000000, 0.000000000000000000, 1.000000000000000000 ) ) ;
#1907 = EDGE_CURVE ( 'NONE', #6238, #3112, #4791, .T. ) ;
#1908 = EDGE_LOOP ( 'NONE', ( #1734, #4540, #2674, #1109 ) ) ;
#1909 = LINE ( 'NONE', #4548, #1447 ) ;
#1910 = EDGE_LOOP ( 'NONE', ( #867, #1471, #2545, #8181 ) ) ;
#1911 = FACE_OUTER_BOUND ( 'NONE', #8514, .T. ) ;
#1912 =( LENGTH_UNIT ( ) NAMED_UNIT ( * ) SI_UNIT ( $, .METRE. ) );
#1913 = ORIENTED_EDGE ( 'NONE', *, *, #5649, .F. ) ;
#1914 = SURFACE_STYLE_USAGE ( .BOTH. , #3924 ) ;
#1915 = CARTESIAN_POINT ( 'NONE',  ( -0.08200000000000001732, 0.03000000000000000583, -0.02999999999999992256 ) ) ;
#1916 = DIRECTION ( 'NONE',  ( 0.000000000000000000, 0.000000000000000000, 1.000000000000000000 ) ) ;
#1917 = CARTESIAN_POINT ( 'NONE',  ( 0.02500000000000000139, 0.03500000000000000333, 0.03400000000000000244 ) ) ;
#1918 = EDGE_CURVE ( 'NONE', #6468, #2243, #5944, .T. ) ;
#1919 = DIRECTION ( 'NONE',  ( -0.000000000000000000, 0.000000000000000000, 1.000000000000000000 ) ) ;
#1920 = VERTEX_POINT ( 'NONE', #8659 ) ;
#1921 = DIRECTION ( 'NONE',  ( -0.000000000000000000, -1.000000000000000000, -0.000000000000000000 ) ) ;
#1922 = EDGE_LOOP ( 'NONE', ( #6686, #6106, #2889, #57 ) ) ;
#1923 = CARTESIAN_POINT ( 'NONE',  ( 0.03199999999999999373, 0.02999999999999999889, -0.02999999999999999889 ) ) ;
#1924 = ORIENTED_EDGE ( 'NONE', *, *, #7227, .F. ) ;
#1925 = AXIS2_PLACEMENT_3D ( 'NONE', #4482, #7199, #8585 ) ;
#1926 = DIRECTION ( 'NONE',  ( 0.000000000000000000, 0.000000000000000000, -1.000000000000000000 ) ) ;
#1927 = CARTESIAN_POINT ( 'NONE',  ( -0.3125000000000000000, 0.2200000000000000011, 0.000000000000000000 ) ) ;
#1928 = ORIENTED_EDGE ( 'NONE', *, *, #1062, .T. ) ;
#1929 = DIRECTION ( 'NONE',  ( 0.000000000000000000, -1.000000000000000000, 0.000000000000000000 ) ) ;
#1930 = EDGE_CURVE ( 'NONE', #7192, #2782, #7321, .T. ) ;
#1931 = AXIS2_PLACEMENT_3D ( 'NONE', #6486, #358, #3100 ) ;
#1932 = DIRECTION ( 'NONE',  ( 0.000000000000000000, 0.000000000000000000, -1.000000000000000000 ) ) ;
#1933 = EDGE_CURVE ( 'NONE', #5148, #6372, #6559, .T. ) ;
#1934 = DIRECTION ( 'NONE',  ( -0.000000000000000000, 1.000000000000000000, 0.000000000000000000 ) ) ;
#1935 = ORIENTED_EDGE ( 'NONE', *, *, #1006, .T. ) ;
#1936 = VECTOR ( 'NONE', #7121, 39.37007874015748854 ) ;
#1937 = ORIENTED_EDGE ( 'NONE', *, *, #6986, .T. ) ;
#1938 = CARTESIAN_POINT ( 'NONE',  ( -0.1749999999999999889, 0.1905000000000000027, 0.02500000000000000139 ) ) ;
#1939 = AXIS2_PLACEMENT_3D ( 'NONE', #3537, #6254, #8532 ) ;
#1940 = VERTEX_POINT ( 'NONE', #5985 ) ;
#1941 = CARTESIAN_POINT ( 'NONE',  ( -0.01799999999999998476, -0.05999999999999999778, -0.02000000000000000042 ) ) ;
#1942 = ADVANCED_FACE ( 'NONE', ( #1873 ), #1203, .F. ) ;
#1943 = VECTOR ( 'NONE', #7574, 39.37007874015748143 ) ;
#1944 = CARTESIAN_POINT ( 'NONE',  ( -0.2249999999999999778, 0.2550000000000000044, 0.02500000000000000139 ) ) ;
#1945 = AXIS2_PLACEMENT_3D ( 'NONE', #6205, #1929, #671 ) ;
#1946 = EDGE_CURVE ( 'NONE', #5916, #6017, #3261, .T. ) ;
#1947 = VERTEX_POINT ( 'NONE', #5308 ) ;
#1948 = VECTOR ( 'NONE', #464, 39.37007874015748143 ) ;
#1949 = ORIENTED_EDGE ( 'NONE', *, *, #7105, .T. ) ;
#1950 = VECTOR ( 'NONE', #8313, 39.37007874015748143 ) ;
#1951 = DIRECTION ( 'NONE',  ( 1.000000000000000000, 0.000000000000000000, -0.000000000000000000 ) ) ;
#1952 = AXIS2_PLACEMENT_3D ( 'NONE', #2159, #268, #3542 ) ;
#1953 = LINE ( 'NONE', #4671, #3432 ) ;
#1954 = DIRECTION ( 'NONE',  ( 1.000000000000000000, 0.000000000000000000, -0.000000000000000000 ) ) ;
#1955 = VECTOR ( 'NONE', #7859, 39.37007874015748143 ) ;
#1956 = AXIS2_PLACEMENT_3D ( 'NONE', #5399, #2049, #5117 ) ;
#1957 = EDGE_LOOP ( 'NONE', ( #4286, #3429, #7582, #8239, #3592, #1051, #1393, #4894 ) ) ;
#1958 = DIRECTION ( 'NONE',  ( -1.000000000000000000, -0.000000000000000000, 0.000000000000000000 ) ) ;
#1959 = VERTEX_POINT ( 'NONE', #1915 ) ;
#1960 = CARTESIAN_POINT ( 'NONE',  ( 0.2500000000000000000, -0.01000000000000000021, 0.02999999999999999889 ) ) ;
#1961 =( NAMED_UNIT ( * ) PLANE_ANGLE_UNIT ( ) SI_UNIT ( $, .RADIAN. ) );
#1962 = ORIENTED_EDGE ( 'NONE', *, *, #8422, .T. ) ;
#1963 = DIRECTION ( 'NONE',  ( 0.000000000000000000, 0.000000000000000000, -1.000000000000000000 ) ) ;
#1964 = VECTOR ( 'NONE', #7021, 39.37007874015748143 ) ;
#1965 = DIRECTION ( 'NONE',  ( -0.000000000000000000, 0.000000000000000000, 1.000000000000000000 ) ) ;
#1966 = EDGE_CURVE ( 'NONE', #6771, #978, #3753, .T. ) ;
#1967 = CARTESIAN_POINT ( 'NONE',  ( -0.1680000000000000382, 0.02999999999999999889, 0.1874999999999999722 ) ) ;
#1968 = EDGE_CURVE ( 'NONE', #3386, #480, #28, .T. ) ;
#1969 = DIRECTION ( 'NONE',  ( 0.000000000000000000, 1.000000000000000000, 0.000000000000000000 ) ) ;
#1970 = ORIENTED_EDGE ( 'NONE', *, *, #920, .F. ) ;
#1971 = CARTESIAN_POINT ( 'NONE',  ( 0.2500000000000000000, 0.02999999999999999889, 0.02000000000000000042 ) ) ;
#1972 = VERTEX_POINT ( 'NONE', #4721 ) ;
#1973 = FACE_OUTER_BOUND ( 'NONE', #381, .T. ) ;
#1974 = ORIENTED_EDGE ( 'NONE', *, *, #8490, .T. ) ;
#1975 = DIRECTION ( 'NONE',  ( 0.000000000000000000, 0.000000000000000000, -1.000000000000000000 ) ) ;
#1976 = CARTESIAN_POINT ( 'NONE',  ( 0.2500000000000000000, -0.06500000000000000222, -0.02000000000000000042 ) ) ;
#1977 = EDGE_LOOP ( 'NONE', ( #1154, #7767, #1587, #869 ) ) ;
#1978 = DIRECTION ( 'NONE',  ( 0.000000000000000000, 0.000000000000000000, -1.000000000000000000 ) ) ;
#1979 = ADVANCED_FACE ( 'NONE', ( #6191 ), #4635, .T. ) ;
#1980 = DIRECTION ( 'NONE',  ( 0.000000000000000000, -0.000000000000000000, 1.000000000000000000 ) ) ;
#1981 = DIRECTION ( 'NONE',  ( -0.000000000000000000, 0.000000000000000000, -1.000000000000000000 ) ) ;
#1982 = DIRECTION ( 'NONE',  ( 1.000000000000000000, 0.000000000000000000, -0.000000000000000000 ) ) ;
#1983 = CARTESIAN_POINT ( 'NONE',  ( -0.1474999999999999922, 0.2200000000000000011, -0.08000000000000000167 ) ) ;
#1984 = ORIENTED_EDGE ( 'NONE', *, *, #8318, .T. ) ;
#1985 = CARTESIAN_POINT ( 'NONE',  ( 0.2500000000000000000, -0.05999999999999999778, -0.02000000000000000042 ) ) ;
#1986 = EDGE_CURVE ( 'NONE', #2225, #4753, #8256, .T. ) ;
#1987 = CARTESIAN_POINT ( 'NONE',  ( 0.01799999999999998476, 0.02999999999999999889, -0.05000000000000000278 ) ) ;
#1988 = EDGE_CURVE ( 'NONE', #680, #3849, #8791, .T. ) ;
#1989 = EDGE_CURVE ( 'NONE', #4905, #1631, #3478, .T. ) ;
#1990 = CARTESIAN_POINT ( 'NONE',  ( 0.2500000000000000000, -0.01000000000000000021, 0.02999999999999999889 ) ) ;
#1991 = VERTEX_POINT ( 'NONE', #2718 ) ;
#1992 = CARTESIAN_POINT ( 'NONE',  ( -0.3125000000000000000, 0.2200000000000000011, 0.1124999999999999889 ) ) ;
#1993 = DIRECTION ( 'NONE',  ( 0.000000000000000000, 0.000000000000000000, -1.000000000000000000 ) ) ;
#1994 = EDGE_CURVE ( 'NONE', #7068, #7822, #8082, .T. ) ;
#1995 = DIRECTION ( 'NONE',  ( -0.000000000000000000, -1.000000000000000000, -0.000000000000000000 ) ) ;
#1996 = EDGE_CURVE ( 'NONE', #1266, #8612, #6820, .T. ) ;
#1997 = CIRCLE ( 'NONE', #6984, 0.01000000000000000021 ) ;
#1998 = ORIENTED_EDGE ( 'NONE', *, *, #5636, .T. ) ;
#1999 = CARTESIAN_POINT ( 'NONE',  ( 0.06800000000000000488, -0.05999999999999999778, -0.01999999999999999695 ) ) ;
#2000 = VERTEX_POINT ( 'NONE', #4103 ) ;
#2001 = PLANE ( 'NONE',  #7523 ) ;
#2002 = SHAPE_DEFINITION_REPRESENTATION ( #6640, #4762 ) ;
#2003 = ORIENTED_EDGE ( 'NONE', *, *, #5594, .F. ) ;
#2004 = FACE_OUTER_BOUND ( 'NONE', #3040, .T. ) ;
#2005 = CARTESIAN_POINT ( 'NONE',  ( -0.02500000000000000139, 0.2550000000000000044, -0.03400000000000000244 ) ) ;
#2006 = LINE ( 'NONE', #2763, #3711 ) ;
#2007 = EDGE_CURVE ( 'NONE', #2822, #370, #1812, .T. ) ;
#2008 = AXIS2_PLACEMENT_3D ( 'NONE', #4176, #4883, #7608 ) ;
#2009 = LINE ( 'NONE', #2722, #6009 ) ;
#2010 = CARTESIAN_POINT ( 'NONE',  ( -0.2500000000000000000, 0.02999999999999999889, 0.04249999999999999611 ) ) ;
#2011 = ORIENTED_EDGE ( 'NONE', *, *, #4708, .T. ) ;
#2012 = CIRCLE ( 'NONE', #1156, 0.008999999999999997585 ) ;
#2013 = LINE ( 'NONE', #4561, #3745 ) ;
#2014 = DIRECTION ( 'NONE',  ( 0.000000000000000000, 0.000000000000000000, 1.000000000000000000 ) ) ;
#2015 = ORIENTED_EDGE ( 'NONE', *, *, #5087, .T. ) ;
#2016 = LINE ( 'NONE', #2690, #5739 ) ;
#2017 = FACE_OUTER_BOUND ( 'NONE', #2446, .T. ) ;
#2018 = ORIENTED_EDGE ( 'NONE', *, *, #8846, .T. ) ;
#2019 = DIRECTION ( 'NONE',  ( -1.000000000000000000, 0.000000000000000000, 0.000000000000000000 ) ) ;
#2020 = AXIS2_PLACEMENT_3D ( 'NONE', #1513, #7541, #5493 ) ;
#2021 = AXIS2_PLACEMENT_3D ( 'NONE', #7670, #7616, #4138 ) ;
#2022 = DIRECTION ( 'NONE',  ( 1.000000000000000000, -0.000000000000000000, -0.000000000000000000 ) ) ;
#2023 = EDGE_CURVE ( 'NONE', #6990, #1343, #6025, .T. ) ;
#2024 = LINE ( 'NONE', #3232, #6721 ) ;
#2025 = AXIS2_PLACEMENT_3D ( 'NONE', #5978, #6102, #3336 ) ;
#2026 = CARTESIAN_POINT ( 'NONE',  ( 0.08200000000000000344, -0.06500000000000000222, -0.02000000000000000042 ) ) ;
#2027 = LINE ( 'NONE', #4742, #8206 ) ;
#2028 = VERTEX_POINT ( 'NONE', #4140 ) ;
#2029 = CARTESIAN_POINT ( 'NONE',  ( -0.2249999999999999778, 0.1905000000000000027, 0.02500000000000000139 ) ) ;
#2030 = DIRECTION ( 'NONE',  ( 1.000000000000000000, 0.000000000000000000, -0.000000000000000000 ) ) ;
#2031 = CIRCLE ( 'NONE', #2879, 0.005000000000000021788 ) ;
#2032 = ADVANCED_FACE ( 'NONE', ( #3428 ), #2805, .T. ) ;
#2033 = ORIENTED_EDGE ( 'NONE', *, *, #1900, .T. ) ;
#2034 = AXIS2_PLACEMENT_3D ( 'NONE', #297, #1604, #5628 ) ;
#2035 = DIRECTION ( 'NONE',  ( 0.000000000000000000, 0.7071067811865480168, -0.7071067811865470176 ) ) ;
#2036 = DIRECTION ( 'NONE',  ( 0.000000000000000000, 1.000000000000000000, -0.000000000000000000 ) ) ;
#2037 = EDGE_CURVE ( 'NONE', #608, #6787, #3301, .T. ) ;
#2038 = CARTESIAN_POINT ( 'NONE',  ( 0.1819999999999999951, -0.06500000000000000222, -0.01499999999999995608 ) ) ;
#2039 = VECTOR ( 'NONE', #5982, 39.37007874015748143 ) ;
#2040 = VERTEX_POINT ( 'NONE', #4052 ) ;
#2041 = ORIENTED_EDGE ( 'NONE', *, *, #7200, .T. ) ;
#2042 = CARTESIAN_POINT ( 'NONE',  ( 0.2500000000000000000, -0.06500000000000000222, -0.01499999999999990750 ) ) ;
#2043 = ADVANCED_FACE ( 'NONE', ( #1249 ), #6149, .T. ) ;
#2044 = ORIENTED_EDGE ( 'NONE', *, *, #7509, .T. ) ;
#2045 = CARTESIAN_POINT ( 'NONE',  ( 0.2320000000000000118, -0.07499999999999999722, -0.02000000000000000042 ) ) ;
#2046 = DIRECTION ( 'NONE',  ( 0.000000000000000000, 0.000000000000000000, 1.000000000000000000 ) ) ;
#2047 = ORIENTED_EDGE ( 'NONE', *, *, #5326, .T. ) ;
#2048 = CYLINDRICAL_SURFACE ( 'NONE', #5462, 0.005000000000000021788 ) ;
#2049 = DIRECTION ( 'NONE',  ( 0.000000000000000000, -1.000000000000000000, 0.000000000000000000 ) ) ;
#2050 = VERTEX_POINT ( 'NONE', #8125 ) ;
#2051 = DIRECTION ( 'NONE',  ( -0.000000000000000000, 0.000000000000000000, -1.000000000000000000 ) ) ;
#2052 = EDGE_CURVE ( 'NONE', #517, #2050, #6694, .T. ) ;
#2053 = DIRECTION ( 'NONE',  ( 0.000000000000000000, -1.000000000000000000, 0.000000000000000000 ) ) ;
#2054 = DIRECTION ( 'NONE',  ( 0.000000000000000000, 0.000000000000000000, 1.000000000000000000 ) ) ;
#2055 = ORIENTED_EDGE ( 'NONE', *, *, #4311, .T. ) ;
#2056 = ORIENTED_EDGE ( 'NONE', *, *, #2102, .F. ) ;
#2057 = FACE_OUTER_BOUND ( 'NONE', #3180, .T. ) ;
#2058 = ORIENTED_EDGE ( 'NONE', *, *, #5002, .T. ) ;
#2059 = FACE_OUTER_BOUND ( 'NONE', #4126, .T. ) ;
#2060 = CARTESIAN_POINT ( 'NONE',  ( 0.2500000000000000000, -0.01499999999999999944, 0.02999999999999999889 ) ) ;
#2061 = ORIENTED_EDGE ( 'NONE', *, *, #3251, .F. ) ;
#2062 = DIRECTION ( 'NONE',  ( -1.000000000000000000, 0.000000000000000000, -0.000000000000000000 ) ) ;
#2063 = LINE ( 'NONE', #4780, #5933 ) ;
#2064 = AXIS2_PLACEMENT_3D ( 'NONE', #409, #5199, #5879 ) ;
#2065 = FACE_OUTER_BOUND ( 'NONE', #5270, .T. ) ;
#2066 = FACE_OUTER_BOUND ( 'NONE', #2568, .T. ) ;
#2067 = ORIENTED_EDGE ( 'NONE', *, *, #597, .T. ) ;
#2068 = LINE ( 'NONE', #1402, #3217 ) ;
#2069 = VECTOR ( 'NONE', #1633, 39.37007874015748143 ) ;
#2070 = ORIENTED_EDGE ( 'NONE', *, *, #4976, .F. ) ;
#2071 = CARTESIAN_POINT ( 'NONE',  ( -0.2500000000000000000, -0.07499999999999999722, 0.1874999999999999722 ) ) ;
#2072 = ADVANCED_FACE ( 'NONE', ( #2761 ), #8168, .F. ) ;
#2073 = VERTEX_POINT ( 'NONE', #8829 ) ;
#2074 = AXIS2_PLACEMENT_3D ( 'NONE', #2479, #493, #8678 ) ;
#2075 = CIRCLE ( 'NONE', #5355, 0.005000000000000021788 ) ;
#2076 = ORIENTED_EDGE ( 'NONE', *, *, #6547, .T. ) ;
#2077 = VECTOR ( 'NONE', #157, 39.37007874015748143 ) ;
#2078 = FACE_OUTER_BOUND ( 'NONE', #1910, .T. ) ;
#2079 = LINE ( 'NONE', #3640, #5285 ) ;
#2080 = EDGE_CURVE ( 'NONE', #4178, #785, #1288, .T. ) ;
#2081 = LINE ( 'NONE', #640, #2380 ) ;
#2082 = VECTOR ( 'NONE', #5037, 39.37007874015748143 ) ;
#2083 = ORIENTED_EDGE ( 'NONE', *, *, #5372, .T. ) ;
#2084 = VECTOR ( 'NONE', #6066, 39.37007874015748143 ) ;
#2085 = CARTESIAN_POINT ( 'NONE',  ( -0.2500000000000000000, 0.000000000000000000, 0.1874999999999999722 ) ) ;
#2086 = VERTEX_POINT ( 'NONE', #3343 ) ;
#2087 = AXIS2_PLACEMENT_3D ( 'NONE', #4973, #5702, #7565 ) ;
#2088 = LINE ( 'NONE', #110, #3111 ) ;
#2089 = DIRECTION ( 'NONE',  ( 0.000000000000000000, 0.000000000000000000, 1.000000000000000000 ) ) ;
#2090 = ORIENTED_EDGE ( 'NONE', *, *, #2978, .F. ) ;
#2091 = CARTESIAN_POINT ( 'NONE',  ( -0.08200000000000004508, -0.02500000000000000486, 0.02999999999999999542 ) ) ;
#2092 = ORIENTED_EDGE ( 'NONE', *, *, #1433, .F. ) ;
#2093 = CARTESIAN_POINT ( 'NONE',  ( 0.06800000000000000488, -0.02500000000000000486, 0.1874999999999999722 ) ) ;
#2094 = VERTEX_POINT ( 'NONE', #8786 ) ;
#2095 = CARTESIAN_POINT ( 'NONE',  ( 0.2500000000000000000, -0.01499999999999999944, 0.03500000000000000333 ) ) ;
#2096 = CARTESIAN_POINT ( 'NONE',  ( 0.08200000000000000344, -0.01499999999999999944, 0.1874999999999999722 ) ) ;
#2097 = VECTOR ( 'NONE', #1115, 39.37007874015748143 ) ;
#2098 = EDGE_CURVE ( 'NONE', #5704, #1491, #1242, .T. ) ;
#2099 = VECTOR ( 'NONE', #3768, 39.37007874015748143 ) ;
#2100 = DIMENSIONAL_EXPONENTS ( 1.000000000000000000, 0.000000000000000000, 0.000000000000000000, 0.000000000000000000, 0.000000000000000000, 0.000000000000000000, 0.000000000000000000 ) ;
#2101 = DIRECTION ( 'NONE',  ( 0.000000000000000000, 0.000000000000000000, 1.000000000000000000 ) ) ;
#2102 = EDGE_CURVE ( 'NONE', #3917, #8657, #1388, .T. ) ;
#2103 = EDGE_LOOP ( 'NONE', ( #7093, #6023, #6366, #4550 ) ) ;
#2104 = ORIENTED_EDGE ( 'NONE', *, *, #5564, .T. ) ;
#2105 = VECTOR ( 'NONE', #8401, 39.37007874015748143 ) ;
#2106 = DIRECTION ( 'NONE',  ( 0.000000000000000000, 0.000000000000000000, -1.000000000000000000 ) ) ;
#2107 = ORIENTED_EDGE ( 'NONE', *, *, #5922, .F. ) ;
#2108 = DIRECTION ( 'NONE',  ( -1.000000000000000000, 0.000000000000000000, 0.000000000000000000 ) ) ;
#2109 = PLANE ( 'NONE',  #1520 ) ;
#2110 = ORIENTED_EDGE ( 'NONE', *, *, #6527, .T. ) ;
#2111 = DIRECTION ( 'NONE',  ( -0.000000000000000000, -1.000000000000000000, 0.000000000000000000 ) ) ;
#2112 = AXIS2_PLACEMENT_3D ( 'NONE', #7110, #2204, #266 ) ;
#2113 = DIRECTION ( 'NONE',  ( 0.000000000000000000, 1.000000000000000000, 0.000000000000000000 ) ) ;
#2114 = ADVANCED_FACE ( 'NONE', ( #7838 ), #366, .T. ) ;
#2115 = DIRECTION ( 'NONE',  ( -0.000000000000000000, -1.000000000000000000, 0.000000000000000000 ) ) ;
#2116 = DIRECTION ( 'NONE',  ( -0.000000000000000000, -0.000000000000000000, 1.000000000000000000 ) ) ;
#2117 = CARTESIAN_POINT ( 'NONE',  ( 0.2320000000000000118, 0.02999999999999999889, -0.01999999999999996225 ) ) ;
#2118 = DIRECTION ( 'NONE',  ( -1.000000000000000000, -0.000000000000000000, 0.000000000000000000 ) ) ;
#2119 = VERTEX_POINT ( 'NONE', #7078 ) ;
#2120 = CARTESIAN_POINT ( 'NONE',  ( 0.2625000000000000111, 0.05650000000000000161, 0.06500000000000000222 ) ) ;
#2121 = ORIENTED_EDGE ( 'NONE', *, *, #4835, .T. ) ;
#2122 = PLANE ( 'NONE',  #214 ) ;
#2123 = LINE ( 'NONE', #1540, #7562 ) ;
#2124 = CARTESIAN_POINT ( 'NONE',  ( -0.08200000000000000344, -0.1000000000000000056, 0.1874999999999999722 ) ) ;
#2125 = EDGE_CURVE ( 'NONE', #3283, #7575, #1000, .T. ) ;
#2126 = EDGE_LOOP ( 'NONE', ( #943, #5860 ) ) ;
#2127 = EDGE_LOOP ( 'NONE', ( #3104, #8725, #2478, #4880, #3454, #2416, #1949, #6818 ) ) ;
#2128 = CARTESIAN_POINT ( 'NONE',  ( 0.01799999999999999170, -0.07499999999999999722, -0.02000000000000000042 ) ) ;
#2129 = EDGE_LOOP ( 'NONE', ( #5632, #7676, #6945, #1333, #6821, #701, #724, #8312 ) ) ;
#2130 = EDGE_CURVE ( 'NONE', #6679, #4651, #5022, .T. ) ;
#2131 = DIRECTION ( 'NONE',  ( -1.000000000000000000, -0.000000000000000000, 0.000000000000000000 ) ) ;
#2132 = ORIENTED_EDGE ( 'NONE', *, *, #8158, .F. ) ;
#2133 = CARTESIAN_POINT ( 'NONE',  ( 0.2179999999999999993, 0.03000000000000000583, -0.02999999999999992256 ) ) ;
#2134 = EDGE_LOOP ( 'NONE', ( #4902, #5574, #3777, #2692 ) ) ;
#2135 = CARTESIAN_POINT ( 'NONE',  ( 0.1819999999999999951, 0.000000000000000000, 0.1874999999999999722 ) ) ;
#2136 = ORIENTED_EDGE ( 'NONE', *, *, #7820, .F. ) ;
#2137 = CARTESIAN_POINT ( 'NONE',  ( 0.2179999999999999993, -0.06500000000000000222, -0.01499999999999995608 ) ) ;
#2138 = CYLINDRICAL_SURFACE ( 'NONE', #1806, 0.008999999999999997585 ) ;
#2139 = ORIENTED_EDGE ( 'NONE', *, *, #3242, .F. ) ;
#2140 = CARTESIAN_POINT ( 'NONE',  ( 0.2500000000000000000, 0.02999999999999999889, -0.02999999999999999889 ) ) ;
#2141 = VERTEX_POINT ( 'NONE', #5836 ) ;
#2142 = EDGE_CURVE ( 'NONE', #5176, #2298, #234, .T. ) ;
#2143 = EDGE_LOOP ( 'NONE', ( #1970, #3868, #6689, #5900 ) ) ;
#2144 = CARTESIAN_POINT ( 'NONE',  ( 0.000000000000000000, 0.1905000000000000027, 0.000000000000000000 ) ) ;
#2145 = ORIENTED_EDGE ( 'NONE', *, *, #2379, .F. ) ;
#2146 = DIRECTION ( 'NONE',  ( 0.000000000000000000, 0.000000000000000000, 1.000000000000000000 ) ) ;
#2147 = AXIS2_PLACEMENT_3D ( 'NONE', #8831, #4683, #8788 ) ;
#2148 = DIRECTION ( 'NONE',  ( -1.000000000000000000, 0.000000000000000000, 0.000000000000000000 ) ) ;
#2149 = ORIENTED_EDGE ( 'NONE', *, *, #100, .T. ) ;
#2150 = CARTESIAN_POINT ( 'NONE',  ( 0.2500000000000000000, -0.06500000000000000222, 0.1874999999999999722 ) ) ;
#2151 = ADVANCED_FACE ( 'NONE', ( #7791 ), #3687, .T. ) ;
#2152 = CIRCLE ( 'NONE', #8420, 0.008999999999999999320 ) ;
#2153 = DIRECTION ( 'NONE',  ( 1.000000000000000000, -0.000000000000000000, 0.000000000000000000 ) ) ;
#2154 = CARTESIAN_POINT ( 'NONE',  ( 0.2320000000000000118, -0.01499999999999999944, 0.03500000000000000333 ) ) ;
#2155 = LINE ( 'NONE', #2912, #4867 ) ;
#2156 = DIRECTION ( 'NONE',  ( 0.7071067811865479058, 0.000000000000000000, 0.7071067811865469066 ) ) ;
#2157 = LINE ( 'NONE', #8142, #2259 ) ;
#2158 = EDGE_CURVE ( 'NONE', #5674, #7710, #962, .T. ) ;
#2159 = CARTESIAN_POINT ( 'NONE',  ( -0.2320000000000000118, -0.1000000000000000056, 0.1874999999999999722 ) ) ;
#2160 = CARTESIAN_POINT ( 'NONE',  ( 0.08200000000000000344, -0.06500000000000000222, 0.1874999999999999722 ) ) ;
#2162 = ORIENTED_EDGE ( 'NONE', *, *, #120, .T. ) ;
#2161 = AXIS2_PLACEMENT_3D ( 'NONE', #4243, #78, #3436 ) ;
#2163 = DIRECTION ( 'NONE',  ( 0.000000000000000000, -1.000000000000000000, 0.000000000000000000 ) ) ;
#2164 = VECTOR ( 'NONE', #5969, 39.37007874015748143 ) ;
#2165 = EDGE_CURVE ( 'NONE', #6368, #2086, #1719, .T. ) ;
#2166 = AXIS2_PLACEMENT_3D ( 'NONE', #3363, #5373, #2610 ) ;
#2167 = ORIENTED_EDGE ( 'NONE', *, *, #6398, .T. ) ;
#2168 = CARTESIAN_POINT ( 'NONE',  ( 0.1320000000000000062, -0.01499999999999999771, 0.01999999999999999695 ) ) ;
#2169 = CIRCLE ( 'NONE', #1176, 0.01000000000000000021 ) ;
#2170 = PLANE ( 'NONE',  #3575 ) ;
#2171 = CARTESIAN_POINT ( 'NONE',  ( -0.08200000000000000344, -0.1000000000000000056, 0.1874999999999999722 ) ) ;
#2172 = ORIENTED_EDGE ( 'NONE', *, *, #8041, .T. ) ;
#2173 = AXIS2_PLACEMENT_3D ( 'NONE', #7912, #5271, #1839 ) ;
#2174 = ORIENTED_EDGE ( 'NONE', *, *, #1994, .F. ) ;
#2175 = CARTESIAN_POINT ( 'NONE',  ( 0.06800000000000000488, -0.06500000000000000222, -0.02000000000000000042 ) ) ;
#2176 = ORIENTED_EDGE ( 'NONE', *, *, #6959, .F. ) ;
#2177 = LINE ( 'NONE', #63, #3536 ) ;
#2178 = CIRCLE ( 'NONE', #4739, 0.004999999999999997502 ) ;
#2179 = VERTEX_POINT ( 'NONE', #236 ) ;
#2180 = CARTESIAN_POINT ( 'NONE',  ( -0.2775000000000000244, 0.2200000000000000011, 0.08000000000000000167 ) ) ;
#2181 = ORIENTED_EDGE ( 'NONE', *, *, #994, .T. ) ;
#2182 = ORIENTED_EDGE ( 'NONE', *, *, #6496, .F. ) ;
#2183 = CARTESIAN_POINT ( 'NONE',  ( -0.08200000000000004508, 0.02999999999999999889, -0.05000000000000000278 ) ) ;
#2184 = AXIS2_PLACEMENT_3D ( 'NONE', #1782, #6145, #25 ) ;
#2185 = DIRECTION ( 'NONE',  ( 0.000000000000000000, -1.000000000000000000, 0.000000000000000000 ) ) ;
#2186 = EDGE_CURVE ( 'NONE', #8632, #6590, #6449, .T. ) ;
#2187 = VERTEX_POINT ( 'NONE', #7166 ) ;
#2188 = DIRECTION ( 'NONE',  ( 0.000000000000000000, 1.000000000000000000, 0.000000000000000000 ) ) ;
#2189 = VERTEX_POINT ( 'NONE', #3013 ) ;
#2190 = ORIENTED_EDGE ( 'NONE', *, *, #7730, .T. ) ;
#2191 = PLANE ( 'NONE',  #7740 ) ;
#2192 = ORIENTED_EDGE ( 'NONE', *, *, #1234, .T. ) ;
#2193 = LINE ( 'NONE', #2946, #8315 ) ;
#2194 = CARTESIAN_POINT ( 'NONE',  ( 0.1819999999999999951, 0.02999999999999999889, -0.01999999999999996225 ) ) ;
#2195 = ORIENTED_EDGE ( 'NONE', *, *, #5536, .T. ) ;
#2196 = DIRECTION ( 'NONE',  ( 0.000000000000000000, 0.000000000000000000, 1.000000000000000000 ) ) ;
#2197 = DIRECTION ( 'NONE',  ( 1.000000000000000000, -0.000000000000000000, -0.000000000000000000 ) ) ;
#2198 = EDGE_CURVE ( 'NONE', #8830, #3201, #5746, .T. ) ;
#2199 = CARTESIAN_POINT ( 'NONE',  ( 0.2625000000000000111, 0.01999999999999999695, -0.04249999999999999611 ) ) ;
#2200 = LINE ( 'NONE', #2866, #5380 ) ;
#2201 = LINE ( 'NONE', #6837, #1172 ) ;
#2202 = PLANE ( 'NONE',  #8730 ) ;
#2203 = EDGE_CURVE ( 'NONE', #1673, #7682, #1048, .T. ) ;
#2204 = DIRECTION ( 'NONE',  ( -1.000000000000000000, 0.000000000000000000, 0.000000000000000000 ) ) ;
#2205 = FACE_OUTER_BOUND ( 'NONE', #8570, .T. ) ;
#2206 = LINE ( 'NONE', #7112, #6361 ) ;
#2207 = ORIENTED_EDGE ( 'NONE', *, *, #4074, .F. ) ;
#2208 = DIRECTION ( 'NONE',  ( 0.000000000000000000, -1.000000000000000000, 0.000000000000000000 ) ) ;
#2209 = ADVANCED_FACE ( 'NONE', ( #2440 ), #4971, .T. ) ;
#2210 = AXIS2_PLACEMENT_3D ( 'NONE', #4125, #4701, #5378 ) ;
#2211 = ORIENTED_EDGE ( 'NONE', *, *, #341, .T. ) ;
#2212 = DIRECTION ( 'NONE',  ( 0.000000000000000000, 0.000000000000000000, 1.000000000000000000 ) ) ;
#2213 = ADVANCED_FACE ( 'NONE', ( #909 ), #3639, .T. ) ;
#2214 = DIRECTION ( 'NONE',  ( 0.000000000000000000, -0.7071067811865476838, 0.7071067811865473507 ) ) ;
#2215 = DIRECTION ( 'NONE',  ( 1.000000000000000000, 0.000000000000000000, -0.000000000000000000 ) ) ;
#2216 = AXIS2_PLACEMENT_3D ( 'NONE', #6809, #725, #4926 ) ;
#2217 = ORIENTED_EDGE ( 'NONE', *, *, #8695, .T. ) ;
#2218 = VECTOR ( 'NONE', #195, 39.37007874015748143 ) ;
#2219 = ORIENTED_EDGE ( 'NONE', *, *, #6740, .T. ) ;
#2220 = ADVANCED_FACE ( 'NONE', ( #806 ), #4865, .F. ) ;
#2221 = EDGE_LOOP ( 'NONE', ( #4827, #7136, #37, #5341 ) ) ;
#2222 = AXIS2_PLACEMENT_3D ( 'NONE', #3982, #1304, #3489 ) ;
#2223 = AXIS2_PLACEMENT_3D ( 'NONE', #4445, #3771, #3058 ) ;
#2224 = DIRECTION ( 'NONE',  ( 0.000000000000000000, 0.000000000000000000, -1.000000000000000000 ) ) ;
#2225 = VERTEX_POINT ( 'NONE', #6209 ) ;
#2226 = DIRECTION ( 'NONE',  ( -1.000000000000000000, -0.000000000000000000, 0.000000000000000000 ) ) ;
#2227 = ORIENTED_EDGE ( 'NONE', *, *, #1450, .F. ) ;
#2228 = VECTOR ( 'NONE', #6477, 39.37007874015748143 ) ;
#2229 = ORIENTED_EDGE ( 'NONE', *, *, #7970, .F. ) ;
#2230 = DIRECTION ( 'NONE',  ( 0.000000000000000000, 0.000000000000000000, -1.000000000000000000 ) ) ;
#2231 = LINE ( 'NONE', #199, #6796 ) ;
#2232 = ADVANCED_FACE ( 'NONE', ( #1527 ), #5596, .T. ) ;
#2233 = AXIS2_PLACEMENT_3D ( 'NONE', #8540, #6117, #1392 ) ;
#2234 = CIRCLE ( 'NONE', #1512, 0.008999999999999997585 ) ;
#2235 = CARTESIAN_POINT ( 'NONE',  ( -0.3125000000000000000, 0.000000000000000000, -0.1124999999999999889 ) ) ;
#2236 = EDGE_LOOP ( 'NONE', ( #3065, #4487, #1646, #6350 ) ) ;
#2237 = ORIENTED_EDGE ( 'NONE', *, *, #403, .T. ) ;
#2238 = CYLINDRICAL_SURFACE ( 'NONE', #8177, 0.008999999999999999320 ) ;
#2239 = ORIENTED_EDGE ( 'NONE', *, *, #6738, .T. ) ;
#2240 = EDGE_CURVE ( 'NONE', #2189, #645, #3244, .T. ) ;
#2241 = CARTESIAN_POINT ( 'NONE',  ( -0.01799999999999999864, 0.02999999999999999889, 0.1874999999999999722 ) ) ;
#2242 = DIRECTION ( 'NONE',  ( 0.000000000000000000, 0.000000000000000000, -1.000000000000000000 ) ) ;
#2243 = VERTEX_POINT ( 'NONE', #2154 ) ;
#2244 = DIRECTION ( 'NONE',  ( 1.000000000000000000, 0.000000000000000000, -0.000000000000000000 ) ) ;
#2245 = DIRECTION ( 'NONE',  ( -0.000000000000000000, -0.000000000000000000, -1.000000000000000000 ) ) ;
#2246 = VECTOR ( 'NONE', #1623, 39.37007874015748143 ) ;
#2247 = EDGE_CURVE ( 'NONE', #915, #517, #1273, .T. ) ;
#2248 = VECTOR ( 'NONE', #2352, 39.37007874015748143 ) ;
#2249 = CARTESIAN_POINT ( 'NONE',  ( 0.3125000000000000000, 0.000000000000000000, 0.08749999999999999445 ) ) ;
#2250 = CARTESIAN_POINT ( 'NONE',  ( -0.2500000000000000000, 0.000000000000000000, 0.04249999999999999611 ) ) ;
#2251 = CARTESIAN_POINT ( 'NONE',  ( -0.1319999999999999785, -0.02500000000000000486, 0.02999999999999999542 ) ) ;
#2252 = DIRECTION ( 'NONE',  ( -1.000000000000000000, 0.000000000000000000, 0.000000000000000000 ) ) ;
#2253 = FACE_OUTER_BOUND ( 'NONE', #4983, .T. ) ;
#2254 = EDGE_CURVE ( 'NONE', #8748, #7269, #8112, .T. ) ;
#2255 = CYLINDRICAL_SURFACE ( 'NONE', #8653, 0.004999999999999997502 ) ;
#2256 = LINE ( 'NONE', #4395, #1230 ) ;
#2257 = EDGE_LOOP ( 'NONE', ( #6064, #1863, #7258, #2685 ) ) ;
#2258 = CARTESIAN_POINT ( 'NONE',  ( -0.06800000000000000488, -0.05999999999999999778, -0.02000000000000000042 ) ) ;
#2259 = VECTOR ( 'NONE', #4869, 39.37007874015748143 ) ;
#2260 = ORIENTED_EDGE ( 'NONE', *, *, #7003, .T. ) ;
#2261 = EDGE_CURVE ( 'NONE', #6473, #7814, #804, .T. ) ;
#2262 = FACE_OUTER_BOUND ( 'NONE', #613, .T. ) ;
#2263 = EDGE_CURVE ( 'NONE', #1456, #7682, #2826, .T. ) ;
#2264 = CARTESIAN_POINT ( 'NONE',  ( -0.1180000000000000077, -0.06500000000000000222, -0.01499999999999995608 ) ) ;
#2265 = DIRECTION ( 'NONE',  ( 0.000000000000000000, -0.000000000000000000, 1.000000000000000000 ) ) ;
#2266 = EDGE_CURVE ( 'NONE', #7349, #7695, #4704, .T. ) ;
#2267 = EDGE_LOOP ( 'NONE', ( #7198, #6693 ) ) ;
#2268 = EDGE_LOOP ( 'NONE', ( #1726, #2227, #6503, #4068 ) ) ;
#2269 = ORIENTED_EDGE ( 'NONE', *, *, #5975, .F. ) ;
#2270 = CARTESIAN_POINT ( 'NONE',  ( 0.002499999999999947577, 0.2200000000000000011, -0.08000000000000000167 ) ) ;
#2271 = EDGE_CURVE ( 'NONE', #5408, #7383, #7522, .T. ) ;
#2272 = ORIENTED_EDGE ( 'NONE', *, *, #8834, .T. ) ;
#2273 = CARTESIAN_POINT ( 'NONE',  ( 0.2500000000000000000, -0.01499999999999999944, 0.1874999999999999722 ) ) ;
#2274 = ORIENTED_EDGE ( 'NONE', *, *, #1351, .T. ) ;
#2275 = ORIENTED_EDGE ( 'NONE', *, *, #7015, .T. ) ;
#2276 = DIRECTION ( 'NONE',  ( 0.000000000000000000, 0.000000000000000000, -1.000000000000000000 ) ) ;
#2277 = DIRECTION ( 'NONE',  ( 0.000000000000000000, 0.000000000000000000, 1.000000000000000000 ) ) ;
#2278 = EDGE_CURVE ( 'NONE', #3028, #1216, #6972, .T. ) ;
#2279 = FACE_OUTER_BOUND ( 'NONE', #2454, .T. ) ;
#2280 = VERTEX_POINT ( 'NONE', #4202 ) ;
#2281 = ORIENTED_EDGE ( 'NONE', *, *, #8370, .T. ) ;
#2282 = DIRECTION ( 'NONE',  ( -1.000000000000000000, 0.000000000000000000, 0.000000000000000000 ) ) ;
#2283 = EDGE_CURVE ( 'NONE', #65, #4093, #3994, .T. ) ;
#2284 = EDGE_LOOP ( 'NONE', ( #5885, #7615, #2918, #3064 ) ) ;
#2285 = DIRECTION ( 'NONE',  ( -0.000000000000000000, -1.000000000000000000, -0.000000000000000000 ) ) ;
#2286 = CARTESIAN_POINT ( 'NONE',  ( 0.2500000000000000000, 0.02999999999999999889, -0.02999999999999999889 ) ) ;
#2287 = EDGE_LOOP ( 'NONE', ( #4488, #1173, #4377, #3965 ) ) ;
#2288 = LINE ( 'NONE', #1522, #5091 ) ;
#2289 = CARTESIAN_POINT ( 'NONE',  ( 0.2500000000000000000, -0.01000000000000000021, 0.02999999999999999889 ) ) ;
#2290 = DIRECTION ( 'NONE',  ( 0.000000000000000000, 1.000000000000000000, 0.000000000000000000 ) ) ;
#2291 = DIRECTION ( 'NONE',  ( -1.000000000000000000, 0.000000000000000000, 0.000000000000000000 ) ) ;
#2292 = AXIS2_PLACEMENT_3D ( 'NONE', #4637, #2590, #4722 ) ;
#2293 = CARTESIAN_POINT ( 'NONE',  ( 0.2500000000000000000, -0.01499999999999999944, 0.03500000000000000333 ) ) ;
#2294 = DIRECTION ( 'NONE',  ( -1.000000000000000000, 0.000000000000000000, 0.000000000000000000 ) ) ;
#2295 = CARTESIAN_POINT ( 'NONE',  ( 0.2500000000000000000, -0.05999999999999999778, -0.01499999999999999944 ) ) ;
#2296 = DIRECTION ( 'NONE',  ( -1.000000000000000000, 0.000000000000000000, 0.000000000000000000 ) ) ;
#2297 = LINE ( 'NONE', #8453, #3800 ) ;
#2298 = VERTEX_POINT ( 'NONE', #4298 ) ;
#2299 = CARTESIAN_POINT ( 'NONE',  ( 0.02500000000000000139, 0.2550000000000000044, 0.03400000000000000244 ) ) ;
#2300 = EDGE_CURVE ( 'NONE', #4651, #2187, #178, .T. ) ;
#2301 = FACE_OUTER_BOUND ( 'NONE', #7711, .T. ) ;
#2302 = ORIENTED_EDGE ( 'NONE', *, *, #1710, .F. ) ;
#2303 = VECTOR ( 'NONE', #213, 39.37007874015748143 ) ;
#2304 = LINE ( 'NONE', #4355, #3929 ) ;
#2305 = DIRECTION ( 'NONE',  ( 0.000000000000000000, 0.000000000000000000, -1.000000000000000000 ) ) ;
#2306 = DIRECTION ( 'NONE',  ( -1.000000000000000000, 0.000000000000000000, 0.000000000000000000 ) ) ;
#2307 = CARTESIAN_POINT ( 'NONE',  ( -0.2320000000000000118, 0.02999999999999999889, -0.01999999999999997960 ) ) ;
#2308 = AXIS2_PLACEMENT_3D ( 'NONE', #6867, #746, #2814 ) ;
#2309 = EDGE_CURVE ( 'NONE', #915, #6675, #849, .T. ) ;
#2310 = ORIENTED_EDGE ( 'NONE', *, *, #5690, .T. ) ;
#2311 = VERTEX_POINT ( 'NONE', #4959 ) ;
#2312 = ORIENTED_EDGE ( 'NONE', *, *, #8609, .T. ) ;
#2313 = CARTESIAN_POINT ( 'NONE',  ( -0.03200000000000000067, -0.1000000000000000056, 0.1874999999999999722 ) ) ;
#2314 = VECTOR ( 'NONE', #5937, 39.37007874015748143 ) ;
#2315 = EDGE_CURVE ( 'NONE', #6787, #4753, #2200, .T. ) ;
#2316 = ORIENTED_EDGE ( 'NONE', *, *, #4622, .F. ) ;
#2317 = CYLINDRICAL_SURFACE ( 'NONE', #8065, 0.008999999999999999320 ) ;
#2318 = VERTEX_POINT ( 'NONE', #4040 ) ;
#2319 = DIRECTION ( 'NONE',  ( -1.000000000000000000, 0.000000000000000000, -0.000000000000000000 ) ) ;
#2320 = LINE ( 'NONE', #3654, #4789 ) ;
#2321 = CIRCLE ( 'NONE', #7875, 0.008999999999999999320 ) ;
#2322 = EDGE_CURVE ( 'NONE', #1793, #2187, #2954, .T. ) ;
#2323 = ORIENTED_EDGE ( 'NONE', *, *, #751, .F. ) ;
#2324 = DIRECTION ( 'NONE',  ( 1.000000000000000000, 0.000000000000000000, -0.000000000000000000 ) ) ;
#2325 = ORIENTED_EDGE ( 'NONE', *, *, #1307, .T. ) ;
#2326 = ORIENTED_EDGE ( 'NONE', *, *, #3413, .F. ) ;
#2327 = DIRECTION ( 'NONE',  ( 0.000000000000000000, -1.000000000000000000, 0.000000000000000000 ) ) ;
#2328 = EDGE_CURVE ( 'NONE', #8033, #4255, #7640, .T. ) ;
#2329 = EDGE_LOOP ( 'NONE', ( #6115, #5993, #8248, #7881 ) ) ;
#2330 = PLANE ( 'NONE',  #6601 ) ;
#2331 = AXIS2_PLACEMENT_3D ( 'NONE', #4995, #7184, #7137 ) ;
#2332 = CARTESIAN_POINT ( 'NONE',  ( 0.2500000000000000000, 0.02999999999999999889, 0.02000000000000010103 ) ) ;
#2333 = ORIENTED_EDGE ( 'NONE', *, *, #1223, .F. ) ;
#2334 = DIRECTION ( 'NONE',  ( 0.000000000000000000, -1.000000000000000000, 0.000000000000000000 ) ) ;
#2335 = DIRECTION ( 'NONE',  ( -0.000000000000000000, -0.000000000000000000, -1.000000000000000000 ) ) ;
#2336 = AXIS2_PLACEMENT_3D ( 'NONE', #7986, #8124, #1202 ) ;
#2337 = EDGE_CURVE ( 'NONE', #5391, #3133, #896, .T. ) ;
#2338 = CARTESIAN_POINT ( 'NONE',  ( 0.2249999999999999778, 0.1905000000000000027, 0.03400000000000000244 ) ) ;
#2339 = VERTEX_POINT ( 'NONE', #5006 ) ;
#2340 = DIRECTION ( 'NONE',  ( 0.000000000000000000, 0.000000000000000000, -1.000000000000000000 ) ) ;
#2341 = CARTESIAN_POINT ( 'NONE',  ( 0.000000000000000000, 0.1905000000000000027, 0.000000000000000000 ) ) ;
#2342 = DIRECTION ( 'NONE',  ( 0.000000000000000000, 0.000000000000000000, -1.000000000000000000 ) ) ;
#2343 = CARTESIAN_POINT ( 'NONE',  ( 0.03200000000000000067, 0.02999999999999999889, 0.03000000000000008910 ) ) ;
#2344 = DIRECTION ( 'NONE',  ( 1.000000000000000000, 0.000000000000000000, -0.000000000000000000 ) ) ;
#2345 = ORIENTED_EDGE ( 'NONE', *, *, #6464, .T. ) ;
#2346 = DIRECTION ( 'NONE',  ( 1.000000000000000000, 0.000000000000000000, -0.000000000000000000 ) ) ;
#2347 = CARTESIAN_POINT ( 'NONE',  ( 0.2500000000000000000, 0.02999999999999999889, 0.02000000000000010103 ) ) ;
#2348 = FACE_OUTER_BOUND ( 'NONE', #7158, .T. ) ;
#2349 = ORIENTED_EDGE ( 'NONE', *, *, #6475, .T. ) ;
#2350 = CARTESIAN_POINT ( 'NONE',  ( -0.1180000000000000077, -0.05999999999999999778, -0.02000000000000000042 ) ) ;
#2351 = ADVANCED_FACE ( 'NONE', ( #586 ), #3329, .T. ) ;
#2352 = DIRECTION ( 'NONE',  ( -0.000000000000000000, 0.000000000000000000, -1.000000000000000000 ) ) ;
#2353 = DIRECTION ( 'NONE',  ( 0.000000000000000000, -0.4961389383568340361, -0.8682431421244591885 ) ) ;
#2354 = DIRECTION ( 'NONE',  ( -1.000000000000000000, 0.000000000000000000, 0.000000000000000000 ) ) ;
#2355 = ORIENTED_EDGE ( 'NONE', *, *, #6177, .F. ) ;
#2356 = EDGE_LOOP ( 'NONE', ( #5242, #881, #1016, #4918 ) ) ;
#2357 = PLANE ( 'NONE',  #7921 ) ;
#2358 = ADVANCED_FACE ( 'NONE', ( #482 ), #6619, .F. ) ;
#2359 = CIRCLE ( 'NONE', #4632, 0.008999999999999999320 ) ;
#2360 = DIRECTION ( 'NONE',  ( -1.000000000000000000, -0.000000000000000000, 0.000000000000000000 ) ) ;
#2361 = DIRECTION ( 'NONE',  ( 0.000000000000000000, -1.000000000000000000, 0.000000000000000000 ) ) ;
#2362 = VECTOR ( 'NONE', #4306, 39.37007874015748143 ) ;
#2363 = ORIENTED_EDGE ( 'NONE', *, *, #2278, .F. ) ;
#2364 = VECTOR ( 'NONE', #960, 39.37007874015748143 ) ;
#2365 = CARTESIAN_POINT ( 'NONE',  ( 0.2500000000000000000, -0.01499999999999999771, 0.02000000000000000042 ) ) ;
#2366 = VERTEX_POINT ( 'NONE', #3226 ) ;
#2367 = AXIS2_PLACEMENT_3D ( 'NONE', #5595, #2774, #6921 ) ;
#2368 = FACE_OUTER_BOUND ( 'NONE', #7841, .T. ) ;
#2369 = ORIENTED_EDGE ( 'NONE', *, *, #3874, .T. ) ;
#2370 = ADVANCED_FACE ( 'NONE', ( #4479 ), #2468, .T. ) ;
#2371 = VECTOR ( 'NONE', #2226, 39.37007874015748143 ) ;
#2372 = DIRECTION ( 'NONE',  ( 0.000000000000000000, 1.000000000000000000, 0.000000000000000000 ) ) ;
#2373 = DIRECTION ( 'NONE',  ( 1.000000000000000000, -0.000000000000000000, 0.000000000000000000 ) ) ;
#2374 = VERTEX_POINT ( 'NONE', #7196 ) ;
#2375 = CARTESIAN_POINT ( 'NONE',  ( 0.2500000000000000000, 0.02999999999999999889, -0.02999999999999999889 ) ) ;
#2376 = EDGE_CURVE ( 'NONE', #3602, #2886, #8495, .T. ) ;
#2377 = LINE ( 'NONE', #4426, #4852 ) ;
#2378 = VECTOR ( 'NONE', #5995, 39.37007874015748143 ) ;
#2379 = EDGE_CURVE ( 'NONE', #2928, #3133, #1080, .T. ) ;
#2380 = VECTOR ( 'NONE', #4710, 39.37007874015748143 ) ;
#2381 = DIRECTION ( 'NONE',  ( 1.000000000000000000, -0.000000000000000000, -0.000000000000000000 ) ) ;
#2382 = ORIENTED_EDGE ( 'NONE', *, *, #1682, .T. ) ;
#2383 = CARTESIAN_POINT ( 'NONE',  ( -0.1819999999999999951, -0.01499999999999999424, 0.1874999999999999722 ) ) ;
#2384 = VECTOR ( 'NONE', #8036, 39.37007874015748143 ) ;
#2385 = CARTESIAN_POINT ( 'NONE',  ( 0.1179999999999999938, -0.01000000000000000021, 0.02999999999999999542 ) ) ;
#2386 = EDGE_CURVE ( 'NONE', #6615, #8062, #8539, .T. ) ;
#2387 = PLANE ( 'NONE',  #3250 ) ;
#2388 = DIRECTION ( 'NONE',  ( -1.000000000000000000, -0.000000000000000000, 0.000000000000000000 ) ) ;
#2389 = CARTESIAN_POINT ( 'NONE',  ( -0.1319999999999999785, -0.01499999999999999771, 0.03500000000000000333 ) ) ;
#2390 = CIRCLE ( 'NONE', #5096, 0.008999999999999997585 ) ;
#2391 = ORIENTED_EDGE ( 'NONE', *, *, #7917, .F. ) ;
#2392 = LINE ( 'NONE', #2299, #8053 ) ;
#2393 = VECTOR ( 'NONE', #603, 39.37007874015748143 ) ;
#2394 = EDGE_CURVE ( 'NONE', #2298, #6288, #8670, .T. ) ;
#2395 = CARTESIAN_POINT ( 'NONE',  ( -0.1819999999999999951, -0.02500000000000000486, 0.02999999999999999542 ) ) ;
#2396 = LINE ( 'NONE', #3722, #8717 ) ;
#2397 = ORIENTED_EDGE ( 'NONE', *, *, #4505, .F. ) ;
#2398 = VECTOR ( 'NONE', #2654, 39.37007874015748143 ) ;
#2399 = DIRECTION ( 'NONE',  ( -0.000000000000000000, 1.000000000000000000, 0.000000000000000000 ) ) ;
#2400 = CARTESIAN_POINT ( 'NONE',  ( 0.2500000000000000000, -0.06500000000000000222, 0.1874999999999999722 ) ) ;
#2401 = CARTESIAN_POINT ( 'NONE',  ( 0.2500000000000000000, -0.01499999999999999944, 0.03500000000000000333 ) ) ;
#2402 = DIRECTION ( 'NONE',  ( -0.000000000000000000, -0.000000000000000000, -1.000000000000000000 ) ) ;
#2403 = ORIENTED_EDGE ( 'NONE', *, *, #2534, .F. ) ;
#2404 = AXIS2_PLACEMENT_3D ( 'NONE', #4678, #7408, #1867 ) ;
#2405 = ORIENTED_EDGE ( 'NONE', *, *, #147, .F. ) ;
#2406 = ORIENTED_EDGE ( 'NONE', *, *, #3247, .F. ) ;
#2407 = DIRECTION ( 'NONE',  ( 0.000000000000000000, 0.000000000000000000, -1.000000000000000000 ) ) ;
#2408 = EDGE_CURVE ( 'NONE', #6432, #7383, #7869, .T. ) ;
#2409 = CARTESIAN_POINT ( 'NONE',  ( 0.01799999999999999864, -0.1000000000000000056, 0.02000000000000009409 ) ) ;
#2410 = DIRECTION ( 'NONE',  ( 0.000000000000000000, -1.000000000000000000, 0.000000000000000000 ) ) ;
#2411 = EDGE_CURVE ( 'NONE', #5667, #747, #5274, .T. ) ;
#2412 = ORIENTED_EDGE ( 'NONE', *, *, #622, .T. ) ;
#2413 = DIRECTION ( 'NONE',  ( 0.000000000000000000, -0.000000000000000000, 1.000000000000000000 ) ) ;
#2414 = ORIENTED_EDGE ( 'NONE', *, *, #5188, .T. ) ;
#2415 = DIRECTION ( 'NONE',  ( -0.000000000000000000, 0.000000000000000000, -1.000000000000000000 ) ) ;
#2416 = ORIENTED_EDGE ( 'NONE', *, *, #6412, .F. ) ;
#2417 = CARTESIAN_POINT ( 'NONE',  ( -0.1250000000000000000, 0.03500000000000000333, -0.02500000000000000139 ) ) ;
#2418 = LINE ( 'NONE', #2551, #5230 ) ;
#2419 = ORIENTED_EDGE ( 'NONE', *, *, #7227, .T. ) ;
#2420 = CARTESIAN_POINT ( 'NONE',  ( -0.1680000000000000382, -0.06500000000000000222, 0.1874999999999999722 ) ) ;
#2421 = DIRECTION ( 'NONE',  ( -0.000000000000000000, 0.000000000000000000, 1.000000000000000000 ) ) ;
#2422 = EDGE_CURVE ( 'NONE', #1828, #5541, #5865, .T. ) ;
#2423 = CARTESIAN_POINT ( 'NONE',  ( 0.1179999999999999938, -0.05999999999999999778, -0.01499999999999999944 ) ) ;
#2424 = ORIENTED_EDGE ( 'NONE', *, *, #2271, .T. ) ;
#2425 = PLANE ( 'NONE',  #731 ) ;
#2426 = VERTEX_POINT ( 'NONE', #5233 ) ;
#2427 = DIRECTION ( 'NONE',  ( -1.000000000000000000, -0.000000000000000000, 0.000000000000000000 ) ) ;
#2428 = CARTESIAN_POINT ( 'NONE',  ( 0.07499999999999999722, 0.2550000000000000044, -0.03400000000000000244 ) ) ;
#2429 = LINE ( 'NONE', #529, #790 ) ;
#2430 = ORIENTED_EDGE ( 'NONE', *, *, #5315, .T. ) ;
#2431 = CARTESIAN_POINT ( 'NONE',  ( 0.1250000000000000000, 0.1905000000000000027, -0.02500000000000000139 ) ) ;
#2432 = ADVANCED_FACE ( 'NONE', ( #1842 ), #1038, .T. ) ;
#2433 = AXIS2_PLACEMENT_3D ( 'NONE', #1466, #741, #6241 ) ;
#2434 = CARTESIAN_POINT ( 'NONE',  ( -0.02500000000000000139, 0.2550000000000000044, -0.02500000000000000139 ) ) ;
#2435 = ADVANCED_FACE ( 'NONE', ( #7959 ), #4524, .T. ) ;
#2436 = CARTESIAN_POINT ( 'NONE',  ( -0.2625000000000000111, 0.05650000000000000161, 0.06500000000000000222 ) ) ;
#2437 = VERTEX_POINT ( 'NONE', #5189 ) ;
#2438 = LINE ( 'NONE', #4970, #4076 ) ;
#2439 = ADVANCED_FACE ( 'NONE', ( #3050 ), #5776, .T. ) ;
#2440 = FACE_OUTER_BOUND ( 'NONE', #270, .T. ) ;
#2441 = AXIS2_PLACEMENT_3D ( 'NONE', #8508, #1135, #7168 ) ;
#2442 = DIRECTION ( 'NONE',  ( 0.000000000000000000, 0.000000000000000000, 1.000000000000000000 ) ) ;
#2443 = CARTESIAN_POINT ( 'NONE',  ( -0.1749999999999999889, 0.1905000000000000027, 0.02500000000000000139 ) ) ;
#2444 = EDGE_LOOP ( 'NONE', ( #7626, #4855, #3152, #6785 ) ) ;
#2445 = VECTOR ( 'NONE', #3885, 39.37007874015748143 ) ;
#2446 = EDGE_LOOP ( 'NONE', ( #4839, #1131, #8018, #2070 ) ) ;
#2447 = ORIENTED_EDGE ( 'NONE', *, *, #3502, .F. ) ;
#2448 = DIRECTION ( 'NONE',  ( -1.000000000000000000, 0.000000000000000000, 0.000000000000000000 ) ) ;
#2449 = VECTOR ( 'NONE', #5356, 39.37007874015748143 ) ;
#2450 = DIRECTION ( 'NONE',  ( -0.000000000000000000, -1.000000000000000000, -0.000000000000000000 ) ) ;
#2451 = PLANE ( 'NONE',  #4653 ) ;
#2452 = VERTEX_POINT ( 'NONE', #3097 ) ;
#2453 = PLANE ( 'NONE',  #4582 ) ;
#2454 = EDGE_LOOP ( 'NONE', ( #4006, #6899, #5496, #7611 ) ) ;
#2455 = VERTEX_POINT ( 'NONE', #440 ) ;
#2456 = CARTESIAN_POINT ( 'NONE',  ( 0.06800000000000000488, -0.01499999999999999771, 0.02000000000000004552 ) ) ;
#2457 = DIRECTION ( 'NONE',  ( 0.000000000000000000, 0.000000000000000000, 1.000000000000000000 ) ) ;
#2458 = ORIENTED_EDGE ( 'NONE', *, *, #2577, .T. ) ;
#2459 = CARTESIAN_POINT ( 'NONE',  ( 0.2500000000000000000, -0.01000000000000000021, 0.02999999999999999889 ) ) ;
#2460 = EDGE_CURVE ( 'NONE', #4700, #1274, #5106, .T. ) ;
#2461 = CARTESIAN_POINT ( 'NONE',  ( 0.002499999999999943240, 0.08985714285714289928, -0.08250000000000000389 ) ) ;
#2462 = AXIS2_PLACEMENT_3D ( 'NONE', #4159, #4781, #1437 ) ;
#2463 = LINE ( 'NONE', #4019, #8071 ) ;
#2464 = VERTEX_POINT ( 'NONE', #2511 ) ;
#2465 = VECTOR ( 'NONE', #3048, 39.37007874015748143 ) ;
#2466 = DIRECTION ( 'NONE',  ( 0.000000000000000000, -1.000000000000000000, 0.000000000000000000 ) ) ;
#2467 = CARTESIAN_POINT ( 'NONE',  ( 0.2500000000000000000, -0.06500000000000000222, -0.01499999999999990750 ) ) ;
#2468 = PLANE ( 'NONE',  #7091 ) ;
#2469 = LINE ( 'NONE', #1927, #6211 ) ;
#2470 = ORIENTED_EDGE ( 'NONE', *, *, #1889, .F. ) ;
#2471 = ORIENTED_EDGE ( 'NONE', *, *, #678, .T. ) ;
#2472 = MECHANICAL_DESIGN_GEOMETRIC_PRESENTATION_REPRESENTATION (  '', ( #5314 ), #457 ) ;
#2473 = CARTESIAN_POINT ( 'NONE',  ( -0.2625000000000000111, 0.000000000000000000, 0.000000000000000000 ) ) ;
#2474 = EDGE_CURVE ( 'NONE', #7546, #7671, #3950, .T. ) ;
#2475 =( GEOMETRIC_REPRESENTATION_CONTEXT ( 3 ) GLOBAL_UNCERTAINTY_ASSIGNED_CONTEXT ( ( #5936 ) ) GLOBAL_UNIT_ASSIGNED_CONTEXT ( ( #5303, #6022, #5346 ) ) REPRESENTATION_CONTEXT ( 'NONE', 'WORKASPACE' ) );
#2476 = CARTESIAN_POINT ( 'NONE',  ( -0.1250000000000000000, 0.03500000000000000333, 0.01600000000000000380 ) ) ;
#2477 = LINE ( 'NONE', #4486, #1451 ) ;
#2478 = ORIENTED_EDGE ( 'NONE', *, *, #3955, .T. ) ;
#2479 = CARTESIAN_POINT ( 'NONE',  ( 0.3125000000000000000, 0.2200000000000000011, 0.05249999999999999806 ) ) ;
#2480 = ORIENTED_EDGE ( 'NONE', *, *, #5016, .F. ) ;
#2481 = DIRECTION ( 'NONE',  ( -0.000000000000000000, 0.000000000000000000, 1.000000000000000000 ) ) ;
#2482 = FACE_OUTER_BOUND ( 'NONE', #1034, .T. ) ;
#2483 = EDGE_CURVE ( 'NONE', #413, #6903, #3733, .T. ) ;
#2484 = PLANE ( 'NONE',  #5374 ) ;
#2485 = ORIENTED_EDGE ( 'NONE', *, *, #503, .T. ) ;
#2486 = ORIENTED_EDGE ( 'NONE', *, *, #4698, .F. ) ;
#2487 = DIRECTION ( 'NONE',  ( 0.000000000000000000, 1.000000000000000000, -0.000000000000000000 ) ) ;
#2488 = EDGE_CURVE ( 'NONE', #3224, #4905, #6749, .T. ) ;
#2489 = CARTESIAN_POINT ( 'NONE',  ( -0.1319999999999999785, 0.02999999999999999889, -0.05000000000000000278 ) ) ;
#2490 = CARTESIAN_POINT ( 'NONE',  ( -0.1319999999999999785, -0.06500000000000000222, 0.1874999999999999722 ) ) ;
#2491 = EDGE_CURVE ( 'NONE', #736, #2374, #5453, .T. ) ;
#2492 = ORIENTED_EDGE ( 'NONE', *, *, #7001, .F. ) ;
#2493 = DIRECTION ( 'NONE',  ( -0.000000000000000000, 0.000000000000000000, 1.000000000000000000 ) ) ;
#2494 = EDGE_LOOP ( 'NONE', ( #5850, #5121, #8643, #1330 ) ) ;
#2495 = ORIENTED_EDGE ( 'NONE', *, *, #8477, .F. ) ;
#2496 = ORIENTED_EDGE ( 'NONE', *, *, #6835, .F. ) ;
#2497 = LINE ( 'NONE', #1114, #4879 ) ;
#2498 = LINE ( 'NONE', #7987, #656 ) ;
#2499 = DIRECTION ( 'NONE',  ( -0.000000000000000000, 0.000000000000000000, 1.000000000000000000 ) ) ;
#2500 = AXIS2_PLACEMENT_3D ( 'NONE', #3766, #6668, #5149 ) ;
#2501 = DIRECTION ( 'NONE',  ( 1.000000000000000000, 0.000000000000000000, -0.000000000000000000 ) ) ;
#2502 = VECTOR ( 'NONE', #2622, 39.37007874015748143 ) ;
#2503 = CARTESIAN_POINT ( 'NONE',  ( 0.03199999999999999373, -0.01000000000000000021, 0.03500000000000000333 ) ) ;
#2504 = ORIENTED_EDGE ( 'NONE', *, *, #2675, .F. ) ;
#2505 = EDGE_CURVE ( 'NONE', #7814, #6473, #5015, .T. ) ;
#2506 = VECTOR ( 'NONE', #7343, 39.37007874015748143 ) ;
#2507 = DIRECTION ( 'NONE',  ( -1.000000000000000000, 0.000000000000000000, -0.000000000000000000 ) ) ;
#2508 = ORIENTED_EDGE ( 'NONE', *, *, #2098, .T. ) ;
#2509 = LINE ( 'NONE', #1298, #1455 ) ;
#2510 = EDGE_LOOP ( 'NONE', ( #1680, #3836, #783, #4010 ) ) ;
#2511 = CARTESIAN_POINT ( 'NONE',  ( -0.2249999999999999778, 0.1905000000000000027, -0.01600000000000000380 ) ) ;
#2512 = CARTESIAN_POINT ( 'NONE',  ( 0.2320000000000000118, -0.01499999999999999771, 0.01999999999999999695 ) ) ;
#2513 = VECTOR ( 'NONE', #1092, 39.37007874015748143 ) ;
#2514 = ORIENTED_EDGE ( 'NONE', *, *, #5097, .T. ) ;
#2515 = DIRECTION ( 'NONE',  ( -1.000000000000000000, 0.000000000000000000, 0.000000000000000000 ) ) ;
#2516 = EDGE_CURVE ( 'NONE', #4837, #3155, #1020, .T. ) ;
#2517 = VECTOR ( 'NONE', #4863, 39.37007874015748143 ) ;
#2518 = VECTOR ( 'NONE', #7648, 39.37007874015748143 ) ;
#2519 = CARTESIAN_POINT ( 'NONE',  ( 0.01799999999999999517, -0.07499999999999999722, 0.1874999999999999722 ) ) ;
#2520 = EDGE_CURVE ( 'NONE', #6146, #8632, #1347, .T. ) ;
#2521 = CARTESIAN_POINT ( 'NONE',  ( 0.2500000000000000000, 0.02999999999999999889, 0.02000000000000010103 ) ) ;
#2522 = AXIS2_PLACEMENT_3D ( 'NONE', #510, #7848, #3249 ) ;
#2523 = ORIENTED_EDGE ( 'NONE', *, *, #8808, .F. ) ;
#2524 = DIRECTION ( 'NONE',  ( 0.000000000000000000, 0.000000000000000000, 1.000000000000000000 ) ) ;
#2525 = ORIENTED_EDGE ( 'NONE', *, *, #3614, .F. ) ;
#2526 = DIRECTION ( 'NONE',  ( 0.000000000000000000, -1.000000000000000000, 0.000000000000000000 ) ) ;
#2527 = CIRCLE ( 'NONE', #6934, 0.008999999999999997585 ) ;
#2528 = PLANE ( 'NONE',  #574 ) ;
#2529 = AXIS2_PLACEMENT_3D ( 'NONE', #7742, #6536, #5113 ) ;
#2530 = ORIENTED_EDGE ( 'NONE', *, *, #1754, .T. ) ;
#2531 = EDGE_CURVE ( 'NONE', #7575, #691, #5497, .T. ) ;
#2532 = EDGE_LOOP ( 'NONE', ( #1693, #3311, #1880, #2525 ) ) ;
#2533 = AXIS2_PLACEMENT_3D ( 'NONE', #4257, #7439, #132 ) ;
#2534 = EDGE_CURVE ( 'NONE', #6092, #1751, #528, .T. ) ;
#2535 = ORIENTED_EDGE ( 'NONE', *, *, #5152, .F. ) ;
#2536 = CARTESIAN_POINT ( 'NONE',  ( -0.1819999999999999951, -0.05999999999999999778, -0.01999999999999999695 ) ) ;
#2537 = DIRECTION ( 'NONE',  ( 0.000000000000000000, 0.000000000000000000, 1.000000000000000000 ) ) ;
#2538 = EDGE_CURVE ( 'NONE', #8380, #5185, #8182, .T. ) ;
#2539 = DIRECTION ( 'NONE',  ( 0.000000000000000000, 0.000000000000000000, 1.000000000000000000 ) ) ;
#2540 = VECTOR ( 'NONE', #6063, 39.37007874015748143 ) ;
#2541 = ORIENTED_EDGE ( 'NONE', *, *, #1044, .T. ) ;
#2542 = UNCERTAINTY_MEASURE_WITH_UNIT (LENGTH_MEASURE( 1.000000000000000082E-05 ), #694, 'distance_accuracy_value', 'NONE');
#2543 = CARTESIAN_POINT ( 'NONE',  ( 0.3125000000000000000, 0.2049999999999999878, 0.03750000000000000555 ) ) ;
#2544 = ADVANCED_FACE ( 'NONE', ( #3269 ), #5994, .F. ) ;
#2545 = ORIENTED_EDGE ( 'NONE', *, *, #2531, .T. ) ;
#2546 = ORIENTED_EDGE ( 'NONE', *, *, #631, .F. ) ;
#2547 = DIRECTION ( 'NONE',  ( 0.000000000000000000, 0.000000000000000000, 1.000000000000000000 ) ) ;
#2548 = SURFACE_STYLE_USAGE ( .BOTH. , #8032 ) ;
#2549 = ORIENTED_EDGE ( 'NONE', *, *, #3785, .T. ) ;
#2550 = DIRECTION ( 'NONE',  ( -0.000000000000000000, 0.000000000000000000, -1.000000000000000000 ) ) ;
#2551 = CARTESIAN_POINT ( 'NONE',  ( 0.2500000000000000000, -0.05999999999999999778, -0.02000000000000000042 ) ) ;
#2552 = LINE ( 'NONE', #7989, #7264 ) ;
#2553 = ADVANCED_FACE ( 'NONE', ( #2059 ), #4773, .T. ) ;
#2554 = CARTESIAN_POINT ( 'NONE',  ( 0.1250000000000000000, 0.2550000000000000044, 0.03400000000000000244 ) ) ;
#2555 = DIRECTION ( 'NONE',  ( -0.000000000000000000, 1.000000000000000000, 0.000000000000000000 ) ) ;
#2556 = ORIENTED_EDGE ( 'NONE', *, *, #6613, .F. ) ;
#2557 = DIRECTION ( 'NONE',  ( 0.000000000000000000, -1.000000000000000000, 0.000000000000000000 ) ) ;
#2558 = DIRECTION ( 'NONE',  ( 0.000000000000000000, 0.000000000000000000, 1.000000000000000000 ) ) ;
#2559 = ORIENTED_EDGE ( 'NONE', *, *, #6941, .F. ) ;
#2560 = DIRECTION ( 'NONE',  ( 0.000000000000000000, -1.000000000000000000, 0.000000000000000000 ) ) ;
#2561 = CARTESIAN_POINT ( 'NONE',  ( 0.03199999999999999373, -0.02500000000000000139, 0.1874999999999999722 ) ) ;
#2562 = ORIENTED_EDGE ( 'NONE', *, *, #1907, .F. ) ;
#2563 = CARTESIAN_POINT ( 'NONE',  ( 0.2500000000000000000, -0.01499999999999999944, 0.1874999999999999722 ) ) ;
#2564 = DIRECTION ( 'NONE',  ( -0.000000000000000000, -0.000000000000000000, -1.000000000000000000 ) ) ;
#2565 = LINE ( 'NONE', #6087, #3450 ) ;
#2566 = ORIENTED_EDGE ( 'NONE', *, *, #7145, .T. ) ;
#2567 = CARTESIAN_POINT ( 'NONE',  ( -0.1819999999999999951, -0.1000000000000000056, 0.1874999999999999722 ) ) ;
#2568 = EDGE_LOOP ( 'NONE', ( #6789, #4186, #3470, #4966 ) ) ;
#2569 = LINE ( 'NONE', #1941, #6074 ) ;
#2570 = LINE ( 'NONE', #629, #3863 ) ;
#2571 = EDGE_CURVE ( 'NONE', #2464, #7290, #6582, .T. ) ;
#2572 = VERTEX_POINT ( 'NONE', #4113 ) ;
#2573 = ORIENTED_EDGE ( 'NONE', *, *, #5469, .F. ) ;
#2574 = CIRCLE ( 'NONE', #4836, 0.005000000000000021788 ) ;
#2575 = CARTESIAN_POINT ( 'NONE',  ( 0.2249999999999999778, 0.03500000000000000333, 0.01600000000000000380 ) ) ;
#2576 = DIRECTION ( 'NONE',  ( -1.000000000000000000, 0.000000000000000000, 0.000000000000000000 ) ) ;
#2577 = EDGE_CURVE ( 'NONE', #3751, #196, #6829, .T. ) ;
#2578 = CARTESIAN_POINT ( 'NONE',  ( -0.1250000000000000000, 0.03500000000000000333, -0.01600000000000000380 ) ) ;
#2579 = CIRCLE ( 'NONE', #7996, 0.008999999999999997585 ) ;
#2580 = ORIENTED_EDGE ( 'NONE', *, *, #1764, .T. ) ;
#2581 = DIRECTION ( 'NONE',  ( 0.000000000000000000, 0.000000000000000000, 1.000000000000000000 ) ) ;
#2582 = ADVANCED_FACE ( 'NONE', ( #1260 ), #6080, .T. ) ;
#2583 = ORIENTED_EDGE ( 'NONE', *, *, #3655, .T. ) ;
#2584 = CARTESIAN_POINT ( 'NONE',  ( -0.06800000000000000488, 0.02999999999999999889, 0.03000000000000008910 ) ) ;
#2585 = VECTOR ( 'NONE', #7581, 39.37007874015748143 ) ;
#2586 = VERTEX_POINT ( 'NONE', #4648 ) ;
#2587 = DIRECTION ( 'NONE',  ( 0.000000000000000000, -1.000000000000000000, 0.000000000000000000 ) ) ;
#2588 = VECTOR ( 'NONE', #1118, 39.37007874015748143 ) ;
#2589 = DIRECTION ( 'NONE',  ( -1.000000000000000000, -0.000000000000000000, 0.000000000000000000 ) ) ;
#2590 = DIRECTION ( 'NONE',  ( -1.000000000000000000, 0.000000000000000000, 0.000000000000000000 ) ) ;
#2591 = PLANE ( 'NONE',  #7293 ) ;
#2592 = EDGE_CURVE ( 'NONE', #7383, #6422, #2601, .T. ) ;
#2593 = AXIS2_PLACEMENT_3D ( 'NONE', #4887, #5833, #7612 ) ;
#2594 = LINE ( 'NONE', #6033, #3930 ) ;
#2595 = EDGE_CURVE ( 'NONE', #1920, #4183, #7381, .T. ) ;
#2596 = ORIENTED_EDGE ( 'NONE', *, *, #5845, .F. ) ;
#2597 = CARTESIAN_POINT ( 'NONE',  ( 0.2500000000000000000, -0.02500000000000000139, 0.02999999999999999889 ) ) ;
#2598 = ORIENTED_EDGE ( 'NONE', *, *, #8370, .F. ) ;
#2599 = DIRECTION ( 'NONE',  ( -1.000000000000000000, 0.000000000000000000, -0.000000000000000000 ) ) ;
#2600 = ORIENTED_EDGE ( 'NONE', *, *, #2642, .F. ) ;
#2601 = LINE ( 'NONE', #3312, #3872 ) ;
#2602 = CYLINDRICAL_SURFACE ( 'NONE', #4515, 0.008999999999999999320 ) ;
#2604 = ORIENTED_EDGE ( 'NONE', *, *, #1351, .F. ) ;
#2603 = AXIS2_PLACEMENT_3D ( 'NONE', #2175, #3143, #3009 ) ;
#2605 = EDGE_CURVE ( 'NONE', #3811, #5198, #2016, .T. ) ;
#2606 = CARTESIAN_POINT ( 'NONE',  ( 0.2874999999999999778, 0.000000000000000000, -0.1124999999999999889 ) ) ;
#2607 = CIRCLE ( 'NONE', #2884, 0.01000000000000000021 ) ;
#2608 = VECTOR ( 'NONE', #1616, 39.37007874015748143 ) ;
#2609 = LINE ( 'NONE', #5914, #513 ) ;
#2610 = DIRECTION ( 'NONE',  ( 0.000000000000000000, -0.000000000000000000, -1.000000000000000000 ) ) ;
#2611 = VECTOR ( 'NONE', #470, 39.37007874015748143 ) ;
#2612 = ORIENTED_EDGE ( 'NONE', *, *, #1332, .F. ) ;
#2613 = DIRECTION ( 'NONE',  ( 1.000000000000000000, -0.000000000000000000, 0.000000000000000000 ) ) ;
#2614 = ORIENTED_EDGE ( 'NONE', *, *, #2978, .T. ) ;
#2615 = CARTESIAN_POINT ( 'NONE',  ( -0.2775000000000000244, 0.2200000000000000566, 0.05250000000000000500 ) ) ;
#2616 = AXIS2_PLACEMENT_3D ( 'NONE', #4508, #383, #6650 ) ;
#2617 = CYLINDRICAL_SURFACE ( 'NONE', #3300, 0.008999999999999999320 ) ;
#2618 = EDGE_CURVE ( 'NONE', #1947, #6480, #1300, .T. ) ;
#2619 = ORIENTED_EDGE ( 'NONE', *, *, #3270, .T. ) ;
#2620 = EDGE_LOOP ( 'NONE', ( #7331, #2403, #7215, #3559 ) ) ;
#2621 = EDGE_CURVE ( 'NONE', #6133, #1578, #6039, .T. ) ;
#2622 = DIRECTION ( 'NONE',  ( -0.000000000000000000, -0.000000000000000000, 1.000000000000000000 ) ) ;
#2623 = LINE ( 'NONE', #544, #6562 ) ;
#2624 = DIRECTION ( 'NONE',  ( -1.000000000000000000, -0.000000000000000000, 0.000000000000000000 ) ) ;
#2625 = ORIENTED_EDGE ( 'NONE', *, *, #5697, .T. ) ;
#2626 = FACE_OUTER_BOUND ( 'NONE', #1454, .T. ) ;
#2627 = VERTEX_POINT ( 'NONE', #5409 ) ;
#2628 = ADVANCED_FACE ( 'NONE', ( #1428 ), #7724, .F. ) ;
#2629 = DIRECTION ( 'NONE',  ( -1.000000000000000000, 0.000000000000000000, -0.000000000000000000 ) ) ;
#2630 = LINE ( 'NONE', #5895, #7889 ) ;
#2631 = EDGE_LOOP ( 'NONE', ( #8305, #2619, #296, #7692 ) ) ;
#2632 = CARTESIAN_POINT ( 'NONE',  ( 0.2179999999999999993, -0.05999999999999999778, -0.01999999999999999695 ) ) ;
#2633 = EDGE_LOOP ( 'NONE', ( #5718, #8620, #3570, #6263 ) ) ;
#2634 = CARTESIAN_POINT ( 'NONE',  ( 0.2775000000000000244, 0.2200000000000000011, 0.000000000000000000 ) ) ;
#2635 = PLANE ( 'NONE',  #4425 ) ;
#2636 = DIRECTION ( 'NONE',  ( 0.000000000000000000, 1.000000000000000000, -0.000000000000000000 ) ) ;
#2637 = DIRECTION ( 'NONE',  ( -0.000000000000000000, -0.000000000000000000, 1.000000000000000000 ) ) ;
#2638 = ORIENTED_EDGE ( 'NONE', *, *, #2052, .T. ) ;
#2639 = EDGE_CURVE ( 'NONE', #5637, #5343, #5679, .T. ) ;
#2640 = DIRECTION ( 'NONE',  ( 0.000000000000000000, 0.000000000000000000, 1.000000000000000000 ) ) ;
#2641 = CARTESIAN_POINT ( 'NONE',  ( 0.2320000000000000118, -0.02500000000000000139, 0.1874999999999999722 ) ) ;
#2642 = EDGE_CURVE ( 'NONE', #2086, #2671, #722, .T. ) ;
#2643 = ORIENTED_EDGE ( 'NONE', *, *, #2534, .T. ) ;
#2644 = DIRECTION ( 'NONE',  ( 0.000000000000000000, -0.000000000000000000, 1.000000000000000000 ) ) ;
#2645 = DIRECTION ( 'NONE',  ( -1.000000000000000000, 0.000000000000000000, 0.000000000000000000 ) ) ;
#2646 = ORIENTED_EDGE ( 'NONE', *, *, #3242, .T. ) ;
#2647 = DIRECTION ( 'NONE',  ( 0.000000000000000000, 1.000000000000000000, -0.000000000000000000 ) ) ;
#2648 = AXIS2_PLACEMENT_3D ( 'NONE', #1904, #7305, #4625 ) ;
#2649 = ADVANCED_FACE ( 'NONE', ( #934 ), #6202, .T. ) ;
#2650 = EDGE_CURVE ( 'NONE', #1844, #8541, #6965, .T. ) ;
#2651 = CARTESIAN_POINT ( 'NONE',  ( 0.000000000000000000, -0.07499999999999999722, 0.000000000000000000 ) ) ;
#2652 = DIRECTION ( 'NONE',  ( 1.000000000000000000, -0.000000000000000000, -0.000000000000000000 ) ) ;
#2653 = VECTOR ( 'NONE', #8152, 39.37007874015748143 ) ;
#2654 = DIRECTION ( 'NONE',  ( -0.000000000000000000, -0.000000000000000000, -1.000000000000000000 ) ) ;
#2655 = EDGE_CURVE ( 'NONE', #3200, #2141, #1559, .T. ) ;
#2656 = FACE_OUTER_BOUND ( 'NONE', #1427, .T. ) ;
#2657 = VECTOR ( 'NONE', #7954, 39.37007874015748143 ) ;
#2658 = VERTEX_POINT ( 'NONE', #6915 ) ;
#2659 = FACE_BOUND ( 'NONE', #6831, .T. ) ;
#2660 = CIRCLE ( 'NONE', #6501, 0.008999999999999999320 ) ;
#2661 = CARTESIAN_POINT ( 'NONE',  ( -0.07499999999999999722, 0.2550000000000000044, 0.02500000000000000139 ) ) ;
#2662 = ORIENTED_EDGE ( 'NONE', *, *, #4622, .T. ) ;
#2663 = AXIS2_PLACEMENT_3D ( 'NONE', #1686, #7939, #7178 ) ;
#2664 = DIRECTION ( 'NONE',  ( 0.000000000000000000, -1.000000000000000000, 0.000000000000000000 ) ) ;
#2665 = EDGE_LOOP ( 'NONE', ( #3818, #2778, #3744, #35 ) ) ;
#2666 = VECTOR ( 'NONE', #5486, 39.37007874015748143 ) ;
#2667 = LINE ( 'NONE', #6681, #6635 ) ;
#2668 = VECTOR ( 'NONE', #4884, 39.37007874015748143 ) ;
#2669 = DIRECTION ( 'NONE',  ( 0.000000000000000000, 0.000000000000000000, -1.000000000000000000 ) ) ;
#2670 = CARTESIAN_POINT ( 'NONE',  ( 0.2500000000000000000, -0.01000000000000000021, 0.03500000000000000333 ) ) ;
#2671 = VERTEX_POINT ( 'NONE', #4333 ) ;
#2672 = EDGE_LOOP ( 'NONE', ( #3852, #8711, #6662, #3705, #240, #7129, #7149, #2274 ) ) ;
#2673 = CARTESIAN_POINT ( 'NONE',  ( 0.01799999999999998476, -0.01000000000000000021, 0.02999999999999999542 ) ) ;
#2674 = ORIENTED_EDGE ( 'NONE', *, *, #43, .F. ) ;
#2675 = EDGE_CURVE ( 'NONE', #3788, #1556, #2990, .T. ) ;
#2676 = DIRECTION ( 'NONE',  ( -1.000000000000000000, 0.000000000000000000, -0.000000000000000000 ) ) ;
#2677 = ORIENTED_EDGE ( 'NONE', *, *, #3121, .T. ) ;
#2678 = CARTESIAN_POINT ( 'NONE',  ( -0.1680000000000000382, -0.01000000000000000021, 0.03000000000000004746 ) ) ;
#2679 = CARTESIAN_POINT ( 'NONE',  ( -0.07499999999999999722, 0.2550000000000000044, -0.02500000000000000139 ) ) ;
#2680 = VECTOR ( 'NONE', #900, 39.37007874015748143 ) ;
#2681 = CARTESIAN_POINT ( 'NONE',  ( 0.2500000000000000000, -0.01499999999999999944, 0.1874999999999999722 ) ) ;
#2682 = DIRECTION ( 'NONE',  ( 0.000000000000000000, 0.000000000000000000, -1.000000000000000000 ) ) ;
#2683 = ADVANCED_FACE ( 'NONE', ( #2903 ), #125, .T. ) ;
#2684 = DIRECTION ( 'NONE',  ( 1.000000000000000000, 0.000000000000000000, 0.000000000000000000 ) ) ;
#2685 = ORIENTED_EDGE ( 'NONE', *, *, #4172, .F. ) ;
#2686 = PLANE ( 'NONE',  #7580 ) ;
#2687 = ORIENTED_EDGE ( 'NONE', *, *, #5164, .T. ) ;
#2688 = CARTESIAN_POINT ( 'NONE',  ( -0.1680000000000000382, -0.02500000000000000139, 0.02999999999999999889 ) ) ;
#2689 = ORIENTED_EDGE ( 'NONE', *, *, #3854, .T. ) ;
#2690 = CARTESIAN_POINT ( 'NONE',  ( 0.3125000000000000000, 0.2049999999999999878, -0.03749999999999999861 ) ) ;
#2691 = FACE_OUTER_BOUND ( 'NONE', #8817, .T. ) ;
#2692 = ORIENTED_EDGE ( 'NONE', *, *, #1312, .F. ) ;
#2693 = FACE_OUTER_BOUND ( 'NONE', #5620, .T. ) ;
#2694 = EDGE_CURVE ( 'NONE', #1424, #2882, #843, .T. ) ;
#2695 = CARTESIAN_POINT ( 'NONE',  ( -0.1749999999999999889, 0.1905000000000000027, -0.01600000000000000380 ) ) ;
#2696 = DIRECTION ( 'NONE',  ( -1.000000000000000000, 0.000000000000000000, -0.000000000000000000 ) ) ;
#2697 = EDGE_CURVE ( 'NONE', #80, #3718, #7629, .T. ) ;
#2698 = DIRECTION ( 'NONE',  ( -0.7071067811865479058, 0.7071067811865469066, 0.000000000000000000 ) ) ;
#2699 = CARTESIAN_POINT ( 'NONE',  ( -0.1320000000000000062, -0.1000000000000000056, 0.1874999999999999722 ) ) ;
#2700 = ORIENTED_EDGE ( 'NONE', *, *, #4424, .T. ) ;
#2701 = FACE_BOUND ( 'NONE', #5647, .T. ) ;
#2702 = CYLINDRICAL_SURFACE ( 'NONE', #5004, 0.008999999999999999320 ) ;
#2703 = EDGE_CURVE ( 'NONE', #342, #6092, #2178, .T. ) ;
#2704 = ORIENTED_EDGE ( 'NONE', *, *, #4483, .F. ) ;
#2705 = ORIENTED_EDGE ( 'NONE', *, *, #6845, .T. ) ;
#2706 = PLANE ( 'NONE',  #3920 ) ;
#2707 = LINE ( 'NONE', #5428, #3289 ) ;
#2708 = DIRECTION ( 'NONE',  ( 0.000000000000000000, 1.000000000000000000, 0.000000000000000000 ) ) ;
#2709 = CIRCLE ( 'NONE', #5137, 0.01000000000000000021 ) ;
#2710 = ORIENTED_EDGE ( 'NONE', *, *, #5387, .F. ) ;
#2711 = LINE ( 'NONE', #5433, #8016 ) ;
#2712 = VERTEX_POINT ( 'NONE', #7586 ) ;
#2713 = DIRECTION ( 'NONE',  ( 0.000000000000000000, 1.000000000000000000, 0.000000000000000000 ) ) ;
#2714 = PRODUCT_CONTEXT ( 'NONE', #5800, 'mechanical' ) ;
#2715 = ORIENTED_EDGE ( 'NONE', *, *, #822, .T. ) ;
#2716 =( NAMED_UNIT ( * ) SI_UNIT ( $, .STERADIAN. ) SOLID_ANGLE_UNIT ( ) );
#2717 = ORIENTED_EDGE ( 'NONE', *, *, #6956, .F. ) ;
#2718 = CARTESIAN_POINT ( 'NONE',  ( -0.1475000000000000200, 0.05650000000000000161, -0.06500000000000000222 ) ) ;
#2719 = ORIENTED_EDGE ( 'NONE', *, *, #709, .F. ) ;
#2720 = DIRECTION ( 'NONE',  ( 0.000000000000000000, 0.000000000000000000, -1.000000000000000000 ) ) ;
#2721 = VECTOR ( 'NONE', #6677, 39.37007874015748143 ) ;
#2722 = CARTESIAN_POINT ( 'NONE',  ( -0.3125000000000000000, 0.2200000000000000011, -0.03749999999999999167 ) ) ;
#2723 = CARTESIAN_POINT ( 'NONE',  ( 0.1319999999999999785, -0.07499999999999999722, 0.1874999999999999722 ) ) ;
#2724 = ORIENTED_EDGE ( 'NONE', *, *, #970, .F. ) ;
#2725 = CIRCLE ( 'NONE', #3153, 0.008999999999999999320 ) ;
#2726 = DIRECTION ( 'NONE',  ( -1.000000000000000000, 0.000000000000000000, 0.000000000000000000 ) ) ;
#2727 = PLANE ( 'NONE',  #5752 ) ;
#2728 = ORIENTED_EDGE ( 'NONE', *, *, #1097, .F. ) ;
#2729 = EDGE_CURVE ( 'NONE', #2141, #1793, #1474, .T. ) ;
#2730 = CARTESIAN_POINT ( 'NONE',  ( 0.2500000000000000000, -0.01000000000000000021, 0.03500000000000000333 ) ) ;
#2731 = LINE ( 'NONE', #8266, #6219 ) ;
#2732 = EDGE_LOOP ( 'NONE', ( #3018, #285, #8555, #6269 ) ) ;
#2733 = DIRECTION ( 'NONE',  ( -1.000000000000000000, 0.000000000000000000, 0.000000000000000000 ) ) ;
#2734 = VECTOR ( 'NONE', #1386, 39.37007874015748143 ) ;
#2735 = DIRECTION ( 'NONE',  ( -1.000000000000000000, 0.000000000000000000, -0.000000000000000000 ) ) ;
#2736 = DIRECTION ( 'NONE',  ( 0.000000000000000000, -1.000000000000000000, 0.000000000000000000 ) ) ;
#2737 = VECTOR ( 'NONE', #1981, 39.37007874015748143 ) ;
#2738 = DIRECTION ( 'NONE',  ( 1.000000000000000000, 0.000000000000000000, 0.000000000000000000 ) ) ;
#2739 = CARTESIAN_POINT ( 'NONE',  ( -0.06800000000000000488, -0.07499999999999999722, -0.02000000000000000042 ) ) ;
#2740 = EDGE_CURVE ( 'NONE', #1424, #5716, #6249, .T. ) ;
#2741 = CARTESIAN_POINT ( 'NONE',  ( -0.1319999999999999785, 0.02999999999999999889, -0.01999999999999997960 ) ) ;
#2742 = VERTEX_POINT ( 'NONE', #7051 ) ;
#2743 = FACE_BOUND ( 'NONE', #1245, .T. ) ;
#2744 = VECTOR ( 'NONE', #220, 39.37007874015748143 ) ;
#2745 = ORIENTED_EDGE ( 'NONE', *, *, #2386, .F. ) ;
#2746 = AXIS2_PLACEMENT_3D ( 'NONE', #8263, #1516, #4770 ) ;
#2747 = DIRECTION ( 'NONE',  ( -1.000000000000000000, 0.000000000000000000, 0.000000000000000000 ) ) ;
#2748 = EDGE_CURVE ( 'NONE', #414, #8298, #6381, .T. ) ;
#2749 = VECTOR ( 'NONE', #2550, 39.37007874015748143 ) ;
#2750 = CARTESIAN_POINT ( 'NONE',  ( 0.2500000000000000000, 0.03500000000000000333, 0.04249999999999999611 ) ) ;
#2751 = CARTESIAN_POINT ( 'NONE',  ( 0.000000000000000000, 0.1905000000000000027, 0.000000000000000000 ) ) ;
#2752 = EDGE_CURVE ( 'NONE', #4644, #414, #6032, .T. ) ;
#2753 = EDGE_LOOP ( 'NONE', ( #1820, #3485, #6551, #2219, #3292, #2756, #4900, #1346 ) ) ;
#2755 = EDGE_CURVE ( 'NONE', #3277, #1793, #2193, .T. ) ;
#2754 = DIRECTION ( 'NONE',  ( -0.000000000000000000, 0.000000000000000000, -1.000000000000000000 ) ) ;
#2756 = ORIENTED_EDGE ( 'NONE', *, *, #7311, .F. ) ;
#2757 = LINE ( 'NONE', #4889, #3961 ) ;
#2758 = ORIENTED_EDGE ( 'NONE', *, *, #3162, .F. ) ;
#2759 = CARTESIAN_POINT ( 'NONE',  ( 0.2500000000000000000, -0.06500000000000000222, -0.01499999999999990750 ) ) ;
#2760 = ORIENTED_EDGE ( 'NONE', *, *, #2748, .F. ) ;
#2761 = FACE_OUTER_BOUND ( 'NONE', #536, .T. ) ;
#2762 = ORIENTED_EDGE ( 'NONE', *, *, #4878, .T. ) ;
#2763 = CARTESIAN_POINT ( 'NONE',  ( -0.2179999999999999993, -0.07499999999999999722, 0.000000000000000000 ) ) ;
#2764 = CARTESIAN_POINT ( 'NONE',  ( 0.03200000000000000067, 0.02999999999999999889, 0.1874999999999999722 ) ) ;
#2765 = ADVANCED_FACE ( 'NONE', ( #5722 ), #2330, .T. ) ;
#2766 = LINE ( 'NONE', #8835, #4008 ) ;
#2767 = ORIENTED_EDGE ( 'NONE', *, *, #5156, .F. ) ;
#2768 = PLANE ( 'NONE',  #1032 ) ;
#2769 = VERTEX_POINT ( 'NONE', #3486 ) ;
#2770 = CARTESIAN_POINT ( 'NONE',  ( 0.2500000000000000000, -0.06500000000000000222, 0.1874999999999999722 ) ) ;
#2771 = LINE ( 'NONE', #8136, #954 ) ;
#2772 = ORIENTED_EDGE ( 'NONE', *, *, #7500, .T. ) ;
#2773 = CARTESIAN_POINT ( 'NONE',  ( 0.07499999999999999722, 0.2550000000000000044, 0.03400000000000000244 ) ) ;
#2774 = DIRECTION ( 'NONE',  ( 1.000000000000000000, 0.000000000000000000, 0.000000000000000000 ) ) ;
#2775 = AXIS2_PLACEMENT_3D ( 'NONE', #1666, #7025, #4397 ) ;
#2776 = DIRECTION ( 'NONE',  ( 0.000000000000000000, 0.000000000000000000, 1.000000000000000000 ) ) ;
#2777 = DIRECTION ( 'NONE',  ( 0.000000000000000000, -1.000000000000000000, 0.000000000000000000 ) ) ;
#2778 = ORIENTED_EDGE ( 'NONE', *, *, #7056, .F. ) ;
#2779 = EDGE_CURVE ( 'NONE', #4843, #4383, #3124, .T. ) ;
#2780 = DIRECTION ( 'NONE',  ( 0.000000000000000000, 0.000000000000000000, -1.000000000000000000 ) ) ;
#2781 = CIRCLE ( 'NONE', #2216, 0.008999999999999999320 ) ;
#2782 = VERTEX_POINT ( 'NONE', #1694 ) ;
#2783 = FACE_OUTER_BOUND ( 'NONE', #4027, .T. ) ;
#2784 = AXIS2_PLACEMENT_3D ( 'NONE', #2473, #5869, #3853 ) ;
#2785 = EDGE_CURVE ( 'NONE', #6319, #152, #7139, .T. ) ;
#2786 = VECTOR ( 'NONE', #7298, 39.37007874015748143 ) ;
#2787 = VECTOR ( 'NONE', #5962, 39.37007874015748143 ) ;
#2788 = ORIENTED_EDGE ( 'NONE', *, *, #8609, .F. ) ;
#2789 = LINE ( 'NONE', #13, #1635 ) ;
#2790 = LINE ( 'NONE', #1408, #8283 ) ;
#2791 = CARTESIAN_POINT ( 'NONE',  ( -0.2625000000000000111, 0.2049999999999999878, 0.03750000000000000555 ) ) ;
#2792 = CIRCLE ( 'NONE', #5077, 0.01000000000000000021 ) ;
#2793 = EDGE_CURVE ( 'NONE', #5438, #5652, #4420, .T. ) ;
#2794 = ORIENTED_EDGE ( 'NONE', *, *, #5960, .T. ) ;
#2795 = EDGE_LOOP ( 'NONE', ( #4680, #6846, #156, #282 ) ) ;
#2796 = AXIS2_PLACEMENT_3D ( 'NONE', #2060, #617, #4774 ) ;
#2797 = CARTESIAN_POINT ( 'NONE',  ( -0.1680000000000000382, 0.02999999999999999889, 0.02000000000000003164 ) ) ;
#2798 = ORIENTED_EDGE ( 'NONE', *, *, #5239, .F. ) ;
#2799 = AXIS2_PLACEMENT_3D ( 'NONE', #810, #137, #2871 ) ;
#2800 = CARTESIAN_POINT ( 'NONE',  ( 0.1819999999999999951, -0.06500000000000000222, 0.1874999999999999722 ) ) ;
#2801 = EDGE_CURVE ( 'NONE', #8460, #5268, #4468, .T. ) ;
#2802 = ORIENTED_EDGE ( 'NONE', *, *, #3348, .T. ) ;
#2803 = CARTESIAN_POINT ( 'NONE',  ( -0.1819999999999999951, -0.01499999999999999771, 0.03500000000000000333 ) ) ;
#2804 = ORIENTED_EDGE ( 'NONE', *, *, #5403, .F. ) ;
#2805 = PLANE ( 'NONE',  #8228 ) ;
#2806 = ORIENTED_EDGE ( 'NONE', *, *, #2951, .T. ) ;
#2807 = FACE_OUTER_BOUND ( 'NONE', #6584, .T. ) ;
#2808 = VECTOR ( 'NONE', #7054, 39.37007874015748143 ) ;
#2809 = DIRECTION ( 'NONE',  ( 0.000000000000000000, 0.000000000000000000, 1.000000000000000000 ) ) ;
#2810 = VECTOR ( 'NONE', #398, 39.37007874015748143 ) ;
#2811 = ORIENTED_EDGE ( 'NONE', *, *, #6547, .F. ) ;
#2812 = AXIS2_PLACEMENT_3D ( 'NONE', #5695, #7786, #7116 ) ;
#2813 = ADVANCED_FACE ( 'NONE', ( #343 ), #7100, .F. ) ;
#2814 = DIRECTION ( 'NONE',  ( -1.000000000000000000, 0.000000000000000000, -0.000000000000000000 ) ) ;
#2815 = ORIENTED_EDGE ( 'NONE', *, *, #8379, .F. ) ;
#2816 = EDGE_LOOP ( 'NONE', ( #7299, #3735 ) ) ;
#2817 = CYLINDRICAL_SURFACE ( 'NONE', #3178, 0.01000000000000000021 ) ;
#2818 = EDGE_CURVE ( 'NONE', #4630, #1361, #3881, .T. ) ;
#2819 = ORIENTED_EDGE ( 'NONE', *, *, #1223, .T. ) ;
#2820 = DIRECTION ( 'NONE',  ( -0.000000000000000000, -1.000000000000000000, -0.000000000000000000 ) ) ;
#2821 = CARTESIAN_POINT ( 'NONE',  ( 0.2500000000000000000, -0.01000000000000000021, 0.03500000000000000333 ) ) ;
#2822 = VERTEX_POINT ( 'NONE', #3212 ) ;
#2823 = DIRECTION ( 'NONE',  ( -1.000000000000000000, 0.000000000000000000, 0.000000000000000000 ) ) ;
#2824 = VECTOR ( 'NONE', #7667, 39.37007874015748143 ) ;
#2825 = LINE ( 'NONE', #5549, #2517 ) ;
#2826 = LINE ( 'NONE', #8319, #5812 ) ;
#2827 = DIRECTION ( 'NONE',  ( 0.000000000000000000, -1.000000000000000000, 0.000000000000000000 ) ) ;
#2828 = CARTESIAN_POINT ( 'NONE',  ( 0.3125000000000000000, 0.2200000000000000011, -0.08749999999999999445 ) ) ;
#2829 = CARTESIAN_POINT ( 'NONE',  ( 0.2874999999999999778, 0.2200000000000000011, -0.1124999999999999889 ) ) ;
#2830 = CARTESIAN_POINT ( 'NONE',  ( -0.1474999999999999922, 0.2049999999999999878, -0.06500000000000000222 ) ) ;
#2831 = DIRECTION ( 'NONE',  ( 0.000000000000000000, 0.000000000000000000, 1.000000000000000000 ) ) ;
#2832 = ORIENTED_EDGE ( 'NONE', *, *, #7280, .T. ) ;
#2833 = DIRECTION ( 'NONE',  ( 0.000000000000000000, -0.000000000000000000, -1.000000000000000000 ) ) ;
#2834 = ORIENTED_EDGE ( 'NONE', *, *, #8245, .T. ) ;
#2835 = FACE_OUTER_BOUND ( 'NONE', #1841, .T. ) ;
#2836 = EDGE_CURVE ( 'NONE', #1188, #5762, #1323, .T. ) ;
#2837 = CARTESIAN_POINT ( 'NONE',  ( 0.06800000000000000488, -0.07499999999999999722, 0.1874999999999999722 ) ) ;
#2838 = PLANE ( 'NONE',  #6935 ) ;
#2839 = ORIENTED_EDGE ( 'NONE', *, *, #7123, .F. ) ;
#2840 = EDGE_LOOP ( 'NONE', ( #632, #2083, #3789, #7446 ) ) ;
#2841 = CARTESIAN_POINT ( 'NONE',  ( 0.07499999999999999722, 0.03500000000000000333, 0.01600000000000000380 ) ) ;
#2842 = ORIENTED_EDGE ( 'NONE', *, *, #2836, .T. ) ;
#2843 = LINE ( 'NONE', #2800, #8105 ) ;
#2844 = ORIENTED_EDGE ( 'NONE', *, *, #3725, .T. ) ;
#2845 = ADVANCED_FACE ( 'NONE', ( #3083 ), #5809, .T. ) ;
#2846 = DIRECTION ( 'NONE',  ( 0.000000000000000000, 0.000000000000000000, 1.000000000000000000 ) ) ;
#2847 = EDGE_LOOP ( 'NONE', ( #3867, #1150, #1282, #2580 ) ) ;
#2848 = FACE_OUTER_BOUND ( 'NONE', #5301, .T. ) ;
#2849 = CARTESIAN_POINT ( 'NONE',  ( 0.08200000000000000344, -0.05999999999999999778, -0.01499999999999999944 ) ) ;
#2850 = AXIS2_PLACEMENT_3D ( 'NONE', #6413, #5843, #3829 ) ;
#2851 = ADVANCED_FACE ( 'NONE', ( #1740 ), #7186, .F. ) ;
#2852 = CARTESIAN_POINT ( 'NONE',  ( 0.2774999999999999689, 0.2199999999999999734, -0.08999999999999999667 ) ) ;
#2853 = ORIENTED_EDGE ( 'NONE', *, *, #8471, .F. ) ;
#2854 = ORIENTED_EDGE ( 'NONE', *, *, #5473, .F. ) ;
#2855 = DIRECTION ( 'NONE',  ( 0.000000000000000000, 1.000000000000000000, 0.000000000000000000 ) ) ;
#2856 = ORIENTED_EDGE ( 'NONE', *, *, #7603, .T. ) ;
#2857 = DIRECTION ( 'NONE',  ( -0.000000000000000000, 0.000000000000000000, -1.000000000000000000 ) ) ;
#2858 = VECTOR ( 'NONE', #3060, 39.37007874015748143 ) ;
#2859 = FACE_OUTER_BOUND ( 'NONE', #5525, .T. ) ;
#2860 = ORIENTED_EDGE ( 'NONE', *, *, #421, .T. ) ;
#2861 = CARTESIAN_POINT ( 'NONE',  ( -0.1180000000000000077, -0.01000000000000000021, 0.03500000000000000333 ) ) ;
#2862 = EDGE_CURVE ( 'NONE', #1486, #1141, #5090, .T. ) ;
#2863 = DIRECTION ( 'NONE',  ( 0.000000000000000000, 0.000000000000000000, -1.000000000000000000 ) ) ;
#2864 = AXIS2_PLACEMENT_3D ( 'NONE', #4956, #6970, #4338 ) ;
#2865 = PLANE ( 'NONE',  #8500 ) ;
#2866 = CARTESIAN_POINT ( 'NONE',  ( -0.2500000000000000000, -0.02500000000000000139, 0.1874999999999999722 ) ) ;
#2867 = DIRECTION ( 'NONE',  ( 0.000000000000000000, -1.000000000000000000, 0.000000000000000000 ) ) ;
#2868 = DIRECTION ( 'NONE',  ( 0.000000000000000000, 0.000000000000000000, 1.000000000000000000 ) ) ;
#2869 = ADVANCED_FACE ( 'NONE', ( #3169 ), #5943, .T. ) ;
#2870 = DIRECTION ( 'NONE',  ( 1.000000000000000000, 0.000000000000000000, 0.000000000000000000 ) ) ;
#2871 = DIRECTION ( 'NONE',  ( 0.000000000000000000, -0.000000000000000000, 1.000000000000000000 ) ) ;
#2872 = CARTESIAN_POINT ( 'NONE',  ( 0.1749999999999999889, 0.1905000000000000027, -0.02500000000000000139 ) ) ;
#2873 = VERTEX_POINT ( 'NONE', #2456 ) ;
#2874 = FACE_OUTER_BOUND ( 'NONE', #8696, .T. ) ;
#2875 = VECTOR ( 'NONE', #606, 39.37007874015748143 ) ;
#2876 = VECTOR ( 'NONE', #8249, 39.37007874015748143 ) ;
#2877 = EDGE_LOOP ( 'NONE', ( #3113, #8762, #2794, #1258, #1063, #4885, #8583, #6540 ) ) ;
#2878 = DIRECTION ( 'NONE',  ( 0.000000000000000000, -1.000000000000000000, 0.000000000000000000 ) ) ;
#2879 = AXIS2_PLACEMENT_3D ( 'NONE', #1078, #7866, #3093 ) ;
#2880 = DIRECTION ( 'NONE',  ( 0.000000000000000000, -1.000000000000000000, 0.000000000000000000 ) ) ;
#2881 = CARTESIAN_POINT ( 'NONE',  ( 0.2500000000000000000, -0.01499999999999999944, 0.1874999999999999722 ) ) ;
#2882 = VERTEX_POINT ( 'NONE', #386 ) ;
#2883 = ADVANCED_FACE ( 'NONE', ( #979 ), #299, .T. ) ;
#2884 = AXIS2_PLACEMENT_3D ( 'NONE', #614, #3934, #2558 ) ;
#2885 = VERTEX_POINT ( 'NONE', #8614 ) ;
#2886 = VERTEX_POINT ( 'NONE', #3838 ) ;
#2887 = DIRECTION ( 'NONE',  ( -0.000000000000000000, 0.000000000000000000, -1.000000000000000000 ) ) ;
#2888 = AXIS2_PLACEMENT_3D ( 'NONE', #1378, #2587, #5262 ) ;
#2889 = ORIENTED_EDGE ( 'NONE', *, *, #6685, .F. ) ;
#2890 = LINE ( 'NONE', #6322, #2218 ) ;
#2891 = ORIENTED_EDGE ( 'NONE', *, *, #940, .T. ) ;
#2892 = EDGE_CURVE ( 'NONE', #4769, #7773, #2497, .T. ) ;
#2893 = VERTEX_POINT ( 'NONE', #5765 ) ;
#2894 = FACE_BOUND ( 'NONE', #4506, .T. ) ;
#2895 = CIRCLE ( 'NONE', #894, 0.008999999999999997585 ) ;
#2896 = CARTESIAN_POINT ( 'NONE',  ( -0.02500000000000000139, 0.03500000000000000333, 0.03400000000000000244 ) ) ;
#2897 = EDGE_CURVE ( 'NONE', #3981, #8279, #6558, .T. ) ;
#2898 = DIRECTION ( 'NONE',  ( 1.000000000000000000, -0.000000000000000000, 0.000000000000000000 ) ) ;
#2899 = ORIENTED_EDGE ( 'NONE', *, *, #7400, .F. ) ;
#2900 = ORIENTED_EDGE ( 'NONE', *, *, #3842, .F. ) ;
#2901 = PLANE ( 'NONE',  #2034 ) ;
#2902 = ORIENTED_EDGE ( 'NONE', *, *, #3198, .T. ) ;
#2903 = FACE_OUTER_BOUND ( 'NONE', #5980, .T. ) ;
#2904 = LINE ( 'NONE', #7010, #7940 ) ;
#2905 = ORIENTED_EDGE ( 'NONE', *, *, #7397, .T. ) ;
#2906 = LINE ( 'NONE', #5001, #7798 ) ;
#2907 = DIRECTION ( 'NONE',  ( 0.000000000000000000, -1.000000000000000000, 0.000000000000000000 ) ) ;
#2908 = EDGE_CURVE ( 'NONE', #6910, #2311, #4553, .T. ) ;
#2909 = CARTESIAN_POINT ( 'NONE',  ( -0.02500000000000000139, 0.1905000000000000027, -0.02500000000000000139 ) ) ;
#2910 = EDGE_CURVE ( 'NONE', #4414, #3699, #1155, .T. ) ;
#2911 = CARTESIAN_POINT ( 'NONE',  ( 0.2249999999999999778, 0.03500000000000000333, 0.02500000000000000139 ) ) ;
#2912 = CARTESIAN_POINT ( 'NONE',  ( 0.3125000000000000000, 0.2200000000000000011, -0.08749999999999999445 ) ) ;
#2913 = ORIENTED_EDGE ( 'NONE', *, *, #3464, .T. ) ;
#2914 = CARTESIAN_POINT ( 'NONE',  ( 0.2874999999999999778, 0.2200000000000000011, -0.1124999999999999889 ) ) ;
#2915 = CARTESIAN_POINT ( 'NONE',  ( 0.03199999999999999373, -0.06500000000000000222, -0.01499999999999995608 ) ) ;
#2916 = LINE ( 'NONE', #6306, #508 ) ;
#2917 = DIRECTION ( 'NONE',  ( 0.000000000000000000, 0.000000000000000000, 1.000000000000000000 ) ) ;
#2918 = ORIENTED_EDGE ( 'NONE', *, *, #8832, .T. ) ;
#2919 = FACE_OUTER_BOUND ( 'NONE', #6076, .T. ) ;
#2920 = EDGE_CURVE ( 'NONE', #7310, #480, #7886, .T. ) ;
#2921 = ADVANCED_FACE ( 'NONE', ( #8034 ), #6692, .T. ) ;
#2922 = ORIENTED_EDGE ( 'NONE', *, *, #905, .F. ) ;
#2923 = DIRECTION ( 'NONE',  ( 0.000000000000000000, -1.000000000000000000, 0.000000000000000000 ) ) ;
#2924 = CARTESIAN_POINT ( 'NONE',  ( 0.2249999999999999778, 0.2550000000000000044, -0.01600000000000000380 ) ) ;
#2925 = FACE_OUTER_BOUND ( 'NONE', #8339, .T. ) ;
#2926 = VECTOR ( 'NONE', #6369, 39.37007874015748143 ) ;
#2927 = ORIENTED_EDGE ( 'NONE', *, *, #7919, .T. ) ;
#2928 = VERTEX_POINT ( 'NONE', #5398 ) ;
#2929 = ORIENTED_EDGE ( 'NONE', *, *, #6298, .T. ) ;
#2930 = CIRCLE ( 'NONE', #5353, 0.01000000000000000021 ) ;
#2931 = CARTESIAN_POINT ( 'NONE',  ( -0.1680000000000000382, -0.05999999999999999778, -0.02000000000000000042 ) ) ;
#2932 = ORIENTED_EDGE ( 'NONE', *, *, #1988, .T. ) ;
#2933 = CARTESIAN_POINT ( 'NONE',  ( -0.3125000000000000000, 0.2200000000000000011, -0.05249999999999998418 ) ) ;
#2934 = ORIENTED_EDGE ( 'NONE', *, *, #4367, .F. ) ;
#2935 = VECTOR ( 'NONE', #6043, 39.37007874015748143 ) ;
#2936 = ORIENTED_EDGE ( 'NONE', *, *, #961, .T. ) ;
#2937 = DIRECTION ( 'NONE',  ( 0.000000000000000000, 0.000000000000000000, 1.000000000000000000 ) ) ;
#2938 = CARTESIAN_POINT ( 'NONE',  ( 0.01799999999999999864, 0.03000000000000000583, 0.02000000000000009409 ) ) ;
#2939 = MANIFOLD_SOLID_BREP ( 'TFML-110-01-L-D-RA_pins', #8519 ) ;
#2940 = AXIS2_PLACEMENT_3D ( 'NONE', #2849, #4896, #5578 ) ;
#2941 = CARTESIAN_POINT ( 'NONE',  ( -0.1680000000000000382, 0.02999999999999999889, 0.03000000000000008910 ) ) ;
#2942 = VERTEX_POINT ( 'NONE', #2678 ) ;
#2943 = VERTEX_POINT ( 'NONE', #602 ) ;
#2944 = CYLINDRICAL_SURFACE ( 'NONE', #3901, 0.004999999999999997502 ) ;
#2945 = ORIENTED_EDGE ( 'NONE', *, *, #4747, .F. ) ;
#2946 = CARTESIAN_POINT ( 'NONE',  ( 0.1819999999999999951, 0.02999999999999999889, -0.02999999999999999889 ) ) ;
#2947 = CARTESIAN_POINT ( 'NONE',  ( 0.02500000000000000139, 0.03500000000000000333, -0.03400000000000000244 ) ) ;
#2948 = VECTOR ( 'NONE', #3039, 39.37007874015748143 ) ;
#2949 = ORIENTED_EDGE ( 'NONE', *, *, #6986, .F. ) ;
#2950 = DIRECTION ( 'NONE',  ( 0.000000000000000000, -1.000000000000000000, 0.000000000000000000 ) ) ;
#2951 = EDGE_CURVE ( 'NONE', #3811, #1343, #4102, .T. ) ;
#2952 = CARTESIAN_POINT ( 'NONE',  ( -0.02500000000000000139, 0.03500000000000000333, 0.02500000000000000139 ) ) ;
#2953 = VECTOR ( 'NONE', #7777, 39.37007874015748143 ) ;
#2954 = CIRCLE ( 'NONE', #4796, 0.01000000000000000021 ) ;
#2955 = CARTESIAN_POINT ( 'NONE',  ( -0.2320000000000000118, -0.1000000000000000056, 0.02999999999999998848 ) ) ;
#2956 = CARTESIAN_POINT ( 'NONE',  ( -0.07499999999999999722, 0.2550000000000000044, 0.01600000000000000380 ) ) ;
#2957 = CARTESIAN_POINT ( 'NONE',  ( -0.08200000000000004508, -0.06500000000000000222, -0.02999999999999994338 ) ) ;
#2958 = FACE_OUTER_BOUND ( 'NONE', #3702, .T. ) ;
#2959 = DIRECTION ( 'NONE',  ( 0.000000000000000000, 0.000000000000000000, -1.000000000000000000 ) ) ;
#2960 = PLANE ( 'NONE',  #8793 ) ;
#2961 = CARTESIAN_POINT ( 'NONE',  ( -0.2179999999999999993, 0.02999999999999999889, 0.03000000000000008910 ) ) ;
#2962 = EDGE_LOOP ( 'NONE', ( #4237, #6150, #1561, #7204 ) ) ;
#2963 = CARTESIAN_POINT ( 'NONE',  ( 0.2179999999999999993, 0.03000000000000000583, 0.02000000000000009409 ) ) ;
#2964 = ADVANCED_FACE ( 'NONE', ( #6652 ), #5439, .T. ) ;
#2965 = VECTOR ( 'NONE', #2870, 39.37007874015748143 ) ;
#2966 = DIRECTION ( 'NONE',  ( -1.000000000000000000, -0.000000000000000000, -0.000000000000000000 ) ) ;
#2967 = VERTEX_POINT ( 'NONE', #6147 ) ;
#2968 = CARTESIAN_POINT ( 'NONE',  ( -0.1180000000000000077, -0.05999999999999999778, -0.01499999999999999944 ) ) ;
#2969 = DIRECTION ( 'NONE',  ( 0.000000000000000000, 0.7071067811865470176, 0.7071067811865480168 ) ) ;
#2970 = DIRECTION ( 'NONE',  ( 0.000000000000000000, -0.000000000000000000, 1.000000000000000000 ) ) ;
#2971 = ADVANCED_FACE ( 'NONE', ( #2004 ), #518, .F. ) ;
#2972 = PLANE ( 'NONE',  #7082 ) ;
#2973 = VERTEX_POINT ( 'NONE', #5306 ) ;
#2974 = ADVANCED_FACE ( 'NONE', ( #8167 ), #2048, .F. ) ;
#2975 = ORIENTED_EDGE ( 'NONE', *, *, #1422, .F. ) ;
#2976 = ORIENTED_EDGE ( 'NONE', *, *, #4092, .F. ) ;
#2977 = DIRECTION ( 'NONE',  ( 1.000000000000000000, 0.000000000000000000, 0.000000000000000000 ) ) ;
#2978 = EDGE_CURVE ( 'NONE', #5394, #394, #8741, .T. ) ;
#2979 = ORIENTED_EDGE ( 'NONE', *, *, #4518, .T. ) ;
#2980 = DIRECTION ( 'NONE',  ( -0.000000000000000000, -1.000000000000000000, 0.000000000000000000 ) ) ;
#2981 = EDGE_LOOP ( 'NONE', ( #263, #7041, #7342, #8737 ) ) ;
#2982 = LINE ( 'NONE', #7042, #6266 ) ;
#2983 = FACE_OUTER_BOUND ( 'NONE', #3644, .T. ) ;
#2984 = ORIENTED_EDGE ( 'NONE', *, *, #4878, .F. ) ;
#2985 = CARTESIAN_POINT ( 'NONE',  ( -0.1749999999999999889, 0.03500000000000000333, -0.03400000000000000244 ) ) ;
#2986 = ORIENTED_EDGE ( 'NONE', *, *, #7754, .F. ) ;
#2987 = VERTEX_POINT ( 'NONE', #2632 ) ;
#2988 = PLANE ( 'NONE',  #1898 ) ;
#2989 = ORIENTED_EDGE ( 'NONE', *, *, #7646, .F. ) ;
#2990 = LINE ( 'NONE', #170, #176 ) ;
#2991 = CARTESIAN_POINT ( 'NONE',  ( -0.08200000000000001732, 0.03000000000000000583, 0.03000000000000000930 ) ) ;
#2992 = ORIENTED_EDGE ( 'NONE', *, *, #8245, .F. ) ;
#2993 = CYLINDRICAL_SURFACE ( 'NONE', #1802, 0.008999999999999999320 ) ;
#2994 = DIRECTION ( 'NONE',  ( 1.000000000000000000, 0.000000000000000000, -0.000000000000000000 ) ) ;
#2995 = DIRECTION ( 'NONE',  ( 0.000000000000000000, 1.000000000000000000, -0.000000000000000000 ) ) ;
#2996 = ORIENTED_EDGE ( 'NONE', *, *, #4631, .T. ) ;
#2997 = EDGE_CURVE ( 'NONE', #4490, #7995, #3898, .T. ) ;
#2998 = AXIS2_PLACEMENT_3D ( 'NONE', #6474, #6654, #8617 ) ;
#2999 = DIRECTION ( 'NONE',  ( -1.000000000000000000, 0.000000000000000000, -0.000000000000000000 ) ) ;
#3000 = LINE ( 'NONE', #7775, #6450 ) ;
#3001 = CARTESIAN_POINT ( 'NONE',  ( -0.2500000000000000000, 0.000000000000000000, 0.1874999999999999722 ) ) ;
#3002 = PLANE ( 'NONE',  #7941 ) ;
#3003 = CARTESIAN_POINT ( 'NONE',  ( 0.03199999999999999373, -0.01499999999999999944, 0.1874999999999999722 ) ) ;
#3004 = VERTEX_POINT ( 'NONE', #6733 ) ;
#3005 = CARTESIAN_POINT ( 'NONE',  ( 0.2500000000000000000, -0.05999999999999999778, -0.01499999999999999944 ) ) ;
#3006 = AXIS2_PLACEMENT_3D ( 'NONE', #4447, #2306, #6542 ) ;
#3007 = PLANE ( 'NONE',  #1238 ) ;
#3008 = ADVANCED_FACE ( 'NONE', ( #3342 ), #7455, .T. ) ;
#3009 = DIRECTION ( 'NONE',  ( 0.000000000000000000, 0.000000000000000000, 1.000000000000000000 ) ) ;
#3010 = ORIENTED_EDGE ( 'NONE', *, *, #6340, .T. ) ;
#3011 = AXIS2_PLACEMENT_3D ( 'NONE', #5635, #7819, #5048 ) ;
#3012 = LINE ( 'NONE', #1047, #6206 ) ;
#3013 = CARTESIAN_POINT ( 'NONE',  ( 0.2249999999999999778, 0.03500000000000000333, 0.03400000000000000244 ) ) ;
#3014 = PLANE ( 'NONE',  #6134 ) ;
#3015 = CARTESIAN_POINT ( 'NONE',  ( -0.06800000000000000488, -0.07499999999999999722, 0.1874999999999999722 ) ) ;
#3016 = CIRCLE ( 'NONE', #866, 0.01000000000000000021 ) ;
#3017 = AXIS2_PLACEMENT_3D ( 'NONE', #4691, #8802, #2644 ) ;
#3018 = ORIENTED_EDGE ( 'NONE', *, *, #1488, .T. ) ;
#3019 = ORIENTED_EDGE ( 'NONE', *, *, #7336, .T. ) ;
#3020 = EDGE_CURVE ( 'NONE', #6590, #973, #1593, .T. ) ;
#3021 = ORIENTED_EDGE ( 'NONE', *, *, #1400, .F. ) ;
#3022 = FACE_OUTER_BOUND ( 'NONE', #6279, .T. ) ;
#3023 = VECTOR ( 'NONE', #1371, 39.37007874015748854 ) ;
#3024 = CARTESIAN_POINT ( 'NONE',  ( 0.2500000000000000000, -0.05999999999999999778, -0.02000000000000000042 ) ) ;
#3025 = EDGE_CURVE ( 'NONE', #7084, #4974, #4803, .T. ) ;
#3026 = CYLINDRICAL_SURFACE ( 'NONE', #3941, 0.004999999999999997502 ) ;
#3027 = AXIS2_PLACEMENT_3D ( 'NONE', #526, #8622, #5992 ) ;
#3028 = VERTEX_POINT ( 'NONE', #7536 ) ;
#3029 = VECTOR ( 'NONE', #2776, 39.37007874015748143 ) ;
#3030 = EDGE_CURVE ( 'NONE', #3078, #5565, #1417, .T. ) ;
#3031 = EDGE_LOOP ( 'NONE', ( #3021, #8442, #7163, #6325 ) ) ;
#3032 = VECTOR ( 'NONE', #6904, 39.37007874015748143 ) ;
#3033 = CARTESIAN_POINT ( 'NONE',  ( 0.2500000000000000000, -0.05999999999999999778, -0.02000000000000000042 ) ) ;
#3034 = ORIENTED_EDGE ( 'NONE', *, *, #448, .F. ) ;
#3035 = ORIENTED_EDGE ( 'NONE', *, *, #8444, .F. ) ;
#3036 = DIRECTION ( 'NONE',  ( -1.000000000000000000, 0.000000000000000000, -0.000000000000000000 ) ) ;
#3037 = ORIENTED_EDGE ( 'NONE', *, *, #1478, .T. ) ;
#3038 = DIRECTION ( 'NONE',  ( 0.000000000000000000, -0.000000000000000000, 1.000000000000000000 ) ) ;
#3039 = DIRECTION ( 'NONE',  ( -0.000000000000000000, 0.000000000000000000, -1.000000000000000000 ) ) ;
#3040 = EDGE_LOOP ( 'NONE', ( #2949, #5793, #6905, #7865 ) ) ;
#3041 = CARTESIAN_POINT ( 'NONE',  ( 0.08200000000000000344, 0.02999999999999999889, -0.01999999999999996225 ) ) ;
#3042 = ADVANCED_FACE ( 'NONE', ( #4892 ), #782, .T. ) ;
#3043 = LINE ( 'NONE', #7728, #7434 ) ;
#3044 =( GEOMETRIC_REPRESENTATION_CONTEXT ( 3 ) GLOBAL_UNCERTAINTY_ASSIGNED_CONTEXT ( ( #1825 ) ) GLOBAL_UNIT_ASSIGNED_CONTEXT ( ( #3967, #1961, #4009 ) ) REPRESENTATION_CONTEXT ( 'NONE', 'WORKASPACE' ) );
#3045 = DIRECTION ( 'NONE',  ( -1.000000000000000000, 0.000000000000000000, 0.000000000000000000 ) ) ;
#3046 = EDGE_LOOP ( 'NONE', ( #5440, #2936 ) ) ;
#3047 = DIRECTION ( 'NONE',  ( -1.000000000000000000, 0.000000000000000000, 0.000000000000000000 ) ) ;
#3048 = DIRECTION ( 'NONE',  ( 0.000000000000000000, 0.000000000000000000, 1.000000000000000000 ) ) ;
#3049 = PLANE ( 'NONE',  #8378 ) ;
#3050 = FACE_OUTER_BOUND ( 'NONE', #4577, .T. ) ;
#3051 = LINE ( 'NONE', #1707, #5507 ) ;
#3052 = EDGE_LOOP ( 'NONE', ( #7206, #6232, #3082, #4975, #5029, #8048, #1621, #5051 ) ) ;
#3053 = DIRECTION ( 'NONE',  ( 0.000000000000000000, -0.000000000000000000, 1.000000000000000000 ) ) ;
#3054 = DIRECTION ( 'NONE',  ( 0.000000000000000000, 0.000000000000000000, 1.000000000000000000 ) ) ;
#3055 = DIRECTION ( 'NONE',  ( 0.000000000000000000, 1.000000000000000000, -0.000000000000000000 ) ) ;
#3056 = ADVANCED_FACE ( 'NONE', ( #5529 ), #6859, .T. ) ;
#3057 = EDGE_LOOP ( 'NONE', ( #5822, #8838, #8381, #527 ) ) ;
#3058 = DIRECTION ( 'NONE',  ( 0.000000000000000000, -0.000000000000000000, -1.000000000000000000 ) ) ;
#3059 = DIRECTION ( 'NONE',  ( -0.000000000000000000, 0.000000000000000000, 1.000000000000000000 ) ) ;
#3060 = DIRECTION ( 'NONE',  ( -1.000000000000000000, -0.000000000000000000, 0.000000000000000000 ) ) ;
#3061 = EDGE_CURVE ( 'NONE', #5287, #4974, #8254, .T. ) ;
#3062 = VECTOR ( 'NONE', #7602, 39.37007874015748143 ) ;
#3063 = LINE ( 'NONE', #280, #6221 ) ;
#3064 = ORIENTED_EDGE ( 'NONE', *, *, #7975, .F. ) ;
#3065 = ORIENTED_EDGE ( 'NONE', *, *, #6577, .T. ) ;
#3066 = ORIENTED_EDGE ( 'NONE', *, *, #683, .T. ) ;
#3067 = DIRECTION ( 'NONE',  ( -0.000000000000000000, 1.000000000000000000, 0.000000000000000000 ) ) ;
#3068 = APPLICATION_PROTOCOL_DEFINITION ( 'draft international standard', 'automotive_design', 1998, #1810 ) ;
#3069 = AXIS2_PLACEMENT_3D ( 'NONE', #8244, #6135, #769 ) ;
#3070 = DIRECTION ( 'NONE',  ( 0.000000000000000000, 1.000000000000000000, -0.000000000000000000 ) ) ;
#3071 = EDGE_CURVE ( 'NONE', #6729, #2189, #6994, .T. ) ;
#3072 = DIRECTION ( 'NONE',  ( -1.000000000000000000, 0.000000000000000000, 0.000000000000000000 ) ) ;
#3073 = ORIENTED_EDGE ( 'NONE', *, *, #7385, .T. ) ;
#3074 = VECTOR ( 'NONE', #1394, 39.37007874015748143 ) ;
#3075 = EDGE_LOOP ( 'NONE', ( #3214, #5215, #7558, #2596 ) ) ;
#3076 = VECTOR ( 'NONE', #451, 39.37007874015748143 ) ;
#3077 = CARTESIAN_POINT ( 'NONE',  ( -0.1680000000000000382, -0.02500000000000000139, 0.02999999999999999889 ) ) ;
#3078 = VERTEX_POINT ( 'NONE', #4941 ) ;
#3079 = EDGE_LOOP ( 'NONE', ( #4948, #6499, #4851, #3544 ) ) ;
#3080 = AXIS2_PLACEMENT_3D ( 'NONE', #3803, #3045, #4340 ) ;
#3081 = DIRECTION ( 'NONE',  ( 0.000000000000000000, 0.000000000000000000, -1.000000000000000000 ) ) ;
#3082 = ORIENTED_EDGE ( 'NONE', *, *, #953, .T. ) ;
#3083 = FACE_OUTER_BOUND ( 'NONE', #5000, .T. ) ;
#3084 = DIRECTION ( 'NONE',  ( -0.000000000000000000, -1.000000000000000000, -0.000000000000000000 ) ) ;
#3085 = ORIENTED_EDGE ( 'NONE', *, *, #5824, .T. ) ;
#3086 = CARTESIAN_POINT ( 'NONE',  ( -0.03199999999999999373, -0.06500000000000000222, -0.02999999999999994338 ) ) ;
#3087 = CARTESIAN_POINT ( 'NONE',  ( -0.3125000000000000000, 0.1239999999999999991, -0.1124999999999999889 ) ) ;
#3088 = EDGE_CURVE ( 'NONE', #3434, #7590, #66, .T. ) ;
#3089 = VECTOR ( 'NONE', #6055, 39.37007874015748143 ) ;
#3090 = DIRECTION ( 'NONE',  ( -0.000000000000000000, -0.000000000000000000, -1.000000000000000000 ) ) ;
#3091 = EDGE_CURVE ( 'NONE', #7824, #4597, #3476, .T. ) ;
#3092 = ORIENTED_EDGE ( 'NONE', *, *, #2261, .F. ) ;
#3093 = DIRECTION ( 'NONE',  ( 0.000000000000000000, 0.000000000000000000, 1.000000000000000000 ) ) ;
#3094 = AXIS2_PLACEMENT_3D ( 'NONE', #4334, #7052, #8441 ) ;
#3095 = CARTESIAN_POINT ( 'NONE',  ( 0.3125000000000000000, 0.2200000000000000011, 0.05249999999999999806 ) ) ;
#3096 = FACE_OUTER_BOUND ( 'NONE', #1127, .T. ) ;
#3097 = CARTESIAN_POINT ( 'NONE',  ( -0.2249999999999999778, 0.03500000000000000333, 0.03400000000000000244 ) ) ;
#3098 = CARTESIAN_POINT ( 'NONE',  ( -0.2180000000000000826, -0.06500000000000000222, 0.1874999999999999722 ) ) ;
#3099 = VERTEX_POINT ( 'NONE', #2133 ) ;
#3100 = DIRECTION ( 'NONE',  ( 0.000000000000000000, 0.000000000000000000, -1.000000000000000000 ) ) ;
#3101 = AXIS2_PLACEMENT_3D ( 'NONE', #91, #7595, #6762 ) ;
#3102 = DIRECTION ( 'NONE',  ( 0.000000000000000000, 1.000000000000000000, -0.000000000000000000 ) ) ;
#3103 = CARTESIAN_POINT ( 'NONE',  ( 0.1680000000000000382, -0.01499999999999999771, 0.02000000000000004552 ) ) ;
#3104 = ORIENTED_EDGE ( 'NONE', *, *, #5550, .T. ) ;
#3105 = AXIS2_PLACEMENT_3D ( 'NONE', #2, #6839, #7518 ) ;
#3106 = DIRECTION ( 'NONE',  ( -1.000000000000000000, 0.000000000000000000, 0.000000000000000000 ) ) ;
#3107 = DIRECTION ( 'NONE',  ( -0.000000000000000000, 1.000000000000000000, 0.000000000000000000 ) ) ;
#3108 = CARTESIAN_POINT ( 'NONE',  ( -0.1180000000000000077, -0.01499999999999999944, 0.02999999999999999889 ) ) ;
#3109 = DIRECTION ( 'NONE',  ( 0.000000000000000000, 0.000000000000000000, 1.000000000000000000 ) ) ;
#3110 = ORIENTED_EDGE ( 'NONE', *, *, #2080, .F. ) ;
#3111 = VECTOR ( 'NONE', #8251, 39.37007874015748143 ) ;
#3112 = VERTEX_POINT ( 'NONE', #5666 ) ;
#3113 = ORIENTED_EDGE ( 'NONE', *, *, #4483, .T. ) ;
#3114 = ADVANCED_FACE ( 'NONE', ( #112 ), #6189, .T. ) ;
#3115 = CARTESIAN_POINT ( 'NONE',  ( 0.08200000000000000344, -0.02500000000000000139, 0.02999999999999999889 ) ) ;
#3116 = LINE ( 'NONE', #6461, #5278 ) ;
#3117 = FACE_OUTER_BOUND ( 'NONE', #484, .T. ) ;
#3118 = ORIENTED_EDGE ( 'NONE', *, *, #3445, .T. ) ;
#3119 = LINE ( 'NONE', #3964, #1441 ) ;
#3120 = ORIENTED_EDGE ( 'NONE', *, *, #631, .T. ) ;
#3121 = EDGE_CURVE ( 'NONE', #4634, #5476, #8211, .T. ) ;
#3122 = LINE ( 'NONE', #4679, #7744 ) ;
#3123 = VERTEX_POINT ( 'NONE', #5573 ) ;
#3124 = LINE ( 'NONE', #8527, #591 ) ;
#3125 = CARTESIAN_POINT ( 'NONE',  ( 0.2179999999999999993, -0.1000000000000000056, 0.02000000000000009409 ) ) ;
#3126 = VERTEX_POINT ( 'NONE', #8297 ) ;
#3127 = DIRECTION ( 'NONE',  ( 0.000000000000000000, 0.000000000000000000, 1.000000000000000000 ) ) ;
#3128 = CARTESIAN_POINT ( 'NONE',  ( 0.2500000000000000000, -0.01000000000000000021, 0.02999999999999999889 ) ) ;
#3129 = EDGE_CURVE ( 'NONE', #5160, #691, #4324, .T. ) ;
#3130 = DIRECTION ( 'NONE',  ( 0.000000000000000000, -0.000000000000000000, 1.000000000000000000 ) ) ;
#3131 = ORIENTED_EDGE ( 'NONE', *, *, #829, .T. ) ;
#3132 = DIRECTION ( 'NONE',  ( 1.000000000000000000, 0.000000000000000000, 0.000000000000000000 ) ) ;
#3133 = VERTEX_POINT ( 'NONE', #6277 ) ;
#3134 = PLANE ( 'NONE',  #6598 ) ;
#3135 = EDGE_CURVE ( 'NONE', #7671, #4748, #1549, .T. ) ;
#3136 = CARTESIAN_POINT ( 'NONE',  ( 0.2500000000000000000, 0.02999999999999999889, -0.04249999999999999611 ) ) ;
#3137 = DIRECTION ( 'NONE',  ( -1.000000000000000000, 0.000000000000000000, -0.000000000000000000 ) ) ;
#3138 = EDGE_LOOP ( 'NONE', ( #6278, #5615 ) ) ;
#3139 = CARTESIAN_POINT ( 'NONE',  ( 0.002499999999999950179, 0.03285714285714289723, -0.06500000000000000222 ) ) ;
#3140 = CIRCLE ( 'NONE', #1143, 0.008999999999999997585 ) ;
#3141 = EDGE_CURVE ( 'NONE', #3004, #3340, #2890, .T. ) ;
#3142 = LINE ( 'NONE', #3683, #2246 ) ;
#3143 = DIRECTION ( 'NONE',  ( -1.000000000000000000, 0.000000000000000000, 0.000000000000000000 ) ) ;
#3144 = VERTEX_POINT ( 'NONE', #2933 ) ;
#3145 = FACE_OUTER_BOUND ( 'NONE', #477, .T. ) ;
#3146 = VERTEX_POINT ( 'NONE', #2803 ) ;
#3147 = CARTESIAN_POINT ( 'NONE',  ( 0.2249999999999999778, 0.1905000000000000027, 0.01600000000000000380 ) ) ;
#3148 = AXIS2_PLACEMENT_3D ( 'NONE', #368, #4406, #5701 ) ;
#3149 = CARTESIAN_POINT ( 'NONE',  ( 0.2775000000000000244, 0.2200000000000000011, 0.05250000000000000500 ) ) ;
#3150 = EDGE_CURVE ( 'NONE', #7475, #2366, #918, .T. ) ;
#3151 = CARTESIAN_POINT ( 'NONE',  ( 0.2500000000000000000, -0.05999999999999999778, -0.01499999999999999944 ) ) ;
#3152 = ORIENTED_EDGE ( 'NONE', *, *, #5039, .T. ) ;
#3153 = AXIS2_PLACEMENT_3D ( 'NONE', #7458, #4017, #8790 ) ;
#3154 = ORIENTED_EDGE ( 'NONE', *, *, #4117, .F. ) ;
#3155 = VERTEX_POINT ( 'NONE', #2091 ) ;
#3156 = EDGE_CURVE ( 'NONE', #8830, #7799, #7926, .T. ) ;
#3157 = CARTESIAN_POINT ( 'NONE',  ( 0.2179999999999999993, -0.1000000000000000056, -0.01999999999999999001 ) ) ;
#3158 = AXIS2_PLACEMENT_3D ( 'NONE', #3698, #6466, #5128 ) ;
#3159 = LINE ( 'NONE', #7804, #4430 ) ;
#3160 = VECTOR ( 'NONE', #8226, 39.37007874015748143 ) ;
#3161 = LINE ( 'NONE', #5125, #6507 ) ;
#3162 = EDGE_CURVE ( 'NONE', #8308, #4081, #539, .T. ) ;
#3163 = VERTEX_POINT ( 'NONE', #2615 ) ;
#3164 = VECTOR ( 'NONE', #6854, 39.37007874015748143 ) ;
#3165 = CARTESIAN_POINT ( 'NONE',  ( 0.1179999999999999938, -0.1000000000000000056, 0.1874999999999999722 ) ) ;
#3166 = EDGE_LOOP ( 'NONE', ( #5927, #845, #5970, #2815 ) ) ;
#3167 = ADVANCED_FACE ( 'NONE', ( #7968 ), #2317, .T. ) ;
#3168 = ORIENTED_EDGE ( 'NONE', *, *, #3844, .T. ) ;
#3169 = FACE_OUTER_BOUND ( 'NONE', #2284, .T. ) ;
#3170 = DIRECTION ( 'NONE',  ( 0.000000000000000000, 0.000000000000000000, -1.000000000000000000 ) ) ;
#3171 = ADVANCED_BREP_SHAPE_REPRESENTATION ( '', ( #8822, #2184 ), #3044 ) ;
#3172 = CARTESIAN_POINT ( 'NONE',  ( -0.06800000000000000488, -0.05999999999999999778, -0.01499999999999999944 ) ) ;
#3173 = CARTESIAN_POINT ( 'NONE',  ( 0.01799999999999999517, -0.02500000000000000486, 0.1874999999999999722 ) ) ;
#3174 = AXIS2_PLACEMENT_3D ( 'NONE', #6075, #7417, #8797 ) ;
#3175 = EDGE_CURVE ( 'NONE', #1055, #4560, #4366, .T. ) ;
#3176 = FACE_OUTER_BOUND ( 'NONE', #3989, .T. ) ;
#3177 = ORIENTED_EDGE ( 'NONE', *, *, #7105, .F. ) ;
#3178 = AXIS2_PLACEMENT_3D ( 'NONE', #5451, #4110, #6827 ) ;
#3179 = DIRECTION ( 'NONE',  ( 0.000000000000000000, 0.000000000000000000, 1.000000000000000000 ) ) ;
#3180 = EDGE_LOOP ( 'NONE', ( #1937, #3659, #2272, #5730, #4180, #1431, #8425, #5281 ) ) ;
#3181 = DIRECTION ( 'NONE',  ( 0.000000000000000000, -1.000000000000000000, -0.000000000000000000 ) ) ;
#3182 = ORIENTED_EDGE ( 'NONE', *, *, #1198, .F. ) ;
#3183 = DIRECTION ( 'NONE',  ( 0.000000000000000000, -1.000000000000000000, 0.000000000000000000 ) ) ;
#3184 = DIRECTION ( 'NONE',  ( 0.000000000000000000, 0.000000000000000000, -1.000000000000000000 ) ) ;
#3185 = VERTEX_POINT ( 'NONE', #3147 ) ;
#3186 = VECTOR ( 'NONE', #7009, 39.37007874015748143 ) ;
#3187 = DIRECTION ( 'NONE',  ( 0.000000000000000000, -0.000000000000000000, -1.000000000000000000 ) ) ;
#3188 = EDGE_CURVE ( 'NONE', #1656, #595, #3280, .T. ) ;
#3189 = EDGE_CURVE ( 'NONE', #1631, #5744, #3908, .T. ) ;
#3190 = CARTESIAN_POINT ( 'NONE',  ( 0.1250000000000000000, 0.1905000000000000027, 0.03400000000000000244 ) ) ;
#3191 = CARTESIAN_POINT ( 'NONE',  ( 0.06800000000000000488, -0.1000000000000000056, 0.02999999999999998848 ) ) ;
#3192 = EDGE_CURVE ( 'NONE', #2455, #1940, #8216, .T. ) ;
#3193 = ORIENTED_EDGE ( 'NONE', *, *, #7528, .F. ) ;
#3194 = LINE ( 'NONE', #2567, #7352 ) ;
#3195 = VERTEX_POINT ( 'NONE', #3196 ) ;
#3196 = CARTESIAN_POINT ( 'NONE',  ( 0.06800000000000000488, 0.03000000000000000583, 0.03000000000000000930 ) ) ;
#3197 = FACE_OUTER_BOUND ( 'NONE', #796, .T. ) ;
#3198 = EDGE_CURVE ( 'NONE', #6627, #4093, #3862, .T. ) ;
#3199 = ORIENTED_EDGE ( 'NONE', *, *, #5382, .T. ) ;
#3200 = VERTEX_POINT ( 'NONE', #6585 ) ;
#3201 = VERTEX_POINT ( 'NONE', #5919 ) ;
#3202 = CARTESIAN_POINT ( 'NONE',  ( -0.07499999999999999722, 0.03500000000000000333, -0.03400000000000000244 ) ) ;
#3203 = CARTESIAN_POINT ( 'NONE',  ( -0.3125000000000000000, 0.2049999999999999878, 0.03749999999999999861 ) ) ;
#3204 = CARTESIAN_POINT ( 'NONE',  ( -0.2180000000000000271, -0.06500000000000000222, -0.01499999999999995608 ) ) ;
#3205 = AXIS2_PLACEMENT_3D ( 'NONE', #5058, #5738, #3053 ) ;
#3206 = ORIENTED_EDGE ( 'NONE', *, *, #2379, .T. ) ;
#3207 = CARTESIAN_POINT ( 'NONE',  ( 0.03199999999999999373, -0.06499999999999998834, -0.02999999999999999889 ) ) ;
#3208 = ORIENTED_EDGE ( 'NONE', *, *, #433, .F. ) ;
#3209 = ORIENTED_EDGE ( 'NONE', *, *, #3776, .F. ) ;
#3210 = VECTOR ( 'NONE', #375, 39.37007874015748143 ) ;
#3211 = EDGE_LOOP ( 'NONE', ( #3253, #8683, #1459, #7743 ) ) ;
#3212 = CARTESIAN_POINT ( 'NONE',  ( -0.02500000000000000139, 0.1905000000000000027, 0.01600000000000000380 ) ) ;
#3213 = DIRECTION ( 'NONE',  ( 1.000000000000000000, 0.000000000000000000, 0.000000000000000000 ) ) ;
#3214 = ORIENTED_EDGE ( 'NONE', *, *, #8157, .T. ) ;
#3215 = CARTESIAN_POINT ( 'NONE',  ( 0.1819999999999999951, -0.05999999999999999778, -0.02000000000000000042 ) ) ;
#3216 = DIRECTION ( 'NONE',  ( 0.000000000000000000, 0.000000000000000000, 1.000000000000000000 ) ) ;
#3217 = VECTOR ( 'NONE', #7519, 39.37007874015748143 ) ;
#3218 = AXIS2_PLACEMENT_3D ( 'NONE', #7016, #7821, #393 ) ;
#3219 = CARTESIAN_POINT ( 'NONE',  ( 0.2500000000000000000, 0.000000000000000000, 0.04249999999999999611 ) ) ;
#3220 = ORIENTED_EDGE ( 'NONE', *, *, #891, .F. ) ;
#3221 = VECTOR ( 'NONE', #6004, 39.37007874015748143 ) ;
#3222 = PLANE ( 'NONE',  #5598 ) ;
#3223 = CARTESIAN_POINT ( 'NONE',  ( 0.1320000000000000062, 0.02999999999999999889, -0.01999999999999996225 ) ) ;
#3224 = VERTEX_POINT ( 'NONE', #5246 ) ;
#3225 = EDGE_CURVE ( 'NONE', #3519, #3981, #8637, .T. ) ;
#3226 = CARTESIAN_POINT ( 'NONE',  ( 0.03199999999999999373, 0.02999999999999999889, -0.01999999999999996225 ) ) ;
#3227 = LINE ( 'NONE', #5956, #8501 ) ;
#3228 = ORIENTED_EDGE ( 'NONE', *, *, #4580, .T. ) ;
#3229 = CARTESIAN_POINT ( 'NONE',  ( -0.1680000000000000382, 0.02999999999999999889, 0.1874999999999999722 ) ) ;
#3230 = AXIS2_PLACEMENT_3D ( 'NONE', #6083, #571, #6164 ) ;
#3231 = CARTESIAN_POINT ( 'NONE',  ( -0.08200000000000000344, -0.1000000000000000056, 0.1874999999999999722 ) ) ;
#3232 = CARTESIAN_POINT ( 'NONE',  ( -0.2500000000000000000, -0.07499999999999999722, 0.1874999999999999722 ) ) ;
#3233 = CIRCLE ( 'NONE', #2087, 0.01000000000000000021 ) ;
#3234 = ORIENTED_EDGE ( 'NONE', *, *, #3962, .T. ) ;
#3235 = EDGE_CURVE ( 'NONE', #7269, #548, #2660, .T. ) ;
#3236 = CARTESIAN_POINT ( 'NONE',  ( 0.2874999999999999223, 0.2200000000000000011, 0.1125000000000000167 ) ) ;
#3237 = ORIENTED_EDGE ( 'NONE', *, *, #1829, .T. ) ;
#3238 = DIRECTION ( 'NONE',  ( -1.000000000000000000, 0.000000000000000000, -0.000000000000000000 ) ) ;
#3239 = VECTOR ( 'NONE', #3107, 39.37007874015748143 ) ;
#3240 = CARTESIAN_POINT ( 'NONE',  ( 0.2500000000000000000, -0.06500000000000000222, -0.02999999999999999889 ) ) ;
#3241 = VECTOR ( 'NONE', #2966, 39.37007874015748143 ) ;
#3242 = EDGE_CURVE ( 'NONE', #747, #3306, #7088, .T. ) ;
#3243 = ORIENTED_EDGE ( 'NONE', *, *, #3900, .T. ) ;
#3244 = CIRCLE ( 'NONE', #3671, 0.008999999999999999320 ) ;
#3245 = ORIENTED_EDGE ( 'NONE', *, *, #7556, .T. ) ;
#3246 = CARTESIAN_POINT ( 'NONE',  ( -0.1320000000000000062, -0.06500000000000000222, 0.1874999999999999722 ) ) ;
#3247 = EDGE_CURVE ( 'NONE', #205, #4597, #1183, .T. ) ;
#3248 = CARTESIAN_POINT ( 'NONE',  ( 0.3125000000000000000, 0.000000000000000000, -0.08749999999999999445 ) ) ;
#3249 = DIRECTION ( 'NONE',  ( 0.000000000000000000, 1.707404996040157067E-15, 1.000000000000000000 ) ) ;
#3250 = AXIS2_PLACEMENT_3D ( 'NONE', #3588, #1570, #7826 ) ;
#3251 = EDGE_CURVE ( 'NONE', #7232, #1615, #8058, .T. ) ;
#3252 = VERTEX_POINT ( 'NONE', #1228 ) ;
#3253 = ORIENTED_EDGE ( 'NONE', *, *, #2779, .T. ) ;
#3255 = EDGE_CURVE ( 'NONE', #5089, #5334, #2569, .T. ) ;
#3254 = DIRECTION ( 'NONE',  ( 0.000000000000000000, 0.000000000000000000, -1.000000000000000000 ) ) ;
#3256 = VERTEX_POINT ( 'NONE', #3819 ) ;
#3257 = FACE_OUTER_BOUND ( 'NONE', #7958, .T. ) ;
#3258 = LENGTH_MEASURE_WITH_UNIT ( LENGTH_MEASURE( 0.02539999999999999897 ), #8611 );
#3259 = ORIENTED_EDGE ( 'NONE', *, *, #6765, .F. ) ;
#3260 = DIRECTION ( 'NONE',  ( 0.000000000000000000, 0.000000000000000000, 1.000000000000000000 ) ) ;
#3261 = LINE ( 'NONE', #8698, #7085 ) ;
#3262 = DIRECTION ( 'NONE',  ( -1.000000000000000000, 0.000000000000000000, -0.000000000000000000 ) ) ;
#3263 = DIRECTION ( 'NONE',  ( 1.000000000000000000, 0.000000000000000000, -0.000000000000000000 ) ) ;
#3264 = DIRECTION ( 'NONE',  ( 0.000000000000000000, -0.000000000000000000, 1.000000000000000000 ) ) ;
#3265 = ORIENTED_EDGE ( 'NONE', *, *, #5087, .F. ) ;
#3266 = PLANE ( 'NONE',  #7160 ) ;
#3267 = LINE ( 'NONE', #2688, #5458 ) ;
#3268 = EDGE_LOOP ( 'NONE', ( #8352, #8526, #6759, #4969 ) ) ;
#3269 = FACE_OUTER_BOUND ( 'NONE', #4674, .T. ) ;
#3270 = EDGE_CURVE ( 'NONE', #5408, #7249, #7393, .T. ) ;
#3271 = DIRECTION ( 'NONE',  ( 0.000000000000000000, -0.000000000000000000, 1.000000000000000000 ) ) ;
#3272 = ORIENTED_EDGE ( 'NONE', *, *, #2158, .F. ) ;
#3273 = CARTESIAN_POINT ( 'NONE',  ( -0.1474999999999999922, 0.08985714285714289928, -0.1749999999999999889 ) ) ;
#3274 = ADVANCED_FACE ( 'NONE', ( #7300 ), #6541, .T. ) ;
#3275 = DIRECTION ( 'NONE',  ( 0.000000000000000000, 0.000000000000000000, -1.000000000000000000 ) ) ;
#3276 = LINE ( 'NONE', #6000, #2737 ) ;
#3277 = VERTEX_POINT ( 'NONE', #3990 ) ;
#3278 = CARTESIAN_POINT ( 'NONE',  ( 0.01799999999999998476, -0.01499999999999999944, 0.02999999999999999889 ) ) ;
#3279 = ORIENTED_EDGE ( 'NONE', *, *, #4215, .F. ) ;
#3280 = LINE ( 'NONE', #246, #6493 ) ;
#3281 = DIRECTION ( 'NONE',  ( -0.000000000000000000, -1.000000000000000000, 0.000000000000000000 ) ) ;
#3282 = EDGE_CURVE ( 'NONE', #7799, #5320, #623, .T. ) ;
#3283 = VERTEX_POINT ( 'NONE', #2120 ) ;
#3284 = VECTOR ( 'NONE', #2319, 39.37007874015748143 ) ;
#3285 = DIRECTION ( 'NONE',  ( 0.000000000000000000, -0.000000000000000000, 1.000000000000000000 ) ) ;
#3286 = FACE_OUTER_BOUND ( 'NONE', #4624, .T. ) ;
#3287 = CARTESIAN_POINT ( 'NONE',  ( -0.01799999999999998476, -0.01499999999999999944, 0.1874999999999999722 ) ) ;
#3288 = EDGE_CURVE ( 'NONE', #754, #3252, #5634, .T. ) ;
#3289 = VECTOR ( 'NONE', #6683, 39.37007874015748143 ) ;
#3290 = ORIENTED_EDGE ( 'NONE', *, *, #7646, .T. ) ;
#3291 = ADVANCED_FACE ( 'NONE', ( #8763, #6842, #6093, #4082, #2659, #718, #8813, #49, #6217, #99, #3369, #4744, #2701, #2743, #6174, #3455, #763, #7521, #7433, #5558, #2783 ), #582, .T. ) ;
#3292 = ORIENTED_EDGE ( 'NONE', *, *, #899, .F. ) ;
#3293 = CARTESIAN_POINT ( 'NONE',  ( -0.06800000000000000488, -0.02500000000000000139, 0.02999999999999999889 ) ) ;
#3294 = ORIENTED_EDGE ( 'NONE', *, *, #822, .F. ) ;
#3295 = FACE_OUTER_BOUND ( 'NONE', #1763, .T. ) ;
#3296 = VECTOR ( 'NONE', #8664, 39.37007874015748143 ) ;
#3297 = EDGE_CURVE ( 'NONE', #307, #860, #3492, .T. ) ;
#3298 = ORIENTED_EDGE ( 'NONE', *, *, #4005, .F. ) ;
#3299 = DIRECTION ( 'NONE',  ( -1.000000000000000000, 0.000000000000000000, 0.000000000000000000 ) ) ;
#3300 = AXIS2_PLACEMENT_3D ( 'NONE', #2661, #6716, #497 ) ;
#3301 = LINE ( 'NONE', #1379, #4372 ) ;
#3302 = CARTESIAN_POINT ( 'NONE',  ( -0.2774999999999999689, 0.2200000000000000011, 0.05249999999999999806 ) ) ;
#3303 = LINE ( 'NONE', #8745, #7713 ) ;
#3304 = CIRCLE ( 'NONE', #4860, 0.008999999999999999320 ) ;
#3305 = CARTESIAN_POINT ( 'NONE',  ( 0.2500000000000000000, 0.02999999999999999542, -0.02000000000000000042 ) ) ;
#3306 = VERTEX_POINT ( 'NONE', #6714 ) ;
#3307 = CARTESIAN_POINT ( 'NONE',  ( 0.2625000000000000111, 0.02000000000000000042, -0.04249999999999999611 ) ) ;
#3308 = ORIENTED_EDGE ( 'NONE', *, *, #5858, .T. ) ;
#3309 = DIRECTION ( 'NONE',  ( 0.000000000000000000, -0.000000000000000000, 1.000000000000000000 ) ) ;
#3310 = EDGE_CURVE ( 'NONE', #4020, #4461, #1358, .T. ) ;
#3311 = ORIENTED_EDGE ( 'NONE', *, *, #6956, .T. ) ;
#3312 = CARTESIAN_POINT ( 'NONE',  ( 0.01799999999999999864, -0.07499999999999999722, 0.1874999999999999722 ) ) ;
#3313 = FACE_OUTER_BOUND ( 'NONE', #113, .T. ) ;
#3315 = ORIENTED_EDGE ( 'NONE', *, *, #1054, .T. ) ;
#3314 = VECTOR ( 'NONE', #2115, 39.37007874015748143 ) ;
#3316 = CARTESIAN_POINT ( 'NONE',  ( 0.1524999999999999967, 0.05650000000000000161, -0.06500000000000000222 ) ) ;
#3317 = AXIS2_PLACEMENT_3D ( 'NONE', #6114, #8839, #6247 ) ;
#3318 = AXIS2_PLACEMENT_3D ( 'NONE', #2828, #6882, #2156 ) ;
#3319 = DIRECTION ( 'NONE',  ( -0.7071067811865479058, -0.000000000000000000, -0.7071067811865469066 ) ) ;
#3320 = FACE_OUTER_BOUND ( 'NONE', #6213, .T. ) ;
#3321 = VECTOR ( 'NONE', #7815, 39.37007874015748143 ) ;
#3322 = PLANE ( 'NONE',  #815 ) ;
#3323 = CARTESIAN_POINT ( 'NONE',  ( 0.2500000000000000000, 0.02999999999999999889, 0.02000000000000010103 ) ) ;
#3324 = ORIENTED_EDGE ( 'NONE', *, *, #7593, .F. ) ;
#3325 = CYLINDRICAL_SURFACE ( 'NONE', #481, 0.01000000000000000021 ) ;
#3326 = CARTESIAN_POINT ( 'NONE',  ( -0.03200000000000000067, -0.1000000000000000056, -0.02999999999999988440 ) ) ;
#3327 = ORIENTED_EDGE ( 'NONE', *, *, #1933, .T. ) ;
#3328 = EDGE_CURVE ( 'NONE', #3788, #6883, #4036, .T. ) ;
#3329 = CYLINDRICAL_SURFACE ( 'NONE', #7657, 0.008999999999999997585 ) ;
#3330 = ORIENTED_EDGE ( 'NONE', *, *, #5678, .F. ) ;
#3331 = PLANE ( 'NONE',  #1074 ) ;
#3332 = ADVANCED_FACE ( 'NONE', ( #5419 ), #3325, .T. ) ;
#3333 = DIRECTION ( 'NONE',  ( -0.000000000000000000, -1.000000000000000000, -0.000000000000000000 ) ) ;
#3334 = DIRECTION ( 'NONE',  ( 0.000000000000000000, 0.000000000000000000, 1.000000000000000000 ) ) ;
#3335 = EDGE_LOOP ( 'NONE', ( #951, #6516, #7732, #8776 ) ) ;
#3336 = DIRECTION ( 'NONE',  ( 1.000000000000000000, 0.000000000000000000, -0.000000000000000000 ) ) ;
#3337 = ORIENTED_EDGE ( 'NONE', *, *, #2892, .F. ) ;
#3338 = CYLINDRICAL_SURFACE ( 'NONE', #6953, 0.008999999999999997585 ) ;
#3339 = APPLICATION_PROTOCOL_DEFINITION ( 'draft international standard', 'automotive_design', 1998, #884 ) ;
#3340 = VERTEX_POINT ( 'NONE', #8194 ) ;
#3341 = EDGE_CURVE ( 'NONE', #5575, #8291, #8108, .T. ) ;
#3342 = FACE_OUTER_BOUND ( 'NONE', #6769, .T. ) ;
#3343 = CARTESIAN_POINT ( 'NONE',  ( -0.03199999999999999373, -0.06500000000000000222, -0.01499999999999995608 ) ) ;
#3344 = ORIENTED_EDGE ( 'NONE', *, *, #678, .F. ) ;
#3345 =( REPRESENTATION_RELATIONSHIP ('NONE','NONE', #7459, #4762 ) REPRESENTATION_RELATIONSHIP_WITH_TRANSFORMATION ( #3558 )SHAPE_REPRESENTATION_RELATIONSHIP( ) );
#3346 = DIRECTION ( 'NONE',  ( -1.000000000000000000, -0.000000000000000000, 0.000000000000000000 ) ) ;
#3347 = DIRECTION ( 'NONE',  ( 0.000000000000000000, -1.000000000000000000, 0.000000000000000000 ) ) ;
#3348 = EDGE_CURVE ( 'NONE', #8092, #2782, #4166, .T. ) ;
#3349 = LINE ( 'NONE', #4898, #1161 ) ;
#3350 = EDGE_LOOP ( 'NONE', ( #5681, #384, #2011, #6962 ) ) ;
#3351 = CARTESIAN_POINT ( 'NONE',  ( -0.1250000000000000000, 0.03500000000000000333, 0.02500000000000000139 ) ) ;
#3352 = CARTESIAN_POINT ( 'NONE',  ( 0.01799999999999998823, -0.02500000000000000486, 0.02999999999999999542 ) ) ;
#3353 = EDGE_LOOP ( 'NONE', ( #2382, #8229 ) ) ;
#3354 = DIRECTION ( 'NONE',  ( 0.000000000000000000, 0.000000000000000000, 1.000000000000000000 ) ) ;
#3355 = CARTESIAN_POINT ( 'NONE',  ( 0.2500000000000000000, -0.06500000000000000222, 0.1874999999999999722 ) ) ;
#3356 = EDGE_LOOP ( 'NONE', ( #2979, #2700, #6181, #4272, #6185, #4332, #7705, #4319 ) ) ;
#3357 = FACE_OUTER_BOUND ( 'NONE', #350, .T. ) ;
#3358 = EDGE_CURVE ( 'NONE', #3200, #1778, #6048, .T. ) ;
#3359 = VECTOR ( 'NONE', #6011, 39.37007874015748143 ) ;
#3360 = ADVANCED_FACE ( 'NONE', ( #4788 ), #4828, .T. ) ;
#3361 = LINE ( 'NONE', #3231, #2787 ) ;
#3362 = CIRCLE ( 'NONE', #6360, 0.01000000000000000021 ) ;
#3363 = CARTESIAN_POINT ( 'NONE',  ( 0.2500000000000000000, -0.02500000000000000139, 0.02999999999999999889 ) ) ;
#3364 = AXIS2_PLACEMENT_3D ( 'NONE', #716, #4785, #2780 ) ;
#3365 = CARTESIAN_POINT ( 'NONE',  ( 0.08200000000000000344, -0.01000000000000000021, 0.03000000000000004746 ) ) ;
#3366 = CARTESIAN_POINT ( 'NONE',  ( 0.1179999999999999938, 0.02999999999999999889, -0.01999999999999997960 ) ) ;
#3367 = AXIS2_PLACEMENT_3D ( 'NONE', #5504, #2113, #7513 ) ;
#3368 = EDGE_LOOP ( 'NONE', ( #5619, #929 ) ) ;
#3369 = FACE_BOUND ( 'NONE', #2103, .T. ) ;
#3370 = LINE ( 'NONE', #540, #4745 ) ;
#3371 = DIRECTION ( 'NONE',  ( 0.000000000000000000, 0.000000000000000000, 1.000000000000000000 ) ) ;
#3372 = ORIENTED_EDGE ( 'NONE', *, *, #1327, .F. ) ;
#3373 = VECTOR ( 'NONE', #8742, 39.37007874015748143 ) ;
#3374 = DIRECTION ( 'NONE',  ( -1.000000000000000000, 0.000000000000000000, -0.000000000000000000 ) ) ;
#3375 = AXIS2_PLACEMENT_3D ( 'NONE', #3151, #1723, #5881 ) ;
#3376 = DIRECTION ( 'NONE',  ( -1.000000000000000000, -0.000000000000000000, 0.000000000000000000 ) ) ;
#3377 = PLANE ( 'NONE',  #6930 ) ;
#3378 = VECTOR ( 'NONE', #8768, 39.37007874015748143 ) ;
#3379 = EDGE_CURVE ( 'NONE', #6675, #2000, #7559, .T. ) ;
#3380 = ORIENTED_EDGE ( 'NONE', *, *, #1855, .T. ) ;
#3381 = LINE ( 'NONE', #2042, #726 ) ;
#3382 = ORIENTED_EDGE ( 'NONE', *, *, #683, .F. ) ;
#3383 = DIRECTION ( 'NONE',  ( 0.000000000000000000, -1.000000000000000000, 0.000000000000000000 ) ) ;
#3384 = LENGTH_MEASURE_WITH_UNIT ( LENGTH_MEASURE( 0.02539999999999999897 ), #6902 );
#3385 = EDGE_LOOP ( 'NONE', ( #2076, #3468, #7099, #2832, #4574, #5448, #2772, #7492, #6293 ) ) ;
#3386 = VERTEX_POINT ( 'NONE', #6760 ) ;
#3387 = DIRECTION ( 'NONE',  ( 0.000000000000000000, 0.000000000000000000, -1.000000000000000000 ) ) ;
#3388 = ORIENTED_EDGE ( 'NONE', *, *, #3820, .F. ) ;
#3389 = LINE ( 'NONE', #6108, #7560 ) ;
#3390 = CARTESIAN_POINT ( 'NONE',  ( -0.01799999999999999170, 0.02999999999999999889, -0.01999999999999996225 ) ) ;
#3391 = EDGE_CURVE ( 'NONE', #8567, #8484, #1487, .T. ) ;
#3392 = LINE ( 'NONE', #6784, #6857 ) ;
#3393 = EDGE_LOOP ( 'NONE', ( #6456, #1642, #7240, #2355 ) ) ;
#3394 = PLANE ( 'NONE',  #4313 ) ;
#3395 = ORIENTED_EDGE ( 'NONE', *, *, #4538, .F. ) ;
#3396 = DIRECTION ( 'NONE',  ( -1.000000000000000000, 0.000000000000000000, -0.000000000000000000 ) ) ;
#3397 = ORIENTED_EDGE ( 'NONE', *, *, #2592, .T. ) ;
#3398 = DIRECTION ( 'NONE',  ( 0.000000000000000000, 0.000000000000000000, 1.000000000000000000 ) ) ;
#3399 = CARTESIAN_POINT ( 'NONE',  ( -0.2249999999999999778, 0.2550000000000000044, -0.03400000000000000244 ) ) ;
#3400 = VERTEX_POINT ( 'NONE', #6395 ) ;
#3401 = DIRECTION ( 'NONE',  ( -0.000000000000000000, -1.000000000000000000, 0.000000000000000000 ) ) ;
#3402 = FACE_OUTER_BOUND ( 'NONE', #6573, .T. ) ;
#3403 = PRODUCT_RELATED_PRODUCT_CATEGORY ( 'part', '', ( #6414 ) ) ;
#3404 = CARTESIAN_POINT ( 'NONE',  ( 0.1749999999999999889, 0.03500000000000000333, -0.01600000000000000380 ) ) ;
#3405 = DIRECTION ( 'NONE',  ( -1.000000000000000000, -0.000000000000000000, -0.000000000000000000 ) ) ;
#3406 = PLANE ( 'NONE',  #1108 ) ;
#3407 = CARTESIAN_POINT ( 'NONE',  ( 0.002499999999999884693, 0.06000000000000001166, -0.1124999999999999889 ) ) ;
#3408 = ORIENTED_EDGE ( 'NONE', *, *, #8375, .F. ) ;
#3409 = DIRECTION ( 'NONE',  ( 1.000000000000000000, 0.000000000000000000, -0.000000000000000000 ) ) ;
#3410 = EDGE_CURVE ( 'NONE', #5343, #211, #271, .T. ) ;
#3411 = ADVANCED_FACE ( 'NONE', ( #2874 ), #317, .F. ) ;
#3412 = FACE_OUTER_BOUND ( 'NONE', #6246, .T. ) ;
#3413 = EDGE_CURVE ( 'NONE', #29, #5255, #2392, .T. ) ;
#3414 = VERTEX_POINT ( 'NONE', #2258 ) ;
#3415 = ORIENTED_EDGE ( 'NONE', *, *, #3887, .F. ) ;
#3416 = CYLINDRICAL_SURFACE ( 'NONE', #3069, 0.008999999999999999320 ) ;
#3417 = ADVANCED_FACE ( 'NONE', ( #2919 ), #7693, .T. ) ;
#3418 = LINE ( 'NONE', #2750, #6424 ) ;
#3419 = LINE ( 'NONE', #6138, #5226 ) ;
#3420 = VECTOR ( 'NONE', #4457, 39.37007874015748143 ) ;
#3421 = ORIENTED_EDGE ( 'NONE', *, *, #2703, .F. ) ;
#3422 = LINE ( 'NONE', #8119, #4160 ) ;
#3423 = ORIENTED_EDGE ( 'NONE', *, *, #550, .T. ) ;
#3424 = CARTESIAN_POINT ( 'NONE',  ( -0.01799999999999998476, -0.02500000000000000139, 0.02999999999999999889 ) ) ;
#3425 = DIRECTION ( 'NONE',  ( 1.000000000000000000, 0.000000000000000000, 0.000000000000000000 ) ) ;
#3426 = VERTEX_POINT ( 'NONE', #6309 ) ;
#3427 = DIRECTION ( 'NONE',  ( 0.5773502691896259531, 0.5773502691896259531, -0.5773502691896253980 ) ) ;
#3428 = FACE_OUTER_BOUND ( 'NONE', #3571, .T. ) ;
#3429 = ORIENTED_EDGE ( 'NONE', *, *, #6824, .T. ) ;
#3430 = CARTESIAN_POINT ( 'NONE',  ( -0.03200000000000000067, -0.1000000000000000056, -0.01999999999999999001 ) ) ;
#3431 = EDGE_CURVE ( 'NONE', #3306, #7011, #5648, .T. ) ;
#3432 = VECTOR ( 'NONE', #4709, 39.37007874015748143 ) ;
#3433 = LINE ( 'NONE', #6152, #3594 ) ;
#3434 = VERTEX_POINT ( 'NONE', #8367 ) ;
#3435 = EDGE_CURVE ( 'NONE', #598, #2452, #8198, .T. ) ;
#3436 = DIRECTION ( 'NONE',  ( 0.000000000000000000, 0.000000000000000000, -1.000000000000000000 ) ) ;
#3437 = EDGE_LOOP ( 'NONE', ( #936, #8129, #2804, #8179 ) ) ;
#3438 = VECTOR ( 'NONE', #475, 39.37007874015748143 ) ;
#3439 = DIRECTION ( 'NONE',  ( 0.000000000000000000, 0.000000000000000000, -1.000000000000000000 ) ) ;
#3440 = ORIENTED_EDGE ( 'NONE', *, *, #920, .T. ) ;
#3441 = DIRECTION ( 'NONE',  ( -0.000000000000000000, 0.000000000000000000, -1.000000000000000000 ) ) ;
#3442 = DIRECTION ( 'NONE',  ( -0.000000000000000000, -0.000000000000000000, 1.000000000000000000 ) ) ;
#3443 = VERTEX_POINT ( 'NONE', #1574 ) ;
#3444 = DIRECTION ( 'NONE',  ( 0.000000000000000000, 0.000000000000000000, 1.000000000000000000 ) ) ;
#3445 = EDGE_CURVE ( 'NONE', #2886, #2742, #8327, .T. ) ;
#3446 = VECTOR ( 'NONE', #4415, 39.37007874015748143 ) ;
#3447 = AXIS2_PLACEMENT_3D ( 'NONE', #4249, #1606, #886 ) ;
#3448 = PLANE ( 'NONE',  #2367 ) ;
#3449 = CARTESIAN_POINT ( 'NONE',  ( -0.08200000000000000344, -0.07499999999999999722, 0.1874999999999999722 ) ) ;
#3450 = VECTOR ( 'NONE', #8676, 39.37007874015748143 ) ;
#3451 = FACE_OUTER_BOUND ( 'NONE', #4274, .T. ) ;
#3452 = EDGE_LOOP ( 'NONE', ( #8491, #6978, #3520, #7623, #8548, #2662, #8479, #162 ) ) ;
#3453 = DIRECTION ( 'NONE',  ( 0.000000000000000000, 1.000000000000000000, -0.000000000000000000 ) ) ;
#3454 = ORIENTED_EDGE ( 'NONE', *, *, #16, .F. ) ;
#3455 = FACE_BOUND ( 'NONE', #4244, .T. ) ;
#3456 = EDGE_CURVE ( 'NONE', #8205, #7843, #6632, .T. ) ;
#3457 = VECTOR ( 'NONE', #2736, 39.37007874015748143 ) ;
#3458 = ADVANCED_FACE ( 'NONE', ( #814 ), #4211, .F. ) ;
#3459 = ORIENTED_EDGE ( 'NONE', *, *, #5709, .T. ) ;
#3460 = CIRCLE ( 'NONE', #5028, 0.01000000000000000021 ) ;
#3461 = CARTESIAN_POINT ( 'NONE',  ( 0.1749999999999999889, 0.2550000000000000044, -0.01600000000000000380 ) ) ;
#3462 = VECTOR ( 'NONE', #7680, 39.37007874015748143 ) ;
#3463 = LINE ( 'NONE', #8246, #559 ) ;
#3464 = EDGE_CURVE ( 'NONE', #67, #1947, #3545, .T. ) ;
#3465 = DIMENSIONAL_EXPONENTS ( 1.000000000000000000, 0.000000000000000000, 0.000000000000000000, 0.000000000000000000, 0.000000000000000000, 0.000000000000000000, 0.000000000000000000 ) ;
#3466 = CARTESIAN_POINT ( 'NONE',  ( 0.3125000000000000000, 0.1239999999999999991, -0.03749999999999999861 ) ) ;
#3467 = PRODUCT_DEFINITION_FORMATION_WITH_SPECIFIED_SOURCE ( 'ANY', '', #6414, .NOT_KNOWN. ) ;
#3468 = ORIENTED_EDGE ( 'NONE', *, *, #3175, .T. ) ;
#3469 = EDGE_CURVE ( 'NONE', #595, #3718, #6979, .T. ) ;
#3470 = ORIENTED_EDGE ( 'NONE', *, *, #8316, .F. ) ;
#3471 = CARTESIAN_POINT ( 'NONE',  ( 0.08200000000000000344, 0.02999999999999999889, 0.1874999999999999722 ) ) ;
#3472 = ORIENTED_EDGE ( 'NONE', *, *, #4518, .F. ) ;
#3473 = PLANE ( 'NONE',  #817 ) ;
#3474 = SHAPE_REPRESENTATION_RELATIONSHIP ( 'NONE' , 'NONE' ,  #4762, #1140 ) ;
#3475 = ORIENTED_EDGE ( 'NONE', *, *, #8224, .F. ) ;
#3476 = LINE ( 'NONE', #6237, #5071 ) ;
#3477 = ORIENTED_EDGE ( 'NONE', *, *, #2247, .T. ) ;
#3478 = LINE ( 'NONE', #652, #1095 ) ;
#3479 = ORIENTED_EDGE ( 'NONE', *, *, #4640, .F. ) ;
#3480 = CARTESIAN_POINT ( 'NONE',  ( 0.1179999999999999938, -0.01499999999999999598, 0.1874999999999999722 ) ) ;
#3481 = CARTESIAN_POINT ( 'NONE',  ( -0.2180000000000000826, 0.02999999999999999889, -0.02999999999999999889 ) ) ;
#3482 = DIRECTION ( 'NONE',  ( 1.000000000000000000, 0.000000000000000000, -0.000000000000000000 ) ) ;
#3483 = ORIENTED_EDGE ( 'NONE', *, *, #486, .F. ) ;
#3484 = FACE_OUTER_BOUND ( 'NONE', #6917, .T. ) ;
#3485 = ORIENTED_EDGE ( 'NONE', *, *, #7428, .F. ) ;
#3486 = CARTESIAN_POINT ( 'NONE',  ( 0.2874999999999999223, 0.2200000000000000011, -0.1124999999999999889 ) ) ;
#3487 = DIRECTION ( 'NONE',  ( -0.000000000000000000, -0.000000000000000000, -1.000000000000000000 ) ) ;
#3488 = EDGE_LOOP ( 'NONE', ( #1869, #7817, #5191, #7214 ) ) ;
#3489 = DIRECTION ( 'NONE',  ( 0.000000000000000000, 0.000000000000000000, 1.000000000000000000 ) ) ;
#3490 = LINE ( 'NONE', #3583, #6070 ) ;
#3491 = EDGE_CURVE ( 'NONE', #3126, #2942, #7781, .T. ) ;
#3492 = CIRCLE ( 'NONE', #4057, 0.008999999999999999320 ) ;
#3493 = CARTESIAN_POINT ( 'NONE',  ( -0.1474999999999999922, 0.06000000000000001166, -0.1124999999999999889 ) ) ;
#3494 = DIRECTION ( 'NONE',  ( -1.000000000000000000, 0.000000000000000000, -0.000000000000000000 ) ) ;
#3495 = DIRECTION ( 'NONE',  ( 0.000000000000000000, 0.000000000000000000, 1.000000000000000000 ) ) ;
#3496 = CARTESIAN_POINT ( 'NONE',  ( 0.1319999999999999785, 0.000000000000000000, 0.1874999999999999722 ) ) ;
#3497 = AXIS2_PLACEMENT_3D ( 'NONE', #4881, #2747, #8818 ) ;
#3498 = ORIENTED_EDGE ( 'NONE', *, *, #7128, .T. ) ;
#3499 = DIRECTION ( 'NONE',  ( -1.000000000000000000, 0.000000000000000000, -0.000000000000000000 ) ) ;
#3500 = VECTOR ( 'NONE', #7246, 39.37007874015748143 ) ;
#3501 = VECTOR ( 'NONE', #8278, 39.37007874015748854 ) ;
#3502 = EDGE_CURVE ( 'NONE', #284, #601, #227, .T. ) ;
#3503 = VECTOR ( 'NONE', #2564, 39.37007874015748143 ) ;
#3504 = ORIENTED_EDGE ( 'NONE', *, *, #5808, .F. ) ;
#3505 = CARTESIAN_POINT ( 'NONE',  ( 0.1749999999999999889, 0.1905000000000000027, 0.01600000000000000380 ) ) ;
#3506 = CARTESIAN_POINT ( 'NONE',  ( -0.01799999999999998476, -0.01499999999999999771, 0.01999999999999999695 ) ) ;
#3507 = EDGE_CURVE ( 'NONE', #1771, #6591, #3719, .T. ) ;
#3508 = DIRECTION ( 'NONE',  ( 0.000000000000000000, 0.000000000000000000, 1.000000000000000000 ) ) ;
#3509 = VECTOR ( 'NONE', #2361, 39.37007874015748143 ) ;
#3510 = ORIENTED_EDGE ( 'NONE', *, *, #153, .T. ) ;
#3511 = AXIS2_PLACEMENT_3D ( 'NONE', #7141, #3796, #5811 ) ;
#3512 = CARTESIAN_POINT ( 'NONE',  ( -0.3125000000000000000, 0.2200000000000000011, 0.05250000000000000500 ) ) ;
#3513 = EDGE_CURVE ( 'NONE', #8267, #1274, #4265, .T. ) ;
#3514 = ORIENTED_EDGE ( 'NONE', *, *, #1422, .T. ) ;
#3515 = VECTOR ( 'NONE', #4833, 39.37007874015748143 ) ;
#3516 = CARTESIAN_POINT ( 'NONE',  ( 0.2625000000000000111, 0.02000000000000000042, 0.000000000000000000 ) ) ;
#3517 = VERTEX_POINT ( 'NONE', #7739 ) ;
#3518 = DIRECTION ( 'NONE',  ( 0.000000000000000000, 1.000000000000000000, 0.000000000000000000 ) ) ;
#3519 = VERTEX_POINT ( 'NONE', #2963 ) ;
#3520 = ORIENTED_EDGE ( 'NONE', *, *, #4559, .T. ) ;
#3521 = CARTESIAN_POINT ( 'NONE',  ( 0.1749999999999999889, 0.2550000000000000044, -0.02500000000000000139 ) ) ;
#3522 = ADVANCED_FACE ( 'NONE', ( #5694 ), #8409, .T. ) ;
#3523 = CARTESIAN_POINT ( 'NONE',  ( -0.2500000000000000000, 0.03500000000000000333, -0.04249999999999999611 ) ) ;
#3524 = VECTOR ( 'NONE', #7122, 39.37007874015748143 ) ;
#3525 = EDGE_CURVE ( 'NONE', #4590, #3788, #444, .T. ) ;
#3526 = DIMENSIONAL_EXPONENTS ( 1.000000000000000000, 0.000000000000000000, 0.000000000000000000, 0.000000000000000000, 0.000000000000000000, 0.000000000000000000, 0.000000000000000000 ) ;
#3527 = PLANE ( 'NONE',  #4716 ) ;
#3528 = ORIENTED_EDGE ( 'NONE', *, *, #3469, .F. ) ;
#3529 = ORIENTED_EDGE ( 'NONE', *, *, #3551, .T. ) ;
#3530 = DIRECTION ( 'NONE',  ( 0.000000000000000000, 0.000000000000000000, 1.000000000000000000 ) ) ;
#3531 = ORIENTED_EDGE ( 'NONE', *, *, #641, .F. ) ;
#3532 = DIRECTION ( 'NONE',  ( 1.000000000000000000, -0.000000000000000000, -0.000000000000000000 ) ) ;
#3533 = DIRECTION ( 'NONE',  ( 0.000000000000000000, -1.000000000000000000, 0.000000000000000000 ) ) ;
#3534 = ORIENTED_EDGE ( 'NONE', *, *, #6833, .T. ) ;
#3535 = CARTESIAN_POINT ( 'NONE',  ( -0.07499999999999999722, 0.1905000000000000027, -0.01600000000000000380 ) ) ;
#3536 = VECTOR ( 'NONE', #8294, 39.37007874015748143 ) ;
#3537 = CARTESIAN_POINT ( 'NONE',  ( 0.000000000000000000, -0.07499999999999999722, 0.000000000000000000 ) ) ;
#3538 = DIRECTION ( 'NONE',  ( -0.000000000000000000, -1.000000000000000000, -0.000000000000000000 ) ) ;
#3539 = CARTESIAN_POINT ( 'NONE',  ( 0.2500000000000000000, -0.05999999999999999778, -0.02000000000000000042 ) ) ;
#3540 = DIRECTION ( 'NONE',  ( -0.000000000000000000, -1.000000000000000000, 0.000000000000000000 ) ) ;
#3541 = DIRECTION ( 'NONE',  ( -0.000000000000000000, -1.000000000000000000, -0.000000000000000000 ) ) ;
#3542 = DIRECTION ( 'NONE',  ( 0.000000000000000000, 0.000000000000000000, 1.000000000000000000 ) ) ;
#3543 = CARTESIAN_POINT ( 'NONE',  ( -0.1180000000000000077, 0.02999999999999999889, 0.02000000000000003164 ) ) ;
#3544 = ORIENTED_EDGE ( 'NONE', *, *, #3739, .F. ) ;
#3545 = LINE ( 'NONE', #3680, #5336 ) ;
#3546 = EDGE_CURVE ( 'NONE', #8055, #7549, #6768, .T. ) ;
#3547 = ADVANCED_FACE ( 'NONE', ( #5277 ), #8673, .T. ) ;
#3548 = ORIENTED_EDGE ( 'NONE', *, *, #8624, .F. ) ;
#3549 = LINE ( 'NONE', #5471, #6908 ) ;
#3550 = DIRECTION ( 'NONE',  ( -0.000000000000000000, -1.000000000000000000, 0.000000000000000000 ) ) ;
#3551 = EDGE_CURVE ( 'NONE', #3112, #6238, #488, .T. ) ;
#3552 = DIRECTION ( 'NONE',  ( 1.000000000000000000, -0.000000000000000000, -0.000000000000000000 ) ) ;
#3553 = ORIENTED_EDGE ( 'NONE', *, *, #8490, .F. ) ;
#3554 = ORIENTED_EDGE ( 'NONE', *, *, #3469, .T. ) ;
#3555 = CARTESIAN_POINT ( 'NONE',  ( 0.2500000000000000000, -0.06500000000000000222, -0.01499999999999990750 ) ) ;
#3556 = ORIENTED_EDGE ( 'NONE', *, *, #7235, .T. ) ;
#3557 = FACE_OUTER_BOUND ( 'NONE', #2221, .T. ) ;
#3558 = ITEM_DEFINED_TRANSFORMATION ( 'NONE', 'NONE', #7320,  #2184 ) ;
#3559 = ORIENTED_EDGE ( 'NONE', *, *, #5547, .F. ) ;
#3560 = DIRECTION ( 'NONE',  ( -1.000000000000000000, 0.000000000000000000, 0.000000000000000000 ) ) ;
#3561 = ORIENTED_EDGE ( 'NONE', *, *, #5606, .F. ) ;
#3562 = ORIENTED_EDGE ( 'NONE', *, *, #6877, .T. ) ;
#3563 = FACE_BOUND ( 'NONE', #2126, .T. ) ;
#3564 = ADVANCED_FACE ( 'NONE', ( #7962 ), #401, .T. ) ;
#3565 = DIRECTION ( 'NONE',  ( -0.000000000000000000, -0.000000000000000000, -1.000000000000000000 ) ) ;
#3566 = ADVANCED_FACE ( 'NONE', ( #5997 ), #1217, .T. ) ;
#3567 = VECTOR ( 'NONE', #289, 39.37007874015748143 ) ;
#3568 = PLANE ( 'NONE',  #5289 ) ;
#3569 = ADVANCED_FACE ( 'NONE', ( #5829 ), #3939, .T. ) ;
#3570 = ORIENTED_EDGE ( 'NONE', *, *, #6672, .F. ) ;
#3571 = EDGE_LOOP ( 'NONE', ( #2638, #6072, #3168, #3477 ) ) ;
#3572 = DIRECTION ( 'NONE',  ( 0.000000000000000000, -0.000000000000000000, 1.000000000000000000 ) ) ;
#3573 = VERTEX_POINT ( 'NONE', #531 ) ;
#3574 = DIRECTION ( 'NONE',  ( 0.000000000000000000, 1.707404996040157067E-15, 1.000000000000000000 ) ) ;
#3575 = AXIS2_PLACEMENT_3D ( 'NONE', #7564, #6267, #2970 ) ;
#3576 = DIRECTION ( 'NONE',  ( 0.000000000000000000, -1.000000000000000000, 0.000000000000000000 ) ) ;
#3577 = ORIENTED_EDGE ( 'NONE', *, *, #2639, .T. ) ;
#3578 = PLANE ( 'NONE',  #6223 ) ;
#3579 = DIRECTION ( 'NONE',  ( 0.000000000000000000, 1.000000000000000000, 0.000000000000000000 ) ) ;
#3580 = ADVANCED_FACE ( 'NONE', ( #3812 ), #7873, .T. ) ;
#3581 = ORIENTED_EDGE ( 'NONE', *, *, #5469, .T. ) ;
#3582 = VECTOR ( 'NONE', #7861, 39.37007874015748143 ) ;
#3583 = CARTESIAN_POINT ( 'NONE',  ( -0.3125000000000000000, 0.2200000000000000011, 0.1124999999999999889 ) ) ;
#3584 = EDGE_CURVE ( 'NONE', #7068, #1771, #1174, .T. ) ;
#3585 = DIRECTION ( 'NONE',  ( 0.000000000000000000, 0.000000000000000000, -1.000000000000000000 ) ) ;
#3586 = DIRECTION ( 'NONE',  ( 0.000000000000000000, -0.000000000000000000, 1.000000000000000000 ) ) ;
#3587 = CARTESIAN_POINT ( 'NONE',  ( -0.2179999999999999993, 0.02999999999999999889, 0.1874999999999999722 ) ) ;
#3588 = CARTESIAN_POINT ( 'NONE',  ( -0.2500000000000000000, 0.000000000000000000, 0.1874999999999999722 ) ) ;
#3589 = DIRECTION ( 'NONE',  ( -1.000000000000000000, 0.000000000000000000, 0.000000000000000000 ) ) ;
#3590 = LINE ( 'NONE', #4916, #2518 ) ;
#3592 = ORIENTED_EDGE ( 'NONE', *, *, #3993, .F. ) ;
#3591 = AXIS2_PLACEMENT_3D ( 'NONE', #2140, #1342, #4768 ) ;
#3593 = CARTESIAN_POINT ( 'NONE',  ( 0.000000000000000000, -0.07499999999999999722, 0.000000000000000000 ) ) ;
#3594 = VECTOR ( 'NONE', #5535, 39.37007874015748143 ) ;
#3595 = CIRCLE ( 'NONE', #6588, 0.004999999999999997502 ) ;
#3596 = EDGE_LOOP ( 'NONE', ( #4532, #2486, #3315, #7900 ) ) ;
#3597 = CARTESIAN_POINT ( 'NONE',  ( 0.1319999999999999785, -0.01499999999999999944, 0.1874999999999999722 ) ) ;
#3598 = DIRECTION ( 'NONE',  ( -0.000000000000000000, -1.000000000000000000, 0.000000000000000000 ) ) ;
#3599 = DIRECTION ( 'NONE',  ( 0.000000000000000000, 0.000000000000000000, 1.000000000000000000 ) ) ;
#3600 = EDGE_LOOP ( 'NONE', ( #3620, #5677, #2705, #5764 ) ) ;
#3601 = ORIENTED_EDGE ( 'NONE', *, *, #2337, .T. ) ;
#3602 = VERTEX_POINT ( 'NONE', #1041 ) ;
#3603 = ADVANCED_FACE ( 'NONE', ( #5324 ), #7159, .T. ) ;
#3604 = CARTESIAN_POINT ( 'NONE',  ( -0.08200000000000000344, -0.02500000000000000486, 0.1874999999999999722 ) ) ;
#3605 = ORIENTED_EDGE ( 'NONE', *, *, #1495, .T. ) ;
#3606 = CARTESIAN_POINT ( 'NONE',  ( 0.1680000000000000382, -0.02500000000000000486, 0.1874999999999999722 ) ) ;
#3607 = ORIENTED_EDGE ( 'NONE', *, *, #7556, .F. ) ;
#3608 = ORIENTED_EDGE ( 'NONE', *, *, #1272, .F. ) ;
#3609 = LINE ( 'NONE', #114, #3284 ) ;
#3610 =( GEOMETRIC_REPRESENTATION_CONTEXT ( 3 ) GLOBAL_UNCERTAINTY_ASSIGNED_CONTEXT ( ( #7266 ) ) GLOBAL_UNIT_ASSIGNED_CONTEXT ( ( #1375, #5437, #5527 ) ) REPRESENTATION_CONTEXT ( 'NONE', 'WORKASPACE' ) );
#3611 = LINE ( 'NONE', #6415, #6287 ) ;
#3612 = LINE ( 'NONE', #2365, #5580 ) ;
#3613 = ORIENTED_EDGE ( 'NONE', *, *, #6171, .T. ) ;
#3614 = EDGE_CURVE ( 'NONE', #65, #4843, #8542, .T. ) ;
#3615 = ORIENTED_EDGE ( 'NONE', *, *, #4897, .T. ) ;
#3616 = DIRECTION ( 'NONE',  ( 0.000000000000000000, 0.000000000000000000, -1.000000000000000000 ) ) ;
#3617 = ORIENTED_EDGE ( 'NONE', *, *, #541, .T. ) ;
#3618 = CARTESIAN_POINT ( 'NONE',  ( -0.2180000000000000271, -0.06500000000000000222, 0.1874999999999999722 ) ) ;
#3619 = DIRECTION ( 'NONE',  ( -0.000000000000000000, 0.000000000000000000, -1.000000000000000000 ) ) ;
#3620 = ORIENTED_EDGE ( 'NONE', *, *, #2897, .F. ) ;
#3621 = CYLINDRICAL_SURFACE ( 'NONE', #798, 0.008999999999999997585 ) ;
#3622 = LINE ( 'NONE', #5727, #6852 ) ;
#3623 = EDGE_CURVE ( 'NONE', #8748, #6229, #6914, .T. ) ;
#3624 = DIRECTION ( 'NONE',  ( 0.000000000000000000, 0.000000000000000000, -1.000000000000000000 ) ) ;
#3625 = DIRECTION ( 'NONE',  ( -0.000000000000000000, -1.000000000000000000, -0.000000000000000000 ) ) ;
#3626 = DIRECTION ( 'NONE',  ( 1.000000000000000000, 0.000000000000000000, 0.000000000000000000 ) ) ;
#3627 = CARTESIAN_POINT ( 'NONE',  ( -0.1320000000000000062, -0.1000000000000000056, 0.1874999999999999722 ) ) ;
#3628 = CARTESIAN_POINT ( 'NONE',  ( -0.03200000000000000067, -0.1000000000000000056, 0.02999999999999998848 ) ) ;
#3629 = EDGE_CURVE ( 'NONE', #2627, #1266, #1084, .T. ) ;
#3630 = DIRECTION ( 'NONE',  ( 0.000000000000000000, 1.000000000000000000, 0.000000000000000000 ) ) ;
#3631 = CARTESIAN_POINT ( 'NONE',  ( 0.2775000000000000244, 0.2200000000000000011, -0.05249999999999999806 ) ) ;
#3632 = ORIENTED_EDGE ( 'NONE', *, *, #714, .F. ) ;
#3633 = DIRECTION ( 'NONE',  ( 1.000000000000000000, 0.000000000000000000, -0.000000000000000000 ) ) ;
#3634 = VECTOR ( 'NONE', #5109, 39.37007874015748143 ) ;
#3635 = CARTESIAN_POINT ( 'NONE',  ( 0.07499999999999999722, 0.03500000000000000333, -0.03400000000000000244 ) ) ;
#3636 = CIRCLE ( 'NONE', #8201, 0.01000000000000000021 ) ;
#3637 = ORIENTED_EDGE ( 'NONE', *, *, #7344, .F. ) ;
#3638 = CARTESIAN_POINT ( 'NONE',  ( -0.2500000000000000000, 0.000000000000000000, 0.04249999999999999611 ) ) ;
#3639 = PLANE ( 'NONE',  #664 ) ;
#3640 = CARTESIAN_POINT ( 'NONE',  ( -0.3125000000000000000, 0.2200000000000000011, -0.05249999999999999806 ) ) ;
#3641 = EDGE_CURVE ( 'NONE', #4734, #1556, #7916, .T. ) ;
#3642 = PLANE ( 'NONE',  #5663 ) ;
#3643 = VECTOR ( 'NONE', #3997, 39.37007874015748143 ) ;
#3644 = EDGE_LOOP ( 'NONE', ( #1370, #3228, #6610, #5990 ) ) ;
#3645 = VERTEX_POINT ( 'NONE', #6574 ) ;
#3646 = ORIENTED_EDGE ( 'NONE', *, *, #6623, .T. ) ;
#3647 = VECTOR ( 'NONE', #8462, 39.37007874015748143 ) ;
#3648 = CARTESIAN_POINT ( 'NONE',  ( -0.07499999999999999722, 0.03500000000000000333, 0.03400000000000000244 ) ) ;
#3649 = ORIENTED_EDGE ( 'NONE', *, *, #5601, .T. ) ;
#3650 = CARTESIAN_POINT ( 'NONE',  ( 0.03199999999999999373, -0.05999999999999999778, -0.02000000000000000042 ) ) ;
#3651 = ORIENTED_EDGE ( 'NONE', *, *, #6577, .F. ) ;
#3652 = AXIS2_PLACEMENT_3D ( 'NONE', #8758, #533, #3275 ) ;
#3653 = DIRECTION ( 'NONE',  ( 0.000000000000000000, 0.000000000000000000, -1.000000000000000000 ) ) ;
#3654 = CARTESIAN_POINT ( 'NONE',  ( 0.1819999999999999951, 0.02999999999999999889, 0.03000000000000008910 ) ) ;
#3655 = EDGE_CURVE ( 'NONE', #1340, #4309, #499, .T. ) ;
#3656 = VECTOR ( 'NONE', #4067, 39.37007874015748143 ) ;
#3657 = AXIS2_PLACEMENT_3D ( 'NONE', #1240, #8734, #4751 ) ;
#3658 = DIRECTION ( 'NONE',  ( -0.000000000000000000, -1.000000000000000000, -0.000000000000000000 ) ) ;
#3659 = ORIENTED_EDGE ( 'NONE', *, *, #5368, .F. ) ;
#3660 = VERTEX_POINT ( 'NONE', #3899 ) ;
#3661 = FACE_OUTER_BOUND ( 'NONE', #2444, .T. ) ;
#3662 = ORIENTED_EDGE ( 'NONE', *, *, #1687, .F. ) ;
#3663 = DIRECTION ( 'NONE',  ( 0.000000000000000000, 0.000000000000000000, -1.000000000000000000 ) ) ;
#3664 = CARTESIAN_POINT ( 'NONE',  ( 0.07499999999999999722, 0.2550000000000000044, 0.02500000000000000139 ) ) ;
#3665 = VECTOR ( 'NONE', #3442, 39.37007874015748143 ) ;
#3666 = ORIENTED_EDGE ( 'NONE', *, *, #6754, .T. ) ;
#3667 = CARTESIAN_POINT ( 'NONE',  ( 0.2500000000000000000, 0.02999999999999999889, 0.03000000000000009950 ) ) ;
#3668 = LINE ( 'NONE', #5769, #8147 ) ;
#3669 = CIRCLE ( 'NONE', #5235, 0.008999999999999999320 ) ;
#3670 = EDGE_CURVE ( 'NONE', #7126, #2942, #6622, .T. ) ;
#3671 = AXIS2_PLACEMENT_3D ( 'NONE', #2911, #2664, #3585 ) ;
#3672 = CARTESIAN_POINT ( 'NONE',  ( 0.08200000000000001732, -0.06500000000000000222, 0.1874999999999999722 ) ) ;
#3673 = ORIENTED_EDGE ( 'NONE', *, *, #8808, .T. ) ;
#3674 = FACE_OUTER_BOUND ( 'NONE', #5232, .T. ) ;
#3675 = DIRECTION ( 'NONE',  ( -0.000000000000000000, -0.000000000000000000, 1.000000000000000000 ) ) ;
#3676 = CARTESIAN_POINT ( 'NONE',  ( 0.2500000000000000000, -0.01499999999999999944, 0.1874999999999999722 ) ) ;
#3677 = DIRECTION ( 'NONE',  ( 0.000000000000000000, 0.000000000000000000, 1.000000000000000000 ) ) ;
#3678 = CARTESIAN_POINT ( 'NONE',  ( 0.2500000000000000000, -0.06500000000000000222, -0.02000000000000000042 ) ) ;
#3679 = ORIENTED_EDGE ( 'NONE', *, *, #550, .F. ) ;
#3680 = CARTESIAN_POINT ( 'NONE',  ( -0.3125000000000000000, 0.06000000000000001166, 0.1124999999999999889 ) ) ;
#3681 = AXIS2_PLACEMENT_3D ( 'NONE', #5435, #8693, #7452 ) ;
#3682 = EDGE_CURVE ( 'NONE', #8346, #5541, #708, .T. ) ;
#3683 = CARTESIAN_POINT ( 'NONE',  ( -0.08200000000000004508, 0.02999999999999999889, -0.05000000000000000278 ) ) ;
#3684 = EDGE_CURVE ( 'NONE', #6222, #7485, #1432, .T. ) ;
#3685 = ORIENTED_EDGE ( 'NONE', *, *, #6795, .F. ) ;
#3686 = LINE ( 'NONE', #8506, #5501 ) ;
#3687 = PLANE ( 'NONE',  #1102 ) ;
#3688 = LINE ( 'NONE', #7254, #4143 ) ;
#3689 = DIRECTION ( 'NONE',  ( 0.000000000000000000, -1.000000000000000000, 0.000000000000000000 ) ) ;
#3690 = ORIENTED_EDGE ( 'NONE', *, *, #261, .T. ) ;
#3691 = ORIENTED_EDGE ( 'NONE', *, *, #7931, .F. ) ;
#3692 = EDGE_CURVE ( 'NONE', #5176, #6964, #6119, .T. ) ;
#3693 = ORIENTED_EDGE ( 'NONE', *, *, #2186, .F. ) ;
#3694 = CARTESIAN_POINT ( 'NONE',  ( -0.2500000000000000000, -0.02500000000000000139, 0.1874999999999999722 ) ) ;
#3695 = CARTESIAN_POINT ( 'NONE',  ( -0.1819999999999999951, 0.02999999999999999889, -0.01999999999999997960 ) ) ;
#3696 = DIRECTION ( 'NONE',  ( 0.000000000000000000, -1.000000000000000000, -0.000000000000000000 ) ) ;
#3697 = EDGE_LOOP ( 'NONE', ( #5554, #1405, #8151, #3479, #202, #2174, #8787, #7440, #3504, #7039 ) ) ;
#3698 = CARTESIAN_POINT ( 'NONE',  ( 0.2500000000000000000, -0.06500000000000000222, -0.02000000000000000042 ) ) ;
#3699 = VERTEX_POINT ( 'NONE', #8805 ) ;
#3700 = VERTEX_POINT ( 'NONE', #5412 ) ;
#3701 = DIRECTION ( 'NONE',  ( 1.000000000000000000, 0.000000000000000000, 0.000000000000000000 ) ) ;
#3702 = EDGE_LOOP ( 'NONE', ( #3651, #5347 ) ) ;
#3703 = CARTESIAN_POINT ( 'NONE',  ( 0.01799999999999999864, -0.02500000000000000486, 0.1874999999999999722 ) ) ;
#3704 = DIRECTION ( 'NONE',  ( 0.000000000000000000, 1.000000000000000000, -0.000000000000000000 ) ) ;
#3705 = ORIENTED_EDGE ( 'NONE', *, *, #6731, .T. ) ;
#3706 = DIRECTION ( 'NONE',  ( 1.000000000000000000, 0.000000000000000000, 0.000000000000000000 ) ) ;
#3707 = DIRECTION ( 'NONE',  ( 0.000000000000000000, 0.000000000000000000, 1.000000000000000000 ) ) ;
#3708 = EDGE_CURVE ( 'NONE', #785, #4362, #7633, .T. ) ;
#3709 = CARTESIAN_POINT ( 'NONE',  ( -0.2500000000000000000, -0.02500000000000000139, 0.1874999999999999722 ) ) ;
#3710 = EDGE_LOOP ( 'NONE', ( #1372, #6419, #5361, #2471 ) ) ;
#3711 = VECTOR ( 'NONE', #2051, 39.37007874015748143 ) ;
#3712 = CARTESIAN_POINT ( 'NONE',  ( -0.1250000000000000000, 0.2550000000000000044, 0.02500000000000000139 ) ) ;
#3713 = LINE ( 'NONE', #946, #588 ) ;
#3714 = CARTESIAN_POINT ( 'NONE',  ( 0.1179999999999999938, -0.07499999999999999722, -0.02000000000000000042 ) ) ;
#3715 = ADVANCED_FACE ( 'NONE', ( #2693 ), #4116, .F. ) ;
#3716 = CARTESIAN_POINT ( 'NONE',  ( 0.2500000000000000000, -0.05999999999999999778, -0.01499999999999999944 ) ) ;
#3717 = CARTESIAN_POINT ( 'NONE',  ( 0.06800000000000000488, -0.1000000000000000056, 0.1874999999999999722 ) ) ;
#3718 = VERTEX_POINT ( 'NONE', #8755 ) ;
#3719 = LINE ( 'NONE', #6262, #1638 ) ;
#3720 = CIRCLE ( 'NONE', #2008, 0.008999999999999997585 ) ;
#3721 = CARTESIAN_POINT ( 'NONE',  ( 0.03199999999999999373, -0.01499999999999999944, 0.03500000000000000333 ) ) ;
#3722 = CARTESIAN_POINT ( 'NONE',  ( 0.03199999999999999373, 0.000000000000000000, 0.1874999999999999722 ) ) ;
#3723 = VECTOR ( 'NONE', #2324, 39.37007874015748143 ) ;
#3724 = ORIENTED_EDGE ( 'NONE', *, *, #3435, .F. ) ;
#3725 = EDGE_CURVE ( 'NONE', #2280, #7086, #3362, .T. ) ;
#3726 = CIRCLE ( 'NONE', #5158, 0.008999999999999999320 ) ;
#3727 = LINE ( 'NONE', #6448, #3647 ) ;
#3728 = CARTESIAN_POINT ( 'NONE',  ( -0.02500000000000000139, 0.2550000000000000044, 0.02500000000000000139 ) ) ;
#3729 = LINE ( 'NONE', #6452, #2858 ) ;
#3730 = CYLINDRICAL_SURFACE ( 'NONE', #4658, 0.005000000000000021788 ) ;
#3731 = AXIS2_PLACEMENT_3D ( 'NONE', #449, #7834, #7162 ) ;
#3732 = EDGE_CURVE ( 'NONE', #2426, #1690, #6794, .T. ) ;
#3733 = CIRCLE ( 'NONE', #4157, 0.008999999999999999320 ) ;
#3734 = EDGE_LOOP ( 'NONE', ( #842, #4124, #6826, #1817 ) ) ;
#3735 = ORIENTED_EDGE ( 'NONE', *, *, #4580, .F. ) ;
#3736 = ORIENTED_EDGE ( 'NONE', *, *, #7001, .T. ) ;
#3737 = CARTESIAN_POINT ( 'NONE',  ( 0.000000000000000000, 0.1239999999999999991, 0.03749999999999999861 ) ) ;
#3738 = AXIS2_PLACEMENT_3D ( 'NONE', #8666, #437, #3179 ) ;
#3739 = EDGE_CURVE ( 'NONE', #7925, #1280, #4652, .T. ) ;
#3740 = LINE ( 'NONE', #7894, #3567 ) ;
#3741 = CARTESIAN_POINT ( 'NONE',  ( -0.08200000000000001732, -0.06500000000000000222, 0.1874999999999999722 ) ) ;
#3742 = EDGE_CURVE ( 'NONE', #3825, #1894, #8845, .T. ) ;
#3743 = AXIS2_PLACEMENT_3D ( 'NONE', #665, #4901, #3439 ) ;
#3744 = ORIENTED_EDGE ( 'NONE', *, *, #970, .T. ) ;
#3745 = VECTOR ( 'NONE', #1921, 39.37007874015748143 ) ;
#3746 = ORIENTED_EDGE ( 'NONE', *, *, #2142, .T. ) ;
#3747 = VECTOR ( 'NONE', #8482, 39.37007874015748143 ) ;
#3748 = CARTESIAN_POINT ( 'NONE',  ( 0.03199999999999999373, -0.02500000000000000139, 0.02999999999999999889 ) ) ;
#3749 = EDGE_LOOP ( 'NONE', ( #774, #2839, #3765, #1101 ) ) ;
#3750 = CARTESIAN_POINT ( 'NONE',  ( -0.2625000000000000111, 0.2049999999999999878, -0.06500000000000000222 ) ) ;
#3751 = VERTEX_POINT ( 'NONE', #41 ) ;
#3752 = DIRECTION ( 'NONE',  ( -1.000000000000000000, 0.000000000000000000, 0.000000000000000000 ) ) ;
#3753 = LINE ( 'NONE', #344, #4228 ) ;
#3754 = ORIENTED_EDGE ( 'NONE', *, *, #153, .F. ) ;
#3755 = CARTESIAN_POINT ( 'NONE',  ( 0.2320000000000000118, -0.01000000000000000021, 0.03500000000000000333 ) ) ;
#3756 = CARTESIAN_POINT ( 'NONE',  ( 0.000000000000000000, 0.1905000000000000027, 0.000000000000000000 ) ) ;
#3757 = CARTESIAN_POINT ( 'NONE',  ( -0.1179999999999999938, -0.07499999999999999722, 0.000000000000000000 ) ) ;
#3758 = ORIENTED_EDGE ( 'NONE', *, *, #1643, .F. ) ;
#3759 = CARTESIAN_POINT ( 'NONE',  ( 0.01799999999999999170, 0.02999999999999999889, -0.01999999999999997960 ) ) ;
#3760 = ORIENTED_EDGE ( 'NONE', *, *, #7769, .T. ) ;
#3761 = CARTESIAN_POINT ( 'NONE',  ( 0.2320000000000000118, -0.06500000000000000222, -0.02000000000000000042 ) ) ;
#3762 = LINE ( 'NONE', #6482, #8524 ) ;
#3763 = CARTESIAN_POINT ( 'NONE',  ( 0.002499999999999950179, 0.000000000000000000, -0.06500000000000000222 ) ) ;
#3764 = CARTESIAN_POINT ( 'NONE',  ( 0.02500000000000000139, 0.1905000000000000027, -0.02500000000000000139 ) ) ;
#3765 = ORIENTED_EDGE ( 'NONE', *, *, #7385, .F. ) ;
#3766 = CARTESIAN_POINT ( 'NONE',  ( 0.2625000000000000111, 0.2049999999999999878, -0.06500000000000000222 ) ) ;
#3767 = EDGE_CURVE ( 'NONE', #1940, #2455, #5946, .T. ) ;
#3768 = DIRECTION ( 'NONE',  ( -0.000000000000000000, -0.000000000000000000, 1.000000000000000000 ) ) ;
#3769 = CARTESIAN_POINT ( 'NONE',  ( -0.02500000000000000139, 0.1905000000000000027, 0.02500000000000000139 ) ) ;
#3770 = ORIENTED_EDGE ( 'NONE', *, *, #5166, .T. ) ;
#3771 = DIRECTION ( 'NONE',  ( 0.000000000000000000, -1.000000000000000000, 0.000000000000000000 ) ) ;
#3772 = CARTESIAN_POINT ( 'NONE',  ( -0.2180000000000000271, -0.02500000000000000139, 0.02999999999999999889 ) ) ;
#3773 = FACE_OUTER_BOUND ( 'NONE', #5954, .T. ) ;
#3774 = VECTOR ( 'NONE', #2346, 39.37007874015748143 ) ;
#3775 = CARTESIAN_POINT ( 'NONE',  ( -0.2249999999999999778, 0.2550000000000000044, -0.02500000000000000139 ) ) ;
#3776 = EDGE_CURVE ( 'NONE', #601, #8439, #7792, .T. ) ;
#3777 = ORIENTED_EDGE ( 'NONE', *, *, #5934, .F. ) ;
#3778 = ORIENTED_EDGE ( 'NONE', *, *, #474, .F. ) ;
#3779 = EDGE_LOOP ( 'NONE', ( #4512, #3120, #3736, #1030, #7194, #5181, #7127, #295 ) ) ;
#3780 = DIRECTION ( 'NONE',  ( 0.000000000000000000, 0.000000000000000000, 1.000000000000000000 ) ) ;
#3781 = EDGE_CURVE ( 'NONE', #7138, #7617, #5080, .T. ) ;
#3782 = VECTOR ( 'NONE', #5206, 39.37007874015748143 ) ;
#3783 = PLANE ( 'NONE',  #8842 ) ;
#3784 = CARTESIAN_POINT ( 'NONE',  ( 0.2500000000000000000, -0.02500000000000000139, 0.02999999999999999889 ) ) ;
#3785 = EDGE_CURVE ( 'NONE', #80, #2886, #5367, .T. ) ;
#3786 = VECTOR ( 'NONE', #2399, 39.37007874015748143 ) ;
#3787 = CYLINDRICAL_SURFACE ( 'NONE', #7296, 0.01000000000000000021 ) ;
#3788 = VERTEX_POINT ( 'NONE', #8138 ) ;
#3789 = ORIENTED_EDGE ( 'NONE', *, *, #5401, .T. ) ;
#3790 = VECTOR ( 'NONE', #6697, 39.37007874015748143 ) ;
#3791 = LINE ( 'NONE', #6379, #6879 ) ;
#3792 = ADVANCED_FACE ( 'NONE', ( #6042 ), #8185, .F. ) ;
#3793 = EDGE_LOOP ( 'NONE', ( #7182, #1169 ) ) ;
#3794 = AXIS2_PLACEMENT_3D ( 'NONE', #1270, #496, #3238 ) ;
#3795 = DIRECTION ( 'NONE',  ( 0.000000000000000000, 0.000000000000000000, -1.000000000000000000 ) ) ;
#3796 = DIRECTION ( 'NONE',  ( 0.000000000000000000, -1.000000000000000000, 0.000000000000000000 ) ) ;
#3797 = VERTEX_POINT ( 'NONE', #4735 ) ;
#3798 = CARTESIAN_POINT ( 'NONE',  ( 0.06800000000000000488, 0.02999999999999999889, -0.05000000000000000278 ) ) ;
#3799 = DIRECTION ( 'NONE',  ( 0.000000000000000000, -1.000000000000000000, 0.000000000000000000 ) ) ;
#3800 = VECTOR ( 'NONE', #8364, 39.37007874015748143 ) ;
#3801 = EDGE_CURVE ( 'NONE', #3699, #2873, #4694, .T. ) ;
#3802 = VECTOR ( 'NONE', #7620, 39.37007874015748143 ) ;
#3803 = CARTESIAN_POINT ( 'NONE',  ( -0.06800000000000000488, -0.01499999999999999944, 0.02999999999999999889 ) ) ;
#3804 = EDGE_LOOP ( 'NONE', ( #2419, #6175 ) ) ;
#3805 = DIRECTION ( 'NONE',  ( 0.000000000000000000, 0.000000000000000000, -1.000000000000000000 ) ) ;
#3806 = PLANE ( 'NONE',  #6028 ) ;
#3807 = EDGE_CURVE ( 'NONE', #8055, #4764, #7424, .T. ) ;
#3808 = CARTESIAN_POINT ( 'NONE',  ( 0.1819999999999999951, -0.02500000000000000139, 0.02999999999999999889 ) ) ;
#3809 = CARTESIAN_POINT ( 'NONE',  ( -0.02500000000000000139, 0.2550000000000000044, -0.01600000000000000380 ) ) ;
#3810 = AXIS2_PLACEMENT_3D ( 'NONE', #4915, #3630, #1532 ) ;
#3811 = VERTEX_POINT ( 'NONE', #7510 ) ;
#3812 = FACE_OUTER_BOUND ( 'NONE', #5587, .T. ) ;
#3813 = VECTOR ( 'NONE', #8625, 39.37007874015748143 ) ;
#3814 = CARTESIAN_POINT ( 'NONE',  ( -0.03199999999999999373, 0.02999999999999999889, -0.05000000000000000278 ) ) ;
#3815 = CYLINDRICAL_SURFACE ( 'NONE', #6439, 0.008999999999999997585 ) ;
#3816 = ORIENTED_EDGE ( 'NONE', *, *, #6061, .T. ) ;
#3817 = DIRECTION ( 'NONE',  ( -0.000000000000000000, -0.000000000000000000, -1.000000000000000000 ) ) ;
#3818 = ORIENTED_EDGE ( 'NONE', *, *, #6866, .T. ) ;
#3819 = CARTESIAN_POINT ( 'NONE',  ( 0.1250000000000000000, 0.03500000000000000333, 0.03400000000000000244 ) ) ;
#3820 = EDGE_CURVE ( 'NONE', #2187, #3224, #4028, .T. ) ;
#3821 = CARTESIAN_POINT ( 'NONE',  ( 0.2320000000000000118, 0.02999999999999999889, 0.01999999999999999001 ) ) ;
#3822 = DIRECTION ( 'NONE',  ( -1.000000000000000000, 0.000000000000000000, 0.000000000000000000 ) ) ;
#3823 = EDGE_LOOP ( 'NONE', ( #3290, #5905, #8123, #2811, #2092, #4033, #733, #876 ) ) ;
#3824 = ADVANCED_FACE ( 'NONE', ( #3357 ), #2993, .T. ) ;
#3825 = VERTEX_POINT ( 'NONE', #5726 ) ;
#3826 = EDGE_LOOP ( 'NONE', ( #7479, #2704, #2992, #6420 ) ) ;
#3827 = PLANE ( 'NONE',  #6349 ) ;
#3828 = ADVANCED_FACE ( 'NONE', ( #8443 ), #7012, .T. ) ;
#3829 = DIRECTION ( 'NONE',  ( 0.000000000000000000, 0.000000000000000000, 1.000000000000000000 ) ) ;
#3830 = DIRECTION ( 'NONE',  ( 0.000000000000000000, 0.000000000000000000, 1.000000000000000000 ) ) ;
#3831 = ORIENTED_EDGE ( 'NONE', *, *, #2897, .T. ) ;
#3832 = CARTESIAN_POINT ( 'NONE',  ( -0.2500000000000000000, -0.02500000000000000139, 0.1874999999999999722 ) ) ;
#3833 = ORIENTED_EDGE ( 'NONE', *, *, #6981, .T. ) ;
#3834 = ORIENTED_EDGE ( 'NONE', *, *, #1859, .T. ) ;
#3835 = CARTESIAN_POINT ( 'NONE',  ( 0.2500000000000000000, -0.06500000000000000222, 0.1874999999999999722 ) ) ;
#3836 = ORIENTED_EDGE ( 'NONE', *, *, #1986, .F. ) ;
#3837 = ADVANCED_FACE ( 'NONE', ( #890 ), #3621, .T. ) ;
#3838 = CARTESIAN_POINT ( 'NONE',  ( 0.1524999999999999967, 0.05650000000000000161, -0.06500000000000000222 ) ) ;
#3839 = CARTESIAN_POINT ( 'NONE',  ( 0.2500000000000000000, -0.01000000000000000021, 0.02999999999999999889 ) ) ;
#3840 = ORIENTED_EDGE ( 'NONE', *, *, #3682, .F. ) ;
#3841 = FACE_OUTER_BOUND ( 'NONE', #5629, .T. ) ;
#3842 = EDGE_CURVE ( 'NONE', #3133, #4748, #7768, .T. ) ;
#3843 = CARTESIAN_POINT ( 'NONE',  ( 0.02500000000000000139, 0.1905000000000000027, -0.03400000000000000244 ) ) ;
#3844 = EDGE_CURVE ( 'NONE', #4264, #915, #7632, .T. ) ;
#3845 = DIRECTION ( 'NONE',  ( -1.000000000000000000, 0.000000000000000000, 0.000000000000000000 ) ) ;
#3846 = VERTEX_POINT ( 'NONE', #8398 ) ;
#3847 = LINE ( 'NONE', #5906, #4600 ) ;
#3848 = DIRECTION ( 'NONE',  ( 0.000000000000000000, -0.000000000000000000, 1.000000000000000000 ) ) ;
#3849 = VERTEX_POINT ( 'NONE', #5047 ) ;
#3850 = CARTESIAN_POINT ( 'NONE',  ( 0.000000000000000000, -0.07499999999999999722, -0.02000000000000000042 ) ) ;
#3851 = LINE ( 'NONE', #399, #1803 ) ;
#3852 = ORIENTED_EDGE ( 'NONE', *, *, #6265, .T. ) ;
#3853 = DIRECTION ( 'NONE',  ( 0.000000000000000000, 0.000000000000000000, -1.000000000000000000 ) ) ;
#3854 = EDGE_CURVE ( 'NONE', #5198, #8567, #128, .T. ) ;
#3855 = EDGE_CURVE ( 'NONE', #2437, #422, #2288, .T. ) ;
#3856 = AXIS2_PLACEMENT_3D ( 'NONE', #8428, #2230, #5576 ) ;
#3857 = CARTESIAN_POINT ( 'NONE',  ( -0.03199999999999999373, 0.02999999999999999889, -0.01999999999999997960 ) ) ;
#3858 = DIRECTION ( 'NONE',  ( 0.7071067811865479058, 0.000000000000000000, -0.7071067811865469066 ) ) ;
#3859 = EDGE_LOOP ( 'NONE', ( #6943, #7174, #4893, #5405, #4245, #5304, #2405, #1827, #3897, #958 ) ) ;
#3860 = LINE ( 'NONE', #8011, #4782 ) ;
#3861 = EDGE_LOOP ( 'NONE', ( #8505, #2604, #6047, #5754 ) ) ;
#3862 = LINE ( 'NONE', #6630, #1647 ) ;
#3863 = VECTOR ( 'NONE', #1359, 39.37007874015748143 ) ;
#3864 = CARTESIAN_POINT ( 'NONE',  ( 0.2500000000000000000, 0.02999999999999999889, 0.02000000000000010103 ) ) ;
#3865 = VERTEX_POINT ( 'NONE', #174 ) ;
#3866 = VECTOR ( 'NONE', #4083, 39.37007874015748143 ) ;
#3867 = ORIENTED_EDGE ( 'NONE', *, *, #2818, .T. ) ;
#3868 = ORIENTED_EDGE ( 'NONE', *, *, #5750, .F. ) ;
#3869 = DIRECTION ( 'NONE',  ( 0.000000000000000000, 0.000000000000000000, -1.000000000000000000 ) ) ;
#3870 = VECTOR ( 'NONE', #7134, 39.37007874015748143 ) ;
#3871 = FACE_BOUND ( 'NONE', #7723, .T. ) ;
#3872 = VECTOR ( 'NONE', #7547, 39.37007874015748143 ) ;
#3873 = CARTESIAN_POINT ( 'NONE',  ( -0.2320000000000000118, -0.07499999999999999722, -0.02000000000000000042 ) ) ;
#3874 = EDGE_CURVE ( 'NONE', #5762, #1188, #89, .T. ) ;
#3875 = VECTOR ( 'NONE', #1958, 39.37007874015748143 ) ;
#3876 = DIRECTION ( 'NONE',  ( -1.000000000000000000, 0.000000000000000000, -0.000000000000000000 ) ) ;
#3877 = ORIENTED_EDGE ( 'NONE', *, *, #8303, .T. ) ;
#3878 = ORIENTED_EDGE ( 'NONE', *, *, #2920, .F. ) ;
#3879 = FILL_AREA_STYLE ('',( #7901 ) ) ;
#3880 = EDGE_LOOP ( 'NONE', ( #7283, #6793, #8098, #1152 ) ) ;
#3881 = LINE ( 'NONE', #7948, #3747 ) ;
#3882 = CARTESIAN_POINT ( 'NONE',  ( 0.2179999999999999993, -0.01499999999999999424, 0.1874999999999999722 ) ) ;
#3883 = ORIENTED_EDGE ( 'NONE', *, *, #2376, .F. ) ;
#3884 = DIRECTION ( 'NONE',  ( 0.000000000000000000, 1.000000000000000000, 0.000000000000000000 ) ) ;
#3885 = DIRECTION ( 'NONE',  ( 0.000000000000000000, 1.000000000000000000, -0.000000000000000000 ) ) ;
#3886 = VECTOR ( 'NONE', #1657, 39.37007874015748143 ) ;
#3887 = EDGE_CURVE ( 'NONE', #5867, #2893, #259, .T. ) ;
#3888 = FACE_OUTER_BOUND ( 'NONE', #187, .T. ) ;
#3889 = ORIENTED_EDGE ( 'NONE', *, *, #2908, .F. ) ;
#3890 = VECTOR ( 'NONE', #7062, 39.37007874015748143 ) ;
#3891 = CARTESIAN_POINT ( 'NONE',  ( -0.1179999999999999938, -0.07499999999999999722, 0.1874999999999999722 ) ) ;
#3892 = ORIENTED_EDGE ( 'NONE', *, *, #2862, .F. ) ;
#3893 = FACE_OUTER_BOUND ( 'NONE', #919, .T. ) ;
#3894 = ORIENTED_EDGE ( 'NONE', *, *, #5074, .T. ) ;
#3895 = DIRECTION ( 'NONE',  ( 0.000000000000000000, 0.000000000000000000, -1.000000000000000000 ) ) ;
#3896 = DIRECTION ( 'NONE',  ( -1.000000000000000000, -0.000000000000000000, 0.000000000000000000 ) ) ;
#3897 = ORIENTED_EDGE ( 'NONE', *, *, #3684, .F. ) ;
#3898 = CIRCLE ( 'NONE', #7313, 0.008999999999999999320 ) ;
#3899 = CARTESIAN_POINT ( 'NONE',  ( 0.06800000000000000488, 0.02999999999999999889, -0.01999999999999997960 ) ) ;
#3900 = EDGE_CURVE ( 'NONE', #1690, #284, #937, .T. ) ;
#3901 = AXIS2_PLACEMENT_3D ( 'NONE', #8393, #2282, #7721 ) ;
#3902 = DIRECTION ( 'NONE',  ( 0.000000000000000000, -0.000000000000000000, 1.000000000000000000 ) ) ;
#3903 = EDGE_CURVE ( 'NONE', #7349, #7824, #2906, .T. ) ;
#3904 = CARTESIAN_POINT ( 'NONE',  ( 0.03199999999999999373, -0.01000000000000000021, 0.03000000000000004746 ) ) ;
#3905 = ORIENTED_EDGE ( 'NONE', *, *, #6352, .T. ) ;
#3906 = PLANE ( 'NONE',  #4641 ) ;
#3907 = EDGE_LOOP ( 'NONE', ( #7583, #4443, #3947, #6502 ) ) ;
#3908 = LINE ( 'NONE', #4620, #3221 ) ;
#3909 = ADVANCED_FACE ( 'NONE', ( #8268 ), #4955, .T. ) ;
#3910 = LINE ( 'NONE', #5286, #4291 ) ;
#3911 = ORIENTED_EDGE ( 'NONE', *, *, #1198, .T. ) ;
#3912 = VERTEX_POINT ( 'NONE', #6384 ) ;
#3913 = DIRECTION ( 'NONE',  ( -0.000000000000000000, -0.000000000000000000, -1.000000000000000000 ) ) ;
#3914 = LINE ( 'NONE', #6639, #3996 ) ;
#3915 = CARTESIAN_POINT ( 'NONE',  ( -0.1319999999999999785, -0.06500000000000000222, -0.02999999999999994338 ) ) ;
#3916 = VECTOR ( 'NONE', #628, 39.37007874015748143 ) ;
#3917 = VERTEX_POINT ( 'NONE', #3535 ) ;
#3918 = CARTESIAN_POINT ( 'NONE',  ( -0.2625000000000000111, 0.000000000000000000, 0.1124999999999999889 ) ) ;
#3919 = ORIENTED_EDGE ( 'NONE', *, *, #6633, .T. ) ;
#3920 = AXIS2_PLACEMENT_3D ( 'NONE', #7480, #637, #6891 ) ;
#3921 = FACE_OUTER_BOUND ( 'NONE', #875, .T. ) ;
#3922 = DIRECTION ( 'NONE',  ( 0.000000000000000000, 0.000000000000000000, -1.000000000000000000 ) ) ;
#3923 = ORIENTED_EDGE ( 'NONE', *, *, #2650, .T. ) ;
#3924 = SURFACE_SIDE_STYLE ('',( #1871 ) ) ;
#3925 = CARTESIAN_POINT ( 'NONE',  ( -0.2500000000000000000, 0.000000000000000000, 0.1874999999999999722 ) ) ;
#3926 = DIRECTION ( 'NONE',  ( -1.000000000000000000, 0.000000000000000000, 0.000000000000000000 ) ) ;
#3927 = ADVANCED_FACE ( 'NONE', ( #6427 ), #3578, .T. ) ;
#3928 = DIRECTION ( 'NONE',  ( -0.000000000000000000, -0.000000000000000000, 1.000000000000000000 ) ) ;
#3929 = VECTOR ( 'NONE', #7165, 39.37007874015748143 ) ;
#3930 = VECTOR ( 'NONE', #2555, 39.37007874015748143 ) ;
#3931 = FACE_OUTER_BOUND ( 'NONE', #4095, .T. ) ;
#3932 = ORIENTED_EDGE ( 'NONE', *, *, #8050, .T. ) ;
#3933 = DIRECTION ( 'NONE',  ( 0.000000000000000000, -1.000000000000000000, 0.000000000000000000 ) ) ;
#3934 = DIRECTION ( 'NONE',  ( -1.000000000000000000, 0.000000000000000000, 0.000000000000000000 ) ) ;
#3935 = ORIENTED_EDGE ( 'NONE', *, *, #4736, .F. ) ;
#3936 = CARTESIAN_POINT ( 'NONE',  ( 0.1250000000000000000, 0.1905000000000000027, 0.02500000000000000139 ) ) ;
#3937 = CARTESIAN_POINT ( 'NONE',  ( -0.2625000000000000111, 0.1239999999999999991, 0.03749999999999999861 ) ) ;
#3938 = ORIENTED_EDGE ( 'NONE', *, *, #3162, .T. ) ;
#3939 = PLANE ( 'NONE',  #2500 ) ;
#3940 = EDGE_CURVE ( 'NONE', #4287, #6698, #6918, .T. ) ;
#3941 = AXIS2_PLACEMENT_3D ( 'NONE', #5759, #4847, #2539 ) ;
#3942 = AXIS2_PLACEMENT_3D ( 'NONE', #7630, #5724, #126 ) ;
#3943 = DIRECTION ( 'NONE',  ( -0.000000000000000000, -1.000000000000000000, -0.000000000000000000 ) ) ;
#3944 = CARTESIAN_POINT ( 'NONE',  ( 0.2625000000000000111, 0.000000000000000000, -0.1124999999999999889 ) ) ;
#3945 = ORIENTED_EDGE ( 'NONE', *, *, #3670, .T. ) ;
#3946 = DIRECTION ( 'NONE',  ( 0.000000000000000000, 0.000000000000000000, -1.000000000000000000 ) ) ;
#3947 = ORIENTED_EDGE ( 'NONE', *, *, #4495, .F. ) ;
#3948 = CARTESIAN_POINT ( 'NONE',  ( -0.2249999999999999778, 0.2550000000000000044, 0.02500000000000000139 ) ) ;
#3949 = EDGE_CURVE ( 'NONE', #4542, #6883, #4934, .T. ) ;
#3950 = CIRCLE ( 'NONE', #6224, 0.01000000000000000021 ) ;
#3951 = LINE ( 'NONE', #1987, #3866 ) ;
#3952 = EDGE_CURVE ( 'NONE', #226, #6903, #4906, .T. ) ;
#3953 = VECTOR ( 'NONE', #1178, 39.37007874015748143 ) ;
#3954 = VERTEX_POINT ( 'NONE', #7683 ) ;
#3955 = EDGE_CURVE ( 'NONE', #6643, #6615, #7906, .T. ) ;
#3956 = ORIENTED_EDGE ( 'NONE', *, *, #390, .T. ) ;
#3957 = CARTESIAN_POINT ( 'NONE',  ( -0.1250000000000000000, 0.2550000000000000044, 0.03400000000000000244 ) ) ;
#3958 = ADVANCED_FACE ( 'NONE', ( #5945 ), #7818, .F. ) ;
#3959 = CARTESIAN_POINT ( 'NONE',  ( -0.1179999999999999938, 0.000000000000000000, 0.1874999999999999722 ) ) ;
#3960 = LINE ( 'NONE', #6684, #6648 ) ;
#3961 = VECTOR ( 'NONE', #870, 39.37007874015748143 ) ;
#3962 = EDGE_CURVE ( 'NONE', #4718, #1786, #8530, .T. ) ;
#3963 = ORIENTED_EDGE ( 'NONE', *, *, #3282, .F. ) ;
#3964 = CARTESIAN_POINT ( 'NONE',  ( 0.2625000000000000111, 0.2049999999999999878, 0.06500000000000000222 ) ) ;
#3965 = ORIENTED_EDGE ( 'NONE', *, *, #7754, .T. ) ;
#3966 = DIRECTION ( 'NONE',  ( 0.000000000000000000, -0.000000000000000000, 1.000000000000000000 ) ) ;
#3967 =( CONVERSION_BASED_UNIT ( 'INCH', #7364 ) LENGTH_UNIT ( ) NAMED_UNIT ( #3526 ) );
#3968 = VERTEX_POINT ( 'NONE', #2420 ) ;
#3969 = ORIENTED_EDGE ( 'NONE', *, *, #3358, .T. ) ;
#3970 = DIRECTION ( 'NONE',  ( 0.000000000000000000, -1.000000000000000000, 0.000000000000000000 ) ) ;
#3971 = EDGE_LOOP ( 'NONE', ( #3605, #852, #185, #5102 ) ) ;
#3972 = LINE ( 'NONE', #7369, #6844 ) ;
#3973 = CARTESIAN_POINT ( 'NONE',  ( -0.2500000000000000000, 0.000000000000000000, 0.1874999999999999722 ) ) ;
#3974 = LINE ( 'NONE', #8261, #7437 ) ;
#3975 = EDGE_LOOP ( 'NONE', ( #8383, #7613, #5911, #3548 ) ) ;
#3976 = DIRECTION ( 'NONE',  ( 0.000000000000000000, -0.000000000000000000, -1.000000000000000000 ) ) ;
#3977 = FACE_OUTER_BOUND ( 'NONE', #1209, .T. ) ;
#3978 = ORIENTED_EDGE ( 'NONE', *, *, #4831, .F. ) ;
#3979 = DIRECTION ( 'NONE',  ( 1.000000000000000000, 0.000000000000000000, -0.000000000000000000 ) ) ;
#3980 = DIRECTION ( 'NONE',  ( 0.000000000000000000, -1.000000000000000000, -0.000000000000000000 ) ) ;
#3981 = VERTEX_POINT ( 'NONE', #5223 ) ;
#3982 = CARTESIAN_POINT ( 'NONE',  ( -0.03199999999999999373, -0.01000000000000000021, 0.03500000000000000333 ) ) ;
#3983 = ADVANCED_FACE ( 'NONE', ( #5265 ), #1697, .T. ) ;
#3984 = CARTESIAN_POINT ( 'NONE',  ( 0.03200000000000000067, -0.07499999999999999722, -0.02000000000000000042 ) ) ;
#3985 = EDGE_CURVE ( 'NONE', #4309, #4542, #6611, .T. ) ;
#3986 = CARTESIAN_POINT ( 'NONE',  ( -0.1180000000000000077, -0.06500000000000000222, 0.1874999999999999722 ) ) ;
#3987 = ORIENTED_EDGE ( 'NONE', *, *, #1450, .T. ) ;
#3988 = LINE ( 'NONE', #3323, #4777 ) ;
#3989 = EDGE_LOOP ( 'NONE', ( #6261, #4775, #1548, #2745 ) ) ;
#3990 = CARTESIAN_POINT ( 'NONE',  ( 0.1819999999999999951, 0.02999999999999999889, -0.02999999999999999889 ) ) ;
#3991 = CARTESIAN_POINT ( 'NONE',  ( -0.1319999999999999785, -0.01499999999999999771, 0.02000000000000004552 ) ) ;
#3992 = VECTOR ( 'NONE', #8037, 39.37007874015748143 ) ;
#3993 = EDGE_CURVE ( 'NONE', #3825, #3660, #473, .T. ) ;
#3994 = LINE ( 'NONE', #6050, #3378 ) ;
#3995 = ORIENTED_EDGE ( 'NONE', *, *, #899, .T. ) ;
#3996 = VECTOR ( 'NONE', #509, 39.37007874015748143 ) ;
#3997 = DIRECTION ( 'NONE',  ( 0.000000000000000000, 0.000000000000000000, -1.000000000000000000 ) ) ;
#3998 = CARTESIAN_POINT ( 'NONE',  ( 0.2179999999999999993, -0.01499999999999999944, 0.02999999999999999889 ) ) ;
#3999 = EDGE_CURVE ( 'NONE', #8062, #4714, #4423, .T. ) ;
#4000 = CARTESIAN_POINT ( 'NONE',  ( 0.1680000000000000382, -0.06500000000000000222, -0.01499999999999995608 ) ) ;
#4001 = AXIS2_PLACEMENT_3D ( 'NONE', #5683, #6253, #129 ) ;
#4002 = EDGE_LOOP ( 'NONE', ( #8760, #7872 ) ) ;
#4003 = VERTEX_POINT ( 'NONE', #3041 ) ;
#4004 = DIRECTION ( 'NONE',  ( 0.000000000000000000, 1.000000000000000000, -0.000000000000000000 ) ) ;
#4005 = EDGE_CURVE ( 'NONE', #3195, #1837, #2552, .T. ) ;
#4006 = ORIENTED_EDGE ( 'NONE', *, *, #6717, .F. ) ;
#4007 = DIRECTION ( 'NONE',  ( 0.000000000000000000, 0.000000000000000000, -1.000000000000000000 ) ) ;
#4008 = VECTOR ( 'NONE', #7499, 39.37007874015748143 ) ;
#4009 =( NAMED_UNIT ( * ) SI_UNIT ( $, .STERADIAN. ) SOLID_ANGLE_UNIT ( ) );
#4010 = ORIENTED_EDGE ( 'NONE', *, *, #2037, .T. ) ;
#4011 = DIRECTION ( 'NONE',  ( 0.000000000000000000, 0.000000000000000000, -1.000000000000000000 ) ) ;
#4012 = CIRCLE ( 'NONE', #149, 0.005000000000000021788 ) ;
#4013 = CARTESIAN_POINT ( 'NONE',  ( -0.03200000000000000067, -0.01499999999999999424, 0.1874999999999999722 ) ) ;
#4014 = EDGE_LOOP ( 'NONE', ( #3193, #1060, #7407, #1498 ) ) ;
#4015 = CARTESIAN_POINT ( 'NONE',  ( 0.02500000000000000139, 0.1905000000000000027, -0.02500000000000000139 ) ) ;
#4016 = EDGE_CURVE ( 'NONE', #7367, #2318, #1874, .T. ) ;
#4017 = DIRECTION ( 'NONE',  ( 0.000000000000000000, -1.000000000000000000, 0.000000000000000000 ) ) ;
#4018 = CIRCLE ( 'NONE', #2603, 0.01000000000000000021 ) ;
#4019 = CARTESIAN_POINT ( 'NONE',  ( 0.2500000000000000000, -0.01499999999999999771, 0.02000000000000000042 ) ) ;
#4020 = VERTEX_POINT ( 'NONE', #4471 ) ;
#4021 = CARTESIAN_POINT ( 'NONE',  ( 0.07499999999999999722, 0.1905000000000000027, 0.03400000000000000244 ) ) ;
#4022 = CARTESIAN_POINT ( 'NONE',  ( 0.3125000000000000000, 0.2200000000000000011, -0.08749999999999996669 ) ) ;
#4023 = EDGE_LOOP ( 'NONE', ( #301, #3182 ) ) ;
#4024 = DIRECTION ( 'NONE',  ( -0.000000000000000000, -0.000000000000000000, 1.000000000000000000 ) ) ;
#4025 = CYLINDRICAL_SURFACE ( 'NONE', #6797, 0.004999999999999997502 ) ;
#4027 = EDGE_LOOP ( 'NONE', ( #4267, #2646, #4360, #3613 ) ) ;
#4026 = CIRCLE ( 'NONE', #8724, 0.008999999999999997585 ) ;
#4028 = LINE ( 'NONE', #6752, #4371 ) ;
#4029 = AXIS2_PLACEMENT_3D ( 'NONE', #2341, #1617, #4300 ) ;
#4030 = DIRECTION ( 'NONE',  ( 0.000000000000000000, 0.000000000000000000, -1.000000000000000000 ) ) ;
#4031 = DIRECTION ( 'NONE',  ( 0.000000000000000000, 0.000000000000000000, 1.000000000000000000 ) ) ;
#4032 = PRESENTATION_LAYER_ASSIGNMENT (  '', '', ( #5314 ) ) ;
#4033 = ORIENTED_EDGE ( 'NONE', *, *, #7277, .T. ) ;
#4034 = CARTESIAN_POINT ( 'NONE',  ( 0.2500000000000000000, 0.02999999999999999889, 0.02000000000000000042 ) ) ;
#4035 = EDGE_LOOP ( 'NONE', ( #6478, #40, #6286, #7704 ) ) ;
#4036 = LINE ( 'NONE', #4874, #766 ) ;
#4037 = STYLED_ITEM ( 'NONE', ( #6606 ), #8822 ) ;
#4038 = CARTESIAN_POINT ( 'NONE',  ( 0.01799999999999998476, -0.05999999999999999778, -0.01499999999999999944 ) ) ;
#4039 = EDGE_CURVE ( 'NONE', #4547, #2243, #4978, .T. ) ;
#4040 = CARTESIAN_POINT ( 'NONE',  ( -0.1819999999999999951, 0.03000000000000000583, 0.02000000000000009409 ) ) ;
#4041 = VERTEX_POINT ( 'NONE', #7189 ) ;
#4042 = LINE ( 'NONE', #6764, #7484 ) ;
#4043 = CARTESIAN_POINT ( 'NONE',  ( -0.1474999999999999367, 0.05999999999999999778, -0.1124999999999999889 ) ) ;
#4044 = EDGE_CURVE ( 'NONE', #29, #7232, #5707, .T. ) ;
#4045 = DIRECTION ( 'NONE',  ( 0.000000000000000000, 0.000000000000000000, -1.000000000000000000 ) ) ;
#4046 = ORIENTED_EDGE ( 'NONE', *, *, #646, .F. ) ;
#4047 = CARTESIAN_POINT ( 'NONE',  ( -0.2180000000000000271, -0.01000000000000000021, 0.03500000000000000333 ) ) ;
#4048 = ORIENTED_EDGE ( 'NONE', *, *, #7707, .F. ) ;
#4049 = PLANE ( 'NONE',  #6239 ) ;
#4050 = ORIENTED_EDGE ( 'NONE', *, *, #4367, .T. ) ;
#4051 = CARTESIAN_POINT ( 'NONE',  ( 0.2500000000000000000, -0.01000000000000000021, 0.03500000000000000333 ) ) ;
#4052 = CARTESIAN_POINT ( 'NONE',  ( 0.1320000000000000062, -0.05999999999999999778, -0.02000000000000000042 ) ) ;
#4053 = ORIENTED_EDGE ( 'NONE', *, *, #6893, .T. ) ;
#4054 = PLANE ( 'NONE',  #278 ) ;
#4055 = CARTESIAN_POINT ( 'NONE',  ( 0.2179999999999999993, -0.1000000000000000056, 0.02999999999999998848 ) ) ;
#4056 = EDGE_CURVE ( 'NONE', #379, #7083, #7043, .T. ) ;
#4057 = AXIS2_PLACEMENT_3D ( 'NONE', #5, #2163, #7476 ) ;
#4058 = DIRECTION ( 'NONE',  ( 0.000000000000000000, -1.000000000000000000, -0.000000000000000000 ) ) ;
#4059 = EDGE_CURVE ( 'NONE', #4764, #7329, #8135, .T. ) ;
#4060 = ORIENTED_EDGE ( 'NONE', *, *, #1727, .T. ) ;
#4061 = LINE ( 'NONE', #7517, #1745 ) ;
#4062 = ORIENTED_EDGE ( 'NONE', *, *, #7831, .T. ) ;
#4063 = DIRECTION ( 'NONE',  ( 1.000000000000000000, 0.000000000000000000, -0.000000000000000000 ) ) ;
#4064 = ORIENTED_EDGE ( 'NONE', *, *, #2023, .T. ) ;
#4065 = AXIS2_PLACEMENT_3D ( 'NONE', #1128, #4612, #5959 ) ;
#4066 = DIRECTION ( 'NONE',  ( 1.000000000000000000, 0.000000000000000000, -0.000000000000000000 ) ) ;
#4067 = DIRECTION ( 'NONE',  ( 0.000000000000000000, -1.000000000000000000, 0.000000000000000000 ) ) ;
#4068 = ORIENTED_EDGE ( 'NONE', *, *, #4923, .F. ) ;
#4069 = ADVANCED_FACE ( 'NONE', ( #5768 ), #8485, .T. ) ;
#4070 = CARTESIAN_POINT ( 'NONE',  ( 0.07499999999999999722, 0.2550000000000000044, -0.01600000000000000380 ) ) ;
#4071 = VECTOR ( 'NONE', #3913, 39.37007874015748143 ) ;
#4072 = VECTOR ( 'NONE', #6371, 39.37007874015748143 ) ;
#4073 = CARTESIAN_POINT ( 'NONE',  ( 0.1320000000000000062, -0.06500000000000000222, -0.01499999999999995608 ) ) ;
#4074 = EDGE_CURVE ( 'NONE', #5255, #1615, #4131, .T. ) ;
#4075 = DIRECTION ( 'NONE',  ( 0.000000000000000000, 1.000000000000000000, -0.000000000000000000 ) ) ;
#4076 = VECTOR ( 'NONE', #5159, 39.37007874015748143 ) ;
#4077 = LINE ( 'NONE', #7688, #6030 ) ;
#4078 = VERTEX_POINT ( 'NONE', #3086 ) ;
#4079 = DIRECTION ( 'NONE',  ( -0.000000000000000000, 0.000000000000000000, -1.000000000000000000 ) ) ;
#4080 = AXIS2_PLACEMENT_3D ( 'NONE', #2909, #6166, #42 ) ;
#4081 = VERTEX_POINT ( 'NONE', #5854 ) ;
#4082 = FACE_BOUND ( 'NONE', #1416, .T. ) ;
#4083 = DIRECTION ( 'NONE',  ( -0.000000000000000000, 0.000000000000000000, 1.000000000000000000 ) ) ;
#4084 = VECTOR ( 'NONE', #378, 39.37007874015748143 ) ;
#4085 = EDGE_LOOP ( 'NONE', ( #998, #3892, #1558, #685 ) ) ;
#4086 = ADVANCED_FACE ( 'NONE', ( #3841 ), #8571, .F. ) ;
#4087 = CIRCLE ( 'NONE', #3094, 0.01000000000000000021 ) ;
#4088 = CARTESIAN_POINT ( 'NONE',  ( -0.2500000000000000000, 0.000000000000000000, 0.1874999999999999722 ) ) ;
#4089 = VECTOR ( 'NONE', #4394, 39.37007874015748143 ) ;
#4090 = LINE ( 'NONE', #6766, #6270 ) ;
#4091 = DIRECTION ( 'NONE',  ( 0.000000000000000000, -1.000000000000000000, 0.000000000000000000 ) ) ;
#4092 = EDGE_CURVE ( 'NONE', #3414, #8784, #2574, .T. ) ;
#4093 = VERTEX_POINT ( 'NONE', #1289 ) ;
#4094 = AXIS2_PLACEMENT_3D ( 'NONE', #3728, #6494, #2305 ) ;
#4095 = EDGE_LOOP ( 'NONE', ( #907, #7035 ) ) ;
#4096 = CARTESIAN_POINT ( 'NONE',  ( 0.2625000000000000111, 0.02000000000000000042, -0.04249999999999999611 ) ) ;
#4097 = VERTEX_POINT ( 'NONE', #6067 ) ;
#4098 = EDGE_CURVE ( 'NONE', #2671, #6388, #5987, .T. ) ;
#4099 = CARTESIAN_POINT ( 'NONE',  ( 0.2179999999999999993, -0.07499999999999999722, -0.02000000000000000042 ) ) ;
#4100 = CARTESIAN_POINT ( 'NONE',  ( 0.000000000000000000, 0.000000000000000000, 0.000000000000000000 ) ) ;
#4101 = ORIENTED_EDGE ( 'NONE', *, *, #4168, .F. ) ;
#4102 = LINE ( 'NONE', #8828, #893 ) ;
#4103 = CARTESIAN_POINT ( 'NONE',  ( 0.1180000000000000077, -0.02500000000000000486, 0.1874999999999999722 ) ) ;
#4104 = ORIENTED_EDGE ( 'NONE', *, *, #5623, .F. ) ;
#4105 = CARTESIAN_POINT ( 'NONE',  ( 0.2500000000000000000, -0.06500000000000000222, -0.02999999999999999889 ) ) ;
#4106 = DIRECTION ( 'NONE',  ( 0.000000000000000000, 0.000000000000000000, -1.000000000000000000 ) ) ;
#4107 = CARTESIAN_POINT ( 'NONE',  ( 0.08200000000000000344, -0.01000000000000000021, 0.03500000000000000333 ) ) ;
#4108 = ORIENTED_EDGE ( 'NONE', *, *, #331, .F. ) ;
#4109 = EDGE_CURVE ( 'NONE', #7432, #5043, #3972, .T. ) ;
#4110 = DIRECTION ( 'NONE',  ( -1.000000000000000000, 0.000000000000000000, 0.000000000000000000 ) ) ;
#4111 = PRODUCT_DEFINITION ( 'UNKNOWN', '', #8026, #8690 ) ;
#4112 = ORIENTED_EDGE ( 'NONE', *, *, #4824, .T. ) ;
#4113 = CARTESIAN_POINT ( 'NONE',  ( 0.08200000000000001732, -0.01499999999999999944, 0.1874999999999999722 ) ) ;
#4114 = DIRECTION ( 'NONE',  ( -0.000000000000000000, 1.000000000000000000, 0.000000000000000000 ) ) ;
#4115 = ORIENTED_EDGE ( 'NONE', *, *, #1764, .F. ) ;
#4116 = CYLINDRICAL_SURFACE ( 'NONE', #7784, 0.004999999999999997502 ) ;
#4117 = EDGE_CURVE ( 'NONE', #1609, #6105, #3389, .T. ) ;
#4118 = LINE ( 'NONE', #5459, #5791 ) ;
#4119 = LINE ( 'NONE', #8847, #3457 ) ;
#4120 = CARTESIAN_POINT ( 'NONE',  ( -0.2180000000000000271, -0.05999999999999999778, -0.02000000000000000042 ) ) ;
#4121 = FACE_OUTER_BOUND ( 'NONE', #781, .T. ) ;
#4122 = EDGE_CURVE ( 'NONE', #5148, #6468, #8170, .T. ) ;
#4123 = LINE ( 'NONE', #6172, #5789 ) ;
#4124 = ORIENTED_EDGE ( 'NONE', *, *, #7543, .F. ) ;
#4125 = CARTESIAN_POINT ( 'NONE',  ( -0.1749999999999999889, 0.2550000000000000044, 0.02500000000000000139 ) ) ;
#4126 = EDGE_LOOP ( 'NONE', ( #7955, #1913, #5977, #7238, #2598, #5942, #882, #3691 ) ) ;
#4127 = CARTESIAN_POINT ( 'NONE',  ( -0.2625000000000000111, 0.2049999999999999878, 0.06500000000000000222 ) ) ;
#4128 = DIRECTION ( 'NONE',  ( -0.000000000000000000, -1.000000000000000000, -0.000000000000000000 ) ) ;
#4129 = CARTESIAN_POINT ( 'NONE',  ( 0.2500000000000000000, 0.02999999999999999542, -0.02000000000000000042 ) ) ;
#4130 = ORIENTED_EDGE ( 'NONE', *, *, #5870, .T. ) ;
#4131 = CIRCLE ( 'NONE', #1429, 0.008999999999999999320 ) ;
#4132 = ORIENTED_EDGE ( 'NONE', *, *, #6052, .T. ) ;
#4133 = DIRECTION ( 'NONE',  ( 0.000000000000000000, 0.000000000000000000, -1.000000000000000000 ) ) ;
#4134 = ORIENTED_EDGE ( 'NONE', *, *, #7164, .T. ) ;
#4135 = CARTESIAN_POINT ( 'NONE',  ( 0.2500000000000000000, 0.02999999999999999889, -0.02999999999999999889 ) ) ;
#4136 =( LENGTH_UNIT ( ) NAMED_UNIT ( * ) SI_UNIT ( $, .METRE. ) );
#4137 = EDGE_LOOP ( 'NONE', ( #3199, #2758, #6742, #7965 ) ) ;
#4138 = DIRECTION ( 'NONE',  ( 0.000000000000000000, 0.000000000000000000, 1.000000000000000000 ) ) ;
#4139 = ORIENTED_EDGE ( 'NONE', *, *, #6342, .T. ) ;
#4140 = CARTESIAN_POINT ( 'NONE',  ( 0.02500000000000000139, 0.1905000000000000027, -0.01600000000000000380 ) ) ;
#4141 = ORIENTED_EDGE ( 'NONE', *, *, #3391, .T. ) ;
#4142 = DIRECTION ( 'NONE',  ( -1.000000000000000000, -0.000000000000000000, 0.000000000000000000 ) ) ;
#4143 = VECTOR ( 'NONE', #1002, 39.37007874015748143 ) ;
#4144 = CARTESIAN_POINT ( 'NONE',  ( -0.1319999999999999785, 0.03000000000000000583, 0.03000000000000000930 ) ) ;
#4145 = ADVANCED_FACE ( 'NONE', ( #5444 ), #6695, .F. ) ;
#4146 = DIRECTION ( 'NONE',  ( -0.000000000000000000, -1.000000000000000000, 0.000000000000000000 ) ) ;
#4147 = ORIENTED_EDGE ( 'NONE', *, *, #7396, .F. ) ;
#4148 = VECTOR ( 'NONE', #1271, 39.37007874015748143 ) ;
#4149 = DIRECTION ( 'NONE',  ( 0.000000000000000000, -1.000000000000000000, 0.000000000000000000 ) ) ;
#4150 = ORIENTED_EDGE ( 'NONE', *, *, #6575, .F. ) ;
#4151 = DIRECTION ( 'NONE',  ( 0.000000000000000000, 1.000000000000000000, 0.000000000000000000 ) ) ;
#4152 = FACE_OUTER_BOUND ( 'NONE', #5086, .T. ) ;
#4153 = ORIENTED_EDGE ( 'NONE', *, *, #873, .F. ) ;
#4154 = CARTESIAN_POINT ( 'NONE',  ( -0.08200000000000000344, -0.1000000000000000056, 0.02999999999999998848 ) ) ;
#4155 = VECTOR ( 'NONE', #5803, 39.37007874015748143 ) ;
#4156 = ADVANCED_FACE ( 'NONE', ( #7413 ), #5400, .F. ) ;
#4157 = AXIS2_PLACEMENT_3D ( 'NONE', #7288, #5826, #1975 ) ;
#4158 = DIRECTION ( 'NONE',  ( 1.000000000000000000, 0.000000000000000000, -0.000000000000000000 ) ) ;
#4159 = CARTESIAN_POINT ( 'NONE',  ( 0.2500000000000000000, -0.01499999999999999944, 0.1874999999999999722 ) ) ;
#4160 = VECTOR ( 'NONE', #2754, 39.37007874015748143 ) ;
#4161 = CARTESIAN_POINT ( 'NONE',  ( -0.2180000000000000271, 0.02999999999999999889, -0.02999999999999999889 ) ) ;
#4162 = EDGE_CURVE ( 'NONE', #2028, #5245, #1281, .T. ) ;
#4163 = CARTESIAN_POINT ( 'NONE',  ( 0.000000000000000000, 0.2200000000000000011, -0.05249999999999999806 ) ) ;
#4164 = FACE_OUTER_BOUND ( 'NONE', #6634, .T. ) ;
#4165 = ORIENTED_EDGE ( 'NONE', *, *, #6171, .F. ) ;
#4166 = LINE ( 'NONE', #2071, #7770 ) ;
#4167 = AXIS2_PLACEMENT_3D ( 'NONE', #7853, #5088, #3616 ) ;
#4168 = EDGE_CURVE ( 'NONE', #2882, #5438, #2006, .T. ) ;
#4169 = AXIS2_PLACEMENT_3D ( 'NONE', #4184, #5484, #5618 ) ;
#4170 = ADVANCED_FACE ( 'NONE', ( #557 ), #1338, .F. ) ;
#4171 = ORIENTED_EDGE ( 'NONE', *, *, #1284, .T. ) ;
#4172 = EDGE_CURVE ( 'NONE', #3163, #5893, #6822, .T. ) ;
#4173 = AXIS2_PLACEMENT_3D ( 'NONE', #3750, #206, #6469 ) ;
#4174 = FACE_OUTER_BOUND ( 'NONE', #1757, .T. ) ;
#4175 = ADVANCED_FACE ( 'NONE', ( #6151 ), #4054, .T. ) ;
#4176 = CARTESIAN_POINT ( 'NONE',  ( 0.1250000000000000000, 0.03500000000000000333, -0.02500000000000000139 ) ) ;
#4177 = DIRECTION ( 'NONE',  ( 0.000000000000000000, -1.000000000000000000, 0.000000000000000000 ) ) ;
#4178 = VERTEX_POINT ( 'NONE', #30 ) ;
#4179 = CARTESIAN_POINT ( 'NONE',  ( -0.1474999999999999922, 0.2200000000000000011, -0.08250000000000000389 ) ) ;
#4180 = ORIENTED_EDGE ( 'NONE', *, *, #8041, .F. ) ;
#4181 = LINE ( 'NONE', #3516, #4917 ) ;
#4182 = SHAPE_REPRESENTATION_RELATIONSHIP ( 'NONE' , 'NONE' ,  #6595, #3171 ) ;
#4183 = VERTEX_POINT ( 'NONE', #605 ) ;
#4184 = CARTESIAN_POINT ( 'NONE',  ( 0.2500000000000000000, -0.06500000000000000222, 0.1874999999999999722 ) ) ;
#4185 = ORIENTED_EDGE ( 'NONE', *, *, #454, .T. ) ;
#4186 = ORIENTED_EDGE ( 'NONE', *, *, #1900, .F. ) ;
#4187 = CARTESIAN_POINT ( 'NONE',  ( -0.2180000000000000271, -0.01499999999999999771, 0.01999999999999999695 ) ) ;
#4188 = CARTESIAN_POINT ( 'NONE',  ( -0.02500000000000000139, 0.2550000000000000044, -0.02500000000000000139 ) ) ;
#4189 = ADVANCED_FACE ( 'NONE', ( #6027 ), #2635, .F. ) ;
#4190 = FACE_OUTER_BOUND ( 'NONE', #1025, .T. ) ;
#4191 = ORIENTED_EDGE ( 'NONE', *, *, #3270, .F. ) ;
#4192 = EDGE_LOOP ( 'NONE', ( #5129, #5093, #8708, #5617 ) ) ;
#4193 = CARTESIAN_POINT ( 'NONE',  ( 0.2500000000000000000, 0.02999999999999999889, -0.02999999999999999889 ) ) ;
#4194 = ORIENTED_EDGE ( 'NONE', *, *, #6120, .F. ) ;
#4195 = EDGE_CURVE ( 'NONE', #8252, #2094, #1381, .T. ) ;
#4196 = CARTESIAN_POINT ( 'NONE',  ( 0.1680000000000000382, -0.1000000000000000056, -0.02999999999999988440 ) ) ;
#4197 = CARTESIAN_POINT ( 'NONE',  ( 0.002499999999999950179, 0.2200000000000000011, -0.08250000000000000389 ) ) ;
#4198 = ORIENTED_EDGE ( 'NONE', *, *, #1930, .F. ) ;
#4199 = DIRECTION ( 'NONE',  ( 0.000000000000000000, 0.000000000000000000, -1.000000000000000000 ) ) ;
#4200 = VECTOR ( 'NONE', #8455, 39.37007874015748143 ) ;
#4201 = CARTESIAN_POINT ( 'NONE',  ( -0.08200000000000000344, 0.03000000000000000583, 0.02000000000000009409 ) ) ;
#4202 = CARTESIAN_POINT ( 'NONE',  ( 0.03199999999999999373, -0.01499999999999999771, 0.01999999999999999001 ) ) ;
#4203 = LINE ( 'NONE', #3449, #3029 ) ;
#4204 = PLANE ( 'NONE',  #8311 ) ;
#4205 = CARTESIAN_POINT ( 'NONE',  ( -0.06800000000000000488, 0.02999999999999999889, -0.02999999999999999889 ) ) ;
#4206 = EDGE_CURVE ( 'NONE', #5637, #5950, #8215, .T. ) ;
#4207 = FACE_OUTER_BOUND ( 'NONE', #2877, .T. ) ;
#4208 = CARTESIAN_POINT ( 'NONE',  ( -0.1250000000000000000, 0.1905000000000000027, -0.01600000000000000380 ) ) ;
#4209 = CIRCLE ( 'NONE', #6638, 0.008999999999999999320 ) ;
#4210 = ORIENTED_EDGE ( 'NONE', *, *, #166, .F. ) ;
#4211 = PLANE ( 'NONE',  #336 ) ;
#4212 = VECTOR ( 'NONE', #6712, 39.37007874015748854 ) ;
#4213 = CIRCLE ( 'NONE', #1509, 0.01000000000000000021 ) ;
#4214 = ORIENTED_EDGE ( 'NONE', *, *, #2642, .T. ) ;
#4215 = EDGE_CURVE ( 'NONE', #5849, #8468, #5310, .T. ) ;
#4216 = VECTOR ( 'NONE', #453, 39.37007874015748143 ) ;
#4217 = DIRECTION ( 'NONE',  ( 0.000000000000000000, 1.707404996040157067E-15, 1.000000000000000000 ) ) ;
#4218 = EDGE_CURVE ( 'NONE', #8439, #6651, #5488, .T. ) ;
#4219 = VECTOR ( 'NONE', #7469, 39.37007874015748143 ) ;
#4220 = AXIS2_PLACEMENT_3D ( 'NONE', #1976, #2148, #5454 ) ;
#4221 = DIRECTION ( 'NONE',  ( 1.000000000000000000, 0.000000000000000000, 0.000000000000000000 ) ) ;
#4222 = CARTESIAN_POINT ( 'NONE',  ( 0.2500000000000000000, -0.06500000000000000222, 0.1874999999999999722 ) ) ;
#4223 = VECTOR ( 'NONE', #2624, 39.37007874015748143 ) ;
#4224 = ADVANCED_FACE ( 'NONE', ( #5713 ), #4944, .T. ) ;
#4225 = EDGE_LOOP ( 'NONE', ( #2922, #459, #7897, #1243 ) ) ;
#4226 = VECTOR ( 'NONE', #5633, 39.37007874015748143 ) ;
#4227 = ORIENTED_EDGE ( 'NONE', *, *, #7846, .F. ) ;
#4228 = VECTOR ( 'NONE', #3084, 39.37007874015748143 ) ;
#4230 = ADVANCED_FACE ( 'NONE', ( #2807 ), #6863, .T. ) ;
#4229 = CARTESIAN_POINT ( 'NONE',  ( 0.2874999999999999223, 0.000000000000000000, -0.1124999999999999889 ) ) ;
#4231 = ORIENTED_EDGE ( 'NONE', *, *, #6132, .T. ) ;
#4232 = AXIS2_PLACEMENT_3D ( 'NONE', #3775, #3689, #8509 ) ;
#4233 = CARTESIAN_POINT ( 'NONE',  ( -0.1749999999999999889, 0.03500000000000000333, 0.03400000000000000244 ) ) ;
#4234 = ORIENTED_EDGE ( 'NONE', *, *, #7992, .T. ) ;
#4235 = CARTESIAN_POINT ( 'NONE',  ( -0.2625000000000000111, 0.05650000000000000161, -0.06500000000000000222 ) ) ;
#4236 = ORIENTED_EDGE ( 'NONE', *, *, #5514, .F. ) ;
#4237 = ORIENTED_EDGE ( 'NONE', *, *, #4690, .T. ) ;
#4238 = FACE_BOUND ( 'NONE', #6753, .T. ) ;
#4239 = VECTOR ( 'NONE', #6523, 39.37007874015748143 ) ;
#4240 = DIRECTION ( 'NONE',  ( 0.000000000000000000, 0.000000000000000000, 1.000000000000000000 ) ) ;
#4241 = VECTOR ( 'NONE', #7155, 39.37007874015748143 ) ;
#4242 = EDGE_CURVE ( 'NONE', #6192, #1991, #2982, .T. ) ;
#4243 = CARTESIAN_POINT ( 'NONE',  ( 0.2249999999999999778, 0.1905000000000000027, -0.02500000000000000139 ) ) ;
#4244 = EDGE_LOOP ( 'NONE', ( #5257, #5020, #6589, #2406 ) ) ;
#4245 = ORIENTED_EDGE ( 'NONE', *, *, #3391, .F. ) ;
#4246 = VECTOR ( 'NONE', #4593, 39.37007874015748143 ) ;
#4247 = LINE ( 'NONE', #4193, #171 ) ;
#4248 = VERTEX_POINT ( 'NONE', #5035 ) ;
#4249 = CARTESIAN_POINT ( 'NONE',  ( -0.2500000000000000000, 0.000000000000000000, 0.1874999999999999722 ) ) ;
#4250 = PLANE ( 'NONE',  #1236 ) ;
#4251 = ORIENTED_EDGE ( 'NONE', *, *, #6433, .T. ) ;
#4252 = DIRECTION ( 'NONE',  ( 0.000000000000000000, 0.000000000000000000, 1.000000000000000000 ) ) ;
#4253 = FACE_OUTER_BOUND ( 'NONE', #3779, .T. ) ;
#4254 = AXIS2_PLACEMENT_3D ( 'NONE', #1414, #6320, #6274 ) ;
#4255 = VERTEX_POINT ( 'NONE', #5621 ) ;
#4256 = PLANE ( 'NONE',  #3367 ) ;
#4257 = CARTESIAN_POINT ( 'NONE',  ( 0.1250000000000000000, 0.1905000000000000027, 0.02500000000000000139 ) ) ;
#4258 = CARTESIAN_POINT ( 'NONE',  ( 0.2500000000000000000, 0.000000000000000000, 0.04249999999999999611 ) ) ;
#4259 = CARTESIAN_POINT ( 'NONE',  ( -0.01799999999999998476, -0.02500000000000000139, 0.1874999999999999722 ) ) ;
#4260 = CARTESIAN_POINT ( 'NONE',  ( -0.1250000000000000000, 0.2550000000000000044, -0.03400000000000000244 ) ) ;
#4261 = DIRECTION ( 'NONE',  ( 0.000000000000000000, 0.000000000000000000, 1.000000000000000000 ) ) ;
#4262 = EDGE_CURVE ( 'NONE', #1486, #1844, #2709, .T. ) ;
#4263 = DIRECTION ( 'NONE',  ( -0.000000000000000000, 1.000000000000000000, 0.000000000000000000 ) ) ;
#4264 = VERTEX_POINT ( 'NONE', #3480 ) ;
#4265 = LINE ( 'NONE', #904, #7350 ) ;
#4266 = EDGE_CURVE ( 'NONE', #978, #1053, #3609, .T. ) ;
#4267 = ORIENTED_EDGE ( 'NONE', *, *, #2411, .T. ) ;
#4268 = DIRECTION ( 'NONE',  ( -0.000000000000000000, -0.000000000000000000, 1.000000000000000000 ) ) ;
#4269 = LINE ( 'NONE', #6985, #4998 ) ;
#4270 = LINE ( 'NONE', #1453, #4374 ) ;
#4271 = EDGE_CURVE ( 'NONE', #6557, #1690, #248, .T. ) ;
#4272 = ORIENTED_EDGE ( 'NONE', *, *, #1996, .T. ) ;
#4273 = ORIENTED_EDGE ( 'NONE', *, *, #2740, .T. ) ;
#4274 = EDGE_LOOP ( 'NONE', ( #8255, #2986, #1517, #5613, #1005, #5298, #4325, #8423 ) ) ;
#4275 = LINE ( 'NONE', #8338, #2824 ) ;
#4276 = ADVANCED_FACE ( 'NONE', ( #2848 ), #160, .T. ) ;
#4277 = EDGE_LOOP ( 'NONE', ( #61, #5807, #4784, #8335 ) ) ;
#4278 = DIRECTION ( 'NONE',  ( -0.000000000000000000, -1.000000000000000000, 0.000000000000000000 ) ) ;
#4279 = ORIENTED_EDGE ( 'NONE', *, *, #3030, .T. ) ;
#4280 = VERTEX_POINT ( 'NONE', #7757 ) ;
#4281 = FACE_BOUND ( 'NONE', #6156, .T. ) ;
#4282 = CARTESIAN_POINT ( 'NONE',  ( 0.2500000000000000000, -0.02500000000000000139, 0.02999999999999999889 ) ) ;
#4283 = VECTOR ( 'NONE', #7457, 39.37007874015748143 ) ;
#4284 = ADVANCED_FACE ( 'NONE', ( #877 ), #6906, .T. ) ;
#4285 = FACE_OUTER_BOUND ( 'NONE', #7761, .T. ) ;
#4286 = ORIENTED_EDGE ( 'NONE', *, *, #5594, .T. ) ;
#4287 = VERTEX_POINT ( 'NONE', #4187 ) ;
#4288 = CARTESIAN_POINT ( 'NONE',  ( 0.2500000000000000000, -0.02500000000000000139, 0.02999999999999999889 ) ) ;
#4289 = VERTEX_POINT ( 'NONE', #8258 ) ;
#4290 = CARTESIAN_POINT ( 'NONE',  ( 0.1680000000000000382, -0.01000000000000000021, 0.03500000000000000333 ) ) ;
#4291 = VECTOR ( 'NONE', #8681, 39.37007874015748143 ) ;
#4292 = LINE ( 'NONE', #172, #6085 ) ;
#4293 = ORIENTED_EDGE ( 'NONE', *, *, #1341, .F. ) ;
#4294 = CARTESIAN_POINT ( 'NONE',  ( 0.1250000000000000000, 0.2550000000000000044, 0.02500000000000000139 ) ) ;
#4295 = CARTESIAN_POINT ( 'NONE',  ( -0.2774999999999999689, 0.2199999999999999734, 0.08000000000000000167 ) ) ;
#4296 = CIRCLE ( 'NONE', #428, 0.008999999999999999320 ) ;
#4297 = CARTESIAN_POINT ( 'NONE',  ( -0.2320000000000000118, -0.01499999999999999771, 0.02000000000000004552 ) ) ;
#4298 = CARTESIAN_POINT ( 'NONE',  ( 0.07499999999999999722, 0.1905000000000000027, -0.03400000000000000244 ) ) ;
#4299 = DIRECTION ( 'NONE',  ( -0.000000000000000000, -1.000000000000000000, 0.000000000000000000 ) ) ;
#4300 = DIRECTION ( 'NONE',  ( 0.000000000000000000, -0.000000000000000000, 1.000000000000000000 ) ) ;
#4301 = CARTESIAN_POINT ( 'NONE',  ( -0.1819999999999999951, -0.07499999999999999722, 0.1874999999999999722 ) ) ;
#4302 = CARTESIAN_POINT ( 'NONE',  ( 0.000000000000000000, -0.07499999999999999722, 0.000000000000000000 ) ) ;
#4303 = FACE_OUTER_BOUND ( 'NONE', #7601, .T. ) ;
#4305 = VERTEX_POINT ( 'NONE', #7673 ) ;
#4304 = VECTOR ( 'NONE', #5316, 39.37007874015748143 ) ;
#4306 = DIRECTION ( 'NONE',  ( 0.000000000000000000, -1.000000000000000000, -0.000000000000000000 ) ) ;
#4307 = VECTOR ( 'NONE', #8841, 39.37007874015748143 ) ;
#4308 = CARTESIAN_POINT ( 'NONE',  ( -0.2249999999999999778, 0.1905000000000000027, -0.02500000000000000139 ) ) ;
#4309 = VERTEX_POINT ( 'NONE', #6326 ) ;
#4310 = DIRECTION ( 'NONE',  ( 0.000000000000000000, 0.000000000000000000, 1.000000000000000000 ) ) ;
#4311 = EDGE_CURVE ( 'NONE', #4078, #3797, #4569, .T. ) ;
#4312 = DIRECTION ( 'NONE',  ( -0.000000000000000000, 0.000000000000000000, 1.000000000000000000 ) ) ;
#4313 = AXIS2_PLACEMENT_3D ( 'NONE', #6113, #2726, #5449 ) ;
#4314 = DIRECTION ( 'NONE',  ( 0.000000000000000000, 0.000000000000000000, -1.000000000000000000 ) ) ;
#4315 = LINE ( 'NONE', #6987, #3515 ) ;
#4316 = ORIENTED_EDGE ( 'NONE', *, *, #3030, .F. ) ;
#4317 = VECTOR ( 'NONE', #3675, 39.37007874015748143 ) ;
#4318 = ORIENTED_EDGE ( 'NONE', *, *, #6889, .T. ) ;
#4319 = ORIENTED_EDGE ( 'NONE', *, *, #4501, .T. ) ;
#4320 = LINE ( 'NONE', #3737, #921 ) ;
#4321 = COLOUR_RGB ( '',0.6470588235294117974, 0.5176470588235293491, 0.000000000000000000 ) ;
#4322 = ORIENTED_EDGE ( 'NONE', *, *, #723, .F. ) ;
#4323 = EDGE_CURVE ( 'NONE', #7843, #8205, #4703, .T. ) ;
#4324 = LINE ( 'NONE', #2180, #7628 ) ;
#4325 = ORIENTED_EDGE ( 'NONE', *, *, #2621, .T. ) ;
#4326 = FACE_BOUND ( 'NONE', #4002, .T. ) ;
#4327 = LINE ( 'NONE', #5714, #362 ) ;
#4328 = CARTESIAN_POINT ( 'NONE',  ( -0.2625000000000000111, 0.02000000000000000042, -0.04249999999999999611 ) ) ;
#4329 = VERTEX_POINT ( 'NONE', #2137 ) ;
#4330 = ORIENTED_EDGE ( 'NONE', *, *, #2322, .F. ) ;
#4331 = CARTESIAN_POINT ( 'NONE',  ( 0.07499999999999999722, 0.03500000000000000333, -0.02500000000000000139 ) ) ;
#4332 = ORIENTED_EDGE ( 'NONE', *, *, #8050, .F. ) ;
#4333 = CARTESIAN_POINT ( 'NONE',  ( -0.03199999999999999373, -0.05999999999999999778, -0.02000000000000000042 ) ) ;
#4334 = CARTESIAN_POINT ( 'NONE',  ( -0.1680000000000000382, -0.06500000000000000222, -0.02000000000000000042 ) ) ;
#4335 = ORIENTED_EDGE ( 'NONE', *, *, #7478, .F. ) ;
#4336 = DIRECTION ( 'NONE',  ( 0.000000000000000000, 0.000000000000000000, -1.000000000000000000 ) ) ;
#4337 = ADVANCED_FACE ( 'NONE', ( #4845, #6280, #7619, #3563, #4238, #6955, #2894, #8342, #1551, #8387, #4281, #6997, #198, #4984, #4326, #922, #6373, #7847, #7177, #1057, #3871 ), #3783, .T. ) ;
#4338 = DIRECTION ( 'NONE',  ( 0.000000000000000000, 0.000000000000000000, 1.000000000000000000 ) ) ;
#4339 = EDGE_CURVE ( 'NONE', #7773, #7575, #3116, .T. ) ;
#4340 = DIRECTION ( 'NONE',  ( 0.000000000000000000, 0.000000000000000000, 1.000000000000000000 ) ) ;
#4341 = ORIENTED_EDGE ( 'NONE', *, *, #1234, .F. ) ;
#4342 = CARTESIAN_POINT ( 'NONE',  ( -0.1250000000000000000, 0.1905000000000000027, 0.03400000000000000244 ) ) ;
#4343 = LINE ( 'NONE', #898, #3890 ) ;
#4344 = EDGE_CURVE ( 'NONE', #6229, #548, #3740, .T. ) ;
#4345 = DIRECTION ( 'NONE',  ( 0.000000000000000000, 0.000000000000000000, 1.000000000000000000 ) ) ;
#4346 = LINE ( 'NONE', #2343, #8087 ) ;
#4347 = CARTESIAN_POINT ( 'NONE',  ( 0.1524999999999999967, 0.2200000000000000011, -0.08999999999999999667 ) ) ;
#4348 = ORIENTED_EDGE ( 'NONE', *, *, #7893, .F. ) ;
#4349 = DIRECTION ( 'NONE',  ( 0.000000000000000000, 0.7071067811865470176, 0.7071067811865480168 ) ) ;
#4350 = ADVANCED_FACE ( 'NONE', ( #971 ), #8472, .T. ) ;
#4351 = AXIS2_PLACEMENT_3D ( 'NONE', #5605, #2208, #4967 ) ;
#4352 = DIRECTION ( 'NONE',  ( 1.000000000000000000, 0.000000000000000000, -0.000000000000000000 ) ) ;
#4353 = VECTOR ( 'NONE', #3067, 39.37007874015748143 ) ;
#4354 = EDGE_LOOP ( 'NONE', ( #5041, #8804, #1232, #6512, #4814, #6058, #8264, #5377 ) ) ;
#4355 = CARTESIAN_POINT ( 'NONE',  ( -0.06800000000000000488, 0.000000000000000000, 0.1874999999999999722 ) ) ;
#4356 = DIRECTION ( 'NONE',  ( 0.000000000000000000, 0.000000000000000000, -1.000000000000000000 ) ) ;
#4357 = LINE ( 'NONE', #5024, #7140 ) ;
#4358 = FACE_OUTER_BOUND ( 'NONE', #3075, .T. ) ;
#4359 = VECTOR ( 'NONE', #2923, 39.37007874015748143 ) ;
#4360 = ORIENTED_EDGE ( 'NONE', *, *, #3431, .T. ) ;
#4361 = AXIS2_PLACEMENT_3D ( 'NONE', #5005, #7731, #5819 ) ;
#4362 = VERTEX_POINT ( 'NONE', #8605 ) ;
#4363 = ORIENTED_EDGE ( 'NONE', *, *, #4747, .T. ) ;
#4364 = VECTOR ( 'NONE', #7870, 39.37007874015748143 ) ;
#4365 = DIRECTION ( 'NONE',  ( 0.000000000000000000, 0.000000000000000000, 1.000000000000000000 ) ) ;
#4366 = LINE ( 'NONE', #7755, #7207 ) ;
#4367 = EDGE_CURVE ( 'NONE', #5287, #5394, #8517, .T. ) ;
#4368 = AXIS2_PLACEMENT_3D ( 'NONE', #6851, #7483, #1367 ) ;
#4369 = LINE ( 'NONE', #5798, #5561 ) ;
#4370 = FACE_OUTER_BOUND ( 'NONE', #2633, .T. ) ;
#4371 = VECTOR ( 'NONE', #620, 39.37007874015748143 ) ;
#4372 = VECTOR ( 'NONE', #7368, 39.37007874015748143 ) ;
#4373 = ADVANCED_FACE ( 'NONE', ( #1775 ), #6508, .F. ) ;
#4374 = VECTOR ( 'NONE', #772, 39.37007874015748143 ) ;
#4375 = DIRECTION ( 'NONE',  ( -1.000000000000000000, 0.000000000000000000, 0.000000000000000000 ) ) ;
#4376 = ORIENTED_EDGE ( 'NONE', *, *, #4708, .F. ) ;
#4377 = ORIENTED_EDGE ( 'NONE', *, *, #5354, .T. ) ;
#4378 = FACE_OUTER_BOUND ( 'NONE', #3697, .T. ) ;
#4379 = ORIENTED_EDGE ( 'NONE', *, *, #392, .T. ) ;
#4380 = DIRECTION ( 'NONE',  ( 0.000000000000000000, 0.000000000000000000, 1.000000000000000000 ) ) ;
#4381 = DIRECTION ( 'NONE',  ( -1.000000000000000000, 0.000000000000000000, -0.000000000000000000 ) ) ;
#4382 = VECTOR ( 'NONE', #1125, 39.37007874015748143 ) ;
#4383 = VERTEX_POINT ( 'NONE', #3695 ) ;
#4384 = DIRECTION ( 'NONE',  ( 0.000000000000000000, -0.000000000000000000, 1.000000000000000000 ) ) ;
#4385 = CARTESIAN_POINT ( 'NONE',  ( 0.2179999999999999993, -0.01499999999999999598, 0.1874999999999999722 ) ) ;
#4386 = VECTOR ( 'NONE', #8457, 39.37007874015748143 ) ;
#4387 = EDGE_CURVE ( 'NONE', #5893, #1442, #4500, .T. ) ;
#4388 = AXIS2_PLACEMENT_3D ( 'NONE', #1960, #2547, #552 ) ;
#4389 = LINE ( 'NONE', #3757, #7213 ) ;
#4390 = ORIENTED_EDGE ( 'NONE', *, *, #1307, .F. ) ;
#4391 = DIRECTION ( 'NONE',  ( -0.000000000000000000, 1.000000000000000000, 0.000000000000000000 ) ) ;
#4392 = DIRECTION ( 'NONE',  ( 0.000000000000000000, -1.000000000000000000, -0.000000000000000000 ) ) ;
#4393 = LINE ( 'NONE', #8322, #2965 ) ;
#4394 = DIRECTION ( 'NONE',  ( -0.000000000000000000, 1.000000000000000000, 0.000000000000000000 ) ) ;
#4395 = CARTESIAN_POINT ( 'NONE',  ( 0.2500000000000000000, -0.02500000000000000139, 0.02999999999999999889 ) ) ;
#4396 = VERTEX_POINT ( 'NONE', #3203 ) ;
#4397 = DIRECTION ( 'NONE',  ( 0.000000000000000000, 0.000000000000000000, -1.000000000000000000 ) ) ;
#4398 = EDGE_CURVE ( 'NONE', #4248, #8627, #3159, .T. ) ;
#4399 = DIRECTION ( 'NONE',  ( 0.000000000000000000, 0.000000000000000000, 1.000000000000000000 ) ) ;
#4400 = EDGE_CURVE ( 'NONE', #4753, #912, #4369, .T. ) ;
#4401 = CARTESIAN_POINT ( 'NONE',  ( -0.01799999999999998476, -0.06500000000000000222, 0.1874999999999999722 ) ) ;
#4402 = ORIENTED_EDGE ( 'NONE', *, *, #2605, .T. ) ;
#4403 = DIRECTION ( 'NONE',  ( 0.000000000000000000, 1.000000000000000000, 0.000000000000000000 ) ) ;
#4404 = ADVANCED_FACE ( 'NONE', ( #417 ), #7218, .T. ) ;
#4405 = DIRECTION ( 'NONE',  ( 0.000000000000000000, 0.000000000000000000, -1.000000000000000000 ) ) ;
#4406 = DIRECTION ( 'NONE',  ( 0.000000000000000000, -1.000000000000000000, 0.000000000000000000 ) ) ;
#4407 = DIRECTION ( 'NONE',  ( 0.000000000000000000, 0.000000000000000000, 1.000000000000000000 ) ) ;
#4408 = ORIENTED_EDGE ( 'NONE', *, *, #3952, .F. ) ;
#4409 = EDGE_LOOP ( 'NONE', ( #2856, #7375, #7275, #3956 ) ) ;
#4410 = EDGE_LOOP ( 'NONE', ( #6440, #339, #8751, #6103, #2984, #3666, #6357, #7050 ) ) ;
#4411 = LINE ( 'NONE', #286, #4353 ) ;
#4412 = DIRECTION ( 'NONE',  ( -0.000000000000000000, -1.000000000000000000, 0.000000000000000000 ) ) ;
#4413 = DIRECTION ( 'NONE',  ( 0.000000000000000000, 1.000000000000000000, -0.000000000000000000 ) ) ;
#4414 = VERTEX_POINT ( 'NONE', #5888 ) ;
#4415 = DIRECTION ( 'NONE',  ( 1.000000000000000000, -0.000000000000000000, -0.000000000000000000 ) ) ;
#4416 = EDGE_LOOP ( 'NONE', ( #2996, #243, #7947, #4341 ) ) ;
#4417 = ORIENTED_EDGE ( 'NONE', *, *, #445, .T. ) ;
#4418 = CARTESIAN_POINT ( 'NONE',  ( -0.1680000000000000382, -0.01000000000000000021, 0.03500000000000000333 ) ) ;
#4419 = ORIENTED_EDGE ( 'NONE', *, *, #4666, .F. ) ;
#4420 = LINE ( 'NONE', #1023, #5174 ) ;
#4421 = LINE ( 'NONE', #7681, #5082 ) ;
#4422 = EDGE_LOOP ( 'NONE', ( #2788, #150, #3646, #7245 ) ) ;
#4423 = LINE ( 'NONE', #8661, #1853 ) ;
#4424 = EDGE_CURVE ( 'NONE', #2712, #2627, #1012, .T. ) ;
#4425 = AXIS2_PLACEMENT_3D ( 'NONE', #1420, #7493, #654 ) ;
#4426 = CARTESIAN_POINT ( 'NONE',  ( 0.2625000000000000111, 0.05999999999999999778, -0.1124999999999999889 ) ) ;
#4427 = CARTESIAN_POINT ( 'NONE',  ( 0.1524999999999999967, 0.2200000000000000011, -0.08999999999999999667 ) ) ;
#4428 =( REPRESENTATION_RELATIONSHIP ('NONE','NONE', #7459, #6595 ) REPRESENTATION_RELATIONSHIP_WITH_TRANSFORMATION ( #1684 )SHAPE_REPRESENTATION_RELATIONSHIP( ) );
#4429 = EDGE_LOOP ( 'NONE', ( #2932, #7663 ) ) ;
#4430 = VECTOR ( 'NONE', #8649, 39.37007874015748143 ) ;
#4431 = CARTESIAN_POINT ( 'NONE',  ( -0.02500000000000000139, 0.03500000000000000333, 0.02500000000000000139 ) ) ;
#4432 = FACE_OUTER_BOUND ( 'NONE', #7977, .T. ) ;
#4433 = PLANE ( 'NONE',  #4388 ) ;
#4434 = CARTESIAN_POINT ( 'NONE',  ( 0.1524999999999999967, 0.05650000000000000161, -0.08999999999999999667 ) ) ;
#4435 = FACE_OUTER_BOUND ( 'NONE', #3211, .T. ) ;
#4436 = ORIENTED_EDGE ( 'NONE', *, *, #4754, .T. ) ;
#4437 = CARTESIAN_POINT ( 'NONE',  ( 0.000000000000000000, 0.1905000000000000027, 0.000000000000000000 ) ) ;
#4438 = EDGE_CURVE ( 'NONE', #1216, #4178, #1145, .T. ) ;
#4439 = VECTOR ( 'NONE', #5880, 39.37007874015748143 ) ;
#4440 = LINE ( 'NONE', #1043, #7801 ) ;
#4441 = DIRECTION ( 'NONE',  ( -0.000000000000000000, -1.000000000000000000, -0.000000000000000000 ) ) ;
#4442 = VECTOR ( 'NONE', #1919, 39.37007874015748143 ) ;
#4443 = ORIENTED_EDGE ( 'NONE', *, *, #6403, .T. ) ;
#4444 = AXIS2_PLACEMENT_3D ( 'NONE', #3756, #6563, #5947 ) ;
#4445 = CARTESIAN_POINT ( 'NONE',  ( 0.2500000000000000000, -0.02500000000000000139, 0.02999999999999999889 ) ) ;
#4446 = CARTESIAN_POINT ( 'NONE',  ( -0.03200000000000000067, -0.06500000000000000222, 0.1874999999999999722 ) ) ;
#4447 = CARTESIAN_POINT ( 'NONE',  ( 0.1819999999999999951, -0.05999999999999999778, -0.01499999999999999944 ) ) ;
#4448 = EDGE_CURVE ( 'NONE', #5652, #2885, #463, .T. ) ;
#4449 = FACE_OUTER_BOUND ( 'NONE', #3859, .T. ) ;
#4450 = VECTOR ( 'NONE', #1934, 39.37007874015748143 ) ;
#4451 = ORIENTED_EDGE ( 'NONE', *, *, #8186, .F. ) ;
#4452 = ORIENTED_EDGE ( 'NONE', *, *, #4545, .T. ) ;
#4453 = EDGE_LOOP ( 'NONE', ( #4647, #6383, #4390, #4982 ) ) ;
#4454 = CARTESIAN_POINT ( 'NONE',  ( 0.2500000000000000000, -0.01499999999999999771, 0.02000000000000000042 ) ) ;
#4455 = VECTOR ( 'NONE', #1838, 39.37007874015748143 ) ;
#4456 = EDGE_CURVE ( 'NONE', #889, #7192, #7974, .T. ) ;
#4457 = DIRECTION ( 'NONE',  ( 0.000000000000000000, 1.000000000000000000, -0.000000000000000000 ) ) ;
#4458 = PLANE ( 'NONE',  #2663 ) ;
#4459 = VECTOR ( 'NONE', #2415, 39.37007874015748143 ) ;
#4460 = VECTOR ( 'NONE', #3405, 39.37007874015748143 ) ;
#4461 = VERTEX_POINT ( 'NONE', #5078 ) ;
#4462 = AXIS2_PLACEMENT_3D ( 'NONE', #6423, #3752, #4380 ) ;
#4463 = LINE ( 'NONE', #3832, #721 ) ;
#4464 = ORIENTED_EDGE ( 'NONE', *, *, #8819, .T. ) ;
#4465 = ORIENTED_EDGE ( 'NONE', *, *, #5248, .T. ) ;
#4466 = CARTESIAN_POINT ( 'NONE',  ( -0.06800000000000000488, -0.06500000000000000222, -0.01499999999999995608 ) ) ;
#4467 = ORIENTED_EDGE ( 'NONE', *, *, #8275, .T. ) ;
#4468 = LINE ( 'NONE', #3703, #7170 ) ;
#4469 = FACE_OUTER_BOUND ( 'NONE', #1046, .T. ) ;
#4470 = ORIENTED_EDGE ( 'NONE', *, *, #4864, .T. ) ;
#4471 = CARTESIAN_POINT ( 'NONE',  ( -0.06800000000000000488, 0.02999999999999999889, -0.02999999999999999889 ) ) ;
#4472 = CARTESIAN_POINT ( 'NONE',  ( -0.2180000000000000271, -0.06500000000000000222, -0.02000000000000000042 ) ) ;
#4473 = PLANE ( 'NONE',  #6920 ) ;
#4474 = ORIENTED_EDGE ( 'NONE', *, *, #2376, .T. ) ;
#4475 = EDGE_CURVE ( 'NONE', #5523, #1830, #1685, .T. ) ;
#4476 = CARTESIAN_POINT ( 'NONE',  ( 0.1250000000000000000, 0.2550000000000000044, 0.01600000000000000380 ) ) ;
#4477 = EDGE_LOOP ( 'NONE', ( #3514, #7151, #8533, #5470 ) ) ;
#4478 = DIRECTION ( 'NONE',  ( -0.000000000000000000, -0.000000000000000000, -1.000000000000000000 ) ) ;
#4479 = FACE_OUTER_BOUND ( 'NONE', #1977, .T. ) ;
#4480 = FACE_OUTER_BOUND ( 'NONE', #965, .T. ) ;
#4481 = ORIENTED_EDGE ( 'NONE', *, *, #7896, .T. ) ;
#4482 = CARTESIAN_POINT ( 'NONE',  ( -0.07499999999999999722, 0.1905000000000000027, 0.02500000000000000139 ) ) ;
#4483 = EDGE_CURVE ( 'NONE', #2885, #4607, #5124, .T. ) ;
#4484 = CYLINDRICAL_SURFACE ( 'NONE', #2529, 0.008999999999999997585 ) ;
#4485 = EDGE_CURVE ( 'NONE', #5575, #5950, #2623, .T. ) ;
#4486 = CARTESIAN_POINT ( 'NONE',  ( -0.2775000000000000244, 0.2200000000000000011, 0.000000000000000000 ) ) ;
#4487 = ORIENTED_EDGE ( 'NONE', *, *, #1468, .T. ) ;
#4488 = ORIENTED_EDGE ( 'NONE', *, *, #4117, .T. ) ;
#4489 = DIRECTION ( 'NONE',  ( -1.000000000000000000, 0.000000000000000000, 0.000000000000000000 ) ) ;
#4490 = VERTEX_POINT ( 'NONE', #6722 ) ;
#4491 = CYLINDRICAL_SURFACE ( 'NONE', #2441, 0.01000000000000000021 ) ;
#4492 = DIRECTION ( 'NONE',  ( 0.000000000000000000, 0.000000000000000000, 1.000000000000000000 ) ) ;
#4493 = EDGE_CURVE ( 'NONE', #1141, #8250, #1997, .T. ) ;
#4494 = ORIENTED_EDGE ( 'NONE', *, *, #3684, .T. ) ;
#4495 = EDGE_CURVE ( 'NONE', #1502, #2119, #3140, .T. ) ;
#4496 = ORIENTED_EDGE ( 'NONE', *, *, #1877, .F. ) ;
#4497 = AXIS2_PLACEMENT_3D ( 'NONE', #1622, #4349, #1888 ) ;
#4498 = DIRECTION ( 'NONE',  ( 1.000000000000000000, 0.000000000000000000, -0.000000000000000000 ) ) ;
#4499 = CIRCLE ( 'NONE', #6772, 0.005000000000000021788 ) ;
#4500 = LINE ( 'NONE', #7131, #7278 ) ;
#4501 = EDGE_CURVE ( 'NONE', #6591, #7902, #6137, .T. ) ;
#4502 = LINE ( 'NONE', #4585, #4084 ) ;
#4503 = VECTOR ( 'NONE', #5376, 39.37007874015748143 ) ;
#4504 = LINE ( 'NONE', #423, #2314 ) ;
#4505 = EDGE_CURVE ( 'NONE', #6422, #5878, #6013, .T. ) ;
#4506 = EDGE_LOOP ( 'NONE', ( #6216, #3131 ) ) ;
#4507 = VECTOR ( 'NONE', #1526, 39.37007874015748143 ) ;
#4508 = CARTESIAN_POINT ( 'NONE',  ( -0.01799999999999998476, -0.06500000000000000222, -0.02000000000000000042 ) ) ;
#4509 = ORIENTED_EDGE ( 'NONE', *, *, #3297, .T. ) ;
#4510 = CARTESIAN_POINT ( 'NONE',  ( 0.2500000000000000000, -0.01499999999999999771, 0.02000000000000000042 ) ) ;
#4511 = CARTESIAN_POINT ( 'NONE',  ( 0.2500000000000000000, -0.02500000000000000139, 0.02999999999999999889 ) ) ;
#4512 = ORIENTED_EDGE ( 'NONE', *, *, #8158, .T. ) ;
#4513 = DIRECTION ( 'NONE',  ( 1.000000000000000000, 0.000000000000000000, 0.000000000000000000 ) ) ;
#4514 = CARTESIAN_POINT ( 'NONE',  ( -0.2249999999999999778, 0.03500000000000000333, 0.02500000000000000139 ) ) ;
#4515 = AXIS2_PLACEMENT_3D ( 'NONE', #5322, #8047, #6705 ) ;
#4516 = AXIS2_PLACEMENT_3D ( 'NONE', #5799, #4546, #5210 ) ;
#4517 = CARTESIAN_POINT ( 'NONE',  ( 0.06800000000000000488, -0.06500000000000000222, 0.1874999999999999722 ) ) ;
#4518 = EDGE_CURVE ( 'NONE', #7902, #2712, #5974, .T. ) ;
#4519 = EDGE_LOOP ( 'NONE', ( #6700, #3637, #2844, #4496 ) ) ;
#4520 = LINE ( 'NONE', #1702, #7589 ) ;
#4521 = ORIENTED_EDGE ( 'NONE', *, *, #7715, .F. ) ;
#4522 = AXIS2_PLACEMENT_3D ( 'NONE', #8213, #6777, #5349 ) ;
#4523 = FACE_OUTER_BOUND ( 'NONE', #3335, .T. ) ;
#4524 = CYLINDRICAL_SURFACE ( 'NONE', #6660, 0.01000000000000000021 ) ;
#4525 = CARTESIAN_POINT ( 'NONE',  ( 0.2625000000000000111, 0.05650000000000000161, -0.06500000000000000222 ) ) ;
#4526 = AXIS2_PLACEMENT_3D ( 'NONE', #2443, #411, #1768 ) ;
#4527 = ORIENTED_EDGE ( 'NONE', *, *, #6877, .F. ) ;
#4528 = DIRECTION ( 'NONE',  ( -0.000000000000000000, 0.000000000000000000, 1.000000000000000000 ) ) ;
#4529 = VECTOR ( 'NONE', #3625, 39.37007874015748143 ) ;
#4530 = FACE_OUTER_BOUND ( 'NONE', #8421, .T. ) ;
#4531 = LINE ( 'NONE', #7878, #5446 ) ;
#4532 = ORIENTED_EDGE ( 'NONE', *, *, #622, .F. ) ;
#4533 = VECTOR ( 'NONE', #6975, 39.37007874015748143 ) ;
#4534 = LINE ( 'NONE', #6583, #3076 ) ;
#4535 = ORIENTED_EDGE ( 'NONE', *, *, #7478, .T. ) ;
#4536 = DIRECTION ( 'NONE',  ( 0.000000000000000000, 0.000000000000000000, -1.000000000000000000 ) ) ;
#4537 = DIRECTION ( 'NONE',  ( 0.000000000000000000, -1.000000000000000000, 0.000000000000000000 ) ) ;
#4538 = EDGE_CURVE ( 'NONE', #5083, #1256, #8562, .T. ) ;
#4539 = DIRECTION ( 'NONE',  ( 1.000000000000000000, 0.000000000000000000, -0.000000000000000000 ) ) ;
#4540 = ORIENTED_EDGE ( 'NONE', *, *, #1272, .T. ) ;
#4541 = ORIENTED_EDGE ( 'NONE', *, *, #6052, .F. ) ;
#4542 = VERTEX_POINT ( 'NONE', #8820 ) ;
#4543 = DIRECTION ( 'NONE',  ( -1.000000000000000000, 0.000000000000000000, 0.000000000000000000 ) ) ;
#4544 = CARTESIAN_POINT ( 'NONE',  ( 0.000000000000000000, -0.07499999999999999722, 0.000000000000000000 ) ) ;
#4545 = EDGE_CURVE ( 'NONE', #4748, #2073, #1953, .T. ) ;
#4546 = DIRECTION ( 'NONE',  ( 0.000000000000000000, -1.000000000000000000, 0.000000000000000000 ) ) ;
#4547 = VERTEX_POINT ( 'NONE', #4750 ) ;
#4548 = CARTESIAN_POINT ( 'NONE',  ( 0.2500000000000000000, -0.06500000000000000222, -0.01499999999999990750 ) ) ;
#4549 = EDGE_CURVE ( 'NONE', #7710, #8092, #6054, .T. ) ;
#4550 = ORIENTED_EDGE ( 'NONE', *, *, #2621, .F. ) ;
#4551 = CARTESIAN_POINT ( 'NONE',  ( 0.2625000000000000111, 0.2049999999999999600, -0.08999999999999999667 ) ) ;
#4552 = VERTEX_POINT ( 'NONE', #5388 ) ;
#4553 = LINE ( 'NONE', #7273, #3321 ) ;
#4554 = CARTESIAN_POINT ( 'NONE',  ( 0.1250000000000000000, 0.1905000000000000027, -0.02500000000000000139 ) ) ;
#4555 = DIRECTION ( 'NONE',  ( 0.000000000000000000, 0.000000000000000000, 1.000000000000000000 ) ) ;
#4556 = CARTESIAN_POINT ( 'NONE',  ( 0.2500000000000000000, -0.06500000000000000222, 0.1874999999999999722 ) ) ;
#4557 = ADVANCED_FACE ( 'NONE', ( #3286 ), #8733, .F. ) ;
#4558 = DIRECTION ( 'NONE',  ( 0.000000000000000000, 0.000000000000000000, -1.000000000000000000 ) ) ;
#4559 = EDGE_CURVE ( 'NONE', #1406, #1514, #2707, .T. ) ;
#4560 = VERTEX_POINT ( 'NONE', #6810 ) ;
#4561 = CARTESIAN_POINT ( 'NONE',  ( -0.01799999999999998476, 0.02999999999999999889, -0.02999999999999999889 ) ) ;
#4562 = CARTESIAN_POINT ( 'NONE',  ( 0.1819999999999999951, 0.02999999999999999889, 0.1874999999999999722 ) ) ;
#4563 = EDGE_LOOP ( 'NONE', ( #6060, #3529, #3010, #581 ) ) ;
#4564 = CARTESIAN_POINT ( 'NONE',  ( 0.2500000000000000000, 0.02999999999999999542, -0.02000000000000000042 ) ) ;
#4565 = CARTESIAN_POINT ( 'NONE',  ( -0.06800000000000000488, -0.02500000000000000139, 0.1874999999999999722 ) ) ;
#4566 = ORIENTED_EDGE ( 'NONE', *, *, #2300, .T. ) ;
#4567 = EDGE_CURVE ( 'NONE', #3163, #7327, #8155, .T. ) ;
#4568 = DIRECTION ( 'NONE',  ( 0.000000000000000000, -1.000000000000000000, 0.000000000000000000 ) ) ;
#4569 = CIRCLE ( 'NONE', #5423, 0.01000000000000000021 ) ;
#4570 = FACE_OUTER_BOUND ( 'NONE', #4790, .T. ) ;
#4571 = DIRECTION ( 'NONE',  ( 1.000000000000000000, 0.000000000000000000, -0.000000000000000000 ) ) ;
#4572 = EDGE_LOOP ( 'NONE', ( #5122, #7188, #8522, #4236, #1121, #8623, #5839, #3778 ) ) ;
#4573 = CARTESIAN_POINT ( 'NONE',  ( -0.2320000000000000118, 0.03000000000000000583, 0.03000000000000000930 ) ) ;
#4574 = ORIENTED_EDGE ( 'NONE', *, *, #2892, .T. ) ;
#4575 = CARTESIAN_POINT ( 'NONE',  ( -0.07499999999999999722, 0.03500000000000000333, 0.02500000000000000139 ) ) ;
#4576 = LINE ( 'NONE', #3240, #2164 ) ;
#4577 = EDGE_LOOP ( 'NONE', ( #2687, #1464, #6982, #6003, #3372, #1269, #245, #6518 ) ) ;
#4578 = VECTOR ( 'NONE', #4639, 39.37007874015748143 ) ;
#4579 = ORIENTED_EDGE ( 'NONE', *, *, #4871, .T. ) ;
#4580 = EDGE_CURVE ( 'NONE', #6485, #5291, #2579, .T. ) ;
#4581 = CARTESIAN_POINT ( 'NONE',  ( -0.2500000000000000000, 0.000000000000000000, 0.1874999999999999722 ) ) ;
#4582 = AXIS2_PLACEMENT_3D ( 'NONE', #6552, #5342, #8075 ) ;
#4583 = CARTESIAN_POINT ( 'NONE',  ( -0.2320000000000000118, -0.06500000000000000222, 0.1874999999999999722 ) ) ;
#4584 = VECTOR ( 'NONE', #4952, 39.37007874015748143 ) ;
#4585 = CARTESIAN_POINT ( 'NONE',  ( 0.002499999999999950179, 0.000000000000000000, -0.1124999999999999889 ) ) ;
#4586 = ORIENTED_EDGE ( 'NONE', *, *, #5649, .T. ) ;
#4587 = VECTOR ( 'NONE', #4756, 39.37007874015748143 ) ;
#4588 = PRODUCT_DEFINITION_CONTEXT ( 'detailed design', #764, 'design' ) ;
#4589 = CARTESIAN_POINT ( 'NONE',  ( -0.1180000000000000077, 0.02999999999999999889, -0.02999999999999999889 ) ) ;
#4590 = VERTEX_POINT ( 'NONE', #8686 ) ;
#4591 = EDGE_CURVE ( 'NONE', #5626, #3602, #4090, .T. ) ;
#4592 = VERTEX_POINT ( 'NONE', #7481 ) ;
#4593 = DIRECTION ( 'NONE',  ( 1.000000000000000000, 0.000000000000000000, -0.000000000000000000 ) ) ;
#4594 = LINE ( 'NONE', #5218, #6743 ) ;
#4595 = ORIENTED_EDGE ( 'NONE', *, *, #3288, .F. ) ;
#4596 = LINE ( 'NONE', #4511, #5952 ) ;
#4597 = VERTEX_POINT ( 'NONE', #1366 ) ;
#4598 = DIRECTION ( 'NONE',  ( 0.000000000000000000, 0.000000000000000000, -1.000000000000000000 ) ) ;
#4599 = CARTESIAN_POINT ( 'NONE',  ( 0.07499999999999999722, 0.1905000000000000027, -0.01600000000000000380 ) ) ;
#4600 = VECTOR ( 'NONE', #1881, 39.37007874015748143 ) ;
#4601 = LINE ( 'NONE', #3305, #2449 ) ;
#4602 = ORIENTED_EDGE ( 'NONE', *, *, #7833, .F. ) ;
#4603 = AXIS2_PLACEMENT_3D ( 'NONE', #7098, #3701, #5131 ) ;
#4604 = LINE ( 'NONE', #7956, #4455 ) ;
#4605 = PLANE ( 'NONE',  #7587 ) ;
#4606 = EDGE_CURVE ( 'NONE', #6333, #5916, #3418, .T. ) ;
#4607 = VERTEX_POINT ( 'NONE', #4583 ) ;
#4608 = CARTESIAN_POINT ( 'NONE',  ( -0.1250000000000000000, 0.2550000000000000044, -0.02500000000000000139 ) ) ;
#4609 = CARTESIAN_POINT ( 'NONE',  ( -0.07499999999999999722, 0.03500000000000000333, 0.02500000000000000139 ) ) ;
#4610 = VERTEX_POINT ( 'NONE', #1191 ) ;
#4611 = AXIS2_PLACEMENT_3D ( 'NONE', #5897, #6519, #7229 ) ;
#4612 = DIRECTION ( 'NONE',  ( 0.000000000000000000, -1.000000000000000000, 0.000000000000000000 ) ) ;
#4613 = EDGE_CURVE ( 'NONE', #1040, #1578, #3914, .T. ) ;
#4614 = DIRECTION ( 'NONE',  ( 0.000000000000000000, 0.000000000000000000, -1.000000000000000000 ) ) ;
#4615 = CARTESIAN_POINT ( 'NONE',  ( -0.07499999999999999722, 0.03500000000000000333, -0.02500000000000000139 ) ) ;
#4616 = LINE ( 'NONE', #4657, #7442 ) ;
#4617 = VERTEX_POINT ( 'NONE', #3248 ) ;
#4618 = DIRECTION ( 'NONE',  ( 1.000000000000000000, 0.000000000000000000, -0.000000000000000000 ) ) ;
#4619 = ORIENTED_EDGE ( 'NONE', *, *, #3844, .F. ) ;
#4620 = CARTESIAN_POINT ( 'NONE',  ( 0.1680000000000000382, -0.06500000000000000222, 0.1874999999999999722 ) ) ;
#4621 = DIRECTION ( 'NONE',  ( 0.000000000000000000, 0.000000000000000000, -1.000000000000000000 ) ) ;
#4622 = EDGE_CURVE ( 'NONE', #2280, #205, #1905, .T. ) ;
#4623 = ORIENTED_EDGE ( 'NONE', *, *, #2516, .T. ) ;
#4624 = EDGE_LOOP ( 'NONE', ( #7416, #8667, #1448, #3382 ) ) ;
#4625 = DIRECTION ( 'NONE',  ( -1.000000000000000000, 0.000000000000000000, -0.000000000000000000 ) ) ;
#4626 = CARTESIAN_POINT ( 'NONE',  ( 0.03200000000000000067, 0.02999999999999999889, 0.01999999999999999001 ) ) ;
#4627 = LINE ( 'NONE', #1325, #8365 ) ;
#4628 = ORIENTED_EDGE ( 'NONE', *, *, #5870, .F. ) ;
#4629 = PLANE ( 'NONE',  #5012 ) ;
#4630 = VERTEX_POINT ( 'NONE', #5655 ) ;
#4631 = EDGE_CURVE ( 'NONE', #860, #307, #2152, .T. ) ;
#4632 = AXIS2_PLACEMENT_3D ( 'NONE', #8470, #6459, #5708 ) ;
#4633 = CARTESIAN_POINT ( 'NONE',  ( 0.1179999999999999938, -0.05999999999999999778, -0.01999999999999999695 ) ) ;
#4634 = VERTEX_POINT ( 'NONE', #2264 ) ;
#4635 = CYLINDRICAL_SURFACE ( 'NONE', #4522, 0.008999999999999999320 ) ;
#4636 = ORIENTED_EDGE ( 'NONE', *, *, #776, .F. ) ;
#4637 = CARTESIAN_POINT ( 'NONE',  ( 0.2500000000000000000, -0.05999999999999999778, -0.01499999999999999944 ) ) ;
#4638 = VECTOR ( 'NONE', #1759, 39.37007874015748143 ) ;
#4639 = DIRECTION ( 'NONE',  ( -0.000000000000000000, -0.000000000000000000, 1.000000000000000000 ) ) ;
#4640 = EDGE_CURVE ( 'NONE', #3144, #3912, #2079, .T. ) ;
#4641 = AXIS2_PLACEMENT_3D ( 'NONE', #5877, #7924, #6628 ) ;
#4642 = VECTOR ( 'NONE', #6208, 39.37007874015748143 ) ;
#4643 = CARTESIAN_POINT ( 'NONE',  ( 0.08200000000000001732, -0.02500000000000000139, 0.1874999999999999722 ) ) ;
#4644 = VERTEX_POINT ( 'NONE', #3506 ) ;
#4645 = DIRECTION ( 'NONE',  ( -0.000000000000000000, -1.000000000000000000, 0.000000000000000000 ) ) ;
#4646 = FACE_OUTER_BOUND ( 'NONE', #328, .T. ) ;
#4647 = ORIENTED_EDGE ( 'NONE', *, *, #7659, .T. ) ;
#4648 = CARTESIAN_POINT ( 'NONE',  ( 0.2179999999999999993, 0.02999999999999999889, -0.01999999999999997960 ) ) ;
#4649 = CARTESIAN_POINT ( 'NONE',  ( 0.2500000000000000000, -0.01499999999999999771, 0.02000000000000000042 ) ) ;
#4650 = AXIS2_PLACEMENT_3D ( 'NONE', #4609, #7382, #6665 ) ;
#4651 = VERTEX_POINT ( 'NONE', #7699 ) ;
#4652 = LINE ( 'NONE', #7384, #219 ) ;
#4653 = AXIS2_PLACEMENT_3D ( 'NONE', #6550, #7219, #8474 ) ;
#4654 = ADVANCED_FACE ( 'NONE', ( #238 ), #8374, .T. ) ;
#4655 = VECTOR ( 'NONE', #387, 39.37007874015748143 ) ;
#4656 = PLANE ( 'NONE',  #5070 ) ;
#4657 = CARTESIAN_POINT ( 'NONE',  ( -0.2500000000000000000, -0.07499999999999999722, 0.1874999999999999722 ) ) ;
#4658 = AXIS2_PLACEMENT_3D ( 'NONE', #7209, #3822, #3677 ) ;
#4659 = ORIENTED_EDGE ( 'NONE', *, *, #7874, .F. ) ;
#4660 = LINE ( 'NONE', #6002, #6919 ) ;
#4661 = ORIENTED_EDGE ( 'NONE', *, *, #2394, .F. ) ;
#4662 = DIRECTION ( 'NONE',  ( -0.000000000000000000, 1.000000000000000000, 0.000000000000000000 ) ) ;
#4663 = AXIS2_PLACEMENT_3D ( 'NONE', #5136, #7323, #7276 ) ;
#4664 = AXIS2_PLACEMENT_3D ( 'NONE', #5786, #5700, #4405 ) ;
#4665 = LINE ( 'NONE', #7395, #4148 ) ;
#4666 = EDGE_CURVE ( 'NONE', #4617, #7529, #5520, .T. ) ;
#4667 = ORIENTED_EDGE ( 'NONE', *, *, #5815, .T. ) ;
#4668 = EDGE_CURVE ( 'NONE', #1665, #4396, #6226, .T. ) ;
#4669 = EDGE_LOOP ( 'NONE', ( #6713, #2211, #3440, #4335 ) ) ;
#4670 = CARTESIAN_POINT ( 'NONE',  ( -0.1250000000000000000, 0.1905000000000000027, 0.02500000000000000139 ) ) ;
#4671 = CARTESIAN_POINT ( 'NONE',  ( 0.1680000000000000382, -0.1000000000000000056, 0.1874999999999999722 ) ) ;
#4672 = CARTESIAN_POINT ( 'NONE',  ( 0.2179999999999999993, -0.06500000000000000222, 0.1874999999999999722 ) ) ;
#4673 = AXIS2_PLACEMENT_3D ( 'NONE', #5825, #5259, #2676 ) ;
#4674 = EDGE_LOOP ( 'NONE', ( #8237, #452, #7858, #5665 ) ) ;
#4675 = ORIENTED_EDGE ( 'NONE', *, *, #115, .F. ) ;
#4676 = CARTESIAN_POINT ( 'NONE',  ( 0.000000000000000000, -0.07499999999999999722, -0.02000000000000000042 ) ) ;
#4677 = ORIENTED_EDGE ( 'NONE', *, *, #5164, .F. ) ;
#4678 = CARTESIAN_POINT ( 'NONE',  ( 0.2500000000000000000, 0.02999999999999999889, -0.02999999999999999889 ) ) ;
#4679 = CARTESIAN_POINT ( 'NONE',  ( 0.08200000000000004508, 0.000000000000000000, 0.1874999999999999722 ) ) ;
#4680 = ORIENTED_EDGE ( 'NONE', *, *, #5740, .T. ) ;
#4681 = DIRECTION ( 'NONE',  ( 0.000000000000000000, -0.000000000000000000, 1.000000000000000000 ) ) ;
#4682 = ORIENTED_EDGE ( 'NONE', *, *, #6475, .F. ) ;
#4683 = DIRECTION ( 'NONE',  ( 0.000000000000000000, 0.000000000000000000, -1.000000000000000000 ) ) ;
#4684 = LINE ( 'NONE', #6737, #2875 ) ;
#4685 = CARTESIAN_POINT ( 'NONE',  ( 0.2500000000000000000, -0.05999999999999999778, -0.02000000000000000042 ) ) ;
#4686 = ORIENTED_EDGE ( 'NONE', *, *, #5025, .F. ) ;
#4687 = DIRECTION ( 'NONE',  ( 0.000000000000000000, 0.000000000000000000, -1.000000000000000000 ) ) ;
#4688 = FACE_OUTER_BOUND ( 'NONE', #5273, .T. ) ;
#4689 = ORIENTED_EDGE ( 'NONE', *, *, #597, .F. ) ;
#4690 = EDGE_CURVE ( 'NONE', #8657, #3917, #141, .T. ) ;
#4691 = CARTESIAN_POINT ( 'NONE',  ( 0.000000000000000000, 0.1905000000000000027, 0.000000000000000000 ) ) ;
#4692 = CARTESIAN_POINT ( 'NONE',  ( -0.3125000000000000000, 0.1239999999999999991, 0.03749999999999999167 ) ) ;
#4693 = ORIENTED_EDGE ( 'NONE', *, *, #2910, .T. ) ;
#4694 = LINE ( 'NONE', #6832, #4219 ) ;
#4695 = FACE_OUTER_BOUND ( 'NONE', #1166, .T. ) ;
#4696 = LINE ( 'NONE', #7429, #14 ) ;
#4697 = CYLINDRICAL_SURFACE ( 'NONE', #6096, 0.01000000000000000021 ) ;
#4698 = EDGE_CURVE ( 'NONE', #8267, #5668, #4269, .T. ) ;
#4699 = CARTESIAN_POINT ( 'NONE',  ( 0.1680000000000000382, -0.05999999999999999778, -0.01999999999999999695 ) ) ;
#4700 = VERTEX_POINT ( 'NONE', #54 ) ;
#4701 = DIRECTION ( 'NONE',  ( 0.000000000000000000, -1.000000000000000000, 0.000000000000000000 ) ) ;
#4702 = CARTESIAN_POINT ( 'NONE',  ( 0.000000000000000000, 0.000000000000000000, 0.1124999999999999889 ) ) ;
#4703 = CIRCLE ( 'NONE', #5998, 0.008999999999999997585 ) ;
#4704 = LINE ( 'NONE', #1990, #1819 ) ;
#4705 = VERTEX_POINT ( 'NONE', #910 ) ;
#4706 = VECTOR ( 'NONE', #7032, 39.37007874015748143 ) ;
#4707 = FACE_OUTER_BOUND ( 'NONE', #8222, .T. ) ;
#4708 = EDGE_CURVE ( 'NONE', #8689, #3414, #2790, .T. ) ;
#4709 = DIRECTION ( 'NONE',  ( 0.000000000000000000, 1.000000000000000000, -0.000000000000000000 ) ) ;
#4710 = DIRECTION ( 'NONE',  ( 0.000000000000000000, -0.000000000000000000, 1.000000000000000000 ) ) ;
#4711 = AXIS2_PLACEMENT_3D ( 'NONE', #4472, #5816, #1834 ) ;
#4712 = ORIENTED_EDGE ( 'NONE', *, *, #3061, .F. ) ;
#4713 = FACE_OUTER_BOUND ( 'NONE', #450, .T. ) ;
#4714 = VERTEX_POINT ( 'NONE', #144 ) ;
#4715 = DIRECTION ( 'NONE',  ( 0.000000000000000000, 1.000000000000000000, 0.000000000000000000 ) ) ;
#4716 = AXIS2_PLACEMENT_3D ( 'NONE', #6909, #2684, #6244 ) ;
#4717 = APPLICATION_PROTOCOL_DEFINITION ( 'draft international standard', 'automotive_design', 1998, #5800 ) ;
#4718 = VERTEX_POINT ( 'NONE', #4928 ) ;
#4719 = DIRECTION ( 'NONE',  ( 0.000000000000000000, -1.000000000000000000, 0.000000000000000000 ) ) ;
#4720 = VECTOR ( 'NONE', #3565, 39.37007874015748143 ) ;
#4721 = CARTESIAN_POINT ( 'NONE',  ( -0.01799999999999999170, -0.07499999999999999722, -0.02000000000000000042 ) ) ;
#4722 = DIRECTION ( 'NONE',  ( 0.000000000000000000, 0.000000000000000000, 1.000000000000000000 ) ) ;
#4723 = DIRECTION ( 'NONE',  ( 0.000000000000000000, -1.000000000000000000, 0.000000000000000000 ) ) ;
#4724 = EDGE_CURVE ( 'NONE', #2318, #86, #2123, .T. ) ;
#4725 = VECTOR ( 'NONE', #1458, 39.37007874015748143 ) ;
#4726 = FACE_OUTER_BOUND ( 'NONE', #4925, .T. ) ;
#4727 = VERTEX_POINT ( 'NONE', #2837 ) ;
#4728 = LINE ( 'NONE', #7463, #7306 ) ;
#4729 = CARTESIAN_POINT ( 'NONE',  ( 0.1319999999999999785, -0.06500000000000000222, 0.1874999999999999722 ) ) ;
#4730 = ORIENTED_EDGE ( 'NONE', *, *, #2240, .T. ) ;
#4731 = CARTESIAN_POINT ( 'NONE',  ( 0.2320000000000000118, 0.02999999999999999889, 0.1874999999999999722 ) ) ;
#4732 = CARTESIAN_POINT ( 'NONE',  ( 0.08200000000000000344, 0.02999999999999999889, 0.01999999999999999001 ) ) ;
#4734 = VERTEX_POINT ( 'NONE', #189 ) ;
#4733 = AXIS2_PLACEMENT_3D ( 'NONE', #92, #6924, #4912 ) ;
#4735 = CARTESIAN_POINT ( 'NONE',  ( -0.03200000000000000067, -0.07499999999999999722, -0.02000000000000000042 ) ) ;
#4736 = EDGE_CURVE ( 'NONE', #5480, #6051, #3463, .T. ) ;
#4737 = DIRECTION ( 'NONE',  ( 0.000000000000000000, 0.000000000000000000, 1.000000000000000000 ) ) ;
#4738 = DIRECTION ( 'NONE',  ( -1.000000000000000000, -0.000000000000000000, -0.000000000000000000 ) ) ;
#4739 = AXIS2_PLACEMENT_3D ( 'NONE', #4290, #8265, #2146 ) ;
#4740 = LINE ( 'NONE', #759, #2398 ) ;
#4741 = ADVANCED_FACE ( 'NONE', ( #7660 ), #2170, .T. ) ;
#4742 = CARTESIAN_POINT ( 'NONE',  ( 0.1320000000000000062, 0.02999999999999999889, 0.1874999999999999722 ) ) ;
#4743 = ORIENTED_EDGE ( 'NONE', *, *, #4923, .T. ) ;
#4744 = FACE_BOUND ( 'NONE', #4669, .T. ) ;
#4745 = VECTOR ( 'NONE', #5381, 39.37007874015748143 ) ;
#4746 = DIRECTION ( 'NONE',  ( 0.000000000000000000, 0.000000000000000000, -1.000000000000000000 ) ) ;
#4747 = EDGE_CURVE ( 'NONE', #5083, #567, #8199, .T. ) ;
#4748 = VERTEX_POINT ( 'NONE', #4794 ) ;
#4749 = CARTESIAN_POINT ( 'NONE',  ( 0.2500000000000000000, -0.06500000000000000222, -0.02000000000000000042 ) ) ;
#4750 = CARTESIAN_POINT ( 'NONE',  ( 0.2320000000000000118, -0.01000000000000000021, 0.03000000000000004746 ) ) ;
#4751 = DIRECTION ( 'NONE',  ( 0.000000000000000000, 0.000000000000000000, 1.000000000000000000 ) ) ;
#4752 = EDGE_CURVE ( 'NONE', #1508, #8689, #6005, .T. ) ;
#4753 = VERTEX_POINT ( 'NONE', #728 ) ;
#4754 = EDGE_CURVE ( 'NONE', #2119, #1502, #3720, .T. ) ;
#4755 = ORIENTED_EDGE ( 'NONE', *, *, #1946, .T. ) ;
#4756 = DIRECTION ( 'NONE',  ( -1.000000000000000000, -0.000000000000000000, 0.000000000000000000 ) ) ;
#4757 = ORIENTED_EDGE ( 'NONE', *, *, #4424, .F. ) ;
#4758 = LINE ( 'NONE', #827, #8063 ) ;
#4759 = ADVANCED_FACE ( 'NONE', ( #6892 ), #771, .F. ) ;
#4760 = ORIENTED_EDGE ( 'NONE', *, *, #4549, .F. ) ;
#4761 = DIRECTION ( 'NONE',  ( -1.000000000000000000, 0.000000000000000000, 0.000000000000000000 ) ) ;
#4762 = SHAPE_REPRESENTATION ( 'TFML-110-01-L-D-RA_pins', ( #2184 ), #6888 ) ;
#4763 = DIRECTION ( 'NONE',  ( -0.000000000000000000, 1.000000000000000000, 0.000000000000000000 ) ) ;
#4764 = VERTEX_POINT ( 'NONE', #8333 ) ;
#4765 = CARTESIAN_POINT ( 'NONE',  ( -0.1819999999999999951, -0.1000000000000000056, 0.1874999999999999722 ) ) ;
#4766 = CARTESIAN_POINT ( 'NONE',  ( 0.01799999999999998476, -0.06500000000000000222, -0.02999999999999994338 ) ) ;
#4767 = ADVANCED_FACE ( 'NONE', ( #3773 ), #7794, .F. ) ;
#4768 = DIRECTION ( 'NONE',  ( -1.000000000000000000, 0.000000000000000000, -0.000000000000000000 ) ) ;
#4769 = VERTEX_POINT ( 'NONE', #3149 ) ;
#4770 = DIRECTION ( 'NONE',  ( 0.000000000000000000, -0.000000000000000000, -1.000000000000000000 ) ) ;
#4771 = EDGE_CURVE ( 'NONE', #4718, #5828, #1862, .T. ) ;
#4772 = EDGE_LOOP ( 'NONE', ( #7304, #7850, #8796, #5986 ) ) ;
#4773 = PLANE ( 'NONE',  #434 ) ;
#4774 = DIRECTION ( 'NONE',  ( 0.000000000000000000, 0.000000000000000000, 1.000000000000000000 ) ) ;
#4775 = ORIENTED_EDGE ( 'NONE', *, *, #5489, .F. ) ;
#4776 = DIRECTION ( 'NONE',  ( 0.000000000000000000, -1.000000000000000000, 0.000000000000000000 ) ) ;
#4777 = VECTOR ( 'NONE', #6046, 39.37007874015748143 ) ;
#4778 = AXIS2_PLACEMENT_3D ( 'NONE', #6526, #895, #5638 ) ;
#4779 = ADVANCED_FACE ( 'NONE', ( #1813 ), #4491, .T. ) ;
#4780 = CARTESIAN_POINT ( 'NONE',  ( 0.2874999999999999778, 0.000000000000000000, -0.1124999999999999889 ) ) ;
#4781 = DIRECTION ( 'NONE',  ( 0.000000000000000000, 1.000000000000000000, 0.000000000000000000 ) ) ;
#4782 = VECTOR ( 'NONE', #1268, 39.37007874015748143 ) ;
#4783 = DIRECTION ( 'NONE',  ( 0.000000000000000000, 0.000000000000000000, -1.000000000000000000 ) ) ;
#4784 = ORIENTED_EDGE ( 'NONE', *, *, #8077, .F. ) ;
#4785 = DIRECTION ( 'NONE',  ( 1.000000000000000000, 0.000000000000000000, 0.000000000000000000 ) ) ;
#4786 = VECTOR ( 'NONE', #3090, 39.37007874015748143 ) ;
#4787 = ORIENTED_EDGE ( 'NONE', *, *, #6795, .T. ) ;
#4788 = FACE_OUTER_BOUND ( 'NONE', #5868, .T. ) ;
#4789 = VECTOR ( 'NONE', #3696, 39.37007874015748143 ) ;
#4790 = EDGE_LOOP ( 'NONE', ( #7036, #8684, #5425, #8584, #8145, #5466, #4535, #3945 ) ) ;
#4791 = CIRCLE ( 'NONE', #5660, 0.008999999999999997585 ) ;
#4792 = FACE_OUTER_BOUND ( 'NONE', #1314, .T. ) ;
#4793 = EDGE_CURVE ( 'NONE', #6485, #7617, #4357, .T. ) ;
#4794 = CARTESIAN_POINT ( 'NONE',  ( 0.1680000000000000382, -0.02500000000000000486, 0.1874999999999999722 ) ) ;
#4795 = DIRECTION ( 'NONE',  ( 0.000000000000000000, 0.000000000000000000, -1.000000000000000000 ) ) ;
#4796 = AXIS2_PLACEMENT_3D ( 'NONE', #4911, #2291, #7686 ) ;
#4797 = ORIENTED_EDGE ( 'NONE', *, *, #3513, .T. ) ;
#4798 = LINE ( 'NONE', #7531, #4587 ) ;
#4799 = ORIENTED_EDGE ( 'NONE', *, *, #3623, .T. ) ;
#4800 = DIRECTION ( 'NONE',  ( 1.000000000000000000, -0.000000000000000000, 0.000000000000000000 ) ) ;
#4801 = ORIENTED_EDGE ( 'NONE', *, *, #385, .T. ) ;
#4802 = EDGE_CURVE ( 'NONE', #1256, #1538, #6586, .T. ) ;
#4803 = LINE ( 'NONE', #737, #7005 ) ;
#4804 = EDGE_LOOP ( 'NONE', ( #7142, #4730 ) ) ;
#4805 = DIRECTION ( 'NONE',  ( 0.000000000000000000, -1.000000000000000000, 0.000000000000000000 ) ) ;
#4806 = AXIS2_PLACEMENT_3D ( 'NONE', #2295, #1618, #4345 ) ;
#4807 = ORIENTED_EDGE ( 'NONE', *, *, #8275, .F. ) ;
#4808 = DIRECTION ( 'NONE',  ( 1.000000000000000000, 0.000000000000000000, -0.000000000000000000 ) ) ;
#4809 = DIRECTION ( 'NONE',  ( 0.000000000000000000, -1.000000000000000000, 0.000000000000000000 ) ) ;
#4810 = EDGE_CURVE ( 'NONE', #7810, #6318, #6495, .T. ) ;
#4811 = PLANE ( 'NONE',  #1730 ) ;
#4812 = ORIENTED_EDGE ( 'NONE', *, *, #433, .T. ) ;
#4813 = CARTESIAN_POINT ( 'NONE',  ( -0.01799999999999998476, -0.01000000000000000021, 0.03000000000000004746 ) ) ;
#4814 = ORIENTED_EDGE ( 'NONE', *, *, #341, .F. ) ;
#4815 = DIRECTION ( 'NONE',  ( 0.000000000000000000, -1.000000000000000000, 0.000000000000000000 ) ) ;
#4816 = CYLINDRICAL_SURFACE ( 'NONE', #85, 0.01000000000000000021 ) ;
#4817 = EDGE_LOOP ( 'NONE', ( #3330, #4509, #2192, #643 ) ) ;
#4818 = CARTESIAN_POINT ( 'NONE',  ( 0.03199999999999999373, -0.01499999999999999944, 0.02999999999999999889 ) ) ;
#4819 = EDGE_CURVE ( 'NONE', #1442, #8308, #7748, .T. ) ;
#4820 = EDGE_CURVE ( 'NONE', #3340, #6557, #7208, .T. ) ;
#4821 = FACE_OUTER_BOUND ( 'NONE', #2287, .T. ) ;
#4822 = FACE_OUTER_BOUND ( 'NONE', #5203, .T. ) ;
#4823 = CARTESIAN_POINT ( 'NONE',  ( 0.07499999999999999722, 0.1905000000000000027, -0.02500000000000000139 ) ) ;
#4824 = EDGE_CURVE ( 'NONE', #6312, #5120, #3688, .T. ) ;
#4825 = LINE ( 'NONE', #4163, #1396 ) ;
#4826 = DIRECTION ( 'NONE',  ( -1.000000000000000000, 0.000000000000000000, -0.000000000000000000 ) ) ;
#4827 = ORIENTED_EDGE ( 'NONE', *, *, #6014, .F. ) ;
#4828 = CYLINDRICAL_SURFACE ( 'NONE', #2210, 0.008999999999999999320 ) ;
#4829 = ORIENTED_EDGE ( 'NONE', *, *, #4831, .T. ) ;
#4830 = DIRECTION ( 'NONE',  ( 0.000000000000000000, 0.7071067811865469066, 0.7071067811865479058 ) ) ;
#4831 = EDGE_CURVE ( 'NONE', #5609, #1285, #5566, .T. ) ;
#4832 = CARTESIAN_POINT ( 'NONE',  ( 0.1749999999999999889, 0.1905000000000000027, 0.02500000000000000139 ) ) ;
#4833 = DIRECTION ( 'NONE',  ( -0.000000000000000000, 0.000000000000000000, 1.000000000000000000 ) ) ;
#4834 = ORIENTED_EDGE ( 'NONE', *, *, #4448, .F. ) ;
#4835 = EDGE_CURVE ( 'NONE', #7925, #6131, #1096, .T. ) ;
#4836 = AXIS2_PLACEMENT_3D ( 'NONE', #3172, #1250, #520 ) ;
#4837 = VERTEX_POINT ( 'NONE', #410 ) ;
#4838 = LINE ( 'NONE', #1412, #4725 ) ;
#4839 = ORIENTED_EDGE ( 'NONE', *, *, #2516, .F. ) ;
#4840 = DIRECTION ( 'NONE',  ( -1.000000000000000000, 0.000000000000000000, -0.000000000000000000 ) ) ;
#4841 = ORIENTED_EDGE ( 'NONE', *, *, #3807, .F. ) ;
#4842 = CARTESIAN_POINT ( 'NONE',  ( -0.1320000000000000062, -0.1000000000000000056, 0.02000000000000009409 ) ) ;
#4843 = VERTEX_POINT ( 'NONE', #279 ) ;
#4844 = ORIENTED_EDGE ( 'NONE', *, *, #6014, .T. ) ;
#4845 = FACE_OUTER_BOUND ( 'NONE', #932, .T. ) ;
#4846 = AXIS2_PLACEMENT_3D ( 'NONE', #1676, #1767, #7927 ) ;
#4847 = DIRECTION ( 'NONE',  ( -1.000000000000000000, 0.000000000000000000, 0.000000000000000000 ) ) ;
#4848 = ADVANCED_FACE ( 'NONE', ( #5748 ), #3014, .T. ) ;
#4849 = AXIS2_PLACEMENT_3D ( 'NONE', #8435, #4375, #7809 ) ;
#4850 = LINE ( 'NONE', #6825, #5875 ) ;
#4851 = ORIENTED_EDGE ( 'NONE', *, *, #5661, .T. ) ;
#4852 = VECTOR ( 'NONE', #175, 39.37007874015748854 ) ;
#4853 = ORIENTED_EDGE ( 'NONE', *, *, #3629, .F. ) ;
#4854 = CARTESIAN_POINT ( 'NONE',  ( 0.3125000000000000000, 0.2200000000000000011, -0.05249999999999998418 ) ) ;
#4855 = ORIENTED_EDGE ( 'NONE', *, *, #6084, .F. ) ;
#4856 = DIRECTION ( 'NONE',  ( 0.000000000000000000, 1.000000000000000000, 0.000000000000000000 ) ) ;
#4857 = DIRECTION ( 'NONE',  ( 1.000000000000000000, 0.000000000000000000, -0.000000000000000000 ) ) ;
#4858 = ORIENTED_EDGE ( 'NONE', *, *, #1006, .F. ) ;
#4859 = CARTESIAN_POINT ( 'NONE',  ( 0.1250000000000000000, 0.2550000000000000044, -0.02500000000000000139 ) ) ;
#4860 = AXIS2_PLACEMENT_3D ( 'NONE', #3769, #7787, #8547 ) ;
#4861 = AXIS2_PLACEMENT_3D ( 'NONE', #3936, #6790, #8709 ) ;
#4862 = ADVANCED_FACE ( 'NONE', ( #2482 ), #5066, .T. ) ;
#4863 = DIRECTION ( 'NONE',  ( 0.000000000000000000, -1.000000000000000000, 0.000000000000000000 ) ) ;
#4864 = EDGE_CURVE ( 'NONE', #1486, #7789, #8417, .T. ) ;
#4865 = PLANE ( 'NONE',  #8799 ) ;
#4866 = FACE_OUTER_BOUND ( 'NONE', #233, .T. ) ;
#4867 = VECTOR ( 'NONE', #4299, 39.37007874015748143 ) ;
#4868 = DIRECTION ( 'NONE',  ( -0.000000000000000000, -1.000000000000000000, -0.000000000000000000 ) ) ;
#4869 = DIRECTION ( 'NONE',  ( -0.000000000000000000, -0.000000000000000000, 1.000000000000000000 ) ) ;
#4870 = DIRECTION ( 'NONE',  ( 0.000000000000000000, -0.000000000000000000, 1.000000000000000000 ) ) ;
#4871 = EDGE_CURVE ( 'NONE', #8468, #6950, #3729, .T. ) ;
#4872 = DIRECTION ( 'NONE',  ( 0.000000000000000000, 0.000000000000000000, -1.000000000000000000 ) ) ;
#4873 = ORIENTED_EDGE ( 'NONE', *, *, #7428, .T. ) ;
#4874 = CARTESIAN_POINT ( 'NONE',  ( -0.1180000000000000077, -0.01499999999999999944, 0.1874999999999999722 ) ) ;
#4875 = EDGE_CURVE ( 'NONE', #3426, #6828, #5787, .T. ) ;
#4876 = VECTOR ( 'NONE', #7330, 39.37007874015748143 ) ;
#4877 = AXIS2_PLACEMENT_3D ( 'NONE', #7644, #6926, #2868 ) ;
#4878 = EDGE_CURVE ( 'NONE', #7084, #4734, #5142, .T. ) ;
#4879 = VECTOR ( 'NONE', #3038, 39.37007874015748143 ) ;
#4880 = ORIENTED_EDGE ( 'NONE', *, *, #2386, .T. ) ;
#4881 = CARTESIAN_POINT ( 'NONE',  ( -0.1319999999999999785, -0.01499999999999999944, 0.02999999999999999889 ) ) ;
#4882 = EDGE_CURVE ( 'NONE', #4977, #12, #5161, .T. ) ;
#4883 = DIRECTION ( 'NONE',  ( 0.000000000000000000, -1.000000000000000000, 0.000000000000000000 ) ) ;
#4884 = DIRECTION ( 'NONE',  ( 1.000000000000000000, 0.000000000000000000, -0.000000000000000000 ) ) ;
#4885 = ORIENTED_EDGE ( 'NONE', *, *, #8133, .T. ) ;
#4886 = ORIENTED_EDGE ( 'NONE', *, *, #1528, .F. ) ;
#4887 = CARTESIAN_POINT ( 'NONE',  ( -0.2249999999999999778, 0.1905000000000000027, 0.02500000000000000139 ) ) ;
#4888 = ORIENTED_EDGE ( 'NONE', *, *, #3150, .F. ) ;
#4889 = CARTESIAN_POINT ( 'NONE',  ( 0.2500000000000000000, -0.01499999999999999944, 0.1874999999999999722 ) ) ;
#4890 = LENGTH_MEASURE_WITH_UNIT ( LENGTH_MEASURE( 0.02539999999999999897 ), #4136 );
#4891 = ORIENTED_EDGE ( 'NONE', *, *, #5831, .T. ) ;
#4892 = FACE_OUTER_BOUND ( 'NONE', #426, .T. ) ;
#4893 = ORIENTED_EDGE ( 'NONE', *, *, #7769, .F. ) ;
#4894 = ORIENTED_EDGE ( 'NONE', *, *, #5489, .T. ) ;
#4895 = CARTESIAN_POINT ( 'NONE',  ( 0.1749999999999999889, 0.03500000000000000333, -0.02500000000000000139 ) ) ;
#4896 = DIRECTION ( 'NONE',  ( -1.000000000000000000, 0.000000000000000000, 0.000000000000000000 ) ) ;
#4897 = EDGE_CURVE ( 'NONE', #3443, #5894, #3910, .T. ) ;
#4898 = CARTESIAN_POINT ( 'NONE',  ( 0.2500000000000000000, -0.01499999999999999944, 0.1874999999999999722 ) ) ;
#4899 = EDGE_LOOP ( 'NONE', ( #4467, #1701, #1742, #5896 ) ) ;
#4900 = ORIENTED_EDGE ( 'NONE', *, *, #6812, .T. ) ;
#4901 = DIRECTION ( 'NONE',  ( 1.000000000000000000, 0.000000000000000000, 0.000000000000000000 ) ) ;
#4902 = ORIENTED_EDGE ( 'NONE', *, *, #2520, .F. ) ;
#4903 = DIRECTION ( 'NONE',  ( 0.000000000000000000, -0.000000000000000000, 1.000000000000000000 ) ) ;
#4904 = DIRECTION ( 'NONE',  ( -1.000000000000000000, -0.000000000000000000, -0.000000000000000000 ) ) ;
#4905 = VERTEX_POINT ( 'NONE', #1316 ) ;
#4906 = LINE ( 'NONE', #6294, #4226 ) ;
#4907 = EDGE_CURVE ( 'NONE', #3846, #4610, #420, .T. ) ;
#4908 = VECTOR ( 'NONE', #3633, 39.37007874015748143 ) ;
#4909 = CARTESIAN_POINT ( 'NONE',  ( -0.01799999999999998476, -0.06499999999999998834, -0.02999999999999999889 ) ) ;
#4910 = FACE_OUTER_BOUND ( 'NONE', #8836, .T. ) ;
#4911 = CARTESIAN_POINT ( 'NONE',  ( 0.1819999999999999951, -0.06500000000000000222, -0.02000000000000000042 ) ) ;
#4912 = DIRECTION ( 'NONE',  ( 0.000000000000000000, 1.707404996040157067E-15, 1.000000000000000000 ) ) ;
#4913 = DIRECTION ( 'NONE',  ( 0.000000000000000000, 0.000000000000000000, -1.000000000000000000 ) ) ;
#4914 = CARTESIAN_POINT ( 'NONE',  ( 0.2320000000000000118, -0.06500000000000000222, -0.01499999999999995608 ) ) ;
#4915 = CARTESIAN_POINT ( 'NONE',  ( 0.2500000000000000000, -0.06500000000000000222, 0.1874999999999999722 ) ) ;
#4916 = CARTESIAN_POINT ( 'NONE',  ( -0.3125000000000000000, 0.2200000000000000011, 0.1124999999999999889 ) ) ;
#4917 = VECTOR ( 'NONE', #6233, 39.37007874015748143 ) ;
#4918 = ORIENTED_EDGE ( 'NONE', *, *, #7931, .T. ) ;
#4919 = DIRECTION ( 'NONE',  ( -1.000000000000000000, 0.000000000000000000, 0.000000000000000000 ) ) ;
#4920 = EDGE_CURVE ( 'NONE', #1920, #107, #8723, .T. ) ;
#4921 = AXIS2_PLACEMENT_3D ( 'NONE', #7709, #3560, #2846 ) ;
#4922 = AXIS2_PLACEMENT_3D ( 'NONE', #3278, #4489, #2524 ) ;
#4923 = EDGE_CURVE ( 'NONE', #7671, #2928, #2570, .T. ) ;
#4924 = CIRCLE ( 'NONE', #1085, 0.004999999999999997502 ) ;
#4925 = EDGE_LOOP ( 'NONE', ( #4191, #4104, #7811, #5195 ) ) ;
#4926 = DIRECTION ( 'NONE',  ( 0.000000000000000000, 0.000000000000000000, -1.000000000000000000 ) ) ;
#4927 = VECTOR ( 'NONE', #269, 39.37007874015748143 ) ;
#4928 = CARTESIAN_POINT ( 'NONE',  ( 0.1819999999999999951, -0.05999999999999999778, -0.02000000000000000042 ) ) ;
#4929 = EDGE_CURVE ( 'NONE', #3517, #8205, #3370, .T. ) ;
#4930 = DIRECTION ( 'NONE',  ( 0.000000000000000000, 0.000000000000000000, 1.000000000000000000 ) ) ;
#4931 = CIRCLE ( 'NONE', #7649, 0.008999999999999997585 ) ;
#4932 = ORIENTED_EDGE ( 'NONE', *, *, #4501, .F. ) ;
#4933 = ADVANCED_FACE ( 'NONE', ( #6761 ), #5421, .T. ) ;
#4934 = CIRCLE ( 'NONE', #6933, 0.004999999999999997502 ) ;
#4935 = ORIENTED_EDGE ( 'NONE', *, *, #3655, .F. ) ;
#4936 = AXIS2_PLACEMENT_3D ( 'NONE', #2286, #7766, #4381 ) ;
#4937 = ORIENTED_EDGE ( 'NONE', *, *, #8290, .T. ) ;
#4938 = VECTOR ( 'NONE', #3102, 39.37007874015748143 ) ;
#4939 = CARTESIAN_POINT ( 'NONE',  ( -0.07499999999999999722, 0.1905000000000000027, 0.02500000000000000139 ) ) ;
#4940 = ORIENTED_EDGE ( 'NONE', *, *, #8354, .F. ) ;
#4941 = CARTESIAN_POINT ( 'NONE',  ( -0.03199999999999999373, 0.03000000000000000583, -0.02999999999999992256 ) ) ;
#4942 = ORIENTED_EDGE ( 'NONE', *, *, #6605, .T. ) ;
#4943 = ORIENTED_EDGE ( 'NONE', *, *, #7253, .F. ) ;
#4944 = PLANE ( 'NONE',  #3856 ) ;
#4945 = DIRECTION ( 'NONE',  ( 0.000000000000000000, -1.000000000000000000, 0.000000000000000000 ) ) ;
#4946 = VECTOR ( 'NONE', #8000, 39.37007874015748143 ) ;
#4947 = DIRECTION ( 'NONE',  ( -0.000000000000000000, -0.000000000000000000, 1.000000000000000000 ) ) ;
#4948 = ORIENTED_EDGE ( 'NONE', *, *, #7394, .T. ) ;
#4949 = ORIENTED_EDGE ( 'NONE', *, *, #385, .F. ) ;
#4950 = DIRECTION ( 'NONE',  ( 0.000000000000000000, 0.000000000000000000, -1.000000000000000000 ) ) ;
#4951 = VERTEX_POINT ( 'NONE', #8014 ) ;
#4952 = DIRECTION ( 'NONE',  ( 1.000000000000000000, -0.000000000000000000, 0.000000000000000000 ) ) ;
#4953 = CARTESIAN_POINT ( 'NONE',  ( 0.1819999999999999951, -0.06499999999999998834, -0.02999999999999999889 ) ) ;
#4954 = ORIENTED_EDGE ( 'NONE', *, *, #3189, .T. ) ;
#4955 = PLANE ( 'NONE',  #1241 ) ;
#4956 = CARTESIAN_POINT ( 'NONE',  ( -0.1320000000000000062, -0.1000000000000000056, 0.1874999999999999722 ) ) ;
#4957 = ORIENTED_EDGE ( 'NONE', *, *, #1601, .F. ) ;
#4958 = DIRECTION ( 'NONE',  ( 1.000000000000000000, -0.000000000000000000, -0.000000000000000000 ) ) ;
#4959 = CARTESIAN_POINT ( 'NONE',  ( 0.1320000000000000062, -0.07499999999999999722, -0.02000000000000000042 ) ) ;
#4960 = ADVANCED_FACE ( 'NONE', ( #6006 ), #5920, .T. ) ;
#4961 = DIRECTION ( 'NONE',  ( -1.000000000000000000, 0.000000000000000000, -1.951319995474470178E-15 ) ) ;
#4962 = LINE ( 'NONE', #4161, #5608 ) ;
#4963 = CARTESIAN_POINT ( 'NONE',  ( 0.2875000000000000333, 0.000000000000000000, 0.1124999999999999889 ) ) ;
#4964 = DIRECTION ( 'NONE',  ( 0.000000000000000000, -0.000000000000000000, -1.000000000000000000 ) ) ;
#4965 = LINE ( 'NONE', #1572, #7643 ) ;
#4966 = ORIENTED_EDGE ( 'NONE', *, *, #4864, .F. ) ;
#4967 = DIRECTION ( 'NONE',  ( 0.000000000000000000, 0.000000000000000000, -1.000000000000000000 ) ) ;
#4968 = ADVANCED_FACE ( 'NONE', ( #8148 ), #2702, .T. ) ;
#4969 = ORIENTED_EDGE ( 'NONE', *, *, #7358, .T. ) ;
#4970 = CARTESIAN_POINT ( 'NONE',  ( 0.2320000000000000118, 0.02999999999999999889, -0.02999999999999999889 ) ) ;
#4971 = PLANE ( 'NONE',  #8513 ) ;
#4972 = CARTESIAN_POINT ( 'NONE',  ( -0.07499999999999999722, 0.2550000000000000044, -0.02500000000000000139 ) ) ;
#4973 = CARTESIAN_POINT ( 'NONE',  ( -0.1819999999999999951, -0.06500000000000000222, -0.02000000000000000042 ) ) ;
#4974 = VERTEX_POINT ( 'NONE', #3991 ) ;
#4975 = ORIENTED_EDGE ( 'NONE', *, *, #7200, .F. ) ;
#4976 = EDGE_CURVE ( 'NONE', #3155, #151, #7301, .T. ) ;
#4977 = VERTEX_POINT ( 'NONE', #7435 ) ;
#4978 = CIRCLE ( 'NONE', #1136, 0.004999999999999997502 ) ;
#4979 = DIRECTION ( 'NONE',  ( -1.000000000000000000, 0.000000000000000000, -0.000000000000000000 ) ) ;
#4980 = ORIENTED_EDGE ( 'NONE', *, *, #6283, .F. ) ;
#4981 = DIRECTION ( 'NONE',  ( 0.000000000000000000, 0.000000000000000000, 1.000000000000000000 ) ) ;
#4982 = ORIENTED_EDGE ( 'NONE', *, *, #6132, .F. ) ;
#4983 = EDGE_LOOP ( 'NONE', ( #6991, #7530, #793, #1419 ) ) ;
#4984 = FACE_BOUND ( 'NONE', #4429, .T. ) ;
#4985 = ADVANCED_FACE ( 'NONE', ( #7477 ), #2617, .T. ) ;
#4986 = PRODUCT_DEFINITION_SHAPE ( 'NONE', 'NONE',  #4111 ) ;
#4987 = EDGE_CURVE ( 'NONE', #7256, #7922, #3951, .T. ) ;
#4988 = CARTESIAN_POINT ( 'NONE',  ( -0.1749999999999999889, 0.2550000000000000044, -0.02500000000000000139 ) ) ;
#4989 = VECTOR ( 'NONE', #4412, 39.37007874015748143 ) ;
#4990 = ORIENTED_EDGE ( 'NONE', *, *, #6824, .F. ) ;
#4991 = ADVANCED_FACE ( 'NONE', ( #3197 ), #2528, .T. ) ;
#4992 = CARTESIAN_POINT ( 'NONE',  ( -0.3125000000000000000, 0.000000000000000000, -0.1124999999999999889 ) ) ;
#4993 = VERTEX_POINT ( 'NONE', #1852 ) ;
#4994 = VERTEX_POINT ( 'NONE', #1229 ) ;
#4995 = CARTESIAN_POINT ( 'NONE',  ( 0.2500000000000000000, 0.02999999999999999889, -0.02999999999999999889 ) ) ;
#4996 = ORIENTED_EDGE ( 'NONE', *, *, #8, .F. ) ;
#4997 = CARTESIAN_POINT ( 'NONE',  ( 0.2500000000000000000, 0.02999999999999999889, -0.02999999999999999889 ) ) ;
#4998 = VECTOR ( 'NONE', #3550, 39.37007874015748143 ) ;
#4999 = FACE_OUTER_BOUND ( 'NONE', #5627, .T. ) ;
#5000 = EDGE_LOOP ( 'NONE', ( #8057, #968 ) ) ;
#5001 = CARTESIAN_POINT ( 'NONE',  ( 0.01799999999999999864, -0.1000000000000000056, 0.02999999999999998848 ) ) ;
#5002 = EDGE_CURVE ( 'NONE', #6557, #4837, #5333, .T. ) ;
#5003 = CARTESIAN_POINT ( 'NONE',  ( 0.2249999999999999778, 0.1905000000000000027, -0.01600000000000000380 ) ) ;
#5004 = AXIS2_PLACEMENT_3D ( 'NONE', #6095, #7969, #4746 ) ;
#5005 = CARTESIAN_POINT ( 'NONE',  ( 0.1320000000000000062, -0.01000000000000000021, 0.03500000000000000333 ) ) ;
#5006 = CARTESIAN_POINT ( 'NONE',  ( 0.1320000000000000062, -0.06499999999999998834, -0.02999999999999999889 ) ) ;
#5007 = CARTESIAN_POINT ( 'NONE',  ( 0.1819999999999999951, 0.02999999999999999889, 0.01999999999999999001 ) ) ;
#5008 = DIRECTION ( 'NONE',  ( 0.000000000000000000, 0.000000000000000000, 1.000000000000000000 ) ) ;
#5009 = CARTESIAN_POINT ( 'NONE',  ( -0.1749999999999999889, 0.1905000000000000027, 0.01600000000000000380 ) ) ;
#5010 = CARTESIAN_POINT ( 'NONE',  ( -0.07499999999999999722, 0.1905000000000000027, 0.03400000000000000244 ) ) ;
#5011 = FACE_OUTER_BOUND ( 'NONE', #3971, .T. ) ;
#5013 = ORIENTED_EDGE ( 'NONE', *, *, #5661, .F. ) ;
#5012 = AXIS2_PLACEMENT_3D ( 'NONE', #3165, #549, #2581 ) ;
#5014 = DIRECTION ( 'NONE',  ( 0.000000000000000000, 1.000000000000000000, 0.000000000000000000 ) ) ;
#5015 = CIRCLE ( 'NONE', #4861, 0.008999999999999999320 ) ;
#5016 = EDGE_CURVE ( 'NONE', #3645, #5813, #4576, .T. ) ;
#5017 = AXIS2_PLACEMENT_3D ( 'NONE', #675, #5915, #1265 ) ;
#5018 = CARTESIAN_POINT ( 'NONE',  ( -0.1320000000000000062, -0.02500000000000000486, 0.1874999999999999722 ) ) ;
#5019 = EDGE_CURVE ( 'NONE', #4560, #6706, #4665, .T. ) ;
#5020 = ORIENTED_EDGE ( 'NONE', *, *, #1327, .T. ) ;
#5021 = CARTESIAN_POINT ( 'NONE',  ( 0.2625000000000000111, 0.2049999999999999878, -0.08999999999999999667 ) ) ;
#5022 = LINE ( 'NONE', #2135, #3524 ) ;
#5023 = VECTOR ( 'NONE', #4391, 39.37007874015748143 ) ;
#5024 = CARTESIAN_POINT ( 'NONE',  ( -0.1749999999999999889, 0.2550000000000000044, -0.01600000000000000380 ) ) ;
#5025 = EDGE_CURVE ( 'NONE', #3078, #4078, #583, .T. ) ;
#5026 = FACE_OUTER_BOUND ( 'NONE', #5967, .T. ) ;
#5027 = ORIENTED_EDGE ( 'NONE', *, *, #5239, .T. ) ;
#5028 = AXIS2_PLACEMENT_3D ( 'NONE', #3761, #2294, #5008 ) ;
#5029 = ORIENTED_EDGE ( 'NONE', *, *, #6708, .F. ) ;
#5030 = EDGE_LOOP ( 'NONE', ( #4659, #5543, #6026, #8718 ) ) ;
#5031 = CARTESIAN_POINT ( 'NONE',  ( 0.2500000000000000000, -0.01000000000000000021, 0.02999999999999999889 ) ) ;
#5032 = AXIS2_PLACEMENT_3D ( 'NONE', #1518, #5588, #6871 ) ;
#5033 = CARTESIAN_POINT ( 'NONE',  ( 0.1179999999999999938, -0.1000000000000000056, 0.02000000000000009409 ) ) ;
#5034 = ORIENTED_EDGE ( 'NONE', *, *, #6527, .F. ) ;
#5035 = CARTESIAN_POINT ( 'NONE',  ( 0.1179999999999999938, 0.03000000000000000583, -0.02999999999999992256 ) ) ;
#5036 = EDGE_CURVE ( 'NONE', #5291, #6485, #2012, .T. ) ;
#5037 = DIRECTION ( 'NONE',  ( -0.000000000000000000, -0.000000000000000000, -1.000000000000000000 ) ) ;
#5038 = CARTESIAN_POINT ( 'NONE',  ( -0.08200000000000004508, -0.01000000000000000021, 0.03500000000000000333 ) ) ;
#5039 = EDGE_CURVE ( 'NONE', #5477, #65, #3622, .T. ) ;
#5040 = EDGE_LOOP ( 'NONE', ( #1473, #8781, #5958, #4586 ) ) ;
#5041 = ORIENTED_EDGE ( 'NONE', *, *, #2538, .T. ) ;
#5042 = DIRECTION ( 'NONE',  ( 0.000000000000000000, -1.000000000000000000, 0.000000000000000000 ) ) ;
#5043 = VERTEX_POINT ( 'NONE', #682 ) ;
#5044 = CARTESIAN_POINT ( 'NONE',  ( 0.2500000000000000000, -0.06500000000000000222, 0.1874999999999999722 ) ) ;
#5045 = CARTESIAN_POINT ( 'NONE',  ( 0.2500000000000000000, 0.02999999999999999889, -0.02999999999999999889 ) ) ;
#5046 = VERTEX_POINT ( 'NONE', #4909 ) ;
#5047 = CARTESIAN_POINT ( 'NONE',  ( -0.07499999999999999722, 0.03500000000000000333, -0.01600000000000000380 ) ) ;
#5048 = DIRECTION ( 'NONE',  ( 0.000000000000000000, 0.000000000000000000, 1.000000000000000000 ) ) ;
#5049 = ADVANCED_FACE ( 'NONE', ( #3412 ), #1523, .T. ) ;
#5050 = LINE ( 'NONE', #7772, #6642 ) ;
#5051 = ORIENTED_EDGE ( 'NONE', *, *, #3502, .T. ) ;
#5052 = FACE_OUTER_BOUND ( 'NONE', #6546, .T. ) ;
#5053 = LINE ( 'NONE', #6435, #2465 ) ;
#5054 = LINE ( 'NONE', #7689, #1964 ) ;
#5055 = DIRECTION ( 'NONE',  ( 0.000000000000000000, -0.000000000000000000, 1.000000000000000000 ) ) ;
#5056 = LINE ( 'NONE', #5645, #6505 ) ;
#5057 = ORIENTED_EDGE ( 'NONE', *, *, #4545, .F. ) ;
#5058 = CARTESIAN_POINT ( 'NONE',  ( 0.2500000000000000000, -0.01499999999999999944, 0.1874999999999999722 ) ) ;
#5059 = CARTESIAN_POINT ( 'NONE',  ( 0.2320000000000000118, 0.02999999999999999889, 0.1874999999999999722 ) ) ;
#5060 = EDGE_CURVE ( 'NONE', #5567, #6680, #8005, .T. ) ;
#5061 = LINE ( 'NONE', #6537, #8446 ) ;
#5062 = VECTOR ( 'NONE', #8284, 39.37007874015748143 ) ;
#5063 = ORIENTED_EDGE ( 'NONE', *, *, #6936, .T. ) ;
#5064 = CARTESIAN_POINT ( 'NONE',  ( 0.3125000000000000000, 0.2049999999999999878, -0.03749999999999999861 ) ) ;
#5065 = DIRECTION ( 'NONE',  ( 0.000000000000000000, 0.000000000000000000, -1.000000000000000000 ) ) ;
#5066 = CYLINDRICAL_SURFACE ( 'NONE', #3148, 0.008999999999999997585 ) ;
#5067 = DIRECTION ( 'NONE',  ( -1.000000000000000000, 0.000000000000000000, 0.000000000000000000 ) ) ;
#5068 = AXIS2_PLACEMENT_3D ( 'NONE', #5745, #7836, #7696 ) ;
#5069 = EDGE_LOOP ( 'NONE', ( #6118, #2056 ) ) ;
#5070 = AXIS2_PLACEMENT_3D ( 'NONE', #447, #7427, #1804 ) ;
#5071 = VECTOR ( 'NONE', #6951, 39.37007874015748143 ) ;
#5072 = ORIENTED_EDGE ( 'NONE', *, *, #5636, .F. ) ;
#5073 = ORIENTED_EDGE ( 'NONE', *, *, #5207, .F. ) ;
#5074 = EDGE_CURVE ( 'NONE', #777, #8529, #8430, .T. ) ;
#5075 = AXIS2_PLACEMENT_3D ( 'NONE', #1263, #2733, #6707 ) ;
#5076 = DIRECTION ( 'NONE',  ( 0.000000000000000000, -0.000000000000000000, 1.000000000000000000 ) ) ;
#5077 = AXIS2_PLACEMENT_3D ( 'NONE', #729, #6723, #3334 ) ;
#5078 = CARTESIAN_POINT ( 'NONE',  ( -0.06800000000000000488, 0.02999999999999999889, -0.01999999999999996225 ) ) ;
#5079 = CARTESIAN_POINT ( 'NONE',  ( 0.2625000000000000111, 0.05650000000000000161, -0.08999999999999999667 ) ) ;
#5080 = CIRCLE ( 'NONE', #3230, 0.008999999999999997585 ) ;
#5081 = ORIENTED_EDGE ( 'NONE', *, *, #1151, .T. ) ;
#5082 = VECTOR ( 'NONE', #3619, 39.37007874015748143 ) ;
#5083 = VERTEX_POINT ( 'NONE', #5003 ) ;
#5084 = VECTOR ( 'NONE', #995, 39.37007874015748143 ) ;
#5085 = DIRECTION ( 'NONE',  ( 0.000000000000000000, 5.021779400118129539E-17, -1.000000000000000000 ) ) ;
#5086 = EDGE_LOOP ( 'NONE', ( #3209, #1376, #5965, #33 ) ) ;
#5087 = EDGE_CURVE ( 'NONE', #2437, #7902, #1611, .T. ) ;
#5088 = DIRECTION ( 'NONE',  ( 1.000000000000000000, 0.000000000000000000, 0.000000000000000000 ) ) ;
#5089 = VERTEX_POINT ( 'NONE', #7634 ) ;
#5090 = LINE ( 'NONE', #4510, #2611 ) ;
#5091 = VECTOR ( 'NONE', #7103, 39.37007874015748143 ) ;
#5092 = DIRECTION ( 'NONE',  ( -0.000000000000000000, 0.000000000000000000, 1.000000000000000000 ) ) ;
#5093 = ORIENTED_EDGE ( 'NONE', *, *, #3801, .F. ) ;
#5094 = DIRECTION ( 'NONE',  ( 0.000000000000000000, 0.000000000000000000, -1.000000000000000000 ) ) ;
#5095 = DIRECTION ( 'NONE',  ( 0.000000000000000000, 0.000000000000000000, -1.000000000000000000 ) ) ;
#5096 = AXIS2_PLACEMENT_3D ( 'NONE', #4308, #5193, #5872 ) ;
#5097 = EDGE_CURVE ( 'NONE', #4287, #1673, #5151, .T. ) ;
#5098 = CIRCLE ( 'NONE', #7386, 0.01000000000000000021 ) ;
#5099 = CARTESIAN_POINT ( 'NONE',  ( -0.08200000000000000344, -0.06500000000000000222, 0.1874999999999999722 ) ) ;
#5100 = ORIENTED_EDGE ( 'NONE', *, *, #4162, .F. ) ;
#5101 = CARTESIAN_POINT ( 'NONE',  ( 0.03199999999999999373, -0.07499999999999999722, 0.1874999999999999722 ) ) ;
#5102 = ORIENTED_EDGE ( 'NONE', *, *, #1716, .T. ) ;
#5103 = LINE ( 'NONE', #7825, #6736 ) ;
#5104 = CARTESIAN_POINT ( 'NONE',  ( 0.3125000000000000000, 0.2200000000000000011, -0.03749999999999999167 ) ) ;
#5105 = ADVANCED_FACE ( 'NONE', ( #8445 ), #7055, .T. ) ;
#5106 = LINE ( 'NONE', #4564, #2810 ) ;
#5107 = CARTESIAN_POINT ( 'NONE',  ( 0.2500000000000000000, 0.02999999999999999889, -0.02999999999999999889 ) ) ;
#5108 = ORIENTED_EDGE ( 'NONE', *, *, #6633, .F. ) ;
#5109 = DIRECTION ( 'NONE',  ( -0.000000000000000000, -0.000000000000000000, 1.000000000000000000 ) ) ;
#5110 = VECTOR ( 'NONE', #1286, 39.37007874015748143 ) ;
#5111 = EDGE_CURVE ( 'NONE', #4590, #1340, #3043, .T. ) ;
#5112 = ADVANCED_FACE ( 'NONE', ( #4253 ), #1652, .T. ) ;
#5113 = DIRECTION ( 'NONE',  ( 0.000000000000000000, 0.000000000000000000, -1.000000000000000000 ) ) ;
#5114 = DIRECTION ( 'NONE',  ( 0.000000000000000000, -1.000000000000000000, 0.000000000000000000 ) ) ;
#5115 = EDGE_LOOP ( 'NONE', ( #5908, #8754, #7890, #3019 ) ) ;
#5116 = FACE_OUTER_BOUND ( 'NONE', #5792, .T. ) ;
#5117 = DIRECTION ( 'NONE',  ( 0.000000000000000000, 0.000000000000000000, -1.000000000000000000 ) ) ;
#5118 = DIRECTION ( 'NONE',  ( -0.000000000000000000, 0.000000000000000000, -1.000000000000000000 ) ) ;
#5119 = CARTESIAN_POINT ( 'NONE',  ( -0.2320000000000000118, -0.01499999999999999771, 0.03500000000000000333 ) ) ;
#5120 = VERTEX_POINT ( 'NONE', #8314 ) ;
#5121 = ORIENTED_EDGE ( 'NONE', *, *, #2571, .T. ) ;
#5122 = ORIENTED_EDGE ( 'NONE', *, *, #1436, .F. ) ;
#5123 = LINE ( 'NONE', #7845, #5924 ) ;
#5124 = LINE ( 'NONE', #1731, #3420 ) ;
#5125 = CARTESIAN_POINT ( 'NONE',  ( -0.1474999999999999922, 0.2049999999999999878, -0.06500000000000000222 ) ) ;
#5126 = EDGE_CURVE ( 'NONE', #8298, #1216, #260, .T. ) ;
#5127 = ORIENTED_EDGE ( 'NONE', *, *, #6663, .T. ) ;
#5128 = DIRECTION ( 'NONE',  ( 0.000000000000000000, 0.000000000000000000, 1.000000000000000000 ) ) ;
#5129 = ORIENTED_EDGE ( 'NONE', *, *, #6765, .T. ) ;
#5130 = EDGE_CURVE ( 'NONE', #2658, #2339, #3668, .T. ) ;
#5131 = DIRECTION ( 'NONE',  ( 0.000000000000000000, 0.000000000000000000, -1.000000000000000000 ) ) ;
#5132 = EDGE_LOOP ( 'NONE', ( #7879, #6778, #7631, #6010, #7024, #3475, #7423, #1639 ) ) ;
#5133 = DIRECTION ( 'NONE',  ( -1.000000000000000000, -0.000000000000000000, 0.000000000000000000 ) ) ;
#5134 = DIRECTION ( 'NONE',  ( 0.000000000000000000, 0.000000000000000000, -1.000000000000000000 ) ) ;
#5135 = ORIENTED_EDGE ( 'NONE', *, *, #2125, .F. ) ;
#5136 = CARTESIAN_POINT ( 'NONE',  ( 0.2500000000000000000, -0.05999999999999999778, -0.01499999999999999944 ) ) ;
#5137 = AXIS2_PLACEMENT_3D ( 'NONE', #1510, #7712, #2937 ) ;
#5138 = CARTESIAN_POINT ( 'NONE',  ( -0.2625000000000000111, 0.05650000000000000161, -0.06500000000000000222 ) ) ;
#5139 = EDGE_CURVE ( 'NONE', #7485, #2179, #7104, .T. ) ;
#5140 = CYLINDRICAL_SURFACE ( 'NONE', #4778, 0.008999999999999999320 ) ;
#5141 = EDGE_LOOP ( 'NONE', ( #3510, #4521, #7702, #986 ) ) ;
#5142 = CIRCLE ( 'NONE', #8139, 0.01000000000000000021 ) ;
#5143 = DIRECTION ( 'NONE',  ( 1.000000000000000000, 0.000000000000000000, -0.000000000000000000 ) ) ;
#5144 = ORIENTED_EDGE ( 'NONE', *, *, #5387, .T. ) ;
#5145 = FACE_OUTER_BOUND ( 'NONE', #492, .T. ) ;
#5146 = DIRECTION ( 'NONE',  ( 0.000000000000000000, 0.000000000000000000, 1.000000000000000000 ) ) ;
#5147 = DIRECTION ( 'NONE',  ( 0.000000000000000000, 0.000000000000000000, -1.000000000000000000 ) ) ;
#5148 = VERTEX_POINT ( 'NONE', #4385 ) ;
#5149 = DIRECTION ( 'NONE',  ( 0.000000000000000000, -0.7071067811865469066, 0.7071067811865479058 ) ) ;
#5150 = EDGE_CURVE ( 'NONE', #4287, #6133, #1698, .T. ) ;
#5151 = CIRCLE ( 'NONE', #3011, 0.01000000000000000021 ) ;
#5152 = EDGE_CURVE ( 'NONE', #1678, #2943, #7684, .T. ) ;
#5153 = CARTESIAN_POINT ( 'NONE',  ( 0.03199999999999999373, -0.06500000000000000222, 0.1874999999999999722 ) ) ;
#5154 = DIRECTION ( 'NONE',  ( 0.000000000000000000, 0.000000000000000000, -1.000000000000000000 ) ) ;
#5155 = CIRCLE ( 'NONE', #6284, 0.008999999999999999320 ) ;
#5156 = EDGE_CURVE ( 'NONE', #8612, #6522, #2377, .T. ) ;
#5157 = ORIENTED_EDGE ( 'NONE', *, *, #7730, .F. ) ;
#5158 = AXIS2_PLACEMENT_3D ( 'NONE', #1339, #2053, #4106 ) ;
#5159 = DIRECTION ( 'NONE',  ( -0.000000000000000000, -1.000000000000000000, -0.000000000000000000 ) ) ;
#5160 = VERTEX_POINT ( 'NONE', #4295 ) ;
#5161 = LINE ( 'NONE', #7883, #1576 ) ;
#5162 = CYLINDRICAL_SURFACE ( 'NONE', #3375, 0.005000000000000021788 ) ;
#5163 = VECTOR ( 'NONE', #5524, 39.37007874015748143 ) ;
#5164 = EDGE_CURVE ( 'NONE', #5268, #4097, #7013, .T. ) ;
#5165 = ORIENTED_EDGE ( 'NONE', *, *, #534, .T. ) ;
#5166 = EDGE_CURVE ( 'NONE', #4081, #1665, #5903, .T. ) ;
#5167 = ORIENTED_EDGE ( 'NONE', *, *, #7668, .F. ) ;
#5168 = CYLINDRICAL_SURFACE ( 'NONE', #8344, 0.01000000000000000021 ) ;
#5169 = VECTOR ( 'NONE', #2507, 39.37007874015748143 ) ;
#5170 = CARTESIAN_POINT ( 'NONE',  ( 0.000000000000000000, 0.03500000000000000333, 0.000000000000000000 ) ) ;
#5171 = CARTESIAN_POINT ( 'NONE',  ( -0.2625000000000000111, 0.2049999999999999878, -0.06499999999999998834 ) ) ;
#5172 = EDGE_CURVE ( 'NONE', #6368, #3123, #1875, .T. ) ;
#5173 = VECTOR ( 'NONE', #6531, 39.37007874015748143 ) ;
#5174 = VECTOR ( 'NONE', #427, 39.37007874015748143 ) ;
#5175 = LINE ( 'NONE', #1779, #6429 ) ;
#5176 = VERTEX_POINT ( 'NONE', #4599 ) ;
#5177 = ORIENTED_EDGE ( 'NONE', *, *, #5207, .T. ) ;
#5178 = ORIENTED_EDGE ( 'NONE', *, *, #331, .T. ) ;
#5179 = DIRECTION ( 'NONE',  ( 0.000000000000000000, -1.000000000000000000, 0.000000000000000000 ) ) ;
#5180 = DIRECTION ( 'NONE',  ( 1.000000000000000000, 0.000000000000000000, -0.000000000000000000 ) ) ;
#5181 = ORIENTED_EDGE ( 'NONE', *, *, #4698, .T. ) ;
#5182 = CARTESIAN_POINT ( 'NONE',  ( 0.2625000000000000111, 0.000000000000000000, 0.000000000000000000 ) ) ;
#5183 = LINE ( 'NONE', #7907, #2588 ) ;
#5184 = CARTESIAN_POINT ( 'NONE',  ( -0.1179999999999999938, 0.02999999999999999889, 0.1874999999999999722 ) ) ;
#5185 = VERTEX_POINT ( 'NONE', #5988 ) ;
#5186 = DIRECTION ( 'NONE',  ( 0.000000000000000000, 0.000000000000000000, 1.000000000000000000 ) ) ;
#5187 = DIRECTION ( 'NONE',  ( 0.000000000000000000, 0.7071067811865470176, -0.7071067811865480168 ) ) ;
#5188 = EDGE_CURVE ( 'NONE', #2452, #598, #4296, .T. ) ;
#5189 = CARTESIAN_POINT ( 'NONE',  ( -0.1474999999999999922, 0.08985714285714289928, -0.1124999999999999889 ) ) ;
#5190 = LINE ( 'NONE', #4649, #2378 ) ;
#5191 = ORIENTED_EDGE ( 'NONE', *, *, #8757, .F. ) ;
#5192 = DIRECTION ( 'NONE',  ( 0.000000000000000000, 0.4961389383568332034, -0.8682431421244592995 ) ) ;
#5193 = DIRECTION ( 'NONE',  ( 0.000000000000000000, -1.000000000000000000, 0.000000000000000000 ) ) ;
#5194 = CARTESIAN_POINT ( 'NONE',  ( 0.2500000000000000000, -0.05999999999999999778, -0.02000000000000000042 ) ) ;
#5195 = ORIENTED_EDGE ( 'NONE', *, *, #8471, .T. ) ;
#5196 = ADVANCED_FACE ( 'NONE', ( #5224 ), #391, .T. ) ;
#5197 = LINE ( 'NONE', #580, #356 ) ;
#5198 = VERTEX_POINT ( 'NONE', #7324 ) ;
#5199 = DIRECTION ( 'NONE',  ( -1.000000000000000000, 0.000000000000000000, 0.000000000000000000 ) ) ;
#5200 = CARTESIAN_POINT ( 'NONE',  ( 0.2249999999999999778, 0.2550000000000000044, -0.03400000000000000244 ) ) ;
#5201 = CARTESIAN_POINT ( 'NONE',  ( 0.1179999999999999938, -0.06500000000000000222, 0.1874999999999999722 ) ) ;
#5202 = ADVANCED_FACE ( 'NONE', ( #6612 ), #2591, .T. ) ;
#5203 = EDGE_LOOP ( 'NONE', ( #6802, #8825, #357, #2139 ) ) ;
#5204 = ORIENTED_EDGE ( 'NONE', *, *, #2505, .T. ) ;
#5205 = ORIENTED_EDGE ( 'NONE', *, *, #2328, .T. ) ;
#5206 = DIRECTION ( 'NONE',  ( -1.000000000000000000, 0.000000000000000000, -0.000000000000000000 ) ) ;
#5207 = EDGE_CURVE ( 'NONE', #5452, #7570, #7952, .T. ) ;
#5208 = VECTOR ( 'NONE', #8685, 39.37007874015748143 ) ;
#5209 = DIRECTION ( 'NONE',  ( -0.5773502691896247319, -0.5773502691896260641, -0.5773502691896263972 ) ) ;
#5210 = DIRECTION ( 'NONE',  ( 0.000000000000000000, 0.000000000000000000, -1.000000000000000000 ) ) ;
#5211 = VECTOR ( 'NONE', #6876, 39.37007874015748143 ) ;
#5212 = ORIENTED_EDGE ( 'NONE', *, *, #3188, .T. ) ;
#5213 = AXIS2_PLACEMENT_3D ( 'NONE', #2968, #188, #322 ) ;
#5214 = FACE_OUTER_BOUND ( 'NONE', #2672, .T. ) ;
#5215 = ORIENTED_EDGE ( 'NONE', *, *, #4724, .F. ) ;
#5216 = ORIENTED_EDGE ( 'NONE', *, *, #5288, .F. ) ;
#5217 = CIRCLE ( 'NONE', #8357, 0.01000000000000000021 ) ;
#5218 = CARTESIAN_POINT ( 'NONE',  ( -0.3125000000000000000, 0.2049999999999999878, 0.03749999999999999167 ) ) ;
#5219 = ORIENTED_EDGE ( 'NONE', *, *, #5172, .F. ) ;
#5220 = CARTESIAN_POINT ( 'NONE',  ( 0.2500000000000000000, 0.02999999999999999889, 0.03000000000000009950 ) ) ;
#5221 = CARTESIAN_POINT ( 'NONE',  ( 0.06800000000000000488, 0.02999999999999999889, -0.05000000000000000278 ) ) ;
#5222 = ORIENTED_EDGE ( 'NONE', *, *, #607, .T. ) ;
#5223 = CARTESIAN_POINT ( 'NONE',  ( 0.2179999999999999993, 0.03000000000000000583, 0.03000000000000000930 ) ) ;
#5224 = FACE_OUTER_BOUND ( 'NONE', #650, .T. ) ;
#5225 = AXIS2_PLACEMENT_3D ( 'NONE', #7960, #1843, #8671 ) ;
#5226 = VECTOR ( 'NONE', #8117, 39.37007874015748143 ) ;
#5227 = DIRECTION ( 'NONE',  ( -1.000000000000000000, 0.000000000000000000, 0.000000000000000000 ) ) ;
#5228 = ORIENTED_EDGE ( 'NONE', *, *, #8086, .F. ) ;
#5229 = FACE_OUTER_BOUND ( 'NONE', #1133, .T. ) ;
#5230 = VECTOR ( 'NONE', #5180, 39.37007874015748143 ) ;
#5231 = FACE_OUTER_BOUND ( 'NONE', #1766, .T. ) ;
#5232 = EDGE_LOOP ( 'NONE', ( #1083, #2269, #8081, #3935 ) ) ;
#5233 = CARTESIAN_POINT ( 'NONE',  ( -0.08200000000000004508, -0.01000000000000000021, 0.02999999999999999195 ) ) ;
#5234 = FACE_OUTER_BOUND ( 'NONE', #3368, .T. ) ;
#5235 = AXIS2_PLACEMENT_3D ( 'NONE', #5656, #4177, #6315 ) ;
#5236 = ORIENTED_EDGE ( 'NONE', *, *, #1385, .F. ) ;
#5237 = CARTESIAN_POINT ( 'NONE',  ( -0.1319999999999999785, -0.01000000000000000021, 0.03500000000000000333 ) ) ;
#5238 = AXIS2_PLACEMENT_3D ( 'NONE', #2679, #3970, #695 ) ;
#5239 = EDGE_CURVE ( 'NONE', #6473, #3256, #5312, .T. ) ;
#5240 = FACE_OUTER_BOUND ( 'NONE', #1201, .T. ) ;
#5241 = PLANE ( 'NONE',  #8295 ) ;
#5242 = ORIENTED_EDGE ( 'NONE', *, *, #891, .T. ) ;
#5243 = VECTOR ( 'NONE', #5600, 39.37007874015748143 ) ;
#5244 = CARTESIAN_POINT ( 'NONE',  ( 0.2500000000000000000, 0.02999999999999999889, -0.02999999999999999889 ) ) ;
#5245 = VERTEX_POINT ( 'NONE', #3843 ) ;
#5246 = CARTESIAN_POINT ( 'NONE',  ( 0.1680000000000000382, -0.07499999999999999722, -0.02000000000000000042 ) ) ;
#5247 = DIRECTION ( 'NONE',  ( 0.000000000000000000, 0.000000000000000000, 1.000000000000000000 ) ) ;
#5248 = EDGE_CURVE ( 'NONE', #3968, #5849, #5266, .T. ) ;
#5249 = EDGE_LOOP ( 'NONE', ( #6273, #8095, #3037, #1748 ) ) ;
#5250 = ORIENTED_EDGE ( 'NONE', *, *, #7701, .T. ) ;
#5251 = CARTESIAN_POINT ( 'NONE',  ( 0.1320000000000000062, 0.02999999999999999889, -0.02999999999999999889 ) ) ;
#5252 = CARTESIAN_POINT ( 'NONE',  ( -0.03200000000000000067, -0.1000000000000000056, 0.1874999999999999722 ) ) ;
#5253 = DIRECTION ( 'NONE',  ( -0.000000000000000000, -1.000000000000000000, 0.000000000000000000 ) ) ;
#5254 = EDGE_CURVE ( 'NONE', #5658, #3434, #347, .T. ) ;
#5255 = VERTEX_POINT ( 'NONE', #1917 ) ;
#5256 = DIRECTION ( 'NONE',  ( -1.000000000000000000, 0.000000000000000000, -0.000000000000000000 ) ) ;
#5257 = ORIENTED_EDGE ( 'NONE', *, *, #1142, .T. ) ;
#5258 = ORIENTED_EDGE ( 'NONE', *, *, #7543, .T. ) ;
#5259 = DIRECTION ( 'NONE',  ( 0.000000000000000000, 0.000000000000000000, -1.000000000000000000 ) ) ;
#5260 = ADVANCED_FACE ( 'NONE', ( #7144 ), #1027, .T. ) ;
#5261 = ORIENTED_EDGE ( 'NONE', *, *, #3192, .F. ) ;
#5262 = DIRECTION ( 'NONE',  ( 0.000000000000000000, 0.000000000000000000, -1.000000000000000000 ) ) ;
#5263 = DIRECTION ( 'NONE',  ( -0.000000000000000000, -0.000000000000000000, -1.000000000000000000 ) ) ;
#5264 = ORIENTED_EDGE ( 'NONE', *, *, #7662, .T. ) ;
#5265 = FACE_OUTER_BOUND ( 'NONE', #4409, .T. ) ;
#5266 = LINE ( 'NONE', #7991, #1725 ) ;
#5267 = CARTESIAN_POINT ( 'NONE',  ( -0.06800000000000000488, -0.01499999999999999944, 0.1874999999999999722 ) ) ;
#5268 = VERTEX_POINT ( 'NONE', #3173 ) ;
#5269 = CARTESIAN_POINT ( 'NONE',  ( 0.2500000000000000000, -0.06500000000000000222, 0.1874999999999999722 ) ) ;
#5270 = EDGE_LOOP ( 'NONE', ( #6890, #7618, #4318, #767 ) ) ;
#5271 = DIRECTION ( 'NONE',  ( 0.000000000000000000, 1.000000000000000000, 0.000000000000000000 ) ) ;
#5272 = EDGE_CURVE ( 'NONE', #5813, #5438, #5871, .T. ) ;
#5273 = EDGE_LOOP ( 'NONE', ( #8089, #4712, #1903, #6858 ) ) ;
#5274 = LINE ( 'NONE', #3136, #4946 ) ;
#5275 = PLANE ( 'NONE',  #5225 ) ;
#5276 = ORIENTED_EDGE ( 'NONE', *, *, #1653, .F. ) ;
#5277 = FACE_OUTER_BOUND ( 'NONE', #4899, .T. ) ;
#5278 = VECTOR ( 'NONE', #5209, 39.37007874015748854 ) ;
#5279 = CARTESIAN_POINT ( 'NONE',  ( -0.06800000000000000488, -0.06500000000000000222, -0.02000000000000000042 ) ) ;
#5280 = PLANE ( 'NONE',  #871 ) ;
#5281 = ORIENTED_EDGE ( 'NONE', *, *, #5925, .T. ) ;
#5282 = LINE ( 'NONE', #1181, #4503 ) ;
#5283 = ORIENTED_EDGE ( 'NONE', *, *, #507, .T. ) ;
#5284 = CARTESIAN_POINT ( 'NONE',  ( 0.2500000000000000000, -0.06500000000000000222, -0.02999999999999999889 ) ) ;
#5285 = VECTOR ( 'NONE', #2214, 39.37007874015748143 ) ;
#5286 = CARTESIAN_POINT ( 'NONE',  ( 0.2500000000000000000, 0.02999999999999999889, 0.02000000000000010103 ) ) ;
#5287 = VERTEX_POINT ( 'NONE', #8531 ) ;
#5288 = EDGE_CURVE ( 'NONE', #7679, #1040, #8662, .T. ) ;
#5289 = AXIS2_PLACEMENT_3D ( 'NONE', #3033, #1736, #1554 ) ;
#5290 = AXIS2_PLACEMENT_3D ( 'NONE', #6194, #4809, #8833 ) ;
#5291 = VERTEX_POINT ( 'NONE', #1744 ) ;
#5292 = LINE ( 'NONE', #3957, #5492 ) ;
#5293 = ADVANCED_FACE ( 'NONE', ( #7190 ), #1073, .T. ) ;
#5294 = VECTOR ( 'NONE', #5085, 39.37007874015748143 ) ;
#5295 = CARTESIAN_POINT ( 'NONE',  ( 0.000000000000000000, 0.000000000000000000, 0.000000000000000000 ) ) ;
#5296 = VECTOR ( 'NONE', #7466, 39.37007874015748143 ) ;
#5297 = DIRECTION ( 'NONE',  ( 0.000000000000000000, -0.000000000000000000, 1.000000000000000000 ) ) ;
#5298 = ORIENTED_EDGE ( 'NONE', *, *, #5150, .T. ) ;
#5299 = VECTOR ( 'NONE', #5256, 39.37007874015748143 ) ;
#5300 = LINE ( 'NONE', #6019, #6144 ) ;
#5301 = EDGE_LOOP ( 'NONE', ( #2480, #6875, #3577, #1500 ) ) ;
#5302 = PLANE ( 'NONE',  #3681 ) ;
#5303 =( CONVERSION_BASED_UNIT ( 'INCH', #3258 ) LENGTH_UNIT ( ) NAMED_UNIT ( #145 ) );
#5304 = ORIENTED_EDGE ( 'NONE', *, *, #3854, .F. ) ;
#5305 = EDGE_CURVE ( 'NONE', #5604, #5480, #1160, .T. ) ;
#5306 = CARTESIAN_POINT ( 'NONE',  ( 0.06800000000000000488, -0.06500000000000000222, -0.01499999999999995608 ) ) ;
#5307 = EDGE_LOOP ( 'NONE', ( #8469, #1780 ) ) ;
#5308 = CARTESIAN_POINT ( 'NONE',  ( -0.2625000000000001221, 0.05999999999999999778, 0.1124999999999999889 ) ) ;
#5309 = VERTEX_POINT ( 'NONE', #2461 ) ;
#5310 = LINE ( 'NONE', #697, #1001 ) ;
#5311 = VECTOR ( 'NONE', #5360, 39.37007874015748143 ) ;
#5312 = LINE ( 'NONE', #2554, #6715 ) ;
#5313 = AXIS2_PLACEMENT_3D ( 'NONE', #8042, #3933, #3976 ) ;
#5314 = STYLED_ITEM ( 'NONE', ( #6065 ), #2939 ) ;
#5315 = EDGE_CURVE ( 'NONE', #4248, #2658, #5183, .T. ) ;
#5316 = DIRECTION ( 'NONE',  ( 1.000000000000000000, 0.000000000000000000, -0.000000000000000000 ) ) ;
#5317 = ORIENTED_EDGE ( 'NONE', *, *, #1267, .F. ) ;
#5318 = DIRECTION ( 'NONE',  ( 0.000000000000000000, -1.000000000000000000, 0.000000000000000000 ) ) ;
#5319 = DIRECTION ( 'NONE',  ( 0.000000000000000000, 1.000000000000000000, 0.000000000000000000 ) ) ;
#5320 = VERTEX_POINT ( 'NONE', #7279 ) ;
#5321 = CARTESIAN_POINT ( 'NONE',  ( 0.2625000000000000111, 8.537024980200819476E-18, 0.000000000000000000 ) ) ;
#5322 = CARTESIAN_POINT ( 'NONE',  ( 0.1250000000000000000, 0.2550000000000000044, 0.02500000000000000139 ) ) ;
#5323 = ORIENTED_EDGE ( 'NONE', *, *, #3732, .F. ) ;
#5324 = FACE_OUTER_BOUND ( 'NONE', #7905, .T. ) ;
#5325 = EDGE_CURVE ( 'NONE', #738, #6331, #2725, .T. ) ;
#5326 = EDGE_CURVE ( 'NONE', #4490, #6331, #3303, .T. ) ;
#5327 = DIRECTION ( 'NONE',  ( 0.000000000000000000, 1.000000000000000000, 0.000000000000000000 ) ) ;
#5328 = FACE_OUTER_BOUND ( 'NONE', #5141, .T. ) ;
#5329 = ORIENTED_EDGE ( 'NONE', *, *, #983, .F. ) ;
#5330 = DIRECTION ( 'NONE',  ( -1.000000000000000000, 0.000000000000000000, 0.000000000000000000 ) ) ;
#5331 = ORIENTED_EDGE ( 'NONE', *, *, #3225, .T. ) ;
#5332 = CARTESIAN_POINT ( 'NONE',  ( 0.2179999999999999993, 0.02999999999999999889, -0.05000000000000000278 ) ) ;
#5333 = LINE ( 'NONE', #8059, #7147 ) ;
#5334 = VERTEX_POINT ( 'NONE', #3390 ) ;
#5335 = LINE ( 'NONE', #3157, #7621 ) ;
#5336 = VECTOR ( 'NONE', #7114, 39.37007874015748143 ) ;
#5337 = DIRECTION ( 'NONE',  ( 0.000000000000000000, 1.000000000000000000, 0.000000000000000000 ) ) ;
#5338 = CARTESIAN_POINT ( 'NONE',  ( -0.2625000000000000111, 0.05650000000000000161, 0.06500000000000000222 ) ) ;
#5339 = EDGE_CURVE ( 'NONE', #1182, #2366, #1251, .T. ) ;
#5340 = VECTOR ( 'NONE', #5192, 39.37007874015748854 ) ;
#5341 = ORIENTED_EDGE ( 'NONE', *, *, #1151, .F. ) ;
#5342 = DIRECTION ( 'NONE',  ( 0.000000000000000000, 1.000000000000000000, 0.000000000000000000 ) ) ;
#5343 = VERTEX_POINT ( 'NONE', #3481 ) ;
#5344 = VECTOR ( 'NONE', #1460, 39.37007874015748143 ) ;
#5345 = CARTESIAN_POINT ( 'NONE',  ( 0.2500000000000000000, -0.06500000000000000222, 0.1874999999999999722 ) ) ;
#5346 =( NAMED_UNIT ( * ) SI_UNIT ( $, .STERADIAN. ) SOLID_ANGLE_UNIT ( ) );
#5347 = ORIENTED_EDGE ( 'NONE', *, *, #1444, .F. ) ;
#5348 = CARTESIAN_POINT ( 'NONE',  ( -0.1250000000000000000, 0.1905000000000000027, 0.02500000000000000139 ) ) ;
#5349 = DIRECTION ( 'NONE',  ( 0.000000000000000000, 0.000000000000000000, -1.000000000000000000 ) ) ;
#5350 = ORIENTED_EDGE ( 'NONE', *, *, #6587, .F. ) ;
#5351 = DIRECTION ( 'NONE',  ( -0.000000000000000000, 0.000000000000000000, -1.000000000000000000 ) ) ;
#5352 = DIRECTION ( 'NONE',  ( -1.000000000000000000, 0.000000000000000000, 0.000000000000000000 ) ) ;
#5353 = AXIS2_PLACEMENT_3D ( 'NONE', #7077, #3106, #4310 ) ;
#5354 = EDGE_CURVE ( 'NONE', #4041, #1456, #5445, .T. ) ;
#5355 = AXIS2_PLACEMENT_3D ( 'NONE', #2423, #4958, #7864 ) ;
#5356 = DIRECTION ( 'NONE',  ( -1.000000000000000000, -0.000000000000000000, 0.000000000000000000 ) ) ;
#5357 = ORIENTED_EDGE ( 'NONE', *, *, #3061, .T. ) ;
#5358 = VECTOR ( 'NONE', #2481, 39.37007874015748143 ) ;
#5359 = LINE ( 'NONE', #5269, #6727 ) ;
#5360 = DIRECTION ( 'NONE',  ( -0.000000000000000000, -1.000000000000000000, -0.000000000000000000 ) ) ;
#5361 = ORIENTED_EDGE ( 'NONE', *, *, #4398, .T. ) ;
#5362 = CARTESIAN_POINT ( 'NONE',  ( -0.2625000000000000111, 0.2049999999999999878, 0.06500000000000000222 ) ) ;
#5363 = VECTOR ( 'NONE', #4776, 39.37007874015748143 ) ;
#5364 = CYLINDRICAL_SURFACE ( 'NONE', #2796, 0.01000000000000000021 ) ;
#5365 = VECTOR ( 'NONE', #3487, 39.37007874015748143 ) ;
#5366 = ORIENTED_EDGE ( 'NONE', *, *, #1301, .F. ) ;
#5367 = LINE ( 'NONE', #3316, #7505 ) ;
#5368 = EDGE_CURVE ( 'NONE', #2572, #3426, #7540, .T. ) ;
#5369 = VECTOR ( 'NONE', #6510, 39.37007874015748143 ) ;
#5370 = VECTOR ( 'NONE', #7857, 39.37007874015748143 ) ;
#5371 = LINE ( 'NONE', #6709, #93 ) ;
#5372 = EDGE_CURVE ( 'NONE', #6729, #3185, #1872, .T. ) ;
#5373 = DIRECTION ( 'NONE',  ( 0.000000000000000000, -1.000000000000000000, 0.000000000000000000 ) ) ;
#5374 = AXIS2_PLACEMENT_3D ( 'NONE', #1814, #5749, #4539 ) ;
#5375 = CARTESIAN_POINT ( 'NONE',  ( -0.2625000000000000111, 0.2049999999999999878, -0.06500000000000000222 ) ) ;
#5376 = DIRECTION ( 'NONE',  ( -0.000000000000000000, -1.000000000000000000, -0.000000000000000000 ) ) ;
#5377 = ORIENTED_EDGE ( 'NONE', *, *, #7037, .T. ) ;
#5378 = DIRECTION ( 'NONE',  ( 0.000000000000000000, 0.000000000000000000, -1.000000000000000000 ) ) ;
#5379 = ADVANCED_FACE ( 'NONE', ( #5402 ), #8217, .T. ) ;
#5380 = VECTOR ( 'NONE', #6255, 39.37007874015748143 ) ;
#5381 = DIRECTION ( 'NONE',  ( 0.000000000000000000, -1.000000000000000000, 0.000000000000000000 ) ) ;
#5382 = EDGE_CURVE ( 'NONE', #3912, #4081, #2009, .T. ) ;
#5383 = ORIENTED_EDGE ( 'NONE', *, *, #4505, .T. ) ;
#5384 = CARTESIAN_POINT ( 'NONE',  ( 0.2500000000000000000, 0.02999999999999999889, 0.03000000000000009950 ) ) ;
#5385 = ORIENTED_EDGE ( 'NONE', *, *, #4920, .F. ) ;
#5386 = DIRECTION ( 'NONE',  ( 0.000000000000000000, 1.000000000000000000, 0.000000000000000000 ) ) ;
#5387 = EDGE_CURVE ( 'NONE', #6312, #4255, #560, .T. ) ;
#5388 = CARTESIAN_POINT ( 'NONE',  ( -0.1319999999999999785, -0.05999999999999999778, -0.01999999999999999695 ) ) ;
#5389 = DIRECTION ( 'NONE',  ( -1.000000000000000000, 0.000000000000000000, 0.000000000000000000 ) ) ;
#5390 = CIRCLE ( 'NONE', #5532, 0.008999999999999999320 ) ;
#5391 = VERTEX_POINT ( 'NONE', #8172 ) ;
#5392 = EDGE_LOOP ( 'NONE', ( #3265, #8132, #8137, #8064, #5013, #109, #8677, #3472 ) ) ;
#5393 = CARTESIAN_POINT ( 'NONE',  ( 0.2500000000000000000, -0.01499999999999999944, 0.03500000000000000333 ) ) ;
#5394 = VERTEX_POINT ( 'NONE', #4144 ) ;
#5395 = LINE ( 'NONE', #8121, #5830 ) ;
#5396 = SHAPE_DEFINITION_REPRESENTATION ( #4986, #7459 ) ;
#5397 = ORIENTED_EDGE ( 'NONE', *, *, #1714, .T. ) ;
#5398 = CARTESIAN_POINT ( 'NONE',  ( 0.1819999999999999951, -0.02500000000000000139, 0.02999999999999999889 ) ) ;
#5399 = CARTESIAN_POINT ( 'NONE',  ( 0.1749999999999999889, 0.03500000000000000333, 0.02500000000000000139 ) ) ;
#5400 = PLANE ( 'NONE',  #8557 ) ;
#5401 = EDGE_CURVE ( 'NONE', #3185, #645, #6029, .T. ) ;
#5402 = FACE_OUTER_BOUND ( 'NONE', #3861, .T. ) ;
#5403 = EDGE_CURVE ( 'NONE', #645, #2189, #3726, .T. ) ;
#5404 = DIRECTION ( 'NONE',  ( -1.000000000000000000, 0.000000000000000000, 0.000000000000000000 ) ) ;
#5405 = ORIENTED_EDGE ( 'NONE', *, *, #7831, .F. ) ;
#5406 = DIRECTION ( 'NONE',  ( 0.000000000000000000, 0.000000000000000000, 1.000000000000000000 ) ) ;
#5407 = FACE_OUTER_BOUND ( 'NONE', #2816, .T. ) ;
#5408 = VERTEX_POINT ( 'NONE', #4766 ) ;
#5409 = CARTESIAN_POINT ( 'NONE',  ( 0.002499999999999889030, 0.03285714285714289029, -0.06500000000000000222 ) ) ;
#5410 = DIRECTION ( 'NONE',  ( 0.000000000000000000, 0.000000000000000000, -1.000000000000000000 ) ) ;
#5411 = ORIENTED_EDGE ( 'NONE', *, *, #1444, .T. ) ;
#5412 = CARTESIAN_POINT ( 'NONE',  ( -0.03199999999999999373, -0.01499999999999999771, 0.02000000000000004552 ) ) ;
#5413 = EDGE_CURVE ( 'NONE', #611, #3981, #6864, .T. ) ;
#5414 = LINE ( 'NONE', #8675, #3503 ) ;
#5415 = CARTESIAN_POINT ( 'NONE',  ( 0.2500000000000000000, -0.05999999999999999778, -0.02000000000000000042 ) ) ;
#5416 = FACE_OUTER_BOUND ( 'NONE', #4023, .T. ) ;
#5417 = LINE ( 'NONE', #2699, #8631 ) ;
#5418 = ORIENTED_EDGE ( 'NONE', *, *, #8191, .T. ) ;
#5419 = FACE_OUTER_BOUND ( 'NONE', #6870, .T. ) ;
#5420 = ADVANCED_FACE ( 'NONE', ( #655 ), #1291, .T. ) ;
#5421 = CYLINDRICAL_SURFACE ( 'NONE', #6139, 0.008999999999999999320 ) ;
#5422 = EDGE_CURVE ( 'NONE', #8291, #5716, #4012, .T. ) ;
#5423 = AXIS2_PLACEMENT_3D ( 'NONE', #5669, #833, #1636 ) ;
#5424 = EDGE_CURVE ( 'NONE', #2742, #4705, #3433, .T. ) ;
#5425 = ORIENTED_EDGE ( 'NONE', *, *, #5785, .T. ) ;
#5426 = VECTOR ( 'NONE', #1239, 39.37007874015748143 ) ;
#5427 = CARTESIAN_POINT ( 'NONE',  ( 0.2625000000000000111, 0.2049999999999999878, -0.06500000000000000222 ) ) ;
#5428 = CARTESIAN_POINT ( 'NONE',  ( 0.03199999999999999373, 0.000000000000000000, 0.1874999999999999722 ) ) ;
#5429 = ADVANCED_FACE ( 'NONE', ( #8259 ), #7371, .F. ) ;
#5430 = CYLINDRICAL_SURFACE ( 'NONE', #7511, 0.004999999999999997502 ) ;
#5431 = VECTOR ( 'NONE', #2501, 39.37007874015748143 ) ;
#5432 = ORIENTED_EDGE ( 'NONE', *, *, #1816, .T. ) ;
#5433 = CARTESIAN_POINT ( 'NONE',  ( 0.1179999999999999938, -0.1000000000000000056, -0.01999999999999999001 ) ) ;
#5434 = EDGE_LOOP ( 'NONE', ( #4799, #7185, #577, #868 ) ) ;
#5435 = CARTESIAN_POINT ( 'NONE',  ( 0.2500000000000000000, -0.02500000000000000139, 0.02999999999999999889 ) ) ;
#5436 = CIRCLE ( 'NONE', #4849, 0.005000000000000021788 ) ;
#5437 =( NAMED_UNIT ( * ) PLANE_ANGLE_UNIT ( ) SI_UNIT ( $, .RADIAN. ) );
#5438 = VERTEX_POINT ( 'NONE', #6068 ) ;
#5439 = PLANE ( 'NONE',  #745 ) ;
#5440 = ORIENTED_EDGE ( 'NONE', *, *, #458, .T. ) ;
#5441 = AXIS2_PLACEMENT_3D ( 'NONE', #2730, #2108, #8046 ) ;
#5442 = DIRECTION ( 'NONE',  ( 0.000000000000000000, -1.000000000000000000, 0.000000000000000000 ) ) ;
#5443 = ORIENTED_EDGE ( 'NONE', *, *, #1545, .T. ) ;
#5444 = FACE_OUTER_BOUND ( 'NONE', #6958, .T. ) ;
#5445 = LINE ( 'NONE', #6109, #719 ) ;
#5446 = VECTOR ( 'NONE', #361, 39.37007874015748143 ) ;
#5447 = CARTESIAN_POINT ( 'NONE',  ( 0.1320000000000000062, -0.06500000000000000222, -0.02000000000000000042 ) ) ;
#5448 = ORIENTED_EDGE ( 'NONE', *, *, #6947, .T. ) ;
#5449 = DIRECTION ( 'NONE',  ( 0.000000000000000000, 0.000000000000000000, 1.000000000000000000 ) ) ;
#5450 = ORIENTED_EDGE ( 'NONE', *, *, #7292, .F. ) ;
#5451 = CARTESIAN_POINT ( 'NONE',  ( 0.2500000000000000000, -0.01499999999999999944, 0.02999999999999999889 ) ) ;
#5452 = VERTEX_POINT ( 'NONE', #8084 ) ;
#5453 = LINE ( 'NONE', #8134, #6442 ) ;
#5454 = DIRECTION ( 'NONE',  ( 0.000000000000000000, 0.000000000000000000, 1.000000000000000000 ) ) ;
#5456 = ORIENTED_EDGE ( 'NONE', *, *, #1119, .F. ) ;
#5455 = VECTOR ( 'NONE', #758, 39.37007874015748143 ) ;
#5457 = DIRECTION ( 'NONE',  ( -0.000000000000000000, -1.000000000000000000, -0.000000000000000000 ) ) ;
#5458 = VECTOR ( 'NONE', #8043, 39.37007874015748143 ) ;
#5459 = CARTESIAN_POINT ( 'NONE',  ( 0.06800000000000000488, -0.01499999999999999424, 0.1874999999999999722 ) ) ;
#5460 = EDGE_CURVE ( 'NONE', #912, #2572, #4684, .T. ) ;
#5461 = CARTESIAN_POINT ( 'NONE',  ( -0.06800000000000000488, -0.06500000000000000222, 0.1874999999999999722 ) ) ;
#5462 = AXIS2_PLACEMENT_3D ( 'NONE', #27, #4761, #3260 ) ;
#5463 = LINE ( 'NONE', #8189, #1035 ) ;
#5464 = DIRECTION ( 'NONE',  ( 0.000000000000000000, 0.000000000000000000, 1.000000000000000000 ) ) ;
#5465 = CARTESIAN_POINT ( 'NONE',  ( -0.08200000000000000344, -0.1000000000000000056, -0.01999999999999999001 ) ) ;
#5466 = ORIENTED_EDGE ( 'NONE', *, *, #5845, .T. ) ;
#5467 = DIRECTION ( 'NONE',  ( -0.000000000000000000, 0.000000000000000000, -1.000000000000000000 ) ) ;
#5468 = AXIS2_PLACEMENT_3D ( 'NONE', #3835, #7946, #425 ) ;
#5469 = EDGE_CURVE ( 'NONE', #595, #4705, #3611, .T. ) ;
#5470 = ORIENTED_EDGE ( 'NONE', *, *, #8832, .F. ) ;
#5471 = CARTESIAN_POINT ( 'NONE',  ( 0.1179999999999999938, -0.07499999999999999722, 0.1874999999999999722 ) ) ;
#5472 = DIRECTION ( 'NONE',  ( -0.000000000000000000, -0.000000000000000000, -1.000000000000000000 ) ) ;
#5473 = EDGE_CURVE ( 'NONE', #4097, #6082, #972, .T. ) ;
#5474 = DIRECTION ( 'NONE',  ( -0.000000000000000000, 1.000000000000000000, 0.000000000000000000 ) ) ;
#5475 = AXIS2_PLACEMENT_3D ( 'NONE', #1070, #7951, #4598 ) ;
#5476 = VERTEX_POINT ( 'NONE', #6282 ) ;
#5477 = VERTEX_POINT ( 'NONE', #8343 ) ;
#5478 = DIRECTION ( 'NONE',  ( 0.000000000000000000, 5.021779400118129539E-17, -1.000000000000000000 ) ) ;
#5479 = ADVANCED_FACE ( 'NONE', ( #878 ), #7044, .T. ) ;
#5480 = VERTEX_POINT ( 'NONE', #1552 ) ;
#5481 = CARTESIAN_POINT ( 'NONE',  ( -0.1474999999999999922, 0.05650000000000000161, -0.06500000000000000222 ) ) ;
#5482 =( CONVERSION_BASED_UNIT ( 'INCH', #3384 ) LENGTH_UNIT ( ) NAMED_UNIT ( #1533 ) );
#5483 = ORIENTED_EDGE ( 'NONE', *, *, #1966, .F. ) ;
#5484 = DIRECTION ( 'NONE',  ( 0.000000000000000000, 1.000000000000000000, 0.000000000000000000 ) ) ;
#5485 = ORIENTED_EDGE ( 'NONE', *, *, #8487, .T. ) ;
#5486 = DIRECTION ( 'NONE',  ( 0.000000000000000000, -1.000000000000000000, 0.000000000000000000 ) ) ;
#5487 = ORIENTED_EDGE ( 'NONE', *, *, #5126, .T. ) ;
#5488 = LINE ( 'NONE', #2095, #5715 ) ;
#5489 = EDGE_CURVE ( 'NONE', #4714, #4727, #1467, .T. ) ;
#5490 = DIRECTION ( 'NONE',  ( 1.000000000000000000, 0.000000000000000000, -0.000000000000000000 ) ) ;
#5491 = ADVANCED_FACE ( 'NONE', ( #6957 ), #2138, .T. ) ;
#5492 = VECTOR ( 'NONE', #8729, 39.37007874015748143 ) ;
#5493 = DIRECTION ( 'NONE',  ( 0.000000000000000000, 1.707404996040157067E-15, 1.000000000000000000 ) ) ;
#5494 = EDGE_LOOP ( 'NONE', ( #2260, #4363, #5778, #8669 ) ) ;
#5495 = CARTESIAN_POINT ( 'NONE',  ( -0.3125000000000000000, 0.3160000000000000031, 0.03749999999999999861 ) ) ;
#5496 = ORIENTED_EDGE ( 'NONE', *, *, #2322, .T. ) ;
#5497 = LINE ( 'NONE', #5362, #3160 ) ;
#5498 = FACE_OUTER_BOUND ( 'NONE', #5706, .T. ) ;
#5499 = ORIENTED_EDGE ( 'NONE', *, *, #1687, .T. ) ;
#5500 = CARTESIAN_POINT ( 'NONE',  ( 0.3125000000000000000, 0.2200000000000000011, 0.03749999999999999167 ) ) ;
#5501 = VECTOR ( 'NONE', #1625, 39.37007874015748143 ) ;
#5502 = AXIS2_PLACEMENT_3D ( 'NONE', #1700, #262, #8447 ) ;
#5503 = AXIS2_PLACEMENT_3D ( 'NONE', #1134, #2526, #4536 ) ;
#5504 = CARTESIAN_POINT ( 'NONE',  ( 0.2500000000000000000, -0.01499999999999999944, 0.1874999999999999722 ) ) ;
#5505 = AXIS2_PLACEMENT_3D ( 'NONE', #5237, #1845, #7291 ) ;
#5506 = LINE ( 'NONE', #757, #8588 ) ;
#5507 = VECTOR ( 'NONE', #2917, 39.37007874015748143 ) ;
#5508 = LINE ( 'NONE', #1530, #5607 ) ;
#5509 = CARTESIAN_POINT ( 'NONE',  ( 0.2500000000000000000, -0.01499999999999999944, 0.02999999999999999889 ) ) ;
#5510 = DIRECTION ( 'NONE',  ( 0.000000000000000000, -1.000000000000000000, 0.000000000000000000 ) ) ;
#5511 = AXIS2_PLACEMENT_3D ( 'NONE', #333, #3072, #3830 ) ;
#5512 = ORIENTED_EDGE ( 'NONE', *, *, #3225, .F. ) ;
#5513 = DIRECTION ( 'NONE',  ( 0.000000000000000000, -1.000000000000000000, 0.000000000000000000 ) ) ;
#5514 = EDGE_CURVE ( 'NONE', #691, #5893, #7714, .T. ) ;
#5515 = AXIS2_PLACEMENT_3D ( 'NONE', #6382, #3533, #8483 ) ;
#5516 = ORIENTED_EDGE ( 'NONE', *, *, #8726, .F. ) ;
#5517 = AXIS2_PLACEMENT_3D ( 'NONE', #4608, #6532, #7332 ) ;
#5518 = FACE_OUTER_BOUND ( 'NONE', #4137, .T. ) ;
#5519 = CIRCLE ( 'NONE', #1669, 0.008999999999999997585 ) ;
#5520 = LINE ( 'NONE', #820, #1147 ) ;
#5521 = EDGE_CURVE ( 'NONE', #2822, #6680, #2231, .T. ) ;
#5522 = DIRECTION ( 'NONE',  ( -1.000000000000000000, 0.000000000000000000, 0.000000000000000000 ) ) ;
#5523 = VERTEX_POINT ( 'NONE', #2938 ) ;
#5524 = DIRECTION ( 'NONE',  ( -1.000000000000000000, 0.000000000000000000, -0.000000000000000000 ) ) ;
#5525 = EDGE_LOOP ( 'NONE', ( #5397, #5737, #838, #7501 ) ) ;
#5526 = DIRECTION ( 'NONE',  ( -0.000000000000000000, -0.000000000000000000, -1.000000000000000000 ) ) ;
#5527 =( NAMED_UNIT ( * ) SI_UNIT ( $, .STERADIAN. ) SOLID_ANGLE_UNIT ( ) );
#5528 = ORIENTED_EDGE ( 'NONE', *, *, #448, .T. ) ;
#5529 = FACE_OUTER_BOUND ( 'NONE', #1708, .T. ) ;
#5530 = ORIENTED_EDGE ( 'NONE', *, *, #4044, .F. ) ;
#5531 = DIRECTION ( 'NONE',  ( 0.000000000000000000, 1.000000000000000000, 0.000000000000000000 ) ) ;
#5532 = AXIS2_PLACEMENT_3D ( 'NONE', #4939, #1504, #734 ) ;
#5533 = DIRECTION ( 'NONE',  ( 0.000000000000000000, -1.000000000000000000, 0.000000000000000000 ) ) ;
#5534 = EDGE_CURVE ( 'NONE', #4560, #8419, #4327, .T. ) ;
#5535 = DIRECTION ( 'NONE',  ( 0.000000000000000000, 1.000000000000000000, 0.000000000000000000 ) ) ;
#5536 = EDGE_CURVE ( 'NONE', #3028, #414, #249, .T. ) ;
#5537 = EDGE_CURVE ( 'NONE', #6017, #4993, #787, .T. ) ;
#5538 = DIRECTION ( 'NONE',  ( -0.000000000000000000, 0.000000000000000000, 1.000000000000000000 ) ) ;
#5539 = EDGE_CURVE ( 'NONE', #7329, #4764, #7936, .T. ) ;
#5540 = ORIENTED_EDGE ( 'NONE', *, *, #8015, .T. ) ;
#5541 = VERTEX_POINT ( 'NONE', #924 ) ;
#5542 = CYLINDRICAL_SURFACE ( 'NONE', #887, 0.008999999999999999320 ) ;
#5543 = ORIENTED_EDGE ( 'NONE', *, *, #7604, .T. ) ;
#5544 = DIRECTION ( 'NONE',  ( 1.000000000000000000, 0.000000000000000000, 0.000000000000000000 ) ) ;
#5545 = CARTESIAN_POINT ( 'NONE',  ( 0.02500000000000000139, 0.03500000000000000333, 0.01600000000000000380 ) ) ;
#5546 = VERTEX_POINT ( 'NONE', #8431 ) ;
#5547 = EDGE_CURVE ( 'NONE', #7555, #8602, #2320, .T. ) ;
#5548 = CARTESIAN_POINT ( 'NONE',  ( 0.2500000000000000000, -0.01499999999999999944, 0.1874999999999999722 ) ) ;
#5549 = CARTESIAN_POINT ( 'NONE',  ( -0.2249999999999999778, 0.2550000000000000044, 0.01600000000000000380 ) ) ;
#5550 = EDGE_CURVE ( 'NONE', #5043, #6182, #939, .T. ) ;
#5551 = DIRECTION ( 'NONE',  ( 0.000000000000000000, -1.000000000000000000, 0.000000000000000000 ) ) ;
#5552 = CARTESIAN_POINT ( 'NONE',  ( 0.1250000000000000000, 0.1905000000000000027, 0.01600000000000000380 ) ) ;
#5553 = CARTESIAN_POINT ( 'NONE',  ( 0.2500000000000000000, 0.02999999999999999889, 0.02000000000000000042 ) ) ;
#5554 = ORIENTED_EDGE ( 'NONE', *, *, #4668, .F. ) ;
#5555 = CARTESIAN_POINT ( 'NONE',  ( 0.08200000000000000344, -0.06500000000000000222, -0.01499999999999995608 ) ) ;
#5556 = LINE ( 'NONE', #2160, #5930 ) ;
#5557 = ORIENTED_EDGE ( 'NONE', *, *, #7980, .F. ) ;
#5558 = FACE_BOUND ( 'NONE', #7573, .T. ) ;
#5559 = ORIENTED_EDGE ( 'NONE', *, *, #1989, .T. ) ;
#5560 = CARTESIAN_POINT ( 'NONE',  ( 0.2179999999999999993, -0.05999999999999999778, -0.01499999999999999944 ) ) ;
#5561 = VECTOR ( 'NONE', #3070, 39.37007874015748143 ) ;
#5562 = CARTESIAN_POINT ( 'NONE',  ( -0.3125000000000000000, 0.2200000000000000011, 0.03749999999999999167 ) ) ;
#5563 = DIRECTION ( 'NONE',  ( 0.000000000000000000, -1.000000000000000000, -0.000000000000000000 ) ) ;
#5564 = EDGE_CURVE ( 'NONE', #2040, #6590, #7362, .T. ) ;
#5565 = VERTEX_POINT ( 'NONE', #8301 ) ;
#5566 = CIRCLE ( 'NONE', #1720, 0.008999999999999997585 ) ;
#5567 = VERTEX_POINT ( 'NONE', #2896 ) ;
#5568 = PLANE ( 'NONE',  #6865 ) ;
#5569 = ORIENTED_EDGE ( 'NONE', *, *, #4802, .T. ) ;
#5570 = ADVANCED_FACE ( 'NONE', ( #2983 ), #5622, .T. ) ;
#5571 = LINE ( 'NONE', #1056, #1497 ) ;
#5572 = ORIENTED_EDGE ( 'NONE', *, *, #3614, .T. ) ;
#5573 = CARTESIAN_POINT ( 'NONE',  ( -0.01799999999999998476, -0.06500000000000000222, 0.1874999999999999722 ) ) ;
#5574 = ORIENTED_EDGE ( 'NONE', *, *, #760, .F. ) ;
#5575 = VERTEX_POINT ( 'NONE', #1637 ) ;
#5576 = DIRECTION ( 'NONE',  ( -1.000000000000000000, 0.000000000000000000, -0.000000000000000000 ) ) ;
#5577 = VECTOR ( 'NONE', #5118, 39.37007874015748143 ) ;
#5578 = DIRECTION ( 'NONE',  ( 0.000000000000000000, 0.000000000000000000, 1.000000000000000000 ) ) ;
#5579 = ORIENTED_EDGE ( 'NONE', *, *, #4736, .T. ) ;
#5580 = VECTOR ( 'NONE', #5673, 39.37007874015748143 ) ;
#5581 = LINE ( 'NONE', #792, #7146 ) ;
#5582 = ORIENTED_EDGE ( 'NONE', *, *, #7528, .T. ) ;
#5583 = ADVANCED_FACE ( 'NONE', ( #4370 ), #3026, .F. ) ;
#5584 = VECTOR ( 'NONE', #2335, 39.37007874015748143 ) ;
#5585 = ORIENTED_EDGE ( 'NONE', *, *, #6747, .F. ) ;
#5586 = FACE_OUTER_BOUND ( 'NONE', #6954, .T. ) ;
#5587 = EDGE_LOOP ( 'NONE', ( #4452, #2237, #7985, #2643, #5236, #4481, #5820, #8212 ) ) ;
#5588 = DIRECTION ( 'NONE',  ( -1.000000000000000000, 0.000000000000000000, 0.000000000000000000 ) ) ;
#5589 = DIRECTION ( 'NONE',  ( 0.000000000000000000, -1.000000000000000000, 0.000000000000000000 ) ) ;
#5590 = ORIENTED_EDGE ( 'NONE', *, *, #2186, .T. ) ;
#5591 = DIRECTION ( 'NONE',  ( -1.000000000000000000, 0.000000000000000000, 0.000000000000000000 ) ) ;
#5592 = CARTESIAN_POINT ( 'NONE',  ( -0.1749999999999999889, 0.1905000000000000027, -0.02500000000000000139 ) ) ;
#5593 = AXIS2_PLACEMENT_3D ( 'NONE', #6272, #6446, #5782 ) ;
#5594 = EDGE_CURVE ( 'NONE', #4727, #6560, #7308, .T. ) ;
#5595 = CARTESIAN_POINT ( 'NONE',  ( 0.03200000000000000067, 0.02999999999999999889, 0.1874999999999999722 ) ) ;
#5596 = CYLINDRICAL_SURFACE ( 'NONE', #3101, 0.01000000000000000021 ) ;
#5597 = PLANE ( 'NONE',  #5747 ) ;
#5598 = AXIS2_PLACEMENT_3D ( 'NONE', #8837, #8178, #662 ) ;
#5599 = CARTESIAN_POINT ( 'NONE',  ( -0.2625000000000000111, 0.1239999999999999991, -0.03749999999999999861 ) ) ;
#5600 = DIRECTION ( 'NONE',  ( -0.000000000000000000, -0.000000000000000000, 1.000000000000000000 ) ) ;
#5601 = EDGE_CURVE ( 'NONE', #6288, #6964, #2234, .T. ) ;
#5602 = PLANE ( 'NONE',  #1664 ) ;
#5603 = PLANE ( 'NONE',  #8356 ) ;
#5604 = VERTEX_POINT ( 'NONE', #3741 ) ;
#5605 = CARTESIAN_POINT ( 'NONE',  ( -0.2249999999999999778, 0.03500000000000000333, 0.02500000000000000139 ) ) ;
#5606 = EDGE_CURVE ( 'NONE', #86, #6378, #5657, .T. ) ;
#5607 = VECTOR ( 'NONE', #853, 39.37007874015748143 ) ;
#5608 = VECTOR ( 'NONE', #4868, 39.37007874015748143 ) ;
#5609 = VERTEX_POINT ( 'NONE', #1733 ) ;
#5610 = CARTESIAN_POINT ( 'NONE',  ( 0.02500000000000000139, 0.2550000000000000044, -0.01600000000000000380 ) ) ;
#5611 = DIRECTION ( 'NONE',  ( 0.000000000000000000, 0.000000000000000000, -1.000000000000000000 ) ) ;
#5612 = CARTESIAN_POINT ( 'NONE',  ( 0.08200000000000000344, 0.02999999999999999889, 0.03000000000000008910 ) ) ;
#5613 = ORIENTED_EDGE ( 'NONE', *, *, #2203, .F. ) ;
#5614 = ORIENTED_EDGE ( 'NONE', *, *, #6782, .F. ) ;
#5615 = ORIENTED_EDGE ( 'NONE', *, *, #3767, .T. ) ;
#5616 = LINE ( 'NONE', #4135, #6673 ) ;
#5617 = ORIENTED_EDGE ( 'NONE', *, *, #1596, .F. ) ;
#5618 = DIRECTION ( 'NONE',  ( 0.000000000000000000, -0.000000000000000000, 1.000000000000000000 ) ) ;
#5619 = ORIENTED_EDGE ( 'NONE', *, *, #2997, .F. ) ;
#5620 = EDGE_LOOP ( 'NONE', ( #207, #165, #3421, #653 ) ) ;
#5621 = CARTESIAN_POINT ( 'NONE',  ( -0.01799999999999999517, 0.02999999999999999889, 0.03000000000000008910 ) ) ;
#5622 = CYLINDRICAL_SURFACE ( 'NONE', #1654, 0.008999999999999997585 ) ;
#5623 = EDGE_CURVE ( 'NONE', #7256, #5408, #1861, .T. ) ;
#5624 = ORIENTED_EDGE ( 'NONE', *, *, #4987, .F. ) ;
#5625 = DIRECTION ( 'NONE',  ( 0.000000000000000000, 0.7071067811865480168, 0.7071067811865470176 ) ) ;
#5626 = VERTEX_POINT ( 'NONE', #5079 ) ;
#5627 = EDGE_LOOP ( 'NONE', ( #122, #2728, #3877, #2891 ) ) ;
#5628 = DIRECTION ( 'NONE',  ( -0.7071067811865479058, -0.7071067811865469066, 0.000000000000000000 ) ) ;
#5629 = EDGE_LOOP ( 'NONE', ( #6813, #2767, #363, #5848, #2989, #4886 ) ) ;
#5630 = CARTESIAN_POINT ( 'NONE',  ( -0.2179999999999999993, 0.000000000000000000, 0.1874999999999999722 ) ) ;
#5631 = CARTESIAN_POINT ( 'NONE',  ( -0.2625000000000000111, 0.000000000000000000, -0.1124999999999999889 ) ) ;
#5632 = ORIENTED_EDGE ( 'NONE', *, *, #6724, .T. ) ;
#5633 = DIRECTION ( 'NONE',  ( 0.000000000000000000, -1.000000000000000000, 0.000000000000000000 ) ) ;
#5634 = CIRCLE ( 'NONE', #1777, 0.008999999999999999320 ) ;
#5635 = CARTESIAN_POINT ( 'NONE',  ( -0.2180000000000000271, -0.01499999999999999944, 0.02999999999999999889 ) ) ;
#5636 = EDGE_CURVE ( 'NONE', #1266, #422, #4502, .T. ) ;
#5637 = VERTEX_POINT ( 'NONE', #6463 ) ;
#5638 = DIRECTION ( 'NONE',  ( 0.000000000000000000, 0.000000000000000000, -1.000000000000000000 ) ) ;
#5639 = DIRECTION ( 'NONE',  ( -0.000000000000000000, 0.000000000000000000, -1.000000000000000000 ) ) ;
#5640 = DIRECTION ( 'NONE',  ( 0.000000000000000000, 0.000000000000000000, -1.000000000000000000 ) ) ;
#5641 = DIRECTION ( 'NONE',  ( 0.000000000000000000, 0.000000000000000000, 1.000000000000000000 ) ) ;
#5642 = ADVANCED_FACE ( 'NONE', ( #3117 ), #2451, .T. ) ;
#5643 = CARTESIAN_POINT ( 'NONE',  ( 0.03200000000000000067, 0.02999999999999999889, 0.02000000000000003164 ) ) ;
#5644 = PLANE ( 'NONE',  #7654 ) ;
#5645 = CARTESIAN_POINT ( 'NONE',  ( -0.2500000000000000000, -0.07499999999999999722, 0.1874999999999999722 ) ) ;
#5646 = AXIS2_PLACEMENT_3D ( 'NONE', #4749, #6848, #1407 ) ;
#5647 = EDGE_LOOP ( 'NONE', ( #3905, #4050, #2614, #7720 ) ) ;
#5648 = LINE ( 'NONE', #6932, #4200 ) ;
#5649 = EDGE_CURVE ( 'NONE', #6771, #139, #419, .T. ) ;
#5650 = VECTOR ( 'NONE', #8144, 39.37007874015748143 ) ;
#5651 = AXIS2_PLACEMENT_3D ( 'NONE', #130, #2022, #4737 ) ;
#5652 = VERTEX_POINT ( 'NONE', #3873 ) ;
#5653 = CARTESIAN_POINT ( 'NONE',  ( 0.1680000000000000382, -0.1000000000000000056, -0.01999999999999999001 ) ) ;
#5654 = AXIS2_PLACEMENT_3D ( 'NONE', #5777, #902, #991 ) ;
#5655 = CARTESIAN_POINT ( 'NONE',  ( -0.1680000000000000382, -0.06500000000000000222, -0.01499999999999995608 ) ) ;
#5656 = CARTESIAN_POINT ( 'NONE',  ( 0.2249999999999999778, 0.1905000000000000027, 0.02500000000000000139 ) ) ;
#5657 = CIRCLE ( 'NONE', #5940, 0.01000000000000000021 ) ;
#5658 = VERTEX_POINT ( 'NONE', #5171 ) ;
#5659 = ORIENTED_EDGE ( 'NONE', *, *, #6396, .T. ) ;
#5660 = AXIS2_PLACEMENT_3D ( 'NONE', #4554, #7230, #1157 ) ;
#5661 = EDGE_CURVE ( 'NONE', #6192, #1280, #3161, .T. ) ;
#5662 = ORIENTED_EDGE ( 'NONE', *, *, #8757, .T. ) ;
#5663 = AXIS2_PLACEMENT_3D ( 'NONE', #239, #4930, #2215 ) ;
#5664 = DIRECTION ( 'NONE',  ( 0.000000000000000000, 0.000000000000000000, -1.000000000000000000 ) ) ;
#5665 = ORIENTED_EDGE ( 'NONE', *, *, #6981, .F. ) ;
#5666 = CARTESIAN_POINT ( 'NONE',  ( 0.1250000000000000000, 0.1905000000000000027, -0.01600000000000000380 ) ) ;
#5667 = VERTEX_POINT ( 'NONE', #1107 ) ;
#5668 = VERTEX_POINT ( 'NONE', #3915 ) ;
#5669 = CARTESIAN_POINT ( 'NONE',  ( -0.03199999999999999373, -0.06500000000000000222, -0.02000000000000000042 ) ) ;
#5670 = DIRECTION ( 'NONE',  ( 0.000000000000000000, 0.000000000000000000, -1.000000000000000000 ) ) ;
#5671 = VECTOR ( 'NONE', #3538, 39.37007874015748143 ) ;
#5672 = EDGE_CURVE ( 'NONE', #7249, #6432, #8782, .T. ) ;
#5673 = DIRECTION ( 'NONE',  ( -1.000000000000000000, 0.000000000000000000, -0.000000000000000000 ) ) ;
#5674 = VERTEX_POINT ( 'NONE', #2490 ) ;
#5675 = ORIENTED_EDGE ( 'NONE', *, *, #5172, .T. ) ;
#5676 = CARTESIAN_POINT ( 'NONE',  ( 0.02500000000000000139, 0.2550000000000000044, 0.02500000000000000139 ) ) ;
#5677 = ORIENTED_EDGE ( 'NONE', *, *, #5413, .F. ) ;
#5678 = EDGE_CURVE ( 'NONE', #307, #5704, #5889, .T. ) ;
#5679 = LINE ( 'NONE', #4997, #4584 ) ;
#5680 = FACE_OUTER_BOUND ( 'NONE', #3710, .T. ) ;
#5681 = ORIENTED_EDGE ( 'NONE', *, *, #8523, .T. ) ;
#5682 = CARTESIAN_POINT ( 'NONE',  ( -0.01799999999999998476, -0.01499999999999999944, 0.1874999999999999722 ) ) ;
#5683 = CARTESIAN_POINT ( 'NONE',  ( 0.1320000000000000062, -0.01499999999999999944, 0.02999999999999999889 ) ) ;
#5684 = EDGE_CURVE ( 'NONE', #1688, #3256, #791, .T. ) ;
#5685 = DIRECTION ( 'NONE',  ( 0.000000000000000000, -0.000000000000000000, 1.000000000000000000 ) ) ;
#5686 = DIRECTION ( 'NONE',  ( 1.000000000000000000, 0.000000000000000000, -0.000000000000000000 ) ) ;
#5687 = DIRECTION ( 'NONE',  ( 0.000000000000000000, 1.000000000000000000, 0.000000000000000000 ) ) ;
#5688 = PLANE ( 'NONE',  #308 ) ;
#5689 = DIRECTION ( 'NONE',  ( 1.000000000000000000, 0.000000000000000000, 0.000000000000000000 ) ) ;
#5690 = EDGE_CURVE ( 'NONE', #2464, #1940, #1059, .T. ) ;
#5691 = CARTESIAN_POINT ( 'NONE',  ( 0.2500000000000000000, -0.01000000000000000021, 0.02999999999999999889 ) ) ;
#5692 = FACE_OUTER_BOUND ( 'NONE', #1957, .T. ) ;
#5693 = ORIENTED_EDGE ( 'NONE', *, *, #55, .T. ) ;
#5694 = FACE_OUTER_BOUND ( 'NONE', #8408, .T. ) ;
#5695 = CARTESIAN_POINT ( 'NONE',  ( 0.06800000000000000488, -0.01000000000000000021, 0.03500000000000000333 ) ) ;
#5696 = ORIENTED_EDGE ( 'NONE', *, *, #3379, .F. ) ;
#5697 = EDGE_CURVE ( 'NONE', #5744, #1248, #8220, .T. ) ;
#5698 = LINE ( 'NONE', #5064, #2364 ) ;
#5699 = ADVANCED_FACE ( 'NONE', ( #7805 ), #4458, .T. ) ;
#5700 = DIRECTION ( 'NONE',  ( 0.000000000000000000, -1.000000000000000000, 0.000000000000000000 ) ) ;
#5701 = DIRECTION ( 'NONE',  ( 0.000000000000000000, 0.000000000000000000, -1.000000000000000000 ) ) ;
#5702 = DIRECTION ( 'NONE',  ( -1.000000000000000000, 0.000000000000000000, 0.000000000000000000 ) ) ;
#5703 = EDGE_CURVE ( 'NONE', #2225, #608, #5844, .T. ) ;
#5704 = VERTEX_POINT ( 'NONE', #1146 ) ;
#5705 = EDGE_LOOP ( 'NONE', ( #1411, #7361, #3534, #74, #8641, #8262, #6271, #1148 ) ) ;
#5706 = EDGE_LOOP ( 'NONE', ( #6330, #292, #2762, #4293 ) ) ;
#5707 = CIRCLE ( 'NONE', #5475, 0.008999999999999999320 ) ;
#5708 = DIRECTION ( 'NONE',  ( 0.000000000000000000, 0.000000000000000000, -1.000000000000000000 ) ) ;
#5709 = EDGE_CURVE ( 'NONE', #736, #4383, #1823, .T. ) ;
#5710 = ORIENTED_EDGE ( 'NONE', *, *, #7833, .T. ) ;
#5711 = DIRECTION ( 'NONE',  ( 0.000000000000000000, 0.000000000000000000, -1.000000000000000000 ) ) ;
#5712 = EDGE_LOOP ( 'NONE', ( #2136, #524, #7762, #8120 ) ) ;
#5713 = FACE_OUTER_BOUND ( 'NONE', #7971, .T. ) ;
#5714 = CARTESIAN_POINT ( 'NONE',  ( 0.3125000000000000000, 0.2200000000000000011, 0.000000000000000000 ) ) ;
#5715 = VECTOR ( 'NONE', #4142, 39.37007874015748143 ) ;
#5716 = VERTEX_POINT ( 'NONE', #3204 ) ;
#5717 = DIRECTION ( 'NONE',  ( 1.000000000000000000, -0.000000000000000000, -0.000000000000000000 ) ) ;
#5718 = ORIENTED_EDGE ( 'NONE', *, *, #8740, .F. ) ;
#5719 = ORIENTED_EDGE ( 'NONE', *, *, #2618, .F. ) ;
#5720 = DIRECTION ( 'NONE',  ( -1.000000000000000000, 0.000000000000000000, 0.000000000000000000 ) ) ;
#5721 = ORIENTED_EDGE ( 'NONE', *, *, #4907, .F. ) ;
#5722 = FACE_OUTER_BOUND ( 'NONE', #5040, .T. ) ;
#5723 = VECTOR ( 'NONE', #2880, 39.37007874015748143 ) ;
#5724 = DIRECTION ( 'NONE',  ( 0.000000000000000000, 0.000000000000000000, 1.000000000000000000 ) ) ;
#5725 = VERTEX_POINT ( 'NONE', #1278 ) ;
#5726 = CARTESIAN_POINT ( 'NONE',  ( 0.06800000000000000488, 0.03000000000000000583, -0.02999999999999992256 ) ) ;
#5727 = CARTESIAN_POINT ( 'NONE',  ( 0.2500000000000000000, 0.02999999999999999889, -0.02999999999999999889 ) ) ;
#5728 = VECTOR ( 'NONE', #8127, 39.37007874015748143 ) ;
#5729 = DIRECTION ( 'NONE',  ( 0.000000000000000000, 0.000000000000000000, 1.000000000000000000 ) ) ;
#5730 = ORIENTED_EDGE ( 'NONE', *, *, #2037, .F. ) ;
#5731 = CARTESIAN_POINT ( 'NONE',  ( 0.1250000000000000000, 0.2550000000000000044, -0.02500000000000000139 ) ) ;
#5732 = LINE ( 'NONE', #8493, #6310 ) ;
#5733 = CARTESIAN_POINT ( 'NONE',  ( -0.1819999999999999951, -0.01499999999999999771, 0.02000000000000004552 ) ) ;
#5734 = CARTESIAN_POINT ( 'NONE',  ( 0.2500000000000000000, -0.01499999999999999944, 0.1874999999999999722 ) ) ;
#5735 = PLANE ( 'NONE',  #8218 ) ;
#5737 = ORIENTED_EDGE ( 'NONE', *, *, #3807, .T. ) ;
#5736 = VECTOR ( 'NONE', #4146, 39.37007874015748143 ) ;
#5738 = DIRECTION ( 'NONE',  ( 0.000000000000000000, 1.000000000000000000, 0.000000000000000000 ) ) ;
#5739 = VECTOR ( 'NONE', #3979, 39.37007874015748143 ) ;
#5740 = EDGE_CURVE ( 'NONE', #3517, #4951, #4931, .T. ) ;
#5741 = VECTOR ( 'NONE', #5743, 39.37007874015748143 ) ;
#5742 = DIRECTION ( 'NONE',  ( -1.000000000000000000, 0.000000000000000000, 0.000000000000000000 ) ) ;
#5743 = DIRECTION ( 'NONE',  ( 1.000000000000000000, 0.000000000000000000, -0.000000000000000000 ) ) ;
#5744 = VERTEX_POINT ( 'NONE', #4000 ) ;
#5745 = CARTESIAN_POINT ( 'NONE',  ( 0.2249999999999999778, 0.03500000000000000333, -0.02500000000000000139 ) ) ;
#5746 = LINE ( 'NONE', #323, #6375 ) ;
#5747 = AXIS2_PLACEMENT_3D ( 'NONE', #8360, #4961, #7018 ) ;
#5748 = FACE_OUTER_BOUND ( 'NONE', #8184, .T. ) ;
#5749 = DIRECTION ( 'NONE',  ( 0.000000000000000000, 0.000000000000000000, 1.000000000000000000 ) ) ;
#5750 = EDGE_CURVE ( 'NONE', #3126, #7508, #546, .T. ) ;
#5751 = ORIENTED_EDGE ( 'NONE', *, *, #1054, .F. ) ;
#5752 = AXIS2_PLACEMENT_3D ( 'NONE', #7584, #1426, #2106 ) ;
#5753 = ORIENTED_EDGE ( 'NONE', *, *, #2785, .T. ) ;
#5754 = ORIENTED_EDGE ( 'NONE', *, *, #6896, .T. ) ;
#5755 = LINE ( 'NONE', #3694, #2926 ) ;
#5756 = VECTOR ( 'NONE', #7410, 39.37007874015748143 ) ;
#5757 = ADVANCED_FACE ( 'NONE', ( #7354 ), #5430, .F. ) ;
#5758 = CARTESIAN_POINT ( 'NONE',  ( 0.000000000000000000, -0.07499999999999999722, -0.02000000000000000042 ) ) ;
#5759 = CARTESIAN_POINT ( 'NONE',  ( 0.2500000000000000000, -0.01000000000000000021, 0.03500000000000000333 ) ) ;
#5760 = ADVANCED_FACE ( 'NONE', ( #688 ), #7527, .F. ) ;
#5761 = DIRECTION ( 'NONE',  ( 0.000000000000000000, 1.000000000000000000, -0.000000000000000000 ) ) ;
#5762 = VERTEX_POINT ( 'NONE', #2578 ) ;
#5763 = PLANE ( 'NONE',  #31 ) ;
#5764 = ORIENTED_EDGE ( 'NONE', *, *, #1545, .F. ) ;
#5765 = CARTESIAN_POINT ( 'NONE',  ( -0.01799999999999998476, -0.01499999999999999944, 0.03500000000000000333 ) ) ;
#5766 = DIRECTION ( 'NONE',  ( 0.000000000000000000, -0.000000000000000000, -1.000000000000000000 ) ) ;
#5767 = ORIENTED_EDGE ( 'NONE', *, *, #7344, .T. ) ;
#5768 = FACE_OUTER_BOUND ( 'NONE', #6911, .T. ) ;
#5769 = CARTESIAN_POINT ( 'NONE',  ( 0.2500000000000000000, -0.06500000000000000222, -0.02999999999999999889 ) ) ;
#5770 = EDGE_CURVE ( 'NONE', #4607, #1424, #3419, .T. ) ;
#5771 = LINE ( 'NONE', #4427, #7782 ) ;
#5772 = EDGE_LOOP ( 'NONE', ( #8203, #6895, #3679, #2504 ) ) ;
#5773 = DIRECTION ( 'NONE',  ( -0.000000000000000000, 1.000000000000000000, 0.000000000000000000 ) ) ;
#5774 = CARTESIAN_POINT ( 'NONE',  ( -0.06800000000000000488, -0.01499999999999999944, 0.03500000000000000333 ) ) ;
#5775 = LINE ( 'NONE', #5104, #4533 ) ;
#5776 = PLANE ( 'NONE',  #1668 ) ;
#5777 = CARTESIAN_POINT ( 'NONE',  ( 0.2500000000000000000, -0.05999999999999999778, -0.02000000000000000042 ) ) ;
#5778 = ORIENTED_EDGE ( 'NONE', *, *, #458, .F. ) ;
#5779 = CARTESIAN_POINT ( 'NONE',  ( 0.3125000000000000000, 0.2200000000000000011, 0.000000000000000000 ) ) ;
#5780 = AXIS2_PLACEMENT_3D ( 'NONE', #8280, #5513, #2833 ) ;
#5781 = CARTESIAN_POINT ( 'NONE',  ( 0.2179999999999999993, -0.01499999999999999771, 0.03500000000000000333 ) ) ;
#5782 = DIRECTION ( 'NONE',  ( 0.000000000000000000, 0.000000000000000000, 1.000000000000000000 ) ) ;
#5783 = ORIENTED_EDGE ( 'NONE', *, *, #7607, .T. ) ;
#5784 = CARTESIAN_POINT ( 'NONE',  ( 0.06800000000000000488, -0.01499999999999999598, 0.1874999999999999722 ) ) ;
#5785 = EDGE_CURVE ( 'NONE', #3751, #5546, #4627, .T. ) ;
#5786 = CARTESIAN_POINT ( 'NONE',  ( -0.07499999999999999722, 0.1905000000000000027, -0.02500000000000000139 ) ) ;
#5787 = LINE ( 'NONE', #2401, #7849 ) ;
#5788 = FACE_OUTER_BOUND ( 'NONE', #5996, .T. ) ;
#5789 = VECTOR ( 'NONE', #2118, 39.37007874015748143 ) ;
#5790 = ORIENTED_EDGE ( 'NONE', *, *, #751, .T. ) ;
#5791 = VECTOR ( 'NONE', #8187, 39.37007874015748143 ) ;
#5792 = EDGE_LOOP ( 'NONE', ( #8433, #467, #703, #4060 ) ) ;
#5793 = ORIENTED_EDGE ( 'NONE', *, *, #4882, .F. ) ;
#5794 = CIRCLE ( 'NONE', #4650, 0.008999999999999999320 ) ;
#5795 = DIRECTION ( 'NONE',  ( 0.000000000000000000, 1.000000000000000000, 0.000000000000000000 ) ) ;
#5796 = EDGE_CURVE ( 'NONE', #3400, #2928, #647, .T. ) ;
#5797 = VECTOR ( 'NONE', #8518, 39.37007874015748143 ) ;
#5798 = CARTESIAN_POINT ( 'NONE',  ( 0.06800000000000000488, -0.1000000000000000056, 0.1874999999999999722 ) ) ;
#5799 = CARTESIAN_POINT ( 'NONE',  ( 0.1250000000000000000, 0.03500000000000000333, 0.02500000000000000139 ) ) ;
#5800 = APPLICATION_CONTEXT ( 'automotive_design' ) ;
#5801 = VECTOR ( 'NONE', #1649, 39.37007874015748143 ) ;
#5802 = AXIS2_PLACEMENT_3D ( 'NONE', #325, #5067, #4407 ) ;
#5803 = DIRECTION ( 'NONE',  ( 0.000000000000000000, 0.000000000000000000, -1.000000000000000000 ) ) ;
#5804 = ORIENTED_EDGE ( 'NONE', *, *, #6304, .F. ) ;
#5805 = VERTEX_POINT ( 'NONE', #4672 ) ;
#5806 = DIRECTION ( 'NONE',  ( 0.000000000000000000, 0.000000000000000000, 1.000000000000000000 ) ) ;
#5807 = ORIENTED_EDGE ( 'NONE', *, *, #661, .T. ) ;
#5808 = EDGE_CURVE ( 'NONE', #7327, #689, #2081, .T. ) ;
#5809 = PLANE ( 'NONE',  #6311 ) ;
#5810 = VECTOR ( 'NONE', #5814, 39.37007874015748143 ) ;
#5811 = DIRECTION ( 'NONE',  ( 0.000000000000000000, 0.000000000000000000, -1.000000000000000000 ) ) ;
#5812 = VECTOR ( 'NONE', #8272, 39.37007874015748143 ) ;
#5813 = VERTEX_POINT ( 'NONE', #6016 ) ;
#5814 = DIRECTION ( 'NONE',  ( -0.000000000000000000, 1.000000000000000000, 0.000000000000000000 ) ) ;
#5815 = EDGE_CURVE ( 'NONE', #7617, #7138, #7788, .T. ) ;
#5816 = DIRECTION ( 'NONE',  ( -1.000000000000000000, 0.000000000000000000, 0.000000000000000000 ) ) ;
#5817 = ADVANCED_FACE ( 'NONE', ( #594 ), #3377, .T. ) ;
#5818 = AXIS2_PLACEMENT_3D ( 'NONE', #3001, #2959, #7063 ) ;
#5819 = DIRECTION ( 'NONE',  ( 0.000000000000000000, 0.000000000000000000, 1.000000000000000000 ) ) ;
#5820 = ORIENTED_EDGE ( 'NONE', *, *, #2474, .T. ) ;
#5821 = LINE ( 'NONE', #897, #2744 ) ;
#5822 = ORIENTED_EDGE ( 'NONE', *, *, #6597, .T. ) ;
#5823 = LINE ( 'NONE', #397, #1749 ) ;
#5824 = EDGE_CURVE ( 'NONE', #6885, #2086, #1409, .T. ) ;
#5825 = CARTESIAN_POINT ( 'NONE',  ( -0.2500000000000000000, 0.000000000000000000, 0.1874999999999999722 ) ) ;
#5826 = DIRECTION ( 'NONE',  ( 0.000000000000000000, -1.000000000000000000, 0.000000000000000000 ) ) ;
#5827 = CYLINDRICAL_SURFACE ( 'NONE', #2233, 0.01000000000000000021 ) ;
#5828 = VERTEX_POINT ( 'NONE', #2038 ) ;
#5829 = FACE_OUTER_BOUND ( 'NONE', #3079, .T. ) ;
#5830 = VECTOR ( 'NONE', #7983, 39.37007874015748143 ) ;
#5831 = EDGE_CURVE ( 'NONE', #8602, #6538, #7075, .T. ) ;
#5832 = LINE ( 'NONE', #3814, #6088 ) ;
#5833 = DIRECTION ( 'NONE',  ( 0.000000000000000000, -1.000000000000000000, 0.000000000000000000 ) ) ;
#5834 = ORIENTED_EDGE ( 'NONE', *, *, #2697, .T. ) ;
#5835 = CARTESIAN_POINT ( 'NONE',  ( 0.2320000000000000118, -0.07499999999999999722, 0.1874999999999999722 ) ) ;
#5836 = CARTESIAN_POINT ( 'NONE',  ( 0.1680000000000000382, -0.06500000000000000222, -0.02999999999999994338 ) ) ;
#5837 = DIRECTION ( 'NONE',  ( -1.000000000000000000, 0.000000000000000000, 0.000000000000000000 ) ) ;
#5838 = CARTESIAN_POINT ( 'NONE',  ( -0.1180000000000000077, -0.06499999999999998834, -0.02999999999999999889 ) ) ;
#5839 = ORIENTED_EDGE ( 'NONE', *, *, #5254, .F. ) ;
#5840 = ORIENTED_EDGE ( 'NONE', *, *, #7668, .T. ) ;
#5841 = CARTESIAN_POINT ( 'NONE',  ( -0.01799999999999999864, 0.02999999999999999889, 0.01999999999999999001 ) ) ;
#5842 = ADVANCED_FACE ( 'NONE', ( #6811 ), #17, .T. ) ;
#5843 = DIRECTION ( 'NONE',  ( -1.000000000000000000, 0.000000000000000000, 0.000000000000000000 ) ) ;
#5844 = LINE ( 'NONE', #3784, #5369 ) ;
#5845 = EDGE_CURVE ( 'NONE', #379, #7367, #3960, .T. ) ;
#5846 = ORIENTED_EDGE ( 'NONE', *, *, #2755, .T. ) ;
#5847 = CARTESIAN_POINT ( 'NONE',  ( 0.01799999999999999170, 0.03000000000000000583, -0.02999999999999992256 ) ) ;
#5848 = ORIENTED_EDGE ( 'NONE', *, *, #2595, .F. ) ;
#5849 = VERTEX_POINT ( 'NONE', #8200 ) ;
#5850 = ORIENTED_EDGE ( 'NONE', *, *, #5690, .F. ) ;
#5851 = CARTESIAN_POINT ( 'NONE',  ( -0.3125000000000000000, 0.2200000000000000011, 0.1124999999999999889 ) ) ;
#5852 = DIRECTION ( 'NONE',  ( -1.000000000000000000, 0.000000000000000000, -0.000000000000000000 ) ) ;
#5853 = ORIENTED_EDGE ( 'NONE', *, *, #6623, .F. ) ;
#5854 = CARTESIAN_POINT ( 'NONE',  ( -0.3125000000000000000, 0.1239999999999999991, -0.03749999999999999167 ) ) ;
#5855 = VECTOR ( 'NONE', #6594, 39.37007874015748143 ) ;
#5856 = DIRECTION ( 'NONE',  ( 0.000000000000000000, 0.000000000000000000, 1.000000000000000000 ) ) ;
#5857 = PRODUCT ( 'TFML-110-01-L-D-RA', 'TFML-110-01-L-D-RA', '', ( #6817 ) ) ;
#5858 = EDGE_CURVE ( 'NONE', #5334, #6388, #8025, .T. ) ;
#5859 = LINE ( 'NONE', #4685, #2657 ) ;
#5860 = ORIENTED_EDGE ( 'NONE', *, *, #4323, .T. ) ;
#5861 = AXIS2_PLACEMENT_3D ( 'NONE', #7526, #1452, #6850 ) ;
#5862 = FACE_OUTER_BOUND ( 'NONE', #6399, .T. ) ;
#5863 = EDGE_LOOP ( 'NONE', ( #2842, #2369 ) ) ;
#5864 = DIRECTION ( 'NONE',  ( 0.000000000000000000, 0.000000000000000000, 1.000000000000000000 ) ) ;
#5865 = LINE ( 'NONE', #1884, #4382 ) ;
#5866 = LINE ( 'NONE', #1126, #6925 ) ;
#5867 = VERTEX_POINT ( 'NONE', #3287 ) ;
#5868 = EDGE_LOOP ( 'NONE', ( #2541, #8801, #1924, #4408 ) ) ;
#5869 = DIRECTION ( 'NONE',  ( 1.000000000000000000, 0.000000000000000000, 0.000000000000000000 ) ) ;
#5870 = EDGE_CURVE ( 'NONE', #8252, #412, #2792, .T. ) ;
#5871 = CIRCLE ( 'NONE', #4711, 0.01000000000000000021 ) ;
#5872 = DIRECTION ( 'NONE',  ( 0.000000000000000000, 0.000000000000000000, -1.000000000000000000 ) ) ;
#5873 = EDGE_CURVE ( 'NONE', #5725, #2179, #6363, .T. ) ;
#5874 = DIRECTION ( 'NONE',  ( -1.000000000000000000, -0.000000000000000000, 0.000000000000000000 ) ) ;
#5875 = VECTOR ( 'NONE', #1469, 39.37007874015748143 ) ;
#5876 = ORIENTED_EDGE ( 'NONE', *, *, #3141, .F. ) ;
#5877 = CARTESIAN_POINT ( 'NONE',  ( -0.2320000000000000118, -0.1000000000000000056, 0.1874999999999999722 ) ) ;
#5878 = VERTEX_POINT ( 'NONE', #7700 ) ;
#5879 = DIRECTION ( 'NONE',  ( 0.000000000000000000, 0.000000000000000000, 1.000000000000000000 ) ) ;
#5880 = DIRECTION ( 'NONE',  ( 0.000000000000000000, 0.000000000000000000, 1.000000000000000000 ) ) ;
#5881 = DIRECTION ( 'NONE',  ( 0.000000000000000000, 0.000000000000000000, 1.000000000000000000 ) ) ;
#5882 = VECTOR ( 'NONE', #7314, 39.37007874015748143 ) ;
#5883 = EDGE_LOOP ( 'NONE', ( #7251, #6190, #1019, #6394 ) ) ;
#5884 = EDGE_LOOP ( 'NONE', ( #3963, #6553, #3894, #7076 ) ) ;
#5885 = ORIENTED_EDGE ( 'NONE', *, *, #841, .F. ) ;
#5886 = CARTESIAN_POINT ( 'NONE',  ( -0.2500000000000000000, -0.02500000000000000139, 0.1874999999999999722 ) ) ;
#5887 = CIRCLE ( 'NONE', #7019, 0.008999999999999999320 ) ;
#5888 = CARTESIAN_POINT ( 'NONE',  ( 0.08200000000000000344, 0.02999999999999999889, 0.02000000000000003164 ) ) ;
#5889 = LINE ( 'NONE', #6641, #3509 ) ;
#5890 = VECTOR ( 'NONE', #1645, 39.37007874015748143 ) ;
#5891 = ORIENTED_EDGE ( 'NONE', *, *, #4976, .T. ) ;
#5892 = CARTESIAN_POINT ( 'NONE',  ( -0.2249999999999999778, 0.1905000000000000027, -0.03400000000000000244 ) ) ;
#5893 = VERTEX_POINT ( 'NONE', #2791 ) ;
#5894 = VERTEX_POINT ( 'NONE', #7609 ) ;
#5895 = CARTESIAN_POINT ( 'NONE',  ( 0.2500000000000000000, 0.02999999999999999542, -0.02000000000000000042 ) ) ;
#5896 = ORIENTED_EDGE ( 'NONE', *, *, #8375, .T. ) ;
#5897 = CARTESIAN_POINT ( 'NONE',  ( 0.02500000000000000139, 0.2550000000000000044, -0.02500000000000000139 ) ) ;
#5898 = PRESENTATION_LAYER_ASSIGNMENT (  '', '', ( #4037 ) ) ;
#5899 = LINE ( 'NONE', #3839, #5370 ) ;
#5900 = ORIENTED_EDGE ( 'NONE', *, *, #3670, .F. ) ;
#5901 = CARTESIAN_POINT ( 'NONE',  ( 0.2500000000000000000, 0.02999999999999999889, 0.02000000000000010103 ) ) ;
#5902 = EDGE_CURVE ( 'NONE', #3185, #6729, #3669, .T. ) ;
#5903 = LINE ( 'NONE', #3087, #861 ) ;
#5904 = DIRECTION ( 'NONE',  ( -0.000000000000000000, -1.000000000000000000, -0.000000000000000000 ) ) ;
#5905 = ORIENTED_EDGE ( 'NONE', *, *, #4920, .T. ) ;
#5906 = CARTESIAN_POINT ( 'NONE',  ( 0.2500000000000000000, -0.06500000000000000222, -0.02999999999999999889 ) ) ;
#5907 = DIRECTION ( 'NONE',  ( 0.000000000000000000, -0.000000000000000000, 1.000000000000000000 ) ) ;
#5908 = ORIENTED_EDGE ( 'NONE', *, *, #4311, .F. ) ;
#5909 = DIRECTION ( 'NONE',  ( 1.000000000000000000, 0.000000000000000000, 0.000000000000000000 ) ) ;
#5910 = CARTESIAN_POINT ( 'NONE',  ( 0.1250000000000000000, 0.03500000000000000333, -0.03400000000000000244 ) ) ;
#5911 = ORIENTED_EDGE ( 'NONE', *, *, #402, .F. ) ;
#5912 = DIRECTION ( 'NONE',  ( 0.000000000000000000, 0.000000000000000000, -1.000000000000000000 ) ) ;
#5913 = ADVANCED_FACE ( 'NONE', ( #2925 ), #8376, .T. ) ;
#5914 = CARTESIAN_POINT ( 'NONE',  ( 0.1250000000000000000, 0.2550000000000000044, -0.01600000000000000380 ) ) ;
#5915 = DIRECTION ( 'NONE',  ( 0.000000000000000000, -1.000000000000000000, 0.000000000000000000 ) ) ;
#5916 = VERTEX_POINT ( 'NONE', #6942 ) ;
#5917 = CARTESIAN_POINT ( 'NONE',  ( -0.1250000000000000000, 0.03500000000000000333, -0.03400000000000000244 ) ) ;
#5918 = VERTEX_POINT ( 'NONE', #821 ) ;
#5919 = CARTESIAN_POINT ( 'NONE',  ( 0.1179999999999999938, 0.03000000000000000583, 0.03000000000000000930 ) ) ;
#5920 = PLANE ( 'NONE',  #7284 ) ;
#5921 = EDGE_CURVE ( 'NONE', #6627, #6950, #3233, .T. ) ;
#5922 = EDGE_CURVE ( 'NONE', #8603, #2893, #658, .T. ) ;
#5923 = ORIENTED_EDGE ( 'NONE', *, *, #7938, .F. ) ;
#5924 = VECTOR ( 'NONE', #7892, 39.37007874015748143 ) ;
#5925 = EDGE_CURVE ( 'NONE', #1837, #12, #8418, .T. ) ;
#5926 = ORIENTED_EDGE ( 'NONE', *, *, #4005, .T. ) ;
#5927 = ORIENTED_EDGE ( 'NONE', *, *, #5424, .F. ) ;
#5928 = DIRECTION ( 'NONE',  ( 0.000000000000000000, -1.000000000000000000, 0.000000000000000000 ) ) ;
#5929 = ADVANCED_FACE ( 'NONE', ( #911 ), #3642, .T. ) ;
#5930 = VECTOR ( 'NONE', #4079, 39.37007874015748143 ) ;
#5931 = CARTESIAN_POINT ( 'NONE',  ( -0.2320000000000000118, -0.07499999999999999722, 0.1874999999999999722 ) ) ;
#5932 = DIRECTION ( 'NONE',  ( -1.000000000000000000, 0.000000000000000000, 0.000000000000000000 ) ) ;
#5933 = VECTOR ( 'NONE', #4158, 39.37007874015748143 ) ;
#5934 = EDGE_CURVE ( 'NONE', #6910, #826, #4270, .T. ) ;
#5935 = ORIENTED_EDGE ( 'NONE', *, *, #1175, .T. ) ;
#5936 = UNCERTAINTY_MEASURE_WITH_UNIT (LENGTH_MEASURE( 1.000000000000000082E-05 ), #5303, 'distance_accuracy_value', 'NONE');
#5937 = DIRECTION ( 'NONE',  ( -1.000000000000000000, -0.000000000000000000, 0.000000000000000000 ) ) ;
#5938 = ORIENTED_EDGE ( 'NONE', *, *, #4400, .F. ) ;
#5939 = ORIENTED_EDGE ( 'NONE', *, *, #2254, .T. ) ;
#5940 = AXIS2_PLACEMENT_3D ( 'NONE', #1192, #5932, #8560 ) ;
#5941 = CARTESIAN_POINT ( 'NONE',  ( 0.1179999999999999938, 0.03000000000000000583, 0.02000000000000009409 ) ) ;
#5942 = ORIENTED_EDGE ( 'NONE', *, *, #1010, .F. ) ;
#5943 = CYLINDRICAL_SURFACE ( 'NONE', #4611, 0.008999999999999997585 ) ;
#5944 = LINE ( 'NONE', #1024, #2097 ) ;
#5945 = FACE_OUTER_BOUND ( 'NONE', #1543, .T. ) ;
#5946 = CIRCLE ( 'NONE', #1945, 0.008999999999999997585 ) ;
#5947 = DIRECTION ( 'NONE',  ( 0.000000000000000000, -0.000000000000000000, 1.000000000000000000 ) ) ;
#5948 = AXIS2_PLACEMENT_3D ( 'NONE', #8156, #7445, #4045 ) ;
#5949 = CARTESIAN_POINT ( 'NONE',  ( 0.06800000000000000488, -0.01499999999999999771, 0.03500000000000000333 ) ) ;
#5950 = VERTEX_POINT ( 'NONE', #2307 ) ;
#5951 = CARTESIAN_POINT ( 'NONE',  ( 0.2500000000000000000, -0.01499999999999999771, 0.02000000000000000042 ) ) ;
#5952 = VECTOR ( 'NONE', #471, 39.37007874015748143 ) ;
#5953 = DIRECTION ( 'NONE',  ( 0.000000000000000000, 0.000000000000000000, -1.000000000000000000 ) ) ;
#5954 = EDGE_LOOP ( 'NONE', ( #976, #3294, #1783, #3889 ) ) ;
#5955 = CARTESIAN_POINT ( 'NONE',  ( 0.08200000000000000344, -0.07499999999999999722, 0.000000000000000000 ) ) ;
#5956 = CARTESIAN_POINT ( 'NONE',  ( 0.2625000000000000111, 0.02000000000000000042, 0.04249999999999999611 ) ) ;
#5957 = CIRCLE ( 'NONE', #8510, 0.01000000000000000021 ) ;
#5958 = ORIENTED_EDGE ( 'NONE', *, *, #1670, .T. ) ;
#5959 = DIRECTION ( 'NONE',  ( 0.000000000000000000, 0.000000000000000000, -1.000000000000000000 ) ) ;
#5960 = EDGE_CURVE ( 'NONE', #4305, #5575, #6513, .T. ) ;
#5961 = VECTOR ( 'NONE', #1626, 39.37007874015748143 ) ;
#5962 = DIRECTION ( 'NONE',  ( 0.000000000000000000, 1.000000000000000000, -0.000000000000000000 ) ) ;
#5963 = ADVANCED_FACE ( 'NONE', ( #56 ), #8334, .F. ) ;
#5964 = CARTESIAN_POINT ( 'NONE',  ( 0.06800000000000000488, -0.1000000000000000056, -0.01999999999999999001 ) ) ;
#5965 = ORIENTED_EDGE ( 'NONE', *, *, #7145, .F. ) ;
#5966 = LINE ( 'NONE', #7205, #2513 ) ;
#5967 = EDGE_LOOP ( 'NONE', ( #2349, #1984, #2566, #7535, #7180, #2058, #4623, #1962 ) ) ;
#5968 = DIRECTION ( 'NONE',  ( 0.000000000000000000, -1.000000000000000000, 0.000000000000000000 ) ) ;
#5969 = DIRECTION ( 'NONE',  ( 1.000000000000000000, -0.000000000000000000, -0.000000000000000000 ) ) ;
#5970 = ORIENTED_EDGE ( 'NONE', *, *, #3785, .F. ) ;
#5971 = ADVANCED_FACE ( 'NONE', ( #5026 ), #2972, .T. ) ;
#5972 = ORIENTED_EDGE ( 'NONE', *, *, #1816, .F. ) ;
#5973 = CARTESIAN_POINT ( 'NONE',  ( 0.002499999999999950179, 0.000000000000000000, -0.06500000000000000222 ) ) ;
#5974 = LINE ( 'NONE', #4043, #1857 ) ;
#5975 = EDGE_CURVE ( 'NONE', #1589, #5604, #1584, .T. ) ;
#5976 = DIRECTION ( 'NONE',  ( 0.000000000000000000, -0.000000000000000000, 1.000000000000000000 ) ) ;
#5977 = ORIENTED_EDGE ( 'NONE', *, *, #1966, .T. ) ;
#5978 = CARTESIAN_POINT ( 'NONE',  ( 0.2500000000000000000, -0.05999999999999999778, -0.02000000000000000042 ) ) ;
#5979 = EDGE_CURVE ( 'NONE', #4248, #1235, #4315, .T. ) ;
#5980 = EDGE_LOOP ( 'NONE', ( #8169, #801, #7561, #8296, #4474, #3118, #4417, #693 ) ) ;
#5981 = CARTESIAN_POINT ( 'NONE',  ( 0.1749999999999999889, 0.1905000000000000027, 0.03400000000000000244 ) ) ;
#5982 = DIRECTION ( 'NONE',  ( 0.000000000000000000, -1.000000000000000000, 0.000000000000000000 ) ) ;
#5983 = ORIENTED_EDGE ( 'NONE', *, *, #8113, .T. ) ;
#5984 = FILL_AREA_STYLE_COLOUR ( '', #4321 ) ;
#5985 = CARTESIAN_POINT ( 'NONE',  ( -0.2249999999999999778, 0.03500000000000000333, -0.01600000000000000380 ) ) ;
#5986 = ORIENTED_EDGE ( 'NONE', *, *, #7235, .F. ) ;
#5987 = LINE ( 'NONE', #3430, #3992 ) ;
#5988 = CARTESIAN_POINT ( 'NONE',  ( -0.1819999999999999951, -0.01499999999999999598, 0.1874999999999999722 ) ) ;
#5989 = LINE ( 'NONE', #8702, #4304 ) ;
#5990 = ORIENTED_EDGE ( 'NONE', *, *, #5815, .F. ) ;
#5991 = DIRECTION ( 'NONE',  ( 1.000000000000000000, 0.000000000000000000, 0.000000000000000000 ) ) ;
#5992 = DIRECTION ( 'NONE',  ( 1.000000000000000000, 0.000000000000000000, -0.000000000000000000 ) ) ;
#5993 = ORIENTED_EDGE ( 'NONE', *, *, #7874, .T. ) ;
#5994 = CYLINDRICAL_SURFACE ( 'NONE', #5441, 0.004999999999999997502 ) ;
#5995 = DIRECTION ( 'NONE',  ( -1.000000000000000000, 0.000000000000000000, -0.000000000000000000 ) ) ;
#5996 = EDGE_LOOP ( 'NONE', ( #6153, #8394, #5721, #6140 ) ) ;
#5997 = FACE_OUTER_BOUND ( 'NONE', #857, .T. ) ;
#5998 = AXIS2_PLACEMENT_3D ( 'NONE', #4895, #6193, #3653 ) ;
#5999 = FACE_OUTER_BOUND ( 'NONE', #2134, .T. ) ;
#6000 = CARTESIAN_POINT ( 'NONE',  ( -0.2180000000000000271, -0.01499999999999999944, 0.1874999999999999722 ) ) ;
#6001 = ORIENTED_EDGE ( 'NONE', *, *, #6980, .F. ) ;
#6002 = CARTESIAN_POINT ( 'NONE',  ( -0.07499999999999999722, 0.2550000000000000044, -0.03400000000000000244 ) ) ;
#6003 = ORIENTED_EDGE ( 'NONE', *, *, #3903, .T. ) ;
#6004 = DIRECTION ( 'NONE',  ( -0.000000000000000000, -0.000000000000000000, -1.000000000000000000 ) ) ;
#6005 = CIRCLE ( 'NONE', #5861, 0.005000000000000021788 ) ;
#6006 = FACE_OUTER_BOUND ( 'NONE', #4192, .T. ) ;
#6007 = ADVANCED_FACE ( 'NONE', ( #4358 ), #2838, .T. ) ;
#6008 = CIRCLE ( 'NONE', #573, 0.004999999999999997502 ) ;
#6009 = VECTOR ( 'NONE', #698, 39.37007874015748143 ) ;
#6010 = ORIENTED_EDGE ( 'NONE', *, *, #4168, .T. ) ;
#6011 = DIRECTION ( 'NONE',  ( 1.000000000000000000, -0.000000000000000000, -0.000000000000000000 ) ) ;
#6012 = CIRCLE ( 'NONE', #5593, 0.005000000000000021788 ) ;
#6013 = LINE ( 'NONE', #8069, #705 ) ;
#6014 = EDGE_CURVE ( 'NONE', #4178, #5867, #8286, .T. ) ;
#6015 = AXIS2_PLACEMENT_3D ( 'NONE', #6116, #616, #3354 ) ;
#6016 = CARTESIAN_POINT ( 'NONE',  ( -0.2180000000000000271, -0.06499999999999998834, -0.02999999999999999889 ) ) ;
#6017 = VERTEX_POINT ( 'NONE', #1542 ) ;
#6018 = AXIS2_PLACEMENT_3D ( 'NONE', #5731, #8449, #2340 ) ;
#6019 = CARTESIAN_POINT ( 'NONE',  ( -0.06800000000000000488, -0.05999999999999999778, -0.02000000000000000042 ) ) ;
#6020 = ORIENTED_EDGE ( 'NONE', *, *, #5368, .T. ) ;
#6021 = CARTESIAN_POINT ( 'NONE',  ( 0.002499999999999950179, 0.000000000000000000, -0.08250000000000000389 ) ) ;
#6022 =( NAMED_UNIT ( * ) PLANE_ANGLE_UNIT ( ) SI_UNIT ( $, .RADIAN. ) );
#6023 = ORIENTED_EDGE ( 'NONE', *, *, #5288, .T. ) ;
#6024 = DIRECTION ( 'NONE',  ( 0.000000000000000000, 0.000000000000000000, 1.000000000000000000 ) ) ;
#6025 = LINE ( 'NONE', #2634, #2084 ) ;
#6026 = ORIENTED_EDGE ( 'NONE', *, *, #5521, .T. ) ;
#6027 = FACE_OUTER_BOUND ( 'NONE', #5249, .T. ) ;
#6028 = AXIS2_PLACEMENT_3D ( 'NONE', #7868, #7734, #1036 ) ;
#6029 = LINE ( 'NONE', #7414, #7567 ) ;
#6030 = VECTOR ( 'NONE', #3494, 39.37007874015748143 ) ;
#6031 = ADVANCED_FACE ( 'NONE', ( #865 ), #146, .T. ) ;
#6032 = CIRCLE ( 'NONE', #5032, 0.01000000000000000021 ) ;
#6033 = CARTESIAN_POINT ( 'NONE',  ( -0.1179999999999999938, 0.02999999999999999889, 0.01999999999999999001 ) ) ;
#6034 = ADVANCED_FACE ( 'NONE', ( #7795 ), #5162, .F. ) ;
#6035 = ORIENTED_EDGE ( 'NONE', *, *, #4475, .F. ) ;
#6036 = CARTESIAN_POINT ( 'NONE',  ( 0.2500000000000000000, -0.01000000000000000021, 0.02999999999999999889 ) ) ;
#6037 = PLANE ( 'NONE',  #3027 ) ;
#6038 = VERTEX_POINT ( 'NONE', #7928 ) ;
#6039 = LINE ( 'NONE', #8752, #6148 ) ;
#6040 = CARTESIAN_POINT ( 'NONE',  ( -0.1819999999999999951, -0.06500000000000000222, 0.1874999999999999722 ) ) ;
#6041 = VERTEX_POINT ( 'NONE', #5838 ) ;
#6042 = FACE_OUTER_BOUND ( 'NONE', #8844, .T. ) ;
#6043 = DIRECTION ( 'NONE',  ( -0.000000000000000000, 1.000000000000000000, 0.000000000000000000 ) ) ;
#6044 = LINE ( 'NONE', #5964, #6297 ) ;
#6045 = CARTESIAN_POINT ( 'NONE',  ( -0.1680000000000000382, 0.02999999999999999889, -0.02999999999999999889 ) ) ;
#6046 = DIRECTION ( 'NONE',  ( -1.000000000000000000, -0.000000000000000000, -0.000000000000000000 ) ) ;
#6047 = ORIENTED_EDGE ( 'NONE', *, *, #1363, .T. ) ;
#6048 = LINE ( 'NONE', #1315, #3062 ) ;
#6049 = DIRECTION ( 'NONE',  ( -1.000000000000000000, 0.000000000000000000, 0.000000000000000000 ) ) ;
#6050 = CARTESIAN_POINT ( 'NONE',  ( -0.1680000000000000382, 0.02999999999999999889, -0.02999999999999999889 ) ) ;
#6051 = VERTEX_POINT ( 'NONE', #3015 ) ;
#6052 = EDGE_CURVE ( 'NONE', #6146, #973, #1050, .T. ) ;
#6053 = CARTESIAN_POINT ( 'NONE',  ( -0.3125000000000000000, 0.3160000000000000031, 0.03749999999999999861 ) ) ;
#6054 = LINE ( 'NONE', #3959, #7426 ) ;
#6055 = DIRECTION ( 'NONE',  ( -1.000000000000000000, -0.000000000000000000, 0.000000000000000000 ) ) ;
#6056 = ADVANCED_FACE ( 'NONE', ( #369 ), #1677, .T. ) ;
#6057 = AXIS2_PLACEMENT_3D ( 'NONE', #8712, #2515, #6535 ) ;
#6058 = ORIENTED_EDGE ( 'NONE', *, *, #4724, .T. ) ;
#6059 = DIRECTION ( 'NONE',  ( 1.000000000000000000, 0.000000000000000000, 0.000000000000000000 ) ) ;
#6060 = ORIENTED_EDGE ( 'NONE', *, *, #6403, .F. ) ;
#6061 = EDGE_CURVE ( 'NONE', #6698, #5918, #5957, .T. ) ;
#6062 = VECTOR ( 'NONE', #24, 39.37007874015748143 ) ;
#6063 = DIRECTION ( 'NONE',  ( 1.000000000000000000, -0.000000000000000000, -0.000000000000000000 ) ) ;
#6064 = ORIENTED_EDGE ( 'NONE', *, *, #7500, .F. ) ;
#6065 = PRESENTATION_STYLE_ASSIGNMENT (( #1914 ) ) ;
#6066 = DIRECTION ( 'NONE',  ( 0.000000000000000000, -0.000000000000000000, 1.000000000000000000 ) ) ;
#6067 = CARTESIAN_POINT ( 'NONE',  ( 0.01799999999999999517, -0.01499999999999999598, 0.1874999999999999722 ) ) ;
#6068 = CARTESIAN_POINT ( 'NONE',  ( -0.2180000000000000271, -0.07499999999999999722, -0.02000000000000000042 ) ) ;
#6069 = CIRCLE ( 'NONE', #7497, 0.008999999999999997585 ) ;
#6070 = VECTOR ( 'NONE', #2153, 39.37007874015748143 ) ;
#6071 = CARTESIAN_POINT ( 'NONE',  ( -0.1819999999999999951, -0.07499999999999999722, -0.02000000000000000042 ) ) ;
#6072 = ORIENTED_EDGE ( 'NONE', *, *, #365, .F. ) ;
#6073 = ADVANCED_FACE ( 'NONE', ( #8553 ), #2484, .F. ) ;
#6074 = VECTOR ( 'NONE', #4662, 39.37007874015748143 ) ;
#6075 = CARTESIAN_POINT ( 'NONE',  ( -0.08200000000000004508, -0.06500000000000000222, -0.02000000000000000042 ) ) ;
#6076 = EDGE_LOOP ( 'NONE', ( #8427, #7334, #8520, #6020 ) ) ;
#6077 = PLANE ( 'NONE',  #455 ) ;
#6078 = ADVANCED_FACE ( 'NONE', ( #6453 ), #1137, .T. ) ;
#6079 = ORIENTED_EDGE ( 'NONE', *, *, #3507, .F. ) ;
#6080 = PLANE ( 'NONE',  #3017 ) ;
#6081 = DIRECTION ( 'NONE',  ( 1.000000000000000000, 0.000000000000000000, -0.000000000000000000 ) ) ;
#6082 = VERTEX_POINT ( 'NONE', #6404 ) ;
#6083 = CARTESIAN_POINT ( 'NONE',  ( -0.1749999999999999889, 0.03500000000000000333, -0.02500000000000000139 ) ) ;
#6084 = EDGE_CURVE ( 'NONE', #5477, #6627, #3063, .T. ) ;
#6085 = VECTOR ( 'NONE', #7816, 39.37007874015748143 ) ;
#6086 = CARTESIAN_POINT ( 'NONE',  ( -0.2625000000000001221, 0.02000000000000000042, 0.04249999999999999611 ) ) ;
#6087 = CARTESIAN_POINT ( 'NONE',  ( 0.2625000000000000111, 0.000000000000000000, 0.1124999999999999889 ) ) ;
#6088 = VECTOR ( 'NONE', #8589, 39.37007874015748143 ) ;
#6089 = FACE_OUTER_BOUND ( 'NONE', #1311, .T. ) ;
#6090 = EDGE_CURVE ( 'NONE', #818, #226, #6800, .T. ) ;
#6091 = LINE ( 'NONE', #1485, #638 ) ;
#6092 = VERTEX_POINT ( 'NONE', #6497 ) ;
#6093 = FACE_BOUND ( 'NONE', #6142, .T. ) ;
#6094 = VECTOR ( 'NONE', #1675, 39.37007874015748143 ) ;
#6095 = CARTESIAN_POINT ( 'NONE',  ( 0.1749999999999999889, 0.2550000000000000044, 0.02500000000000000139 ) ) ;
#6096 = AXIS2_PLACEMENT_3D ( 'NONE', #5509, #6757, #3495 ) ;
#6097 = ORIENTED_EDGE ( 'NONE', *, *, #5547, .T. ) ;
#6098 = LINE ( 'NONE', #5427, #7929 ) ;
#6099 = DIRECTION ( 'NONE',  ( 0.000000000000000000, -1.000000000000000000, 0.000000000000000000 ) ) ;
#6100 = CARTESIAN_POINT ( 'NONE',  ( 0.000000000000000000, 0.1239999999999999991, 0.000000000000000000 ) ) ;
#6101 = ORIENTED_EDGE ( 'NONE', *, *, #6833, .F. ) ;
#6102 = DIRECTION ( 'NONE',  ( 0.000000000000000000, 0.000000000000000000, 1.000000000000000000 ) ) ;
#6103 = ORIENTED_EDGE ( 'NONE', *, *, #3641, .F. ) ;
#6104 = LINE ( 'NONE', #8738, #966 ) ;
#6105 = VERTEX_POINT ( 'NONE', #5119 ) ;
#6106 = ORIENTED_EDGE ( 'NONE', *, *, #7128, .F. ) ;
#6107 = DIRECTION ( 'NONE',  ( -1.000000000000000000, 0.000000000000000000, -0.000000000000000000 ) ) ;
#6108 = CARTESIAN_POINT ( 'NONE',  ( 0.2500000000000000000, -0.01499999999999999944, 0.03500000000000000333 ) ) ;
#6109 = CARTESIAN_POINT ( 'NONE',  ( 0.2500000000000000000, -0.01499999999999999944, 0.1874999999999999722 ) ) ;
#6110 = ADVANCED_FACE ( 'NONE', ( #4449 ), #8466, .F. ) ;
#6111 = FACE_OUTER_BOUND ( 'NONE', #1629, .T. ) ;
#6112 = ORIENTED_EDGE ( 'NONE', *, *, #60, .F. ) ;
#6113 = CARTESIAN_POINT ( 'NONE',  ( 0.1179999999999999938, -0.1000000000000000056, 0.1874999999999999722 ) ) ;
#6114 = CARTESIAN_POINT ( 'NONE',  ( 0.2625000000000000111, 0.05999999999999999778, -0.1124999999999999889 ) ) ;
#6115 = ORIENTED_EDGE ( 'NONE', *, *, #2007, .T. ) ;
#6116 = CARTESIAN_POINT ( 'NONE',  ( -0.08200000000000004508, -0.01499999999999999944, 0.02999999999999999889 ) ) ;
#6117 = DIRECTION ( 'NONE',  ( -1.000000000000000000, 0.000000000000000000, 0.000000000000000000 ) ) ;
#6118 = ORIENTED_EDGE ( 'NONE', *, *, #4690, .F. ) ;
#6119 = LINE ( 'NONE', #4070, #8067 ) ;
#6120 = EDGE_CURVE ( 'NONE', #6560, #6643, #7125, .T. ) ;
#6121 = DIRECTION ( 'NONE',  ( -1.000000000000000000, -0.000000000000000000, 0.000000000000000000 ) ) ;
#6122 = CARTESIAN_POINT ( 'NONE',  ( 0.01799999999999999864, -0.1000000000000000056, -0.01999999999999999001 ) ) ;
#6123 = CYLINDRICAL_SURFACE ( 'NONE', #1752, 0.008999999999999999320 ) ;
#6124 = ADVANCED_FACE ( 'NONE', ( #5788 ), #3730, .F. ) ;
#6125 = DIRECTION ( 'NONE',  ( -1.000000000000000000, 0.000000000000000000, 0.000000000000000000 ) ) ;
#6126 = PLANE ( 'NONE',  #6498 ) ;
#6127 = EDGE_LOOP ( 'NONE', ( #4675, #2412, #3995, #6667 ) ) ;
#6128 = DIRECTION ( 'NONE',  ( 0.000000000000000000, -1.000000000000000000, 0.000000000000000000 ) ) ;
#6129 = VECTOR ( 'NONE', #8559, 39.37007874015748143 ) ;
#6130 = ADVANCED_FACE ( 'NONE', ( #4207 ), #6392, .T. ) ;
#6131 = VERTEX_POINT ( 'NONE', #8406 ) ;
#6132 = EDGE_CURVE ( 'NONE', #6051, #20, #855, .T. ) ;
#6133 = VERTEX_POINT ( 'NONE', #7736 ) ;
#6134 = AXIS2_PLACEMENT_3D ( 'NONE', #1722, #1049, #2353 ) ;
#6135 = DIRECTION ( 'NONE',  ( 0.000000000000000000, -1.000000000000000000, 0.000000000000000000 ) ) ;
#6136 = ADVANCED_FACE ( 'NONE', ( #6976 ), #3002, .T. ) ;
#6137 = LINE ( 'NONE', #8772, #8416 ) ;
#6138 = CARTESIAN_POINT ( 'NONE',  ( 0.2500000000000000000, -0.06500000000000000222, 0.1874999999999999722 ) ) ;
#6139 = AXIS2_PLACEMENT_3D ( 'NONE', #1944, #8764, #6631 ) ;
#6140 = ORIENTED_EDGE ( 'NONE', *, *, #8389, .F. ) ;
#6141 = PLANE ( 'NONE',  #7729 ) ;
#6142 = EDGE_LOOP ( 'NONE', ( #5751, #4797, #6748, #823 ) ) ;
#6143 = DIRECTION ( 'NONE',  ( 0.000000000000000000, -1.000000000000000000, 0.000000000000000000 ) ) ;
#6144 = VECTOR ( 'NONE', #1061, 39.37007874015748143 ) ;
#6145 = DIRECTION ( 'NONE',  ( 0.000000000000000000, 0.000000000000000000, 1.000000000000000000 ) ) ;
#6146 = VERTEX_POINT ( 'NONE', #901 ) ;
#6147 = CARTESIAN_POINT ( 'NONE',  ( 0.08200000000000000344, 0.02999999999999999889, -0.02999999999999999889 ) ) ;
#6148 = VECTOR ( 'NONE', #4024, 39.37007874015748143 ) ;
#6149 = CYLINDRICAL_SURFACE ( 'NONE', #5238, 0.008999999999999997585 ) ;
#6150 = ORIENTED_EDGE ( 'NONE', *, *, #7820, .T. ) ;
#6151 = FACE_OUTER_BOUND ( 'NONE', #1158, .T. ) ;
#6152 = CARTESIAN_POINT ( 'NONE',  ( 0.002499999999999905076, 0.05650000000000000161, -0.06500000000000000222 ) ) ;
#6153 = ORIENTED_EDGE ( 'NONE', *, *, #7257, .F. ) ;
#6154 = AXIS2_PLACEMENT_3D ( 'NONE', #851, #6210, #3586 ) ;
#6155 = CARTESIAN_POINT ( 'NONE',  ( 0.2500000000000000000, -0.01499999999999999944, 0.03500000000000000333 ) ) ;
#6156 = EDGE_LOOP ( 'NONE', ( #5165, #7524 ) ) ;
#6157 = DIRECTION ( 'NONE',  ( 1.000000000000000000, -0.000000000000000000, 0.000000000000000000 ) ) ;
#6158 = ORIENTED_EDGE ( 'NONE', *, *, #661, .F. ) ;
#6159 = ADVANCED_FACE ( 'NONE', ( #8452 ), #2255, .F. ) ;
#6160 = CARTESIAN_POINT ( 'NONE',  ( 0.1680000000000000382, -0.07499999999999999722, 0.1874999999999999722 ) ) ;
#6161 = LINE ( 'NONE', #3355, #505 ) ;
#6163 = ORIENTED_EDGE ( 'NONE', *, *, #2300, .F. ) ;
#6162 = VECTOR ( 'NONE', #5991, 39.37007874015748143 ) ;
#6164 = DIRECTION ( 'NONE',  ( 0.000000000000000000, 0.000000000000000000, -1.000000000000000000 ) ) ;
#6165 = VECTOR ( 'NONE', #352, 39.37007874015748143 ) ;
#6166 = DIRECTION ( 'NONE',  ( 0.000000000000000000, -1.000000000000000000, 0.000000000000000000 ) ) ;
#6167 = CARTESIAN_POINT ( 'NONE',  ( -0.3125000000000000000, 0.2200000000000000011, -0.1124999999999999889 ) ) ;
#6168 = VECTOR ( 'NONE', #1831, 39.37007874015748143 ) ;
#6169 = LINE ( 'NONE', #6303, #8171 ) ;
#6170 = DIRECTION ( 'NONE',  ( 0.000000000000000000, -1.000000000000000000, 0.000000000000000000 ) ) ;
#6171 = EDGE_CURVE ( 'NONE', #7011, #5667, #2916, .T. ) ;
#6172 = CARTESIAN_POINT ( 'NONE',  ( 0.000000000000000000, -0.07499999999999999722, -0.02000000000000000042 ) ) ;
#6173 = ORIENTED_EDGE ( 'NONE', *, *, #1918, .F. ) ;
#6174 = FACE_BOUND ( 'NONE', #8616, .T. ) ;
#6175 = ORIENTED_EDGE ( 'NONE', *, *, #2483, .T. ) ;
#6176 = CARTESIAN_POINT ( 'NONE',  ( -0.08200000000000001732, 0.02999999999999999889, -0.01999999999999997960 ) ) ;
#6177 = EDGE_CURVE ( 'NONE', #4597, #7695, #4346, .T. ) ;
#6178 = CARTESIAN_POINT ( 'NONE',  ( -0.07499999999999999722, 0.1905000000000000027, -0.02500000000000000139 ) ) ;
#6179 = CARTESIAN_POINT ( 'NONE',  ( 0.2500000000000000000, -0.05999999999999999778, -0.01499999999999999944 ) ) ;
#6180 = EDGE_CURVE ( 'NONE', #5043, #4003, #948, .T. ) ;
#6181 = ORIENTED_EDGE ( 'NONE', *, *, #3629, .T. ) ;
#6182 = VERTEX_POINT ( 'NONE', #5555 ) ;
#6184 = ADVANCED_FACE ( 'NONE', ( #990 ), #7111, .F. ) ;
#6183 = LINE ( 'NONE', #4676, #2876 ) ;
#6185 = ORIENTED_EDGE ( 'NONE', *, *, #5156, .T. ) ;
#6186 = LINE ( 'NONE', #154, #7390 ) ;
#6187 = CARTESIAN_POINT ( 'NONE',  ( 0.000000000000000000, 0.000000000000000000, 0.000000000000000000 ) ) ;
#6188 = EDGE_LOOP ( 'NONE', ( #8475, #8347, #2302, #6454 ) ) ;
#6189 = CYLINDRICAL_SURFACE ( 'NONE', #4921, 0.01000000000000000021 ) ;
#6190 = ORIENTED_EDGE ( 'NONE', *, *, #5873, .T. ) ;
#6191 = FACE_OUTER_BOUND ( 'NONE', #4225, .T. ) ;
#6192 = VERTEX_POINT ( 'NONE', #2830 ) ;
#6193 = DIRECTION ( 'NONE',  ( 0.000000000000000000, -1.000000000000000000, 0.000000000000000000 ) ) ;
#6194 = CARTESIAN_POINT ( 'NONE',  ( 0.2500000000000000000, -0.02500000000000000139, 0.02999999999999999889 ) ) ;
#6195 = ADVANCED_FACE ( 'NONE', ( #183 ), #5644, .F. ) ;
#6196 = CIRCLE ( 'NONE', #6490, 0.01000000000000000021 ) ;
#6197 = LINE ( 'NONE', #6155, #2734 ) ;
#6198 = ORIENTED_EDGE ( 'NONE', *, *, #5796, .F. ) ;
#6199 = EDGE_LOOP ( 'NONE', ( #7852, #6996, #5499, #635 ) ) ;
#6200 = PLANE ( 'NONE',  #3743 ) ;
#6201 = EDGE_LOOP ( 'NONE', ( #1224, #4153, #127, #3035 ) ) ;
#6202 = PLANE ( 'NONE',  #8010 ) ;
#6203 = DIRECTION ( 'NONE',  ( 0.000000000000000000, 0.000000000000000000, 1.000000000000000000 ) ) ;
#6204 = ORIENTED_EDGE ( 'NONE', *, *, #6663, .F. ) ;
#6205 = CARTESIAN_POINT ( 'NONE',  ( -0.2249999999999999778, 0.03500000000000000333, -0.02500000000000000139 ) ) ;
#6206 = VECTOR ( 'NONE', #862, 39.37007874015748143 ) ;
#6207 = CIRCLE ( 'NONE', #8642, 0.008999999999999997585 ) ;
#6208 = DIRECTION ( 'NONE',  ( -1.000000000000000000, -0.000000000000000000, 0.000000000000000000 ) ) ;
#6209 = CARTESIAN_POINT ( 'NONE',  ( 0.06800000000000000488, -0.02500000000000000486, 0.02999999999999999542 ) ) ;
#6210 = DIRECTION ( 'NONE',  ( 0.000000000000000000, 1.000000000000000000, 0.000000000000000000 ) ) ;
#6211 = VECTOR ( 'NONE', #3271, 39.37007874015748143 ) ;
#6212 = CARTESIAN_POINT ( 'NONE',  ( 0.2179999999999999993, -0.06500000000000000222, -0.02999999999999994338 ) ) ;
#6213 = EDGE_LOOP ( 'NONE', ( #7887, #6275, #5891, #2041 ) ) ;
#6214 = ADVANCED_FACE ( 'NONE', ( #1484 ), #7599, .T. ) ;
#6215 = PLANE ( 'NONE',  #778 ) ;
#6216 = ORIENTED_EDGE ( 'NONE', *, *, #5684, .T. ) ;
#6217 = FACE_BOUND ( 'NONE', #7759, .T. ) ;
#6218 = VECTOR ( 'NONE', #1477, 39.37007874015748143 ) ;
#6219 = VECTOR ( 'NONE', #5410, 39.37007874015748143 ) ;
#6220 = ADVANCED_FACE ( 'NONE', ( #7690 ), #5602, .F. ) ;
#6221 = VECTOR ( 'NONE', #7885, 39.37007874015748143 ) ;
#6222 = VERTEX_POINT ( 'NONE', #1571 ) ;
#6223 = AXIS2_PLACEMENT_3D ( 'NONE', #302, #7591, #2196 ) ;
#6224 = AXIS2_PLACEMENT_3D ( 'NONE', #1755, #1706, #354 ) ;
#6225 = CARTESIAN_POINT ( 'NONE',  ( -0.2249999999999999778, 0.1905000000000000027, 0.01600000000000000380 ) ) ;
#6226 = LINE ( 'NONE', #5562, #4706 ) ;
#6227 = DIRECTION ( 'NONE',  ( 0.000000000000000000, 0.000000000000000000, 1.000000000000000000 ) ) ;
#6228 = ADVANCED_FACE ( 'NONE', ( #2205 ), #7022, .T. ) ;
#6229 = VERTEX_POINT ( 'NONE', #5010 ) ;
#6230 = ORIENTED_EDGE ( 'NONE', *, *, #1276, .T. ) ;
#6231 = CARTESIAN_POINT ( 'NONE',  ( 0.2500000000000000000, -0.01499999999999999771, 0.02000000000000000042 ) ) ;
#6232 = ORIENTED_EDGE ( 'NONE', *, *, #8368, .F. ) ;
#6233 = DIRECTION ( 'NONE',  ( -0.000000000000000000, -0.000000000000000000, 1.000000000000000000 ) ) ;
#6234 = DIRECTION ( 'NONE',  ( 0.000000000000000000, 0.000000000000000000, 1.000000000000000000 ) ) ;
#6235 = ADVANCED_FACE ( 'NONE', ( #6347 ), #2960, .T. ) ;
#6236 = ORIENTED_EDGE ( 'NONE', *, *, #8015, .F. ) ;
#6237 = CARTESIAN_POINT ( 'NONE',  ( 0.2500000000000000000, 0.02999999999999999889, 0.03000000000000009950 ) ) ;
#6238 = VERTEX_POINT ( 'NONE', #906 ) ;
#6239 = AXIS2_PLACEMENT_3D ( 'NONE', #8826, #2713, #1705 ) ;
#6240 = VERTEX_POINT ( 'NONE', #7201 ) ;
#6241 = DIRECTION ( 'NONE',  ( -1.000000000000000000, 0.000000000000000000, -0.000000000000000000 ) ) ;
#6242 = DIRECTION ( 'NONE',  ( -0.000000000000000000, 0.000000000000000000, -1.000000000000000000 ) ) ;
#6243 = EDGE_CURVE ( 'NONE', #7789, #8279, #1761, .T. ) ;
#6244 = DIRECTION ( 'NONE',  ( 0.000000000000000000, 0.000000000000000000, -1.000000000000000000 ) ) ;
#6245 = ORIENTED_EDGE ( 'NONE', *, *, #4098, .T. ) ;
#6246 = EDGE_LOOP ( 'NONE', ( #1818, #5323, #3237, #2447 ) ) ;
#6247 = DIRECTION ( 'NONE',  ( 0.000000000000000000, 0.4961389383568340361, -0.8682431421244591885 ) ) ;
#6248 = ORIENTED_EDGE ( 'NONE', *, *, #7807, .F. ) ;
#6249 = LINE ( 'NONE', #3618, #1612 ) ;
#6250 = LINE ( 'NONE', #799, #5801 ) ;
#6251 = ORIENTED_EDGE ( 'NONE', *, *, #7171, .T. ) ;
#6252 = DIRECTION ( 'NONE',  ( 0.000000000000000000, 1.000000000000000000, 0.000000000000000000 ) ) ;
#6253 = DIRECTION ( 'NONE',  ( -1.000000000000000000, 0.000000000000000000, 0.000000000000000000 ) ) ;
#6254 = DIRECTION ( 'NONE',  ( 0.000000000000000000, 1.000000000000000000, 0.000000000000000000 ) ) ;
#6255 = DIRECTION ( 'NONE',  ( -1.000000000000000000, 0.000000000000000000, -0.000000000000000000 ) ) ;
#6256 = PLANE ( 'NONE',  #6154 ) ;
#6257 = DIRECTION ( 'NONE',  ( 0.000000000000000000, 0.000000000000000000, -1.000000000000000000 ) ) ;
#6258 = LINE ( 'NONE', #6346, #6944 ) ;
#6259 = CARTESIAN_POINT ( 'NONE',  ( -0.06800000000000000488, -0.07499999999999999722, 0.000000000000000000 ) ) ;
#6260 = DIRECTION ( 'NONE',  ( 0.000000000000000000, 0.000000000000000000, -1.000000000000000000 ) ) ;
#6261 = ORIENTED_EDGE ( 'NONE', *, *, #7707, .T. ) ;
#6262 = CARTESIAN_POINT ( 'NONE',  ( -0.2625000000000000111, 0.000000000000000000, -0.1124999999999999889 ) ) ;
#6263 = ORIENTED_EDGE ( 'NONE', *, *, #421, .F. ) ;
#6264 = CARTESIAN_POINT ( 'NONE',  ( 0.1180000000000000077, -0.07499999999999999722, 0.1874999999999999722 ) ) ;
#6265 = EDGE_CURVE ( 'NONE', #2000, #4264, #7876, .T. ) ;
#6266 = VECTOR ( 'NONE', #7577, 39.37007874015748143 ) ;
#6267 = DIRECTION ( 'NONE',  ( 0.000000000000000000, 1.000000000000000000, 0.000000000000000000 ) ) ;
#6268 = DIRECTION ( 'NONE',  ( -1.000000000000000000, 0.000000000000000000, 0.000000000000000000 ) ) ;
#6269 = ORIENTED_EDGE ( 'NONE', *, *, #511, .F. ) ;
#6270 = VECTOR ( 'NONE', #3376, 39.37007874015748143 ) ;
#6271 = ORIENTED_EDGE ( 'NONE', *, *, #863, .T. ) ;
#6272 = CARTESIAN_POINT ( 'NONE',  ( -0.1680000000000000382, -0.05999999999999999778, -0.01499999999999999944 ) ) ;
#6273 = ORIENTED_EDGE ( 'NONE', *, *, #5019, .F. ) ;
#6274 = DIRECTION ( 'NONE',  ( 0.000000000000000000, 1.707404996040157067E-15, 1.000000000000000000 ) ) ;
#6275 = ORIENTED_EDGE ( 'NONE', *, *, #8422, .F. ) ;
#6276 = ADVANCED_FACE ( 'NONE', ( #8411 ), #1088, .T. ) ;
#6277 = CARTESIAN_POINT ( 'NONE',  ( 0.1819999999999999951, -0.02500000000000000139, 0.1874999999999999722 ) ) ;
#6278 = ORIENTED_EDGE ( 'NONE', *, *, #3192, .T. ) ;
#6279 = EDGE_LOOP ( 'NONE', ( #7854, #23, #2905, #7430, #5212, #3554, #2239, #8735, #4064, #824, #4141, #7665, #1630, #7726, #315 ) ) ;
#6280 = FACE_BOUND ( 'NONE', #3046, .T. ) ;
#6281 = VECTOR ( 'NONE', #8486, 39.37007874015748143 ) ;
#6282 = CARTESIAN_POINT ( 'NONE',  ( -0.1319999999999999785, -0.06500000000000000222, -0.01499999999999995608 ) ) ;
#6283 = EDGE_CURVE ( 'NONE', #3078, #6388, #5832, .T. ) ;
#6284 = AXIS2_PLACEMENT_3D ( 'NONE', #8028, #1826, #3254 ) ;
#6285 = CARTESIAN_POINT ( 'NONE',  ( 0.2625000000000000111, 0.2049999999999999878, -0.06500000000000000222 ) ) ;
#6286 = ORIENTED_EDGE ( 'NONE', *, *, #5272, .T. ) ;
#6287 = VECTOR ( 'NONE', #7578, 39.37007874015748854 ) ;
#6288 = VERTEX_POINT ( 'NONE', #3635 ) ;
#6289 = LINE ( 'NONE', #6869, #7167 ) ;
#6290 = ORIENTED_EDGE ( 'NONE', *, *, #4819, .T. ) ;
#6291 = DIRECTION ( 'NONE',  ( -0.000000000000000000, -1.000000000000000000, 0.000000000000000000 ) ) ;
#6292 = LINE ( 'NONE', #257, #7793 ) ;
#6293 = ORIENTED_EDGE ( 'NONE', *, *, #5808, .T. ) ;
#6294 = CARTESIAN_POINT ( 'NONE',  ( -0.1749999999999999889, 0.2550000000000000044, 0.01600000000000000380 ) ) ;
#6295 = ADVANCED_FACE ( 'NONE', ( #2301 ), #4484, .T. ) ;
#6296 = CARTESIAN_POINT ( 'NONE',  ( -0.1474999999999999367, 0.000000000000000000, -0.1124999999999999889 ) ) ;
#6297 = VECTOR ( 'NONE', #4075, 39.37007874015748143 ) ;
#6298 = EDGE_CURVE ( 'NONE', #1959, #762, #3142, .T. ) ;
#6299 = DIRECTION ( 'NONE',  ( 0.000000000000000000, 0.000000000000000000, -1.000000000000000000 ) ) ;
#6300 = DIRECTION ( 'NONE',  ( 0.000000000000000000, 0.000000000000000000, -1.000000000000000000 ) ) ;
#6301 = DIRECTION ( 'NONE',  ( -0.000000000000000000, 0.000000000000000000, -1.000000000000000000 ) ) ;
#6302 = CIRCLE ( 'NONE', #4733, 0.005000000000000021788 ) ;
#6303 = CARTESIAN_POINT ( 'NONE',  ( 0.2500000000000000000, -0.05999999999999999778, -0.02000000000000000042 ) ) ;
#6304 = EDGE_CURVE ( 'NONE', #777, #1650, #8546, .T. ) ;
#6305 = DIRECTION ( 'NONE',  ( 0.000000000000000000, -0.000000000000000000, 1.000000000000000000 ) ) ;
#6306 = CARTESIAN_POINT ( 'NONE',  ( -0.2500000000000000000, 0.02999999999999999889, -0.05000000000000000278 ) ) ;
#6307 = DIRECTION ( 'NONE',  ( -0.000000000000000000, -1.000000000000000000, -0.000000000000000000 ) ) ;
#6308 = ORIENTED_EDGE ( 'NONE', *, *, #2394, .T. ) ;
#6309 = CARTESIAN_POINT ( 'NONE',  ( 0.08200000000000000344, -0.01499999999999999944, 0.03500000000000000333 ) ) ;
#6310 = VECTOR ( 'NONE', #4478, 39.37007874015748143 ) ;
#6311 = AXIS2_PLACEMENT_3D ( 'NONE', #8568, #2372, #7855 ) ;
#6312 = VERTEX_POINT ( 'NONE', #6397 ) ;
#6313 = PLANE ( 'NONE',  #2223 ) ;
#6314 = DIRECTION ( 'NONE',  ( 0.000000000000000000, -1.000000000000000000, 0.000000000000000000 ) ) ;
#6315 = DIRECTION ( 'NONE',  ( 0.000000000000000000, 0.000000000000000000, -1.000000000000000000 ) ) ;
#6316 = ORIENTED_EDGE ( 'NONE', *, *, #7336, .F. ) ;
#6317 = EDGE_CURVE ( 'NONE', #3443, #7555, #7832, .T. ) ;
#6318 = VERTEX_POINT ( 'NONE', #5018 ) ;
#6319 = VERTEX_POINT ( 'NONE', #5153 ) ;
#6320 = DIRECTION ( 'NONE',  ( 1.000000000000000000, -0.000000000000000000, -0.000000000000000000 ) ) ;
#6321 = ORIENTED_EDGE ( 'NONE', *, *, #8143, .T. ) ;
#6322 = CARTESIAN_POINT ( 'NONE',  ( -0.06800000000000000488, 0.02999999999999999889, 0.01999999999999999001 ) ) ;
#6323 = VERTEX_POINT ( 'NONE', #3721 ) ;
#6324 = ADVANCED_FACE ( 'NONE', ( #319 ), #3007, .T. ) ;
#6325 = ORIENTED_EDGE ( 'NONE', *, *, #5339, .F. ) ;
#6326 = CARTESIAN_POINT ( 'NONE',  ( -0.1319999999999999785, -0.01000000000000000021, 0.02999999999999999542 ) ) ;
#6327 = CARTESIAN_POINT ( 'NONE',  ( -0.2625000000000000111, 0.2049999999999999878, -0.06500000000000000222 ) ) ;
#6328 = EDGE_CURVE ( 'NONE', #7290, #2464, #2390, .T. ) ;
#6329 = LINE ( 'NONE', #7760, #1011 ) ;
#6330 = ORIENTED_EDGE ( 'NONE', *, *, #788, .F. ) ;
#6331 = VERTEX_POINT ( 'NONE', #2476 ) ;
#6332 = DIRECTION ( 'NONE',  ( -1.000000000000000000, 0.000000000000000000, 0.000000000000000000 ) ) ;
#6333 = VERTEX_POINT ( 'NONE', #7918 ) ;
#6334 = DIRECTION ( 'NONE',  ( -0.000000000000000000, 0.7071067811865469066, -0.7071067811865479058 ) ) ;
#6335 = CARTESIAN_POINT ( 'NONE',  ( 0.1680000000000000382, 0.02999999999999999889, -0.01999999999999997960 ) ) ;
#6336 = ORIENTED_EDGE ( 'NONE', *, *, #7975, .T. ) ;
#6337 = DIRECTION ( 'NONE',  ( 1.000000000000000000, 0.000000000000000000, -0.000000000000000000 ) ) ;
#6338 = VECTOR ( 'NONE', #1404, 39.37007874015748143 ) ;
#6339 = DIRECTION ( 'NONE',  ( 0.000000000000000000, -1.000000000000000000, 0.000000000000000000 ) ) ;
#6340 = EDGE_CURVE ( 'NONE', #6238, #1502, #7027, .T. ) ;
#6341 = LINE ( 'NONE', #2955, #6783 ) ;
#6342 = EDGE_CURVE ( 'NONE', #6950, #142, #231, .T. ) ;
#6343 = DIRECTION ( 'NONE',  ( -1.000000000000000000, 0.000000000000000000, 0.000000000000000000 ) ) ;
#6344 = LINE ( 'NONE', #4476, #3886 ) ;
#6345 = FACE_OUTER_BOUND ( 'NONE', #98, .T. ) ;
#6346 = CARTESIAN_POINT ( 'NONE',  ( 0.2179999999999999993, 0.02999999999999999889, -0.05000000000000000278 ) ) ;
#6347 = FACE_OUTER_BOUND ( 'NONE', #1091, .T. ) ;
#6348 = LINE ( 'NONE', #5107, #4927 ) ;
#6349 = AXIS2_PLACEMENT_3D ( 'NONE', #6548, #5664, #4979 ) ;
#6350 = ORIENTED_EDGE ( 'NONE', *, *, #1968, .F. ) ;
#6351 = DIRECTION ( 'NONE',  ( -0.000000000000000000, 0.000000000000000000, 1.000000000000000000 ) ) ;
#6352 = EDGE_CURVE ( 'NONE', #1247, #5287, #6354, .T. ) ;
#6353 = VECTOR ( 'NONE', #2613, 39.37007874015748143 ) ;
#6354 = LINE ( 'NONE', #2347, #3241 ) ;
#6355 = EDGE_CURVE ( 'NONE', #6828, #4977, #8235, .T. ) ;
#6356 = AXIS2_PLACEMENT_3D ( 'NONE', #1308, #7387, #4030 ) ;
#6357 = ORIENTED_EDGE ( 'NONE', *, *, #7404, .T. ) ;
#6358 = LINE ( 'NONE', #7790, #4359 ) ;
#6359 = CARTESIAN_POINT ( 'NONE',  ( 0.3125000000000000000, 0.2049999999999999878, -0.03749999999999999861 ) ) ;
#6360 = AXIS2_PLACEMENT_3D ( 'NONE', #4818, #2019, #7550 ) ;
#6361 = VECTOR ( 'NONE', #7066, 39.37007874015748143 ) ;
#6362 = DIRECTION ( 'NONE',  ( 1.000000000000000000, 0.000000000000000000, -0.000000000000000000 ) ) ;
#6363 = LINE ( 'NONE', #3466, #1233 ) ;
#6364 = VECTOR ( 'NONE', #7000, 39.37007874015748143 ) ;
#6365 = ORIENTED_EDGE ( 'NONE', *, *, #261, .F. ) ;
#6366 = ORIENTED_EDGE ( 'NONE', *, *, #4613, .T. ) ;
#6367 = AXIS2_PLACEMENT_3D ( 'NONE', #3925, #5134, #6653 ) ;
#6368 = VERTEX_POINT ( 'NONE', #6487 ) ;
#6369 = DIRECTION ( 'NONE',  ( -1.000000000000000000, 0.000000000000000000, -0.000000000000000000 ) ) ;
#6370 = EDGE_LOOP ( 'NONE', ( #1254, #4682, #5585, #6931 ) ) ;
#6371 = DIRECTION ( 'NONE',  ( -0.000000000000000000, 1.000000000000000000, 0.000000000000000000 ) ) ;
#6372 = VERTEX_POINT ( 'NONE', #5781 ) ;
#6373 = FACE_BOUND ( 'NONE', #3793, .T. ) ;
#6374 = DIRECTION ( 'NONE',  ( 0.000000000000000000, -1.000000000000000000, 0.000000000000000000 ) ) ;
#6375 = VECTOR ( 'NONE', #3059, 39.37007874015748143 ) ;
#6376 = LINE ( 'NONE', #7002, #3723 ) ;
#6377 = ORIENTED_EDGE ( 'NONE', *, *, #2951, .F. ) ;
#6378 = VERTEX_POINT ( 'NONE', #2395 ) ;
#6379 = CARTESIAN_POINT ( 'NONE',  ( 0.2500000000000000000, 0.02999999999999999542, -0.02000000000000000042 ) ) ;
#6380 = VERTEX_POINT ( 'NONE', #1713 ) ;
#6381 = LINE ( 'NONE', #209, #8732 ) ;
#6382 = CARTESIAN_POINT ( 'NONE',  ( 0.07499999999999999722, 0.1905000000000000027, 0.02500000000000000139 ) ) ;
#6383 = ORIENTED_EDGE ( 'NONE', *, *, #7884, .F. ) ;
#6384 = CARTESIAN_POINT ( 'NONE',  ( -0.3125000000000000000, 0.2049999999999999878, -0.03749999999999999167 ) ) ;
#6385 = EDGE_CURVE ( 'NONE', #8484, #2769, #4440, .T. ) ;
#6386 = DIRECTION ( 'NONE',  ( 0.000000000000000000, 0.000000000000000000, -1.000000000000000000 ) ) ;
#6387 = PLANE ( 'NONE',  #5502 ) ;
#6388 = VERTEX_POINT ( 'NONE', #3857 ) ;
#6389 = CARTESIAN_POINT ( 'NONE',  ( -0.2500000000000000000, 0.000000000000000000, 0.1874999999999999722 ) ) ;
#6390 = DIRECTION ( 'NONE',  ( 0.000000000000000000, 0.7071067811865479058, 0.7071067811865469066 ) ) ;
#6391 = LINE ( 'NONE', #4205, #7953 ) ;
#6392 = PLANE ( 'NONE',  #1952 ) ;
#6393 = DIRECTION ( 'NONE',  ( 0.000000000000000000, 0.000000000000000000, 1.000000000000000000 ) ) ;
#6394 = ORIENTED_EDGE ( 'NONE', *, *, #2605, .F. ) ;
#6395 = CARTESIAN_POINT ( 'NONE',  ( 0.1819999999999999951, -0.01499999999999999771, 0.01999999999999999695 ) ) ;
#6396 = EDGE_CURVE ( 'NONE', #3573, #3602, #8807, .T. ) ;
#6397 = CARTESIAN_POINT ( 'NONE',  ( -0.01799999999999999517, 0.02999999999999999889, 0.02000000000000003164 ) ) ;
#6398 = EDGE_CURVE ( 'NONE', #3797, #6465, #5371, .T. ) ;
#6399 = EDGE_LOOP ( 'NONE', ( #6158, #6636, #2047, #8118 ) ) ;
#6400 = PLANE ( 'NONE',  #1640 ) ;
#6401 = DIRECTION ( 'NONE',  ( -1.000000000000000000, 0.000000000000000000, -0.000000000000000000 ) ) ;
#6402 = CARTESIAN_POINT ( 'NONE',  ( -0.1250000000000000000, 0.1905000000000000027, -0.02500000000000000139 ) ) ;
#6403 = EDGE_CURVE ( 'NONE', #3112, #2119, #2609, .T. ) ;
#6404 = CARTESIAN_POINT ( 'NONE',  ( 0.01799999999999998823, -0.01499999999999999598, 0.03500000000000000333 ) ) ;
#6405 = ORIENTED_EDGE ( 'NONE', *, *, #913, .T. ) ;
#6406 = EDGE_CURVE ( 'NONE', #3849, #680, #5519, .T. ) ;
#6407 = ADVANCED_FACE ( 'NONE', ( #4530 ), #7337, .F. ) ;
#6408 = ORIENTED_EDGE ( 'NONE', *, *, #6496, .T. ) ;
#6409 = ORIENTED_EDGE ( 'NONE', *, *, #2505, .F. ) ;
#6410 = CARTESIAN_POINT ( 'NONE',  ( 0.1320000000000000062, -0.01499999999999999944, 0.03500000000000000333 ) ) ;
#6411 = PRODUCT_CONTEXT ( 'NONE', #7282, 'mechanical' ) ;
#6412 = EDGE_CURVE ( 'NONE', #2967, #7944, #7247, .T. ) ;
#6413 = CARTESIAN_POINT ( 'NONE',  ( 0.1680000000000000382, -0.1000000000000000056, 0.1874999999999999722 ) ) ;
#6414 = PRODUCT ( 'TFML-110-01-L-D-RA_pins', 'TFML-110-01-L-D-RA_pins', '', ( #2714 ) ) ;
#6415 = CARTESIAN_POINT ( 'NONE',  ( 0.002499999999999939337, 0.2049999999999999878, -0.06500000000000000222 ) ) ;
#6416 = AXIS2_PLACEMENT_3D ( 'NONE', #2375, #5094, #346 ) ;
#6417 = EDGE_LOOP ( 'NONE', ( #5135, #6534, #4322, #1093 ) ) ;
#6418 = CARTESIAN_POINT ( 'NONE',  ( 0.2500000000000000000, -0.01499999999999999944, 0.03500000000000000333 ) ) ;
#6419 = ORIENTED_EDGE ( 'NONE', *, *, #5315, .F. ) ;
#6420 = ORIENTED_EDGE ( 'NONE', *, *, #2694, .F. ) ;
#6421 = CARTESIAN_POINT ( 'NONE',  ( 0.2500000000000000000, 0.02999999999999999889, -0.02999999999999999889 ) ) ;
#6422 = VERTEX_POINT ( 'NONE', #2519 ) ;
#6423 = CARTESIAN_POINT ( 'NONE',  ( -0.2625000000000000111, 0.05650000000000000161, -0.06500000000000000222 ) ) ;
#6424 = VECTOR ( 'NONE', #5472, 39.37007874015748143 ) ;
#6425 = LINE ( 'NONE', #5045, #7079 ) ;
#6426 = ORIENTED_EDGE ( 'NONE', *, *, #1528, .T. ) ;
#6427 = FACE_OUTER_BOUND ( 'NONE', #7624, .T. ) ;
#6428 = DIRECTION ( 'NONE',  ( -1.000000000000000000, 0.000000000000000000, -0.000000000000000000 ) ) ;
#6429 = VECTOR ( 'NONE', #7181, 39.37007874015748143 ) ;
#6430 = VECTOR ( 'NONE', #8638, 39.37007874015748143 ) ;
#6431 = CARTESIAN_POINT ( 'NONE',  ( 0.1819999999999999951, -0.06500000000000000222, 0.1874999999999999722 ) ) ;
#6432 = VERTEX_POINT ( 'NONE', #3984 ) ;
#6433 = EDGE_CURVE ( 'NONE', #2040, #8498, #8101, .T. ) ;
#6434 = CARTESIAN_POINT ( 'NONE',  ( -0.03200000000000000067, 0.03000000000000000583, 0.03000000000000000930 ) ) ;
#6435 = CARTESIAN_POINT ( 'NONE',  ( -0.08200000000000000344, -0.02500000000000000486, 0.1874999999999999722 ) ) ;
#6436 = CARTESIAN_POINT ( 'NONE',  ( -0.06800000000000000488, -0.02500000000000000139, 0.02999999999999999889 ) ) ;
#6437 = CARTESIAN_POINT ( 'NONE',  ( 0.2500000000000000000, -0.01000000000000000021, 0.02999999999999999889 ) ) ;
#6438 = FACE_OUTER_BOUND ( 'NONE', #5115, .T. ) ;
#6440 = ORIENTED_EDGE ( 'NONE', *, *, #3949, .T. ) ;
#6439 = AXIS2_PLACEMENT_3D ( 'NONE', #1715, #5114, #5154 ) ;
#6441 = CARTESIAN_POINT ( 'NONE',  ( -0.06800000000000000488, 0.02999999999999999889, 0.03000000000000008910 ) ) ;
#6442 = VECTOR ( 'NONE', #4066, 39.37007874015748143 ) ;
#6443 = AXIS2_PLACEMENT_3D ( 'NONE', #825, #1762, #997 ) ;
#6444 = CARTESIAN_POINT ( 'NONE',  ( 0.1250000000000000000, 0.2550000000000000044, -0.03400000000000000244 ) ) ;
#6445 = ADVANCED_FACE ( 'NONE', ( #4570 ), #7963, .T. ) ;
#6446 = DIRECTION ( 'NONE',  ( -1.000000000000000000, 0.000000000000000000, 0.000000000000000000 ) ) ;
#6447 = EDGE_LOOP ( 'NONE', ( #6544, #8166, #7228, #5483 ) ) ;
#6448 = CARTESIAN_POINT ( 'NONE',  ( 0.2500000000000000000, 0.02999999999999999889, 0.03000000000000009950 ) ) ;
#6449 = LINE ( 'NONE', #277, #2248 ) ;
#6450 = VECTOR ( 'NONE', #4392, 39.37007874015748143 ) ;
#6451 = VECTOR ( 'NONE', #6301, 39.37007874015748143 ) ;
#6452 = CARTESIAN_POINT ( 'NONE',  ( 0.000000000000000000, -0.07499999999999999722, -0.02000000000000000042 ) ) ;
#6453 = FACE_OUTER_BOUND ( 'NONE', #2494, .T. ) ;
#6454 = ORIENTED_EDGE ( 'NONE', *, *, #5150, .F. ) ;
#6455 = ADVANCED_FACE ( 'NONE', ( #5240 ), #1846, .F. ) ;
#6456 = ORIENTED_EDGE ( 'NONE', *, *, #3091, .F. ) ;
#6457 = ADVANCED_FACE ( 'NONE', ( #5999 ), #489, .F. ) ;
#6458 = EDGE_LOOP ( 'NONE', ( #3272, #2132, #461, #4760 ) ) ;
#6459 = DIRECTION ( 'NONE',  ( 0.000000000000000000, -1.000000000000000000, 0.000000000000000000 ) ) ;
#6460 = CONTEXT_DEPENDENT_SHAPE_REPRESENTATION ( #3345, #7058 ) ;
#6461 = CARTESIAN_POINT ( 'NONE',  ( 0.2774999999999999689, 0.2200000000000000011, 0.08000000000000001554 ) ) ;
#6462 = ADVANCED_FACE ( 'NONE', ( #4695 ), #4656, .T. ) ;
#6463 = CARTESIAN_POINT ( 'NONE',  ( -0.2320000000000000118, 0.03000000000000000583, -0.02999999999999992256 ) ) ;
#6464 = EDGE_CURVE ( 'NONE', #1798, #1887, #7498, .T. ) ;
#6465 = VERTEX_POINT ( 'NONE', #6755 ) ;
#6466 = DIRECTION ( 'NONE',  ( -1.000000000000000000, 0.000000000000000000, 0.000000000000000000 ) ) ;
#6467 = ORIENTED_EDGE ( 'NONE', *, *, #1044, .F. ) ;
#6468 = VERTEX_POINT ( 'NONE', #621 ) ;
#6469 = DIRECTION ( 'NONE',  ( -0.7071067811865479058, 0.7071067811865469066, 0.000000000000000000 ) ) ;
#6470 = ORIENTED_EDGE ( 'NONE', *, *, #8561, .F. ) ;
#6471 = DIRECTION ( 'NONE',  ( 0.000000000000000000, 0.000000000000000000, -1.000000000000000000 ) ) ;
#6472 = CARTESIAN_POINT ( 'NONE',  ( -0.2320000000000000118, -0.1000000000000000056, 0.1874999999999999722 ) ) ;
#6473 = VERTEX_POINT ( 'NONE', #3190 ) ;
#6474 = CARTESIAN_POINT ( 'NONE',  ( 0.07499999999999999722, 0.03500000000000000333, 0.02500000000000000139 ) ) ;
#6475 = EDGE_CURVE ( 'NONE', #374, #6555, #3361, .T. ) ;
#6476 = DIRECTION ( 'NONE',  ( 0.000000000000000000, 1.000000000000000000, 0.000000000000000000 ) ) ;
#6477 = DIRECTION ( 'NONE',  ( -1.000000000000000000, 0.000000000000000000, -0.000000000000000000 ) ) ;
#6478 = ORIENTED_EDGE ( 'NONE', *, *, #727, .F. ) ;
#6479 = LINE ( 'NONE', #7193, #879 ) ;
#6480 = VERTEX_POINT ( 'NONE', #6086 ) ;
#6481 = LINE ( 'NONE', #988, #4317 ) ;
#6482 = CARTESIAN_POINT ( 'NONE',  ( -0.1819999999999999951, 0.02999999999999999889, -0.05000000000000000278 ) ) ;
#6483 = DIRECTION ( 'NONE',  ( 0.000000000000000000, 0.000000000000000000, 1.000000000000000000 ) ) ;
#6484 = DIRECTION ( 'NONE',  ( 0.000000000000000000, -1.000000000000000000, 0.000000000000000000 ) ) ;
#6485 = VERTEX_POINT ( 'NONE', #2695 ) ;
#6486 = CARTESIAN_POINT ( 'NONE',  ( -0.1749999999999999889, 0.2550000000000000044, -0.02500000000000000139 ) ) ;
#6487 = CARTESIAN_POINT ( 'NONE',  ( -0.03200000000000000067, -0.06500000000000000222, 0.1874999999999999722 ) ) ;
#6488 = LINE ( 'NONE', #7920, #1310 ) ;
#6489 = EDGE_CURVE ( 'NONE', #4041, #6105, #5414, .T. ) ;
#6490 = AXIS2_PLACEMENT_3D ( 'NONE', #7706, #8558, #4365 ) ;
#6491 = ORIENTED_EDGE ( 'NONE', *, *, #3288, .T. ) ;
#6492 = CARTESIAN_POINT ( 'NONE',  ( -0.2625000000000000666, 0.01999999999999999695, -0.04249999999999998918 ) ) ;
#6493 = VECTOR ( 'NONE', #7252, 39.37007874015748143 ) ;
#6494 = DIRECTION ( 'NONE',  ( 0.000000000000000000, -1.000000000000000000, 0.000000000000000000 ) ) ;
#6495 = LINE ( 'NONE', #8551, #4439 ) ;
#6496 = EDGE_CURVE ( 'NONE', #3865, #20, #5217, .T. ) ;
#6497 = CARTESIAN_POINT ( 'NONE',  ( 0.1680000000000000382, -0.01000000000000000021, 0.02999999999999999542 ) ) ;
#6498 = AXIS2_PLACEMENT_3D ( 'NONE', #4034, #4872, #679 ) ;
#6499 = ORIENTED_EDGE ( 'NONE', *, *, #873, .T. ) ;
#6500 = VECTOR ( 'NONE', #8747, 39.37007874015748143 ) ;
#6501 = AXIS2_PLACEMENT_3D ( 'NONE', #4575, #5968, #5711 ) ;
#6502 = ORIENTED_EDGE ( 'NONE', *, *, #6340, .F. ) ;
#6503 = ORIENTED_EDGE ( 'NONE', *, *, #5796, .T. ) ;
#6504 = AXIS2_PLACEMENT_3D ( 'NONE', #2150, #6252, #4384 ) ;
#6505 = VECTOR ( 'NONE', #8407, 39.37007874015748143 ) ;
#6506 = LINE ( 'NONE', #2313, #2069 ) ;
#6507 = VECTOR ( 'NONE', #7895, 39.37007874015748854 ) ;
#6508 = PLANE ( 'NONE',  #8281 ) ;
#6509 = ADVANCED_FACE ( 'NONE', ( #848 ), #2865, .F. ) ;
#6510 = DIRECTION ( 'NONE',  ( 1.000000000000000000, 0.000000000000000000, 0.000000000000000000 ) ) ;
#6511 = AXIS2_PLACEMENT_3D ( 'NONE', #6861, #4805, #1963 ) ;
#6512 = ORIENTED_EDGE ( 'NONE', *, *, #5750, .T. ) ;
#6513 = CIRCLE ( 'NONE', #7516, 0.005000000000000021788 ) ;
#6514 = DIRECTION ( 'NONE',  ( -0.000000000000000000, -0.000000000000000000, 1.000000000000000000 ) ) ;
#6515 = ADVANCED_FACE ( 'NONE', ( #8271 ), #3448, .T. ) ;
#6516 = ORIENTED_EDGE ( 'NONE', *, *, #5873, .F. ) ;
#6517 = FACE_OUTER_BOUND ( 'NONE', #7365, .T. ) ;
#6518 = ORIENTED_EDGE ( 'NONE', *, *, #2801, .T. ) ;
#6519 = DIRECTION ( 'NONE',  ( 0.000000000000000000, -1.000000000000000000, 0.000000000000000000 ) ) ;
#6520 = LINE ( 'NONE', #3125, #1383 ) ;
#6521 = AXIS2_PLACEMENT_3D ( 'NONE', #8550, #7747, #5065 ) ;
#6522 = VERTEX_POINT ( 'NONE', #2199 ) ;
#6523 = DIRECTION ( 'NONE',  ( -0.000000000000000000, -1.000000000000000000, -0.000000000000000000 ) ) ;
#6524 = CARTESIAN_POINT ( 'NONE',  ( 0.2500000000000000000, -0.06500000000000000222, -0.02000000000000000042 ) ) ;
#6525 = ADVANCED_FACE ( 'NONE', ( #4910 ), #7639, .T. ) ;
#6526 = CARTESIAN_POINT ( 'NONE',  ( -0.07499999999999999722, 0.2550000000000000044, 0.02500000000000000139 ) ) ;
#6527 = EDGE_CURVE ( 'NONE', #1959, #7967, #90, .T. ) ;
#6528 = ORIENTED_EDGE ( 'NONE', *, *, #7003, .F. ) ;
#6529 = DIRECTION ( 'NONE',  ( 0.000000000000000000, 0.000000000000000000, -1.000000000000000000 ) ) ;
#6530 = EDGE_LOOP ( 'NONE', ( #1724, #8210, #7316, #2530, #8827, #2853, #8656, #4888 ) ) ;
#6531 = DIRECTION ( 'NONE',  ( -0.000000000000000000, 1.000000000000000000, 0.000000000000000000 ) ) ;
#6532 = DIRECTION ( 'NONE',  ( 0.000000000000000000, -1.000000000000000000, 0.000000000000000000 ) ) ;
#6533 = CARTESIAN_POINT ( 'NONE',  ( -0.2180000000000000826, -0.01499999999999999944, 0.1874999999999999722 ) ) ;
#6534 = ORIENTED_EDGE ( 'NONE', *, *, #8429, .F. ) ;
#6535 = DIRECTION ( 'NONE',  ( 0.000000000000000000, 0.000000000000000000, 1.000000000000000000 ) ) ;
#6536 = DIRECTION ( 'NONE',  ( 0.000000000000000000, -1.000000000000000000, 0.000000000000000000 ) ) ;
#6537 = CARTESIAN_POINT ( 'NONE',  ( 0.2500000000000000000, 0.02999999999999999889, -0.02999999999999999889 ) ) ;
#6538 = VERTEX_POINT ( 'NONE', #1397 ) ;
#6539 = CARTESIAN_POINT ( 'NONE',  ( 0.2179999999999999993, -0.01499999999999999771, 0.02000000000000004552 ) ) ;
#6540 = ORIENTED_EDGE ( 'NONE', *, *, #4448, .T. ) ;
#6541 = PLANE ( 'NONE',  #3794 ) ;
#6542 = DIRECTION ( 'NONE',  ( 0.000000000000000000, 0.000000000000000000, 1.000000000000000000 ) ) ;
#6543 = DIRECTION ( 'NONE',  ( 1.000000000000000000, 0.000000000000000000, -0.000000000000000000 ) ) ;
#6544 = ORIENTED_EDGE ( 'NONE', *, *, #1670, .F. ) ;
#6545 = EDGE_LOOP ( 'NONE', ( #8436, #2397, #5317, #1728 ) ) ;
#6546 = EDGE_LOOP ( 'NONE', ( #7113, #8371, #4419, #3760, #1116, #5385 ) ) ;
#6547 = EDGE_CURVE ( 'NONE', #689, #1055, #3490, .T. ) ;
#6548 = CARTESIAN_POINT ( 'NONE',  ( 0.2625000000000000111, 0.05650000000000000161, -0.06500000000000000222 ) ) ;
#6549 = DIRECTION ( 'NONE',  ( 0.000000000000000000, 1.000000000000000000, 0.000000000000000000 ) ) ;
#6550 = CARTESIAN_POINT ( 'NONE',  ( 0.2625000000000000111, 0.2049999999999999878, 0.06500000000000000222 ) ) ;
#6551 = ORIENTED_EDGE ( 'NONE', *, *, #4549, .T. ) ;
#6552 = CARTESIAN_POINT ( 'NONE',  ( 0.000000000000000000, 0.1905000000000000027, 0.000000000000000000 ) ) ;
#6553 = ORIENTED_EDGE ( 'NONE', *, *, #7154, .F. ) ;
#6554 = ADVANCED_FACE ( 'NONE', ( #4821 ), #4256, .T. ) ;
#6555 = VERTEX_POINT ( 'NONE', #6834 ) ;
#6556 = DIRECTION ( 'NONE',  ( -1.000000000000000000, -0.000000000000000000, 0.000000000000000000 ) ) ;
#6557 = VERTEX_POINT ( 'NONE', #4201 ) ;
#6558 = LINE ( 'NONE', #5220, #6168 ) ;
#6559 = LINE ( 'NONE', #3882, #7653 ) ;
#6560 = VERTEX_POINT ( 'NONE', #177 ) ;
#6561 = DIRECTION ( 'NONE',  ( 0.000000000000000000, -1.000000000000000000, 0.000000000000000000 ) ) ;
#6562 = VECTOR ( 'NONE', #1277, 39.37007874015748143 ) ;
#6563 = DIRECTION ( 'NONE',  ( 0.000000000000000000, 1.000000000000000000, 0.000000000000000000 ) ) ;
#6564 = LINE ( 'NONE', #3219, #3296 ) ;
#6565 = EDGE_LOOP ( 'NONE', ( #4829, #7568, #6993, #197 ) ) ;
#6566 = AXIS2_PLACEMENT_3D ( 'NONE', #4038, #7345, #1185 ) ;
#6567 = DIRECTION ( 'NONE',  ( 1.000000000000000000, 0.000000000000000000, -0.000000000000000000 ) ) ;
#6568 = CARTESIAN_POINT ( 'NONE',  ( -0.1680000000000000382, -0.07499999999999999722, -0.02000000000000000042 ) ) ;
#6569 = ADVANCED_FACE ( 'NONE', ( #3402 ), #8233, .T. ) ;
#6570 = ORIENTED_EDGE ( 'NONE', *, *, #1994, .T. ) ;
#6571 = DIRECTION ( 'NONE',  ( 1.000000000000000000, 0.000000000000000000, -0.000000000000000000 ) ) ;
#6572 = FACE_OUTER_BOUND ( 'NONE', #3166, .T. ) ;
#6573 = EDGE_LOOP ( 'NONE', ( #8289, #4686, #4279, #5983 ) ) ;
#6574 = CARTESIAN_POINT ( 'NONE',  ( -0.2320000000000000118, -0.06500000000000000222, -0.02999999999999994338 ) ) ;
#6575 = EDGE_CURVE ( 'NONE', #6082, #7349, #930, .T. ) ;
#6576 = AXIS2_PLACEMENT_3D ( 'NONE', #2289, #3707, #2994 ) ;
#6577 = EDGE_CURVE ( 'NONE', #3386, #6380, #359, .T. ) ;
#6578 = CARTESIAN_POINT ( 'NONE',  ( -0.2500000000000000000, 0.000000000000000000, 0.1874999999999999722 ) ) ;
#6579 = LINE ( 'NONE', #3191, #7302 ) ;
#6580 = CIRCLE ( 'NONE', #7716, 0.005000000000000021788 ) ;
#6581 = ORIENTED_EDGE ( 'NONE', *, *, #2752, .T. ) ;
#6582 = CIRCLE ( 'NONE', #1586, 0.008999999999999997585 ) ;
#6583 = CARTESIAN_POINT ( 'NONE',  ( -0.03200000000000000067, -0.1000000000000000056, 0.02000000000000009409 ) ) ;
#6584 = EDGE_LOOP ( 'NONE', ( #4636, #3911, #7172, #744 ) ) ;
#6585 = CARTESIAN_POINT ( 'NONE',  ( 0.1680000000000000382, 0.03000000000000000583, -0.02999999999999992256 ) ) ;
#6586 = LINE ( 'NONE', #5200, #563 ) ;
#6587 = EDGE_CURVE ( 'NONE', #139, #4329, #6880, .T. ) ;
#6588 = AXIS2_PLACEMENT_3D ( 'NONE', #6710, #2652, #7339 ) ;
#6589 = ORIENTED_EDGE ( 'NONE', *, *, #3091, .T. ) ;
#6590 = VERTEX_POINT ( 'NONE', #4073 ) ;
#6591 = VERTEX_POINT ( 'NONE', #711 ) ;
#6592 = PLANE ( 'NONE',  #487 ) ;
#6593 = CIRCLE ( 'NONE', #1599, 0.008999999999999999320 ) ;
#6594 = DIRECTION ( 'NONE',  ( 0.000000000000000000, 1.000000000000000000, -0.000000000000000000 ) ) ;
#6595 = SHAPE_REPRESENTATION ( 'TFML-110-01-L-D-RA_terminal', ( #2184 ), #3044 ) ;
#6596 = CARTESIAN_POINT ( 'NONE',  ( -0.1819999999999999951, -0.1000000000000000056, -0.01999999999999999001 ) ) ;
#6597 = EDGE_CURVE ( 'NONE', #6883, #1340, #674, .T. ) ;
#6598 = AXIS2_PLACEMENT_3D ( 'NONE', #3095, #5187, #6390 ) ;
#6599 = ORIENTED_EDGE ( 'NONE', *, *, #6597, .F. ) ;
#6600 = ORIENTED_EDGE ( 'NONE', *, *, #2130, .F. ) ;
#6601 = AXIS2_PLACEMENT_3D ( 'NONE', #5044, #4151, #752 ) ;
#6602 = DIRECTION ( 'NONE',  ( 0.000000000000000000, 0.000000000000000000, -1.000000000000000000 ) ) ;
#6603 = EDGE_LOOP ( 'NONE', ( #3662, #1007, #3754, #3177 ) ) ;
#6604 = ORIENTED_EDGE ( 'NONE', *, *, #7396, .T. ) ;
#6605 = EDGE_CURVE ( 'NONE', #912, #6828, #4118, .T. ) ;
#6606 = PRESENTATION_STYLE_ASSIGNMENT (( #2548 ) ) ;
#6607 = ORIENTED_EDGE ( 'NONE', *, *, #6061, .F. ) ;
#6608 = CARTESIAN_POINT ( 'NONE',  ( 0.2500000000000000000, 0.02999999999999999889, 0.02000000000000010103 ) ) ;
#6609 = CARTESIAN_POINT ( 'NONE',  ( 0.1320000000000000062, 0.02999999999999999889, 0.03000000000000008910 ) ) ;
#6610 = ORIENTED_EDGE ( 'NONE', *, *, #1106, .T. ) ;
#6611 = LINE ( 'NONE', #2459, #1955 ) ;
#6612 = FACE_OUTER_BOUND ( 'NONE', #258, .T. ) ;
#6613 = EDGE_CURVE ( 'NONE', #4183, #7529, #2063, .T. ) ;
#6614 = DIRECTION ( 'NONE',  ( 1.000000000000000000, 0.000000000000000000, -0.000000000000000000 ) ) ;
#6615 = VERTEX_POINT ( 'NONE', #756 ) ;
#6616 = CARTESIAN_POINT ( 'NONE',  ( 0.000000000000000000, 0.1905000000000000027, 0.000000000000000000 ) ) ;
#6617 = DIRECTION ( 'NONE',  ( 0.000000000000000000, 0.000000000000000000, -1.000000000000000000 ) ) ;
#6618 = ORIENTED_EDGE ( 'NONE', *, *, #3410, .F. ) ;
#6619 = PLANE ( 'NONE',  #8093 ) ;
#6620 = LINE ( 'NONE', #483, #4364 ) ;
#6621 = ORIENTED_EDGE ( 'NONE', *, *, #2080, .T. ) ;
#6622 = LINE ( 'NONE', #485, #5211 ) ;
#6623 = EDGE_CURVE ( 'NONE', #754, #598, #2825, .T. ) ;
#6624 = CARTESIAN_POINT ( 'NONE',  ( 0.1320000000000000062, -0.05999999999999999778, -0.02000000000000000042 ) ) ;
#6625 = CARTESIAN_POINT ( 'NONE',  ( -0.2179999999999999993, -0.02500000000000000139, 0.1874999999999999722 ) ) ;
#6626 = ADVANCED_FACE ( 'NONE', ( #7594 ), #1479, .F. ) ;
#6627 = VERTEX_POINT ( 'NONE', #7059 ) ;
#6628 = DIRECTION ( 'NONE',  ( 0.000000000000000000, 0.000000000000000000, 1.000000000000000000 ) ) ;
#6629 = ORIENTED_EDGE ( 'NONE', *, *, #2315, .F. ) ;
#6630 = CARTESIAN_POINT ( 'NONE',  ( 0.2500000000000000000, -0.06500000000000000222, -0.02999999999999999889 ) ) ;
#6631 = DIRECTION ( 'NONE',  ( 0.000000000000000000, 0.000000000000000000, -1.000000000000000000 ) ) ;
#6632 = CIRCLE ( 'NONE', #2775, 0.008999999999999997585 ) ;
#6633 = EDGE_CURVE ( 'NONE', #1285, #5609, #6207, .T. ) ;
#6634 = EDGE_LOOP ( 'NONE', ( #1462, #835, #7806, #4757 ) ) ;
#6635 = VECTOR ( 'NONE', #1951, 39.37007874015748143 ) ;
#6636 = ORIENTED_EDGE ( 'NONE', *, *, #672, .T. ) ;
#6637 = DIRECTION ( 'NONE',  ( -1.000000000000000000, 0.000000000000000000, -0.000000000000000000 ) ) ;
#6638 = AXIS2_PLACEMENT_3D ( 'NONE', #143, #2878, #8197 ) ;
#6639 = CARTESIAN_POINT ( 'NONE',  ( 0.2500000000000000000, 0.02999999999999999889, 0.03000000000000009950 ) ) ;
#6640 = PRODUCT_DEFINITION_SHAPE ( 'NONE', 'NONE',  #498 ) ;
#6641 = CARTESIAN_POINT ( 'NONE',  ( 0.1749999999999999889, 0.2550000000000000044, 0.03400000000000000244 ) ) ;
#6642 = VECTOR ( 'NONE', #7148, 39.37007874015748143 ) ;
#6643 = VERTEX_POINT ( 'NONE', #3672 ) ;
#6644 = AXIS2_PLACEMENT_3D ( 'NONE', #4347, #7828, #224 ) ;
#6645 = PLANE ( 'NONE',  #2025 ) ;
#6646 = ORIENTED_EDGE ( 'NONE', *, *, #7933, .F. ) ;
#6647 = EDGE_CURVE ( 'NONE', #4994, #1972, #8358, .T. ) ;
#6648 = VECTOR ( 'NONE', #5474, 39.37007874015748143 ) ;
#6649 = FACE_OUTER_BOUND ( 'NONE', #2847, .T. ) ;
#6650 = DIRECTION ( 'NONE',  ( 0.000000000000000000, 0.000000000000000000, 1.000000000000000000 ) ) ;
#6651 = VERTEX_POINT ( 'NONE', #8400 ) ;
#6652 = FACE_OUTER_BOUND ( 'NONE', #6530, .T. ) ;
#6653 = DIRECTION ( 'NONE',  ( -1.000000000000000000, 0.000000000000000000, -0.000000000000000000 ) ) ;
#6654 = DIRECTION ( 'NONE',  ( 0.000000000000000000, -1.000000000000000000, 0.000000000000000000 ) ) ;
#6655 = CARTESIAN_POINT ( 'NONE',  ( 0.2500000000000000000, -0.01499999999999999944, 0.1874999999999999722 ) ) ;
#6656 = PLANE ( 'NONE',  #8287 ) ;
#6657 = ORIENTED_EDGE ( 'NONE', *, *, #5537, .T. ) ;
#6658 = VECTOR ( 'NONE', #212, 39.37007874015748143 ) ;
#6659 = FACE_OUTER_BOUND ( 'NONE', #2267, .T. ) ;
#6660 = AXIS2_PLACEMENT_3D ( 'NONE', #1214, #1795, #5146 ) ;
#6661 = PLANE ( 'NONE',  #2173 ) ;
#6662 = ORIENTED_EDGE ( 'NONE', *, *, #19, .T. ) ;
#6663 = EDGE_CURVE ( 'NONE', #5452, #1040, #6341, .T. ) ;
#6664 = CARTESIAN_POINT ( 'NONE',  ( 0.1680000000000000382, -0.1000000000000000056, 0.02999999999999998848 ) ) ;
#6665 = DIRECTION ( 'NONE',  ( 0.000000000000000000, 0.000000000000000000, -1.000000000000000000 ) ) ;
#6666 = VECTOR ( 'NONE', #3054, 39.37007874015748143 ) ;
#6667 = ORIENTED_EDGE ( 'NONE', *, *, #4456, .T. ) ;
#6668 = DIRECTION ( 'NONE',  ( 0.000000000000000000, 0.7071067811865480168, 0.7071067811865470176 ) ) ;
#6669 = DIRECTION ( 'NONE',  ( 0.000000000000000000, 0.000000000000000000, -1.000000000000000000 ) ) ;
#6670 = PLANE ( 'NONE',  #1591 ) ;
#6671 = ORIENTED_EDGE ( 'NONE', *, *, #6433, .F. ) ;
#6672 = EDGE_CURVE ( 'NONE', #3146, #3126, #784, .T. ) ;
#6673 = VECTOR ( 'NONE', #4800, 39.37007874015748143 ) ;
#6674 = CARTESIAN_POINT ( 'NONE',  ( 0.2179999999999999993, -0.07499999999999999722, 0.1874999999999999722 ) ) ;
#6675 = VERTEX_POINT ( 'NONE', #349 ) ;
#6676 = CARTESIAN_POINT ( 'NONE',  ( 0.2500000000000000000, 0.02999999999999999889, -0.05000000000000000278 ) ) ;
#6677 = DIRECTION ( 'NONE',  ( 1.000000000000000000, 0.000000000000000000, -0.000000000000000000 ) ) ;
#6678 = ADVANCED_FACE ( 'NONE', ( #7685 ), #5140, .T. ) ;
#6679 = VERTEX_POINT ( 'NONE', #6431 ) ;
#6680 = VERTEX_POINT ( 'NONE', #217 ) ;
#6681 = CARTESIAN_POINT ( 'NONE',  ( 0.2500000000000000000, -0.06500000000000000222, 0.1874999999999999722 ) ) ;
#6682 = EDGE_CURVE ( 'NONE', #5604, #1508, #306, .T. ) ;
#6683 = DIRECTION ( 'NONE',  ( -0.000000000000000000, -1.000000000000000000, -0.000000000000000000 ) ) ;
#6684 = CARTESIAN_POINT ( 'NONE',  ( -0.1680000000000000382, 0.02999999999999999889, 0.01999999999999999001 ) ) ;
#6685 = EDGE_CURVE ( 'NONE', #973, #334, #2075, .T. ) ;
#6686 = ORIENTED_EDGE ( 'NONE', *, *, #5564, .F. ) ;
#6688 = ADVANCED_FACE ( 'NONE', ( #1565 ), #4473, .T. ) ;
#6687 = DIRECTION ( 'NONE',  ( 0.000000000000000000, 0.000000000000000000, 1.000000000000000000 ) ) ;
#6689 = ORIENTED_EDGE ( 'NONE', *, *, #3491, .T. ) ;
#6690 = LINE ( 'NONE', #6021, #5110 ) ;
#6691 = ORIENTED_EDGE ( 'NONE', *, *, #6283, .T. ) ;
#6692 = PLANE ( 'NONE',  #2336 ) ;
#6693 = ORIENTED_EDGE ( 'NONE', *, *, #2142, .F. ) ;
#6694 = LINE ( 'NONE', #7411, #7950 ) ;
#6695 = PLANE ( 'NONE',  #2147 ) ;
#6696 = DIRECTION ( 'NONE',  ( -1.000000000000000000, 0.000000000000000000, -0.000000000000000000 ) ) ;
#6697 = DIRECTION ( 'NONE',  ( -0.000000000000000000, -0.000000000000000000, -1.000000000000000000 ) ) ;
#6698 = VERTEX_POINT ( 'NONE', #4297 ) ;
#6699 = CARTESIAN_POINT ( 'NONE',  ( 0.08200000000000000344, -0.07499999999999999722, -0.02000000000000000042 ) ) ;
#6700 = ORIENTED_EDGE ( 'NONE', *, *, #1052, .F. ) ;
#6701 = CARTESIAN_POINT ( 'NONE',  ( 0.000000000000000000, -0.07499999999999999722, 0.000000000000000000 ) ) ;
#6702 = ORIENTED_EDGE ( 'NONE', *, *, #4666, .T. ) ;
#6703 = CARTESIAN_POINT ( 'NONE',  ( -0.2625000000000002887, 0.02000000000000000042, 0.04249999999999999611 ) ) ;
#6704 = AXIS2_PLACEMENT_3D ( 'NONE', #3521, #5533, #2276 ) ;
#6705 = DIRECTION ( 'NONE',  ( 0.000000000000000000, 0.000000000000000000, -1.000000000000000000 ) ) ;
#6706 = VERTEX_POINT ( 'NONE', #2249 ) ;
#6707 = DIRECTION ( 'NONE',  ( 0.000000000000000000, 0.000000000000000000, 1.000000000000000000 ) ) ;
#6708 = EDGE_CURVE ( 'NONE', #3004, #151, #7070, .T. ) ;
#6709 = CARTESIAN_POINT ( 'NONE',  ( -0.03200000000000000067, -0.07499999999999999722, 0.1874999999999999722 ) ) ;
#6710 = CARTESIAN_POINT ( 'NONE',  ( 0.2179999999999999993, -0.01000000000000000021, 0.03500000000000000333 ) ) ;
#6711 = DIRECTION ( 'NONE',  ( -0.000000000000000000, -0.000000000000000000, 1.000000000000000000 ) ) ;
#6712 = DIRECTION ( 'NONE',  ( 0.000000000000000000, -0.4961389383568337585, 0.8682431421244591885 ) ) ;
#6713 = ORIENTED_EDGE ( 'NONE', *, *, #4016, .T. ) ;
#6714 = CARTESIAN_POINT ( 'NONE',  ( 0.2500000000000000000, 0.02999999999999999889, 0.04249999999999999611 ) ) ;
#6715 = VECTOR ( 'NONE', #8038, 39.37007874015748143 ) ;
#6716 = DIRECTION ( 'NONE',  ( 0.000000000000000000, -1.000000000000000000, 0.000000000000000000 ) ) ;
#6717 = EDGE_CURVE ( 'NONE', #2141, #3224, #1226, .T. ) ;
#6718 = CARTESIAN_POINT ( 'NONE',  ( 0.1819999999999999951, 0.000000000000000000, 0.1874999999999999722 ) ) ;
#6719 = ORIENTED_EDGE ( 'NONE', *, *, #4668, .T. ) ;
#6720 = LINE ( 'NONE', #5886, #3782 ) ;
#6721 = VECTOR ( 'NONE', #576, 39.37007874015748143 ) ;
#6722 = CARTESIAN_POINT ( 'NONE',  ( -0.1250000000000000000, 0.1905000000000000027, 0.01600000000000000380 ) ) ;
#6723 = DIRECTION ( 'NONE',  ( -1.000000000000000000, 0.000000000000000000, 0.000000000000000000 ) ) ;
#6724 = EDGE_CURVE ( 'NONE', #5541, #517, #8214, .T. ) ;
#6725 = ADVANCED_FACE ( 'NONE', ( #1614 ), #6387, .F. ) ;
#6726 = EDGE_LOOP ( 'NONE', ( #830, #79, #5790, #730, #7436, #4379, #4130, #8592 ) ) ;
#6727 = VECTOR ( 'NONE', #1255, 39.37007874015748143 ) ;
#6728 = CARTESIAN_POINT ( 'NONE',  ( -0.1250000000000000000, 0.2550000000000000044, -0.01600000000000000380 ) ) ;
#6729 = VERTEX_POINT ( 'NONE', #2338 ) ;
#6730 = DIRECTION ( 'NONE',  ( -0.000000000000000000, 0.000000000000000000, 1.000000000000000000 ) ) ;
#6731 = EDGE_CURVE ( 'NONE', #8346, #3201, #5050, .T. ) ;
#6732 = ORIENTED_EDGE ( 'NONE', *, *, #4871, .F. ) ;
#6733 = CARTESIAN_POINT ( 'NONE',  ( -0.06800000000000000488, -0.01499999999999999771, 0.01999999999999999695 ) ) ;
#6734 = CARTESIAN_POINT ( 'NONE',  ( 0.002499999999999950179, 0.000000000000000000, -0.08250000000000000389 ) ) ;
#6735 = DIRECTION ( 'NONE',  ( 0.5773502691896251759, -0.5773502691896263972, -0.5773502691896256200 ) ) ;
#6736 = VECTOR ( 'NONE', #1124, 39.37007874015748143 ) ;
#6737 = CARTESIAN_POINT ( 'NONE',  ( 0.2500000000000000000, -0.01499999999999999944, 0.1874999999999999722 ) ) ;
#6738 = EDGE_CURVE ( 'NONE', #3718, #3573, #5771, .T. ) ;
#6739 = AXIS2_PLACEMENT_3D ( 'NONE', #5851, #3795, #7765 ) ;
#6740 = EDGE_CURVE ( 'NONE', #8092, #889, #4389, .T. ) ;
#6741 = DIRECTION ( 'NONE',  ( 0.000000000000000000, -1.000000000000000000, 0.000000000000000000 ) ) ;
#6742 = ORIENTED_EDGE ( 'NONE', *, *, #1436, .T. ) ;
#6743 = VECTOR ( 'NONE', #1200, 39.37007874015748143 ) ;
#6744 = DIRECTION ( 'NONE',  ( 0.000000000000000000, 1.000000000000000000, 0.000000000000000000 ) ) ;
#6745 = ORIENTED_EDGE ( 'NONE', *, *, #8195, .T. ) ;
#6746 = CARTESIAN_POINT ( 'NONE',  ( 0.2500000000000000000, -0.01499999999999999944, 0.1874999999999999722 ) ) ;
#6747 = EDGE_CURVE ( 'NONE', #1465, #374, #985, .T. ) ;
#6748 = ORIENTED_EDGE ( 'NONE', *, *, #2460, .F. ) ;
#6749 = LINE ( 'NONE', #6160, #8719 ) ;
#6750 = DIRECTION ( 'NONE',  ( 0.000000000000000000, 0.000000000000000000, 1.000000000000000000 ) ) ;
#6751 = ORIENTED_EDGE ( 'NONE', *, *, #6396, .F. ) ;
#6752 = CARTESIAN_POINT ( 'NONE',  ( 0.000000000000000000, -0.07499999999999999722, -0.02000000000000000042 ) ) ;
#6753 = EDGE_LOOP ( 'NONE', ( #8196, #2508 ) ) ;
#6754 = EDGE_CURVE ( 'NONE', #7084, #1247, #2594, .T. ) ;
#6755 = CARTESIAN_POINT ( 'NONE',  ( -0.03200000000000000067, -0.07499999999999999722, 0.1874999999999999722 ) ) ;
#6756 = CARTESIAN_POINT ( 'NONE',  ( 0.2775000000000000244, 0.2200000000000000566, 0.08000000000000000167 ) ) ;
#6757 = DIRECTION ( 'NONE',  ( -1.000000000000000000, 0.000000000000000000, 0.000000000000000000 ) ) ;
#6758 = CARTESIAN_POINT ( 'NONE',  ( 0.2249999999999999778, 0.1905000000000000027, -0.03400000000000000244 ) ) ;
#6759 = ORIENTED_EDGE ( 'NONE', *, *, #6980, .T. ) ;
#6760 = CARTESIAN_POINT ( 'NONE',  ( -0.02500000000000000139, 0.1905000000000000027, -0.03400000000000000244 ) ) ;
#6761 = FACE_OUTER_BOUND ( 'NONE', #4422, .T. ) ;
#6762 = DIRECTION ( 'NONE',  ( 0.000000000000000000, 0.000000000000000000, 1.000000000000000000 ) ) ;
#6763 = EDGE_LOOP ( 'NONE', ( #6467, #1883 ) ) ;
#6764 = CARTESIAN_POINT ( 'NONE',  ( -0.2625000000000000111, 0.05650000000000000161, 0.06500000000000000222 ) ) ;
#6765 = EDGE_CURVE ( 'NONE', #1573, #2873, #2463, .T. ) ;
#6766 = CARTESIAN_POINT ( 'NONE',  ( 0.000000000000000000, 0.05650000000000000161, -0.08999999999999999667 ) ) ;
#6767 = DIRECTION ( 'NONE',  ( 0.000000000000000000, 0.000000000000000000, 1.000000000000000000 ) ) ;
#6768 = CIRCLE ( 'NONE', #4065, 0.008999999999999999320 ) ;
#6769 = EDGE_LOOP ( 'NONE', ( #7542, #3327, #1380, #1588, #5512, #2033, #1737, #657 ) ) ;
#6770 = DIRECTION ( 'NONE',  ( 0.000000000000000000, 0.000000000000000000, -1.000000000000000000 ) ) ;
#6771 = VERTEX_POINT ( 'NONE', #7281 ) ;
#6772 = AXIS2_PLACEMENT_3D ( 'NONE', #5560, #8331, #4217 ) ;
#6773 = CARTESIAN_POINT ( 'NONE',  ( 0.000000000000000000, 0.1905000000000000027, 0.000000000000000000 ) ) ;
#6774 = VERTEX_POINT ( 'NONE', #5267 ) ;
#6775 = EDGE_CURVE ( 'NONE', #3700, #3028, #4213, .T. ) ;
#6776 = LENGTH_MEASURE_WITH_UNIT ( LENGTH_MEASURE( 0.02539999999999999897 ), #6819 );
#6777 = DIRECTION ( 'NONE',  ( 0.000000000000000000, -1.000000000000000000, 0.000000000000000000 ) ) ;
#6778 = ORIENTED_EDGE ( 'NONE', *, *, #2740, .F. ) ;
#6779 = DIRECTION ( 'NONE',  ( -1.000000000000000000, 0.000000000000000000, 0.000000000000000000 ) ) ;
#6780 = DIRECTION ( 'NONE',  ( 0.000000000000000000, 0.000000000000000000, -1.000000000000000000 ) ) ;
#6781 = VECTOR ( 'NONE', #8325, 39.37007874015748143 ) ;
#6782 = EDGE_CURVE ( 'NONE', #3573, #6990, #1879, .T. ) ;
#6783 = VECTOR ( 'NONE', #2995, 39.37007874015748143 ) ;
#6784 = CARTESIAN_POINT ( 'NONE',  ( -0.1819999999999999951, -0.02500000000000000486, 0.1874999999999999722 ) ) ;
#6785 = ORIENTED_EDGE ( 'NONE', *, *, #2283, .T. ) ;
#6786 = FACE_OUTER_BOUND ( 'NONE', #7447, .T. ) ;
#6787 = VERTEX_POINT ( 'NONE', #4643 ) ;
#6788 = CARTESIAN_POINT ( 'NONE',  ( 0.2625000000000000111, 0.05999999999999999778, -0.1124999999999999889 ) ) ;
#6789 = ORIENTED_EDGE ( 'NONE', *, *, #2862, .T. ) ;
#6790 = DIRECTION ( 'NONE',  ( 0.000000000000000000, -1.000000000000000000, 0.000000000000000000 ) ) ;
#6791 = CARTESIAN_POINT ( 'NONE',  ( 0.2500000000000000000, -0.05999999999999999778, -0.02000000000000000042 ) ) ;
#6792 = VECTOR ( 'NONE', #4114, 39.37007874015748143 ) ;
#6793 = ORIENTED_EDGE ( 'NONE', *, *, #1859, .F. ) ;
#6794 = LINE ( 'NONE', #4154, #789 ) ;
#6795 = EDGE_CURVE ( 'NONE', #2671, #5089, #5859, .T. ) ;
#6796 = VECTOR ( 'NONE', #4945, 39.37007874015748143 ) ;
#6797 = AXIS2_PLACEMENT_3D ( 'NONE', #2821, #1348, #84 ) ;
#6798 = CARTESIAN_POINT ( 'NONE',  ( -0.08200000000000000344, -0.1000000000000000056, -0.02999999999999988440 ) ) ;
#6799 = FACE_OUTER_BOUND ( 'NONE', #3437, .T. ) ;
#6800 = CIRCLE ( 'NONE', #4526, 0.008999999999999999320 ) ;
#6801 = CARTESIAN_POINT ( 'NONE',  ( 0.2249999999999999778, 0.2550000000000000044, 0.02500000000000000139 ) ) ;
#6802 = ORIENTED_EDGE ( 'NONE', *, *, #7015, .F. ) ;
#6803 = FACE_OUTER_BOUND ( 'NONE', #1294, .T. ) ;
#6804 = ORIENTED_EDGE ( 'NONE', *, *, #7783, .T. ) ;
#6805 = CARTESIAN_POINT ( 'NONE',  ( -0.06800000000000000488, 0.02999999999999999889, 0.1874999999999999722 ) ) ;
#6806 = CARTESIAN_POINT ( 'NONE',  ( 0.06800000000000000488, -0.1000000000000000056, 0.1874999999999999722 ) ) ;
#6807 = CIRCLE ( 'NONE', #3105, 0.004999999999999997502 ) ;
#6808 = ORIENTED_EDGE ( 'NONE', *, *, #6243, .T. ) ;
#6809 = CARTESIAN_POINT ( 'NONE',  ( 0.1749999999999999889, 0.03500000000000000333, 0.02500000000000000139 ) ) ;
#6810 = CARTESIAN_POINT ( 'NONE',  ( 0.3125000000000000000, 0.2200000000000000011, 0.08749999999999995282 ) ) ;
#6811 = FACE_OUTER_BOUND ( 'NONE', #8672, .T. ) ;
#6812 = EDGE_CURVE ( 'NONE', #1521, #4700, #1120, .T. ) ;
#6813 = ORIENTED_EDGE ( 'NONE', *, *, #503, .F. ) ;
#6814 = LINE ( 'NONE', #4179, #3164 ) ;
#6815 = ORIENTED_EDGE ( 'NONE', *, *, #3641, .T. ) ;
#6816 = CARTESIAN_POINT ( 'NONE',  ( 0.002499999999999931530, 0.08985714285714289928, -0.1124999999999999889 ) ) ;
#6817 = PRODUCT_CONTEXT ( 'NONE', #254, 'mechanical' ) ;
#6818 = ORIENTED_EDGE ( 'NONE', *, *, #6180, .F. ) ;
#6819 =( LENGTH_UNIT ( ) NAMED_UNIT ( * ) SI_UNIT ( $, .METRE. ) );
#6820 = LINE ( 'NONE', #1418, #3373 ) ;
#6821 = ORIENTED_EDGE ( 'NONE', *, *, #5074, .F. ) ;
#6822 = LINE ( 'NONE', #3302, #7990 ) ;
#6823 = CARTESIAN_POINT ( 'NONE',  ( -0.2180000000000000271, -0.05999999999999999778, -0.01499999999999999944 ) ) ;
#6824 = EDGE_CURVE ( 'NONE', #6560, #2973, #8576, .T. ) ;
#6825 = CARTESIAN_POINT ( 'NONE',  ( 0.000000000000000000, 0.2200000000000000011, 0.08000000000000000167 ) ) ;
#6826 = ORIENTED_EDGE ( 'NONE', *, *, #5697, .F. ) ;
#6827 = DIRECTION ( 'NONE',  ( 0.000000000000000000, 0.000000000000000000, 1.000000000000000000 ) ) ;
#6828 = VERTEX_POINT ( 'NONE', #5949 ) ;
#6829 = LINE ( 'NONE', #704, #7719 ) ;
#6830 = DIRECTION ( 'NONE',  ( 0.000000000000000000, 0.000000000000000000, 1.000000000000000000 ) ) ;
#6831 = EDGE_LOOP ( 'NONE', ( #4316, #6691, #372, #7120 ) ) ;
#6832 = CARTESIAN_POINT ( 'NONE',  ( 0.06800000000000000488, -0.1000000000000000056, 0.02000000000000009409 ) ) ;
#6833 = EDGE_CURVE ( 'NONE', #3123, #4994, #1163, .T. ) ;
#6834 = CARTESIAN_POINT ( 'NONE',  ( -0.08200000000000001732, -0.01499999999999999598, 0.1874999999999999722 ) ) ;
#6835 = EDGE_CURVE ( 'NONE', #7695, #6323, #4924, .T. ) ;
#6836 = VECTOR ( 'NONE', #2499, 39.37007874015748143 ) ;
#6837 = CARTESIAN_POINT ( 'NONE',  ( 0.3125000000000000000, 0.2200000000000000011, 0.05249999999999999806 ) ) ;
#6838 = CARTESIAN_POINT ( 'NONE',  ( 0.1749999999999999889, 0.03500000000000000333, -0.03400000000000000244 ) ) ;
#6839 = DIRECTION ( 'NONE',  ( 1.000000000000000000, -0.000000000000000000, -0.000000000000000000 ) ) ;
#6840 = DIRECTION ( 'NONE',  ( 0.000000000000000000, 0.000000000000000000, 1.000000000000000000 ) ) ;
#6841 = ORIENTED_EDGE ( 'NONE', *, *, #5623, .T. ) ;
#6842 = FACE_BOUND ( 'NONE', #2532, .T. ) ;
#6843 = ADVANCED_FACE ( 'NONE', ( #3888 ), #1293, .T. ) ;
#6844 = VECTOR ( 'NONE', #4808, 39.37007874015748143 ) ;
#6845 = EDGE_CURVE ( 'NONE', #611, #4547, #7374, .T. ) ;
#6846 = ORIENTED_EDGE ( 'NONE', *, *, #776, .T. ) ;
#6847 = AXIS2_PLACEMENT_3D ( 'NONE', #4972, #6314, #4314 ) ;
#6848 = DIRECTION ( 'NONE',  ( -1.000000000000000000, 0.000000000000000000, 0.000000000000000000 ) ) ;
#6849 = ADVANCED_FACE ( 'NONE', ( #3176 ), #7993, .F. ) ;
#6850 = DIRECTION ( 'NONE',  ( 0.000000000000000000, 1.707404996040157067E-15, 1.000000000000000000 ) ) ;
#6851 = CARTESIAN_POINT ( 'NONE',  ( 0.1819999999999999951, -0.01000000000000000021, 0.03500000000000000333 ) ) ;
#6852 = VECTOR ( 'NONE', #8399, 39.37007874015748143 ) ;
#6853 = ORIENTED_EDGE ( 'NONE', *, *, #1918, .T. ) ;
#6854 = DIRECTION ( 'NONE',  ( 1.951319995474470178E-15, -0.000000000000000000, -1.000000000000000000 ) ) ;
#6855 = ORIENTED_EDGE ( 'NONE', *, *, #3358, .F. ) ;
#6856 = DIRECTION ( 'NONE',  ( -1.000000000000000000, 0.000000000000000000, -0.000000000000000000 ) ) ;
#6857 = VECTOR ( 'NONE', #659, 39.37007874015748143 ) ;
#6858 = ORIENTED_EDGE ( 'NONE', *, *, #6754, .F. ) ;
#6859 = PLANE ( 'NONE',  #316 ) ;
#6860 = EDGE_LOOP ( 'NONE', ( #2573, #903, #5178, #3408, #5072, #4853, #4046, #7046 ) ) ;
#6861 = CARTESIAN_POINT ( 'NONE',  ( -0.07499999999999999722, 0.03500000000000000333, -0.02500000000000000139 ) ) ;
#6862 = ORIENTED_EDGE ( 'NONE', *, *, #4092, .T. ) ;
#6863 = CYLINDRICAL_SURFACE ( 'NONE', #6704, 0.008999999999999997585 ) ;
#6864 = LINE ( 'NONE', #4055, #1306 ) ;
#6865 = AXIS2_PLACEMENT_3D ( 'NONE', #3471, #6059, #4133 ) ;
#6866 = EDGE_CURVE ( 'NONE', #3306, #6333, #6564, .T. ) ;
#6867 = CARTESIAN_POINT ( 'NONE',  ( -0.2500000000000000000, 0.000000000000000000, 0.1874999999999999722 ) ) ;
#6868 = ORIENTED_EDGE ( 'NONE', *, *, #1332, .T. ) ;
#6869 = CARTESIAN_POINT ( 'NONE',  ( 0.2500000000000000000, -0.06500000000000000222, -0.01499999999999990750 ) ) ;
#6870 = EDGE_LOOP ( 'NONE', ( #8176, #2902, #5432, #4579 ) ) ;
#6871 = DIRECTION ( 'NONE',  ( 0.000000000000000000, 0.000000000000000000, 1.000000000000000000 ) ) ;
#6872 = AXIS2_PLACEMENT_3D ( 'NONE', #6701, #5319, #3309 ) ;
#6873 = CARTESIAN_POINT ( 'NONE',  ( -0.2180000000000000271, -0.01499999999999999944, 0.03500000000000000333 ) ) ;
#6875 = ORIENTED_EDGE ( 'NONE', *, *, #8133, .F. ) ;
#6874 = VECTOR ( 'NONE', #712, 39.37007874015748143 ) ;
#6876 = DIRECTION ( 'NONE',  ( 0.000000000000000000, -1.000000000000000000, -0.000000000000000000 ) ) ;
#6877 = EDGE_CURVE ( 'NONE', #1786, #1778, #4601, .T. ) ;
#6878 = AXIS2_PLACEMENT_3D ( 'NONE', #8309, #4856, #4903 ) ;
#6879 = VECTOR ( 'NONE', #1692, 39.37007874015748143 ) ;
#6880 = LINE ( 'NONE', #6971, #4642 ) ;
#6881 = CARTESIAN_POINT ( 'NONE',  ( -0.07499999999999999722, 0.2550000000000000044, -0.01600000000000000380 ) ) ;
#6882 = DIRECTION ( 'NONE',  ( -0.7071067811865470176, 0.000000000000000000, 0.7071067811865480168 ) ) ;
#6883 = VERTEX_POINT ( 'NONE', #7326 ) ;
#6884 = LINE ( 'NONE', #1313, #8639 ) ;
#6885 = VERTEX_POINT ( 'NONE', #435 ) ;
#6886 = DIRECTION ( 'NONE',  ( 0.000000000000000000, 0.000000000000000000, -1.000000000000000000 ) ) ;
#6887 = ADVANCED_FACE ( 'NONE', ( #3931 ), #6656, .T. ) ;
#6888 =( GEOMETRIC_REPRESENTATION_CONTEXT ( 3 ) GLOBAL_UNCERTAINTY_ASSIGNED_CONTEXT ( ( #7978 ) ) GLOBAL_UNIT_ASSIGNED_CONTEXT ( ( #5482, #649, #780 ) ) REPRESENTATION_CONTEXT ( 'NONE', 'WORKASPACE' ) );
#6889 = EDGE_CURVE ( 'NONE', #6555, #6774, #5989, .T. ) ;
#6890 = ORIENTED_EDGE ( 'NONE', *, *, #4218, .T. ) ;
#6891 = DIRECTION ( 'NONE',  ( 1.000000000000000000, 0.000000000000000000, -0.000000000000000000 ) ) ;
#6892 = FACE_OUTER_BOUND ( 'NONE', #1515, .T. ) ;
#6893 = EDGE_CURVE ( 'NONE', #5120, #8033, #8039, .T. ) ;
#6894 = DIRECTION ( 'NONE',  ( 0.000000000000000000, 1.000000000000000000, 0.000000000000000000 ) ) ;
#6895 = ORIENTED_EDGE ( 'NONE', *, *, #1231, .F. ) ;
#6896 = EDGE_CURVE ( 'NONE', #8529, #6675, #3974, .T. ) ;
#6897 = ORIENTED_EDGE ( 'NONE', *, *, #7884, .T. ) ;
#6898 = CARTESIAN_POINT ( 'NONE',  ( -0.1179999999999999938, 0.02999999999999999889, 0.1874999999999999722 ) ) ;
#6899 = ORIENTED_EDGE ( 'NONE', *, *, #2729, .T. ) ;
#6900 = VECTOR ( 'NONE', #3409, 39.37007874015748143 ) ;
#6901 = CARTESIAN_POINT ( 'NONE',  ( -0.02500000000000000139, 0.1905000000000000027, 0.03400000000000000244 ) ) ;
#6902 =( LENGTH_UNIT ( ) NAMED_UNIT ( * ) SI_UNIT ( $, .METRE. ) );
#6903 = VERTEX_POINT ( 'NONE', #119 ) ;
#6904 = DIRECTION ( 'NONE',  ( -1.000000000000000000, -0.000000000000000000, 0.000000000000000000 ) ) ;
#6905 = ORIENTED_EDGE ( 'NONE', *, *, #6355, .F. ) ;
#6906 = PLANE ( 'NONE',  #7421 ) ;
#6907 = DIRECTION ( 'NONE',  ( 0.000000000000000000, 0.000000000000000000, -1.000000000000000000 ) ) ;
#6908 = VECTOR ( 'NONE', #2212, 39.37007874015748143 ) ;
#6909 = CARTESIAN_POINT ( 'NONE',  ( 0.1819999999999999951, 0.02999999999999999889, 0.1874999999999999722 ) ) ;
#6910 = VERTEX_POINT ( 'NONE', #2723 ) ;
#6911 = EDGE_LOOP ( 'NONE', ( #472, #512, #4801, #5846 ) ) ;
#6912 = PLANE ( 'NONE',  #3317 ) ;
#6913 = ORIENTED_EDGE ( 'NONE', *, *, #2650, .F. ) ;
#6914 = CIRCLE ( 'NONE', #1925, 0.008999999999999999320 ) ;
#6915 = CARTESIAN_POINT ( 'NONE',  ( 0.1179999999999999938, -0.06500000000000000222, -0.02999999999999994338 ) ) ;
#6916 = CARTESIAN_POINT ( 'NONE',  ( 0.2500000000000000000, -0.01499999999999999944, 0.02999999999999999889 ) ) ;
#6917 = EDGE_LOOP ( 'NONE', ( #2326, #7004, #7347, #2207 ) ) ;
#6918 = LINE ( 'NONE', #802, #6218 ) ;
#6919 = VECTOR ( 'NONE', #8056, 39.37007874015748143 ) ;
#6920 = AXIS2_PLACEMENT_3D ( 'NONE', #941, #2290, #5685 ) ;
#6921 = DIRECTION ( 'NONE',  ( 0.000000000000000000, 0.000000000000000000, -1.000000000000000000 ) ) ;
#6922 = CARTESIAN_POINT ( 'NONE',  ( 0.1319999999999999785, 0.000000000000000000, 0.1874999999999999722 ) ) ;
#6923 = ADVANCED_FACE ( 'NONE', ( #4726 ), #8221, .T. ) ;
#6924 = DIRECTION ( 'NONE',  ( 1.000000000000000000, -0.000000000000000000, -0.000000000000000000 ) ) ;
#6925 = VECTOR ( 'NONE', #3896, 39.37007874015748143 ) ;
#6926 = DIRECTION ( 'NONE',  ( -1.000000000000000000, 0.000000000000000000, 0.000000000000000000 ) ) ;
#6927 = DIRECTION ( 'NONE',  ( 0.000000000000000000, 1.000000000000000000, 0.000000000000000000 ) ) ;
#6928 = DIRECTION ( 'NONE',  ( 0.000000000000000000, -1.000000000000000000, -0.000000000000000000 ) ) ;
#6929 = CARTESIAN_POINT ( 'NONE',  ( -0.2625000000000000111, 0.2049999999999999878, -0.03749999999999999861 ) ) ;
#6930 = AXIS2_PLACEMENT_3D ( 'NONE', #6100, #2708, #5976 ) ;
#6931 = ORIENTED_EDGE ( 'NONE', *, *, #953, .F. ) ;
#6932 = CARTESIAN_POINT ( 'NONE',  ( 0.2500000000000000000, 0.02999999999999999889, 0.04249999999999999611 ) ) ;
#6933 = AXIS2_PLACEMENT_3D ( 'NONE', #2861, #5591, #6968 ) ;
#6934 = AXIS2_PLACEMENT_3D ( 'NONE', #1560, #3576, #6966 ) ;
#6935 = AXIS2_PLACEMENT_3D ( 'NONE', #7661, #7081, #7033 ) ;
#6936 = EDGE_CURVE ( 'NONE', #1947, #7322, #5581, .T. ) ;
#6937 = ORIENTED_EDGE ( 'NONE', *, *, #4752, .T. ) ;
#6938 = VECTOR ( 'NONE', #1566, 39.37007874015748143 ) ;
#6939 = LINE ( 'NONE', #3461, #7348 ) ;
#6940 = DIRECTION ( 'NONE',  ( 0.000000000000000000, -1.000000000000000000, 0.000000000000000000 ) ) ;
#6941 = EDGE_CURVE ( 'NONE', #2073, #5391, #3349, .T. ) ;
#6942 = CARTESIAN_POINT ( 'NONE',  ( 0.2500000000000000000, 0.03500000000000000333, -0.04249999999999999611 ) ) ;
#6943 = ORIENTED_EDGE ( 'NONE', *, *, #5534, .F. ) ;
#6944 = VECTOR ( 'NONE', #8405, 39.37007874015748143 ) ;
#6945 = ORIENTED_EDGE ( 'NONE', *, *, #2309, .T. ) ;
#6946 = CARTESIAN_POINT ( 'NONE',  ( 0.3125000000000000000, 0.1239999999999999991, 0.03749999999999999167 ) ) ;
#6947 = EDGE_CURVE ( 'NONE', #7773, #5160, #4850, .T. ) ;
#6948 = EDGE_LOOP ( 'NONE', ( #1008, #4436 ) ) ;
#6949 = LINE ( 'NONE', #692, #101 ) ;
#6950 = VERTEX_POINT ( 'NONE', #6071 ) ;
#6951 = DIRECTION ( 'NONE',  ( 1.000000000000000000, 0.000000000000000000, 0.000000000000000000 ) ) ;
#6952 = ORIENTED_EDGE ( 'NONE', *, *, #105, .F. ) ;
#6953 = AXIS2_PLACEMENT_3D ( 'NONE', #8031, #3383, #4007 ) ;
#6954 = EDGE_LOOP ( 'NONE', ( #4494, #1335, #7537, #5450 ) ) ;
#6955 = FACE_BOUND ( 'NONE', #6948, .T. ) ;
#6956 = EDGE_CURVE ( 'NONE', #5477, #4383, #8175, .T. ) ;
#6957 = FACE_OUTER_BOUND ( 'NONE', #928, .T. ) ;
#6958 = EDGE_LOOP ( 'NONE', ( #2559, #5057, #2900, #7465 ) ) ;
#6959 = EDGE_CURVE ( 'NONE', #4362, #8603, #2766, .T. ) ;
#6960 = LINE ( 'NONE', #8345, #8149 ) ;
#6961 = ORIENTED_EDGE ( 'NONE', *, *, #6682, .F. ) ;
#6962 = ORIENTED_EDGE ( 'NONE', *, *, #7222, .T. ) ;
#6963 = PLANE ( 'NONE',  #2746 ) ;
#6964 = VERTEX_POINT ( 'NONE', #609 ) ;
#6965 = LINE ( 'NONE', #8395, #3462 ) ;
#6966 = DIRECTION ( 'NONE',  ( 0.000000000000000000, 0.000000000000000000, -1.000000000000000000 ) ) ;
#6967 = ORIENTED_EDGE ( 'NONE', *, *, #5975, .T. ) ;
#6968 = DIRECTION ( 'NONE',  ( 0.000000000000000000, 0.000000000000000000, 1.000000000000000000 ) ) ;
#6969 = ADVANCED_FACE ( 'NONE', ( #4190 ), #3527, .T. ) ;
#6970 = DIRECTION ( 'NONE',  ( -1.000000000000000000, 0.000000000000000000, 0.000000000000000000 ) ) ;
#6971 = CARTESIAN_POINT ( 'NONE',  ( 0.2500000000000000000, -0.06500000000000000222, -0.01499999999999990750 ) ) ;
#6972 = LINE ( 'NONE', #1480, #2105 ) ;
#6973 = CARTESIAN_POINT ( 'NONE',  ( 0.1680000000000000382, -0.1000000000000000056, 0.02000000000000009409 ) ) ;
#6974 = LINE ( 'NONE', #808, #4460 ) ;
#6975 = DIRECTION ( 'NONE',  ( 0.000000000000000000, 1.000000000000000000, -0.000000000000000000 ) ) ;
#6976 = FACE_OUTER_BOUND ( 'NONE', #1791, .T. ) ;
#6977 = LINE ( 'NONE', #1534, #7507 ) ;
#6978 = ORIENTED_EDGE ( 'NONE', *, *, #288, .F. ) ;
#6979 = LINE ( 'NONE', #7651, #3774 ) ;
#6980 = EDGE_CURVE ( 'NONE', #2339, #2311, #3016, .T. ) ;
#6981 = EDGE_CURVE ( 'NONE', #2243, #6372, #6197, .T. ) ;
#6982 = ORIENTED_EDGE ( 'NONE', *, *, #6575, .T. ) ;
#6983 = DIRECTION ( 'NONE',  ( 1.000000000000000000, -0.000000000000000000, 0.000000000000000000 ) ) ;
#6984 = AXIS2_PLACEMENT_3D ( 'NONE', #3998, #2576, #1860 ) ;
#6985 = CARTESIAN_POINT ( 'NONE',  ( -0.1320000000000000062, -0.1000000000000000056, -0.02999999999999988440 ) ) ;
#6986 = EDGE_CURVE ( 'NONE', #12, #3426, #6008, .T. ) ;
#6987 = CARTESIAN_POINT ( 'NONE',  ( 0.1179999999999999938, 0.02999999999999999889, -0.05000000000000000278 ) ) ;
#6988 = ORIENTED_EDGE ( 'NONE', *, *, #8726, .T. ) ;
#6989 = VECTOR ( 'NONE', #456, 39.37007874015748143 ) ;
#6990 = VERTEX_POINT ( 'NONE', #2852 ) ;
#6991 = ORIENTED_EDGE ( 'NONE', *, *, #237, .F. ) ;
#6992 = DIRECTION ( 'NONE',  ( 0.000000000000000000, 0.000000000000000000, -1.000000000000000000 ) ) ;
#6993 = ORIENTED_EDGE ( 'NONE', *, *, #2836, .F. ) ;
#6994 = LINE ( 'NONE', #874, #1943 ) ;
#6995 = ORIENTED_EDGE ( 'NONE', *, *, #1699, .T. ) ;
#6996 = ORIENTED_EDGE ( 'NONE', *, *, #3742, .F. ) ;
#6997 = FACE_BOUND ( 'NONE', #3353, .T. ) ;
#6998 = ADVANCED_FACE ( 'NONE', ( #8304 ), #4811, .T. ) ;
#6999 = VECTOR ( 'NONE', #3579, 39.37007874015748143 ) ;
#7000 = DIRECTION ( 'NONE',  ( -0.000000000000000000, -0.000000000000000000, 1.000000000000000000 ) ) ;
#7001 = EDGE_CURVE ( 'NONE', #5476, #4552, #7566, .T. ) ;
#7002 = CARTESIAN_POINT ( 'NONE',  ( 0.2500000000000000000, -0.05999999999999999778, -0.02000000000000000042 ) ) ;
#7003 = EDGE_CURVE ( 'NONE', #1256, #5083, #1305, .T. ) ;
#7004 = ORIENTED_EDGE ( 'NONE', *, *, #4044, .T. ) ;
#7005 = VECTOR ( 'NONE', #8340, 39.37007874015748143 ) ;
#7006 = ORIENTED_EDGE ( 'NONE', *, *, #5002, .F. ) ;
#7007 = LINE ( 'NONE', #4288, #5890 ) ;
#7008 = ORIENTED_EDGE ( 'NONE', *, *, #4262, .F. ) ;
#7009 = DIRECTION ( 'NONE',  ( -0.000000000000000000, -1.000000000000000000, -0.000000000000000000 ) ) ;
#7010 = CARTESIAN_POINT ( 'NONE',  ( 0.2179999999999999993, -0.1000000000000000056, 0.1874999999999999722 ) ) ;
#7011 = VERTEX_POINT ( 'NONE', #2010 ) ;
#7012 = PLANE ( 'NONE',  #6504 ) ;
#7013 = LINE ( 'NONE', #892, #2445 ) ;
#7014 = AXIS2_PLACEMENT_3D ( 'NONE', #4047, #59, #775 ) ;
#7015 = EDGE_CURVE ( 'NONE', #5916, #747, #1423, .T. ) ;
#7016 = CARTESIAN_POINT ( 'NONE',  ( 0.1680000000000000382, -0.06500000000000000222, -0.02000000000000000042 ) ) ;
#7017 = DIRECTION ( 'NONE',  ( 1.000000000000000000, 0.000000000000000000, 0.000000000000000000 ) ) ;
#7018 = DIRECTION ( 'NONE',  ( -1.951319995474470178E-15, 0.000000000000000000, 1.000000000000000000 ) ) ;
#7019 = AXIS2_PLACEMENT_3D ( 'NONE', #4431, #351, #6529 ) ;
#7020 = CARTESIAN_POINT ( 'NONE',  ( 0.3125000000000000000, 0.2200000000000000011, 0.05249999999999999806 ) ) ;
#7021 = DIRECTION ( 'NONE',  ( -1.000000000000000000, -0.000000000000000000, 0.000000000000000000 ) ) ;
#7022 = PLANE ( 'NONE',  #3810 ) ;
#7023 = DIRECTION ( 'NONE',  ( -1.000000000000000000, 0.000000000000000000, 0.000000000000000000 ) ) ;
#7024 = ORIENTED_EDGE ( 'NONE', *, *, #5272, .F. ) ;
#7025 = DIRECTION ( 'NONE',  ( 0.000000000000000000, -1.000000000000000000, 0.000000000000000000 ) ) ;
#7026 = AXIS2_PLACEMENT_3D ( 'NONE', #2144, #2855, #3572 ) ;
#7027 = LINE ( 'NONE', #6444, #4386 ) ;
#7028 = ORIENTED_EDGE ( 'NONE', *, *, #1010, .T. ) ;
#7029 = AXIS2_PLACEMENT_3D ( 'NONE', #735, #6234, #8208 ) ;
#7030 = DIRECTION ( 'NONE',  ( 1.000000000000000000, 0.000000000000000000, 0.000000000000000000 ) ) ;
#7031 = DIRECTION ( 'NONE',  ( 1.000000000000000000, 0.000000000000000000, -0.000000000000000000 ) ) ;
#7032 = DIRECTION ( 'NONE',  ( -0.000000000000000000, 1.000000000000000000, 0.000000000000000000 ) ) ;
#7033 = DIRECTION ( 'NONE',  ( -1.000000000000000000, 0.000000000000000000, -0.000000000000000000 ) ) ;
#7034 = ORIENTED_EDGE ( 'NONE', *, *, #6724, .F. ) ;
#7035 = ORIENTED_EDGE ( 'NONE', *, *, #7604, .F. ) ;
#7036 = ORIENTED_EDGE ( 'NONE', *, *, #8740, .T. ) ;
#7037 = EDGE_CURVE ( 'NONE', #6378, #8380, #3392, .T. ) ;
#7038 = CARTESIAN_POINT ( 'NONE',  ( 0.2500000000000000000, -0.06500000000000000222, -0.02999999999999999889 ) ) ;
#7039 = ORIENTED_EDGE ( 'NONE', *, *, #8846, .F. ) ;
#7040 = CARTESIAN_POINT ( 'NONE',  ( 0.2500000000000000000, -0.06500000000000000222, -0.01499999999999990750 ) ) ;
#7041 = ORIENTED_EDGE ( 'NONE', *, *, #2592, .F. ) ;
#7042 = CARTESIAN_POINT ( 'NONE',  ( -0.1474999999999999922, 0.05650000000000000161, -0.06500000000000000222 ) ) ;
#7043 = CIRCLE ( 'NONE', #8613, 0.01000000000000000021 ) ;
#7044 = CYLINDRICAL_SURFACE ( 'NONE', #8648, 0.008999999999999999320 ) ;
#7045 = LINE ( 'NONE', #8476, #8713 ) ;
#7046 = ORIENTED_EDGE ( 'NONE', *, *, #5424, .T. ) ;
#7047 = ADVANCED_FACE ( 'NONE', ( #6111 ), #34, .F. ) ;
#7048 = ORIENTED_EDGE ( 'NONE', *, *, #7280, .F. ) ;
#7049 = DIRECTION ( 'NONE',  ( 0.000000000000000000, 0.000000000000000000, 1.000000000000000000 ) ) ;
#7050 = ORIENTED_EDGE ( 'NONE', *, *, #371, .T. ) ;
#7051 = CARTESIAN_POINT ( 'NONE',  ( 0.002499999999999931530, 0.05650000000000000161, -0.06500000000000000222 ) ) ;
#7052 = DIRECTION ( 'NONE',  ( -1.000000000000000000, 0.000000000000000000, 0.000000000000000000 ) ) ;
#7053 = EDGE_LOOP ( 'NONE', ( #1138, #587, #1403, #5923 ) ) ;
#7054 = DIRECTION ( 'NONE',  ( -0.000000000000000000, 0.000000000000000000, -1.000000000000000000 ) ) ;
#7055 = PLANE ( 'NONE',  #7856 ) ;
#7056 = EDGE_CURVE ( 'NONE', #4993, #6333, #6329, .T. ) ;
#7057 = VECTOR ( 'NONE', #7399, 39.37007874015748143 ) ;
#7058 = PRODUCT_DEFINITION_SHAPE ( 'NONE', 'NONE',  #8849 ) ;
#7059 = CARTESIAN_POINT ( 'NONE',  ( -0.1819999999999999951, -0.06500000000000000222, -0.02999999999999994338 ) ) ;
#7060 = VERTEX_POINT ( 'NONE', #294 ) ;
#7061 = PLANE ( 'NONE',  #1028 ) ;
#7062 = DIRECTION ( 'NONE',  ( 1.000000000000000000, 0.000000000000000000, -0.000000000000000000 ) ) ;
#7063 = DIRECTION ( 'NONE',  ( -1.000000000000000000, 0.000000000000000000, -0.000000000000000000 ) ) ;
#7064 = ADVANCED_FACE ( 'NONE', ( #1689 ), #8390, .T. ) ;
#7065 = DIRECTION ( 'NONE',  ( 0.000000000000000000, 1.000000000000000000, 0.000000000000000000 ) ) ;
#7066 = DIRECTION ( 'NONE',  ( -0.000000000000000000, 0.000000000000000000, 1.000000000000000000 ) ) ;
#7067 = CIRCLE ( 'NONE', #5213, 0.005000000000000021788 ) ;
#7068 = VERTEX_POINT ( 'NONE', #2235 ) ;
#7069 = DIRECTION ( 'NONE',  ( 0.000000000000000000, 0.000000000000000000, 1.000000000000000000 ) ) ;
#7070 = CIRCLE ( 'NONE', #3080, 0.01000000000000000021 ) ;
#7071 = EDGE_CURVE ( 'NONE', #7967, #3865, #1641, .T. ) ;
#7072 = VECTOR ( 'NONE', #7244, 39.37007874015748143 ) ;
#7073 = EDGE_CURVE ( 'NONE', #6538, #342, #1018, .T. ) ;
#7074 = DIRECTION ( 'NONE',  ( -0.000000000000000000, 1.000000000000000000, 0.000000000000000000 ) ) ;
#7075 = CIRCLE ( 'NONE', #4368, 0.004999999999999997502 ) ;
#7076 = ORIENTED_EDGE ( 'NONE', *, *, #1363, .F. ) ;
#7077 = CARTESIAN_POINT ( 'NONE',  ( -0.1180000000000000077, -0.06500000000000000222, -0.02000000000000000042 ) ) ;
#7078 = CARTESIAN_POINT ( 'NONE',  ( 0.1250000000000000000, 0.03500000000000000333, -0.01600000000000000380 ) ) ;
#7079 = VECTOR ( 'NONE', #2373, 39.37007874015748143 ) ;
#7080 = DIRECTION ( 'NONE',  ( 0.000000000000000000, -1.000000000000000000, 0.000000000000000000 ) ) ;
#7081 = DIRECTION ( 'NONE',  ( 0.000000000000000000, 0.000000000000000000, -1.000000000000000000 ) ) ;
#7082 = AXIS2_PLACEMENT_3D ( 'NONE', #2171, #6268, #3508 ) ;
#7083 = VERTEX_POINT ( 'NONE', #3077 ) ;
#7084 = VERTEX_POINT ( 'NONE', #164 ) ;
#7085 = VECTOR ( 'NONE', #2589, 39.37007874015748143 ) ;
#7086 = VERTEX_POINT ( 'NONE', #3748 ) ;
#7087 = DIRECTION ( 'NONE',  ( -0.5773502691896259531, -0.5773502691896259531, -0.5773502691896253980 ) ) ;
#7088 = LINE ( 'NONE', #6676, #1086 ) ;
#7089 = DIRECTION ( 'NONE',  ( 1.000000000000000000, 0.000000000000000000, -0.000000000000000000 ) ) ;
#7090 = CARTESIAN_POINT ( 'NONE',  ( 0.07499999999999999722, 0.2550000000000000044, 0.02500000000000000139 ) ) ;
#7091 = AXIS2_PLACEMENT_3D ( 'NONE', #6437, #313, #6571 ) ;
#7092 = ADVANCED_FACE ( 'NONE', ( #2279 ), #7675, .T. ) ;
#7093 = ORIENTED_EDGE ( 'NONE', *, *, #1710, .T. ) ;
#7094 = FACE_OUTER_BOUND ( 'NONE', #2795, .T. ) ;
#7095 = EDGE_LOOP ( 'NONE', ( #4841, #562, #5250, #7808 ) ) ;
#7096 = ORIENTED_EDGE ( 'NONE', *, *, #1175, .F. ) ;
#7097 = VECTOR ( 'NONE', #2629, 39.37007874015748143 ) ;
#7098 = CARTESIAN_POINT ( 'NONE',  ( -0.3125000000000000000, 0.2200000000000000011, -0.1124999999999999889 ) ) ;
#7099 = ORIENTED_EDGE ( 'NONE', *, *, #5534, .T. ) ;
#7100 = PLANE ( 'NONE',  #4462 ) ;
#7101 = FACE_OUTER_BOUND ( 'NONE', #2510, .T. ) ;
#7102 = EDGE_LOOP ( 'NONE', ( #2802, #4198, #7303, #495 ) ) ;
#7103 = DIRECTION ( 'NONE',  ( 1.000000000000000000, 0.000000000000000000, -0.000000000000000000 ) ) ;
#7104 = LINE ( 'NONE', #1564, #5584 ) ;
#7105 = EDGE_CURVE ( 'NONE', #2967, #4003, #6960, .T. ) ;
#7106 = DIRECTION ( 'NONE',  ( -0.000000000000000000, 0.000000000000000000, -1.000000000000000000 ) ) ;
#7107 = ORIENTED_EDGE ( 'NONE', *, *, #3156, .F. ) ;
#7108 = FACE_OUTER_BOUND ( 'NONE', #4563, .T. ) ;
#7109 = CARTESIAN_POINT ( 'NONE',  ( 0.2874999999999999778, 0.2200000000000000011, -0.1124999999999999889 ) ) ;
#7110 = CARTESIAN_POINT ( 'NONE',  ( -0.1319999999999999785, -0.06500000000000000222, -0.02000000000000000042 ) ) ;
#7111 = CYLINDRICAL_SURFACE ( 'NONE', #1524, 0.005000000000000021788 ) ;
#7112 = CARTESIAN_POINT ( 'NONE',  ( 0.1680000000000000382, 0.02999999999999999889, -0.05000000000000000278 ) ) ;
#7113 = ORIENTED_EDGE ( 'NONE', *, *, #2595, .T. ) ;
#7114 = DIRECTION ( 'NONE',  ( -1.000000000000000000, 0.000000000000000000, -0.000000000000000000 ) ) ;
#7115 = EDGE_CURVE ( 'NONE', #4280, #7068, #338, .T. ) ;
#7116 = DIRECTION ( 'NONE',  ( 0.000000000000000000, 0.000000000000000000, 1.000000000000000000 ) ) ;
#7117 = ADVANCED_FACE ( 'NONE', ( #4285 ), #8521, .T. ) ;
#7118 = DIRECTION ( 'NONE',  ( -0.000000000000000000, 0.000000000000000000, -1.000000000000000000 ) ) ;
#7119 = ADVANCED_FACE ( 'NONE', ( #7851 ), #3568, .T. ) ;
#7120 = ORIENTED_EDGE ( 'NONE', *, *, #863, .F. ) ;
#7121 = DIRECTION ( 'NONE',  ( -0.7071067811865479058, -0.7071067811865469066, 0.000000000000000000 ) ) ;
#7122 = DIRECTION ( 'NONE',  ( -0.000000000000000000, -1.000000000000000000, -0.000000000000000000 ) ) ;
#7123 = EDGE_CURVE ( 'NONE', #7060, #5148, #927, .T. ) ;
#7124 = DIRECTION ( 'NONE',  ( -0.000000000000000000, 1.000000000000000000, 0.000000000000000000 ) ) ;
#7125 = LINE ( 'NONE', #1004, #88 ) ;
#7126 = VERTEX_POINT ( 'NONE', #2941 ) ;
#7127 = ORIENTED_EDGE ( 'NONE', *, *, #115, .T. ) ;
#7128 = EDGE_CURVE ( 'NONE', #334, #2040, #6376, .T. ) ;
#7129 = ORIENTED_EDGE ( 'NONE', *, *, #3156, .T. ) ;
#7130 = CARTESIAN_POINT ( 'NONE',  ( 0.2500000000000000000, -0.06500000000000000222, -0.02000000000000000042 ) ) ;
#7131 = CARTESIAN_POINT ( 'NONE',  ( -0.2625000000000000111, 0.3160000000000000031, 0.03749999999999999861 ) ) ;
#7132 = CARTESIAN_POINT ( 'NONE',  ( 0.07499999999999999722, 0.03500000000000000333, -0.02500000000000000139 ) ) ;
#7133 = ORIENTED_EDGE ( 'NONE', *, *, #1186, .T. ) ;
#7134 = DIRECTION ( 'NONE',  ( -1.000000000000000000, -0.000000000000000000, 0.000000000000000000 ) ) ;
#7135 = ORIENTED_EDGE ( 'NONE', *, *, #2908, .T. ) ;
#7136 = ORIENTED_EDGE ( 'NONE', *, *, #4438, .F. ) ;
#7137 = DIRECTION ( 'NONE',  ( -1.000000000000000000, 0.000000000000000000, -0.000000000000000000 ) ) ;
#7138 = VERTEX_POINT ( 'NONE', #2985 ) ;
#7139 = LINE ( 'NONE', #8658, #2749 ) ;
#7140 = VECTOR ( 'NONE', #963, 39.37007874015748143 ) ;
#7141 = CARTESIAN_POINT ( 'NONE',  ( 0.02500000000000000139, 0.2550000000000000044, -0.02500000000000000139 ) ) ;
#7142 = ORIENTED_EDGE ( 'NONE', *, *, #5403, .T. ) ;
#7143 = DIRECTION ( 'NONE',  ( 0.000000000000000000, -0.000000000000000000, 1.000000000000000000 ) ) ;
#7144 = FACE_OUTER_BOUND ( 'NONE', #8391, .T. ) ;
#7145 = EDGE_CURVE ( 'NONE', #6651, #2426, #8574, .T. ) ;
#7146 = VECTOR ( 'NONE', #4058, 39.37007874015748143 ) ;
#7147 = VECTOR ( 'NONE', #3281, 39.37007874015748143 ) ;
#7148 = DIRECTION ( 'NONE',  ( 0.000000000000000000, 1.000000000000000000, -0.000000000000000000 ) ) ;
#7149 = ORIENTED_EDGE ( 'NONE', *, *, #3282, .T. ) ;
#7150 = CARTESIAN_POINT ( 'NONE',  ( 0.000000000000000000, 0.000000000000000000, 0.000000000000000000 ) ) ;
#7151 = ORIENTED_EDGE ( 'NONE', *, *, #841, .T. ) ;
#7152 = PLANE ( 'NONE',  #1321 ) ;
#7153 = CARTESIAN_POINT ( 'NONE',  ( -0.2320000000000000118, -0.02500000000000000486, 0.1874999999999999722 ) ) ;
#7154 = EDGE_CURVE ( 'NONE', #777, #7799, #3612, .T. ) ;
#7155 = DIRECTION ( 'NONE',  ( -0.000000000000000000, 0.000000000000000000, 1.000000000000000000 ) ) ;
#7156 = CARTESIAN_POINT ( 'NONE',  ( 0.2500000000000000000, -0.05999999999999999778, -0.02000000000000000042 ) ) ;
#7158 = EDGE_LOOP ( 'NONE', ( #3423, #7226, #8481, #6815 ) ) ;
#7157 = VECTOR ( 'NONE', #8458, 39.37007874015748143 ) ;
#7159 = CYLINDRICAL_SURFACE ( 'NONE', #1931, 0.008999999999999997585 ) ;
#7160 = AXIS2_PLACEMENT_3D ( 'NONE', #2597, #5318, #612 ) ;
#7161 = CARTESIAN_POINT ( 'NONE',  ( 0.1320000000000000062, 0.02999999999999999889, 0.01999999999999999001 ) ) ;
#7162 = DIRECTION ( 'NONE',  ( 0.000000000000000000, 0.000000000000000000, 1.000000000000000000 ) ) ;
#7163 = ORIENTED_EDGE ( 'NONE', *, *, #8819, .F. ) ;
#7164 = EDGE_CURVE ( 'NONE', #6480, #914, #1600, .T. ) ;
#7165 = DIRECTION ( 'NONE',  ( -0.000000000000000000, -1.000000000000000000, -0.000000000000000000 ) ) ;
#7166 = CARTESIAN_POINT ( 'NONE',  ( 0.1819999999999999951, -0.07499999999999999722, -0.02000000000000000042 ) ) ;
#7167 = VECTOR ( 'NONE', #168, 39.37007874015748143 ) ;
#7168 = DIRECTION ( 'NONE',  ( 0.000000000000000000, 0.000000000000000000, 1.000000000000000000 ) ) ;
#7169 = DIRECTION ( 'NONE',  ( 1.000000000000000000, 0.000000000000000000, -0.000000000000000000 ) ) ;
#7170 = VECTOR ( 'NONE', #1648, 39.37007874015748143 ) ;
#7171 = EDGE_CURVE ( 'NONE', #6468, #8541, #7045, .T. ) ;
#7172 = ORIENTED_EDGE ( 'NONE', *, *, #4929, .T. ) ;
#7173 = EDGE_LOOP ( 'NONE', ( #5228, #7945, #2612, #6600 ) ) ;
#7174 = ORIENTED_EDGE ( 'NONE', *, *, #5019, .T. ) ;
#7175 = LINE ( 'NONE', #5031, #1218 ) ;
#7176 = EDGE_CURVE ( 'NONE', #5089, #6885, #5436, .T. ) ;
#7177 = FACE_BOUND ( 'NONE', #3804, .T. ) ;
#7178 = DIRECTION ( 'NONE',  ( -1.000000000000000000, 0.000000000000000000, -0.000000000000000000 ) ) ;
#7179 = ADVANCED_FACE ( 'NONE', ( #7094 ), #8607, .T. ) ;
#7180 = ORIENTED_EDGE ( 'NONE', *, *, #4271, .F. ) ;
#7181 = DIRECTION ( 'NONE',  ( 1.000000000000000000, 0.000000000000000000, -0.000000000000000000 ) ) ;
#7182 = ORIENTED_EDGE ( 'NONE', *, *, #8077, .T. ) ;
#7183 = VERTEX_POINT ( 'NONE', #7360 ) ;
#7184 = DIRECTION ( 'NONE',  ( 0.000000000000000000, 0.000000000000000000, -1.000000000000000000 ) ) ;
#7185 = ORIENTED_EDGE ( 'NONE', *, *, #4344, .T. ) ;
#7186 = PLANE ( 'NONE',  #6739 ) ;
#7187 = CYLINDRICAL_SURFACE ( 'NONE', #3511, 0.008999999999999997585 ) ;
#7188 = ORIENTED_EDGE ( 'NONE', *, *, #4819, .F. ) ;
#7189 = CARTESIAN_POINT ( 'NONE',  ( -0.2320000000000000118, -0.01499999999999999598, 0.1874999999999999722 ) ) ;
#7190 = FACE_OUTER_BOUND ( 'NONE', #3268, .T. ) ;
#7191 = CARTESIAN_POINT ( 'NONE',  ( -0.1819999999999999951, -0.01000000000000000021, 0.03500000000000000333 ) ) ;
#7192 = VERTEX_POINT ( 'NONE', #1110 ) ;
#7193 = CARTESIAN_POINT ( 'NONE',  ( 0.2500000000000000000, -0.02500000000000000139, 0.02999999999999999889 ) ) ;
#7194 = ORIENTED_EDGE ( 'NONE', *, *, #3513, .F. ) ;
#7195 = LINE ( 'NONE', #7109, #5173 ) ;
#7196 = CARTESIAN_POINT ( 'NONE',  ( -0.1680000000000000382, -0.05999999999999999778, -0.02000000000000000042 ) ) ;
#7197 = DIRECTION ( 'NONE',  ( 0.000000000000000000, 0.000000000000000000, -1.000000000000000000 ) ) ;
#7198 = ORIENTED_EDGE ( 'NONE', *, *, #8195, .F. ) ;
#7199 = DIRECTION ( 'NONE',  ( 0.000000000000000000, -1.000000000000000000, 0.000000000000000000 ) ) ;
#7200 = EDGE_CURVE ( 'NONE', #151, #1465, #7942, .T. ) ;
#7201 = CARTESIAN_POINT ( 'NONE',  ( -0.1180000000000000077, -0.05999999999999999778, -0.02000000000000000042 ) ) ;
#7202 = LINE ( 'NONE', #5194, #5741 ) ;
#7203 = VECTOR ( 'NONE', #330, 39.37007874015748143 ) ;
#7204 = ORIENTED_EDGE ( 'NONE', *, *, #1058, .F. ) ;
#7205 = CARTESIAN_POINT ( 'NONE',  ( -0.1474999999999999922, 0.08985714285714289928, -0.08250000000000000389 ) ) ;
#7206 = ORIENTED_EDGE ( 'NONE', *, *, #3776, .T. ) ;
#7207 = VECTOR ( 'NONE', #1851, 39.37007874015748854 ) ;
#7208 = LINE ( 'NONE', #3864, #6989 ) ;
#7209 = CARTESIAN_POINT ( 'NONE',  ( 0.2500000000000000000, -0.05999999999999999778, -0.01499999999999999944 ) ) ;
#7210 = VECTOR ( 'NONE', #3817, 39.37007874015748143 ) ;
#7211 = ADVANCED_FACE ( 'NONE', ( #5214 ), #4629, .T. ) ;
#7212 = ORIENTED_EDGE ( 'NONE', *, *, #3121, .F. ) ;
#7213 = VECTOR ( 'NONE', #7106, 39.37007874015748143 ) ;
#7214 = ORIENTED_EDGE ( 'NONE', *, *, #55, .F. ) ;
#7215 = ORIENTED_EDGE ( 'NONE', *, *, #610, .T. ) ;
#7216 = FACE_OUTER_BOUND ( 'NONE', #6201, .T. ) ;
#7217 = VECTOR ( 'NONE', #5253, 39.37007874015748143 ) ;
#7218 = PLANE ( 'NONE',  #850 ) ;
#7219 = DIRECTION ( 'NONE',  ( -0.7071067811865470176, 0.7071067811865480168, 0.000000000000000000 ) ) ;
#7220 = VECTOR ( 'NONE', #3706, 39.37007874015748143 ) ;
#7221 = VECTOR ( 'NONE', #4763, 39.37007874015748143 ) ;
#7222 = EDGE_CURVE ( 'NONE', #3414, #4461, #5300, .T. ) ;
#7223 = EDGE_LOOP ( 'NONE', ( #7756, #6621, #8655, #2162, #7259, #7133, #501, #570 ) ) ;
#7224 = AXIS2_PLACEMENT_3D ( 'NONE', #4222, #6894, #2265 ) ;
#7225 = DIRECTION ( 'NONE',  ( 0.000000000000000000, -1.000000000000000000, 0.000000000000000000 ) ) ;
#7226 = ORIENTED_EDGE ( 'NONE', *, *, #4810, .F. ) ;
#7227 = EDGE_CURVE ( 'NONE', #6903, #413, #5155, .T. ) ;
#7228 = ORIENTED_EDGE ( 'NONE', *, *, #4266, .F. ) ;
#7229 = DIRECTION ( 'NONE',  ( 0.000000000000000000, 0.000000000000000000, -1.000000000000000000 ) ) ;
#7230 = DIRECTION ( 'NONE',  ( 0.000000000000000000, -1.000000000000000000, 0.000000000000000000 ) ) ;
#7231 = VECTOR ( 'NONE', #4312, 39.37007874015748143 ) ;
#7232 = VERTEX_POINT ( 'NONE', #466 ) ;
#7233 = CARTESIAN_POINT ( 'NONE',  ( 0.02500000000000000139, 0.03500000000000000333, 0.02500000000000000139 ) ) ;
#7234 = DIRECTION ( 'NONE',  ( 0.000000000000000000, 0.000000000000000000, -1.000000000000000000 ) ) ;
#7235 = EDGE_CURVE ( 'NONE', #5716, #4305, #1909, .T. ) ;
#7236 = VECTOR ( 'NONE', #312, 39.37007874015748143 ) ;
#7237 = CARTESIAN_POINT ( 'NONE',  ( -0.01799999999999998476, 0.000000000000000000, 0.1874999999999999722 ) ) ;
#7238 = ORIENTED_EDGE ( 'NONE', *, *, #7938, .T. ) ;
#7239 = CARTESIAN_POINT ( 'NONE',  ( 0.2320000000000000118, -0.05999999999999999778, -0.02000000000000000042 ) ) ;
#7240 = ORIENTED_EDGE ( 'NONE', *, *, #2266, .T. ) ;
#7241 = DIRECTION ( 'NONE',  ( 0.000000000000000000, 1.000000000000000000, 0.000000000000000000 ) ) ;
#7242 = ADVANCED_FACE ( 'NONE', ( #380 ), #3787, .T. ) ;
#7243 = CARTESIAN_POINT ( 'NONE',  ( 0.07499999999999999722, 0.2550000000000000044, -0.02500000000000000139 ) ) ;
#7244 = DIRECTION ( 'NONE',  ( 0.000000000000000000, -1.000000000000000000, 0.000000000000000000 ) ) ;
#7245 = ORIENTED_EDGE ( 'NONE', *, *, #5188, .F. ) ;
#7246 = DIRECTION ( 'NONE',  ( 1.000000000000000000, 0.000000000000000000, -0.000000000000000000 ) ) ;
#7247 = LINE ( 'NONE', #1129, #216 ) ;
#7248 = DIRECTION ( 'NONE',  ( -0.000000000000000000, 0.000000000000000000, -1.000000000000000000 ) ) ;
#7249 = VERTEX_POINT ( 'NONE', #3207 ) ;
#7250 = LINE ( 'NONE', #8761, #4212 ) ;
#7251 = ORIENTED_EDGE ( 'NONE', *, *, #8432, .T. ) ;
#7252 = DIRECTION ( 'NONE',  ( -0.000000000000000000, -0.000000000000000000, 1.000000000000000000 ) ) ;
#7253 = EDGE_CURVE ( 'NONE', #8812, #3811, #3119, .T. ) ;
#7254 = CARTESIAN_POINT ( 'NONE',  ( 0.2500000000000000000, 0.02999999999999999889, 0.02000000000000010103 ) ) ;
#7255 = CARTESIAN_POINT ( 'NONE',  ( 0.2500000000000000000, -0.06500000000000000222, -0.02000000000000000042 ) ) ;
#7256 = VERTEX_POINT ( 'NONE', #5847 ) ;
#7257 = EDGE_CURVE ( 'NONE', #7475, #152, #6580, .T. ) ;
#7258 = ORIENTED_EDGE ( 'NONE', *, *, #5514, .T. ) ;
#7259 = ORIENTED_EDGE ( 'NONE', *, *, #6893, .F. ) ;
#7260 = LINE ( 'NONE', #3246, #4071 ) ;
#7261 = ADVANCED_FACE ( 'NONE', ( #2626 ), #2453, .T. ) ;
#7262 = CARTESIAN_POINT ( 'NONE',  ( 0.2625000000000000111, 0.03285714285714285560, -0.06500000000000000222 ) ) ;
#7263 = DIRECTION ( 'NONE',  ( 0.000000000000000000, 0.000000000000000000, -1.000000000000000000 ) ) ;
#7264 = VECTOR ( 'NONE', #1026, 39.37007874015748143 ) ;
#7265 = ORIENTED_EDGE ( 'NONE', *, *, #1870, .F. ) ;
#7266 = UNCERTAINTY_MEASURE_WITH_UNIT (LENGTH_MEASURE( 1.000000000000000082E-05 ), #1375, 'distance_accuracy_value', 'NONE');
#7267 = DIRECTION ( 'NONE',  ( -1.000000000000000000, 0.000000000000000000, 0.000000000000000000 ) ) ;
#7268 = EDGE_LOOP ( 'NONE', ( #6967, #707, #6937, #118, #159, #2110, #7764, #6897 ) ) ;
#7269 = VERTEX_POINT ( 'NONE', #1149 ) ;
#7270 = DIRECTION ( 'NONE',  ( 0.000000000000000000, -1.000000000000000000, 0.000000000000000000 ) ) ;
#7271 = ORIENTED_EDGE ( 'NONE', *, *, #1986, .T. ) ;
#7272 = EDGE_CURVE ( 'NONE', #5546, #8380, #4463, .T. ) ;
#7273 = CARTESIAN_POINT ( 'NONE',  ( 0.1320000000000000062, -0.07499999999999999722, 0.000000000000000000 ) ) ;
#7274 = CARTESIAN_POINT ( 'NONE',  ( 0.01799999999999998476, -0.01499999999999999771, 0.02000000000000004552 ) ) ;
#7275 = ORIENTED_EDGE ( 'NONE', *, *, #8086, .T. ) ;
#7276 = DIRECTION ( 'NONE',  ( 0.000000000000000000, 0.000000000000000000, 1.000000000000000000 ) ) ;
#7277 = EDGE_CURVE ( 'NONE', #4280, #7322, #5175, .T. ) ;
#7278 = VECTOR ( 'NONE', #2450, 39.37007874015748143 ) ;
#7279 = CARTESIAN_POINT ( 'NONE',  ( 0.1179999999999999938, -0.02500000000000000486, 0.02999999999999999542 ) ) ;
#7280 = EDGE_CURVE ( 'NONE', #8419, #4769, #4504, .T. ) ;
#7281 = CARTESIAN_POINT ( 'NONE',  ( 0.2320000000000000118, -0.06500000000000000222, 0.1874999999999999722 ) ) ;
#7282 = APPLICATION_CONTEXT ( 'automotive_design' ) ;
#7283 = ORIENTED_EDGE ( 'NONE', *, *, #5354, .F. ) ;
#7284 = AXIS2_PLACEMENT_3D ( 'NONE', #1899, #4621, #8109 ) ;
#7285 = FACE_OUTER_BOUND ( 'NONE', #981, .T. ) ;
#7286 = DIRECTION ( 'NONE',  ( 0.000000000000000000, 1.000000000000000000, 0.000000000000000000 ) ) ;
#7287 = ORIENTED_EDGE ( 'NONE', *, *, #5925, .F. ) ;
#7288 = CARTESIAN_POINT ( 'NONE',  ( -0.1749999999999999889, 0.03500000000000000333, 0.02500000000000000139 ) ) ;
#7289 = PLANE ( 'NONE',  #8074 ) ;
#7290 = VERTEX_POINT ( 'NONE', #5892 ) ;
#7291 = DIRECTION ( 'NONE',  ( 0.000000000000000000, 0.000000000000000000, 1.000000000000000000 ) ) ;
#7292 = EDGE_CURVE ( 'NONE', #6222, #6038, #8654, .T. ) ;
#7293 = AXIS2_PLACEMENT_3D ( 'NONE', #6655, #6476, #8701 ) ;
#7294 = DIRECTION ( 'NONE',  ( -1.000000000000000000, 0.000000000000000000, -0.000000000000000000 ) ) ;
#7295 = CARTESIAN_POINT ( 'NONE',  ( -0.06800000000000000488, 0.02999999999999999889, 0.1874999999999999722 ) ) ;
#7296 = AXIS2_PLACEMENT_3D ( 'NONE', #514, #7267, #7898 ) ;
#7297 = ORIENTED_EDGE ( 'NONE', *, *, #1326, .F. ) ;
#7298 = DIRECTION ( 'NONE',  ( 0.000000000000000000, 1.000000000000000000, -0.000000000000000000 ) ) ;
#7299 = ORIENTED_EDGE ( 'NONE', *, *, #5036, .F. ) ;
#7300 = FACE_OUTER_BOUND ( 'NONE', #7409, .T. ) ;
#7301 = LINE ( 'NONE', #8815, #6430 ) ;
#7302 = VECTOR ( 'NONE', #3055, 39.37007874015748143 ) ;
#7303 = ORIENTED_EDGE ( 'NONE', *, *, #4456, .F. ) ;
#7304 = ORIENTED_EDGE ( 'NONE', *, *, #5422, .F. ) ;
#7305 = DIRECTION ( 'NONE',  ( 0.000000000000000000, 0.000000000000000000, -1.000000000000000000 ) ) ;
#7306 = VECTOR ( 'NONE', #1344, 39.37007874015748143 ) ;
#7307 = DIRECTION ( 'NONE',  ( -1.000000000000000000, -0.000000000000000000, 0.000000000000000000 ) ) ;
#7308 = LINE ( 'NONE', #1776, #8078 ) ;
#7309 = CIRCLE ( 'NONE', #8456, 0.004999999999999997502 ) ;
#7310 = VERTEX_POINT ( 'NONE', #7979 ) ;
#7311 = EDGE_CURVE ( 'NONE', #1521, #6041, #1864, .T. ) ;
#7312 = ORIENTED_EDGE ( 'NONE', *, *, #4271, .T. ) ;
#7313 = AXIS2_PLACEMENT_3D ( 'NONE', #5348, #4719, #4011 ) ;
#7314 = DIRECTION ( 'NONE',  ( -0.000000000000000000, -1.000000000000000000, -0.000000000000000000 ) ) ;
#7315 = ORIENTED_EDGE ( 'NONE', *, *, #3297, .F. ) ;
#7316 = ORIENTED_EDGE ( 'NONE', *, *, #7495, .T. ) ;
#7317 = LINE ( 'NONE', #8537, #2540 ) ;
#7318 = ORIENTED_EDGE ( 'NONE', *, *, #7394, .F. ) ;
#7319 = CARTESIAN_POINT ( 'NONE',  ( 0.03200000000000000067, 0.02999999999999999889, 0.1874999999999999722 ) ) ;
#7320 = AXIS2_PLACEMENT_3D ( 'NONE', #64, #2089, #1415 ) ;
#7321 = LINE ( 'NONE', #8569, #800 ) ;
#7322 = VERTEX_POINT ( 'NONE', #3918 ) ;
#7323 = DIRECTION ( 'NONE',  ( -1.000000000000000000, 0.000000000000000000, 0.000000000000000000 ) ) ;
#7324 = CARTESIAN_POINT ( 'NONE',  ( 0.3125000000000000000, 0.2049999999999999878, -0.03749999999999999167 ) ) ;
#7325 = ADVANCED_FACE ( 'NONE', ( #1196 ), #6645, .T. ) ;
#7326 = CARTESIAN_POINT ( 'NONE',  ( -0.1180000000000000077, -0.01499999999999999944, 0.03500000000000000333 ) ) ;
#7327 = VERTEX_POINT ( 'NONE', #3512 ) ;
#7328 = PLANE ( 'NONE',  #8022 ) ;
#7329 = VERTEX_POINT ( 'NONE', #2841 ) ;
#7330 = DIRECTION ( 'NONE',  ( -1.000000000000000000, -0.000000000000000000, 0.000000000000000000 ) ) ;
#7331 = ORIENTED_EDGE ( 'NONE', *, *, #7992, .F. ) ;
#7332 = DIRECTION ( 'NONE',  ( 0.000000000000000000, 0.000000000000000000, -1.000000000000000000 ) ) ;
#7333 = CARTESIAN_POINT ( 'NONE',  ( 0.2500000000000000000, 0.02999999999999999889, -0.02999999999999999889 ) ) ;
#7334 = ORIENTED_EDGE ( 'NONE', *, *, #6605, .F. ) ;
#7335 = DIRECTION ( 'NONE',  ( 0.000000000000000000, -0.000000000000000000, 1.000000000000000000 ) ) ;
#7336 = EDGE_CURVE ( 'NONE', #1972, #3797, #6183, .T. ) ;
#7337 = PLANE ( 'NONE',  #642 ) ;
#7338 = EDGE_CURVE ( 'NONE', #7570, #1609, #442, .T. ) ;
#7339 = DIRECTION ( 'NONE',  ( 0.000000000000000000, 0.000000000000000000, 1.000000000000000000 ) ) ;
#7340 = ORIENTED_EDGE ( 'NONE', *, *, #2488, .T. ) ;
#7341 = CARTESIAN_POINT ( 'NONE',  ( -0.1320000000000000062, -0.1000000000000000056, -0.01999999999999999001 ) ) ;
#7342 = ORIENTED_EDGE ( 'NONE', *, *, #2408, .F. ) ;
#7343 = DIRECTION ( 'NONE',  ( -1.000000000000000000, -0.000000000000000000, 0.000000000000000000 ) ) ;
#7344 = EDGE_CURVE ( 'NONE', #2280, #1830, #7569, .T. ) ;
#7345 = DIRECTION ( 'NONE',  ( 1.000000000000000000, -0.000000000000000000, -0.000000000000000000 ) ) ;
#7346 = EDGE_CURVE ( 'NONE', #5918, #298, #22, .T. ) ;
#7347 = ORIENTED_EDGE ( 'NONE', *, *, #3251, .T. ) ;
#7348 = VECTOR ( 'NONE', #686, 39.37007874015748143 ) ;
#7349 = VERTEX_POINT ( 'NONE', #2673 ) ;
#7350 = VECTOR ( 'NONE', #6351, 39.37007874015748143 ) ;
#7351 = CARTESIAN_POINT ( 'NONE',  ( -0.2625000000000000111, 0.2049999999999999878, 0.06499999999999998834 ) ) ;
#7352 = VECTOR ( 'NONE', #8634, 39.37007874015748143 ) ;
#7353 = DIRECTION ( 'NONE',  ( 1.000000000000000000, 0.000000000000000000, -0.000000000000000000 ) ) ;
#7354 = FACE_OUTER_BOUND ( 'NONE', #1681, .T. ) ;
#7355 = AXIS2_PLACEMENT_3D ( 'NONE', #2651, #8052, #1980 ) ;
#7356 = ORIENTED_EDGE ( 'NONE', *, *, #5770, .T. ) ;
#7357 = ORIENTED_EDGE ( 'NONE', *, *, #1142, .F. ) ;
#7358 = EDGE_CURVE ( 'NONE', #2311, #121, #4798, .T. ) ;
#7359 = AXIS2_PLACEMENT_3D ( 'NONE', #4525, #5147, #3137 ) ;
#7360 = CARTESIAN_POINT ( 'NONE',  ( 0.2320000000000000118, 0.02999999999999999889, -0.02999999999999999889 ) ) ;
#7361 = ORIENTED_EDGE ( 'NONE', *, *, #7607, .F. ) ;
#7362 = CIRCLE ( 'NONE', #8504, 0.005000000000000021788 ) ;
#7363 = LINE ( 'NONE', #8783, #7097 ) ;
#7364 = LENGTH_MEASURE_WITH_UNIT ( LENGTH_MEASURE( 0.02539999999999999897 ), #1912 );
#7365 = EDGE_LOOP ( 'NONE', ( #7034, #3840, #241, #7461 ) ) ;
#7366 = FILL_AREA_STYLE ('',( #5984 ) ) ;
#7367 = VERTEX_POINT ( 'NONE', #2797 ) ;
#7368 = DIRECTION ( 'NONE',  ( -0.000000000000000000, 0.000000000000000000, 1.000000000000000000 ) ) ;
#7369 = CARTESIAN_POINT ( 'NONE',  ( 0.2500000000000000000, -0.05999999999999999778, -0.02000000000000000042 ) ) ;
#7370 = ADVANCED_FACE ( 'NONE', ( #108 ), #5568, .T. ) ;
#7371 = PLANE ( 'NONE',  #8575 ) ;
#7372 = AXIS2_PLACEMENT_3D ( 'NONE', #8753, #2645, #6203 ) ;
#7373 = VECTOR ( 'NONE', #7749, 39.37007874015748143 ) ;
#7374 = LINE ( 'NONE', #1253, #8008 ) ;
#7375 = ORIENTED_EDGE ( 'NONE', *, *, #3189, .F. ) ;
#7376 = PLANE ( 'NONE',  #163 ) ;
#7377 = ORIENTED_EDGE ( 'NONE', *, *, #4882, .T. ) ;
#7378 = AXIS2_PLACEMENT_3D ( 'NONE', #6734, #3387, #6107 ) ;
#7379 = LINE ( 'NONE', #7998, #4876 ) ;
#7380 = ORIENTED_EDGE ( 'NONE', *, *, #3781, .T. ) ;
#7381 = LINE ( 'NONE', #5321, #11 ) ;
#7382 = DIRECTION ( 'NONE',  ( 0.000000000000000000, -1.000000000000000000, 0.000000000000000000 ) ) ;
#7383 = VERTEX_POINT ( 'NONE', #2128 ) ;
#7384 = CARTESIAN_POINT ( 'NONE',  ( 0.000000000000000000, 0.2200000000000000011, -0.08000000000000000167 ) ) ;
#7385 = EDGE_CURVE ( 'NONE', #8541, #7060, #4838, .T. ) ;
#7386 = AXIS2_PLACEMENT_3D ( 'NONE', #2026, #6125, #5464 ) ;
#7387 = DIRECTION ( 'NONE',  ( 0.000000000000000000, -1.000000000000000000, 0.000000000000000000 ) ) ;
#7388 = DIRECTION ( 'NONE',  ( 0.000000000000000000, 0.000000000000000000, -1.000000000000000000 ) ) ;
#7389 = EDGE_LOOP ( 'NONE', ( #5840, #7988, #2181, #5366 ) ) ;
#7390 = VECTOR ( 'NONE', #5526, 39.37007874015748143 ) ;
#7391 = CARTESIAN_POINT ( 'NONE',  ( 0.2179999999999999993, -0.06500000000000000222, 0.1874999999999999722 ) ) ;
#7392 = ORIENTED_EDGE ( 'NONE', *, *, #6328, .F. ) ;
#7393 = LINE ( 'NONE', #5284, #7638 ) ;
#7394 = EDGE_CURVE ( 'NONE', #7925, #5658, #7406, .T. ) ;
#7395 = CARTESIAN_POINT ( 'NONE',  ( 0.3125000000000000000, 0.2200000000000000011, 0.08749999999999999445 ) ) ;
#7396 = EDGE_CURVE ( 'NONE', #334, #1235, #2711, .T. ) ;
#7397 = EDGE_CURVE ( 'NONE', #1280, #2943, #6814, .T. ) ;
#7398 = ORIENTED_EDGE ( 'NONE', *, *, #1468, .F. ) ;
#7399 = DIRECTION ( 'NONE',  ( -0.000000000000000000, -1.000000000000000000, -0.000000000000000000 ) ) ;
#7400 = EDGE_CURVE ( 'NONE', #1285, #5762, #7486, .T. ) ;
#7401 = DIRECTION ( 'NONE',  ( 0.000000000000000000, -1.000000000000000000, 0.000000000000000000 ) ) ;
#7402 = CARTESIAN_POINT ( 'NONE',  ( 0.2500000000000000000, -0.06500000000000000222, -0.01499999999999990750 ) ) ;
#7403 = ORIENTED_EDGE ( 'NONE', *, *, #8157, .F. ) ;
#7404 = EDGE_CURVE ( 'NONE', #1247, #394, #8780, .T. ) ;
#7405 = ORIENTED_EDGE ( 'NONE', *, *, #6243, .F. ) ;
#7406 = LINE ( 'NONE', #1283, #3023 ) ;
#7407 = ORIENTED_EDGE ( 'NONE', *, *, #7888, .F. ) ;
#7408 = DIRECTION ( 'NONE',  ( 0.000000000000000000, 0.000000000000000000, -1.000000000000000000 ) ) ;
#7409 = EDGE_LOOP ( 'NONE', ( #8385, #7107, #5167, #5804 ) ) ;
#7410 = DIRECTION ( 'NONE',  ( 1.000000000000000000, 0.000000000000000000, 0.000000000000000000 ) ) ;
#7411 = CARTESIAN_POINT ( 'NONE',  ( 0.2500000000000000000, -0.01499999999999999944, 0.03500000000000000333 ) ) ;
#7412 = ORIENTED_EDGE ( 'NONE', *, *, #6342, .F. ) ;
#7413 = FACE_OUTER_BOUND ( 'NONE', #3826, .T. ) ;
#7414 = CARTESIAN_POINT ( 'NONE',  ( 0.2249999999999999778, 0.2550000000000000044, 0.01600000000000000380 ) ) ;
#7415 = DIRECTION ( 'NONE',  ( 0.000000000000000000, 0.000000000000000000, 1.000000000000000000 ) ) ;
#7416 = ORIENTED_EDGE ( 'NONE', *, *, #7277, .F. ) ;
#7417 = DIRECTION ( 'NONE',  ( -1.000000000000000000, 0.000000000000000000, 0.000000000000000000 ) ) ;
#7418 = CARTESIAN_POINT ( 'NONE',  ( 0.2500000000000000000, 0.02999999999999999889, 0.02000000000000000042 ) ) ;
#7419 = ORIENTED_EDGE ( 'NONE', *, *, #2203, .T. ) ;
#7420 = DIRECTION ( 'NONE',  ( 0.000000000000000000, 0.000000000000000000, -1.000000000000000000 ) ) ;
#7421 = AXIS2_PLACEMENT_3D ( 'NONE', #71, #1595, #8300 ) ;
#7422 = CARTESIAN_POINT ( 'NONE',  ( 0.08200000000000000344, -0.01499999999999999771, 0.01999999999999999695 ) ) ;
#7423 = ORIENTED_EDGE ( 'NONE', *, *, #3410, .T. ) ;
#7424 = LINE ( 'NONE', #2773, #5363 ) ;
#7425 = EDGE_CURVE ( 'NONE', #6323, #6082, #8161, .T. ) ;
#7426 = VECTOR ( 'NONE', #3333, 39.37007874015748143 ) ;
#7427 = DIRECTION ( 'NONE',  ( 0.000000000000000000, 1.000000000000000000, 0.000000000000000000 ) ) ;
#7428 = EDGE_CURVE ( 'NONE', #7710, #4634, #3422, .T. ) ;
#7429 = CARTESIAN_POINT ( 'NONE',  ( 0.3125000000000000000, 0.000000000000000000, 0.08749999999999999445 ) ) ;
#7430 = ORIENTED_EDGE ( 'NONE', *, *, #8186, .T. ) ;
#7431 = CARTESIAN_POINT ( 'NONE',  ( -0.03200000000000000067, -0.02500000000000000486, 0.1874999999999999722 ) ) ;
#7432 = VERTEX_POINT ( 'NONE', #1999 ) ;
#7433 = FACE_BOUND ( 'NONE', #8349, .T. ) ;
#7434 = VECTOR ( 'NONE', #2245, 39.37007874015748143 ) ;
#7435 = CARTESIAN_POINT ( 'NONE',  ( 0.06800000000000000488, -0.01000000000000000021, 0.02999999999999999542 ) ) ;
#7436 = ORIENTED_EDGE ( 'NONE', *, *, #200, .F. ) ;
#7437 = VECTOR ( 'NONE', #5538, 39.37007874015748143 ) ;
#7438 = ADVANCED_FACE ( 'NONE', ( #4713 ), #6141, .T. ) ;
#7439 = DIRECTION ( 'NONE',  ( 0.000000000000000000, -1.000000000000000000, 0.000000000000000000 ) ) ;
#7440 = ORIENTED_EDGE ( 'NONE', *, *, #1433, .T. ) ;
#7441 = FACE_OUTER_BOUND ( 'NONE', #5069, .T. ) ;
#7442 = VECTOR ( 'NONE', #8630, 39.37007874015748143 ) ;
#7443 = CARTESIAN_POINT ( 'NONE',  ( -0.1749999999999999889, 0.1905000000000000027, -0.02500000000000000139 ) ) ;
#7444 = ADVANCED_FACE ( 'NONE', ( #1329 ), #8204, .F. ) ;
#7445 = DIRECTION ( 'NONE',  ( 0.000000000000000000, -1.000000000000000000, 0.000000000000000000 ) ) ;
#7446 = ORIENTED_EDGE ( 'NONE', *, *, #2240, .F. ) ;
#7447 = EDGE_LOOP ( 'NONE', ( #396, #4132, #1015, #6604, #7487, #2430, #7490, #2715 ) ) ;
#7448 = VECTOR ( 'NONE', #944, 39.37007874015748143 ) ;
#7449 = DIRECTION ( 'NONE',  ( 0.000000000000000000, -1.000000000000000000, -5.021779400118129539E-17 ) ) ;
#7450 = EDGE_CURVE ( 'NONE', #8784, #1508, #3381, .T. ) ;
#7451 = ORIENTED_EDGE ( 'NONE', *, *, #2125, .T. ) ;
#7452 = DIRECTION ( 'NONE',  ( 0.000000000000000000, -0.000000000000000000, -1.000000000000000000 ) ) ;
#7453 = APPLICATION_PROTOCOL_DEFINITION ( 'draft international standard', 'automotive_design', 1998, #7282 ) ;
#7454 = ORIENTED_EDGE ( 'NONE', *, *, #593, .F. ) ;
#7455 = PLANE ( 'NONE',  #2021 ) ;
#7456 = CARTESIAN_POINT ( 'NONE',  ( 0.2500000000000000000, -0.01499999999999999944, 0.1874999999999999722 ) ) ;
#7457 = DIRECTION ( 'NONE',  ( 1.000000000000000000, 0.000000000000000000, -0.000000000000000000 ) ) ;
#7458 = CARTESIAN_POINT ( 'NONE',  ( -0.1250000000000000000, 0.03500000000000000333, 0.02500000000000000139 ) ) ;
#7459 = SHAPE_REPRESENTATION ( 'TFML-110-01-L-D-RA', ( #7462, #7029, #7320 ), #3610 ) ;
#7460 = CARTESIAN_POINT ( 'NONE',  ( 0.2500000000000000000, 0.000000000000000000, -0.04249999999999999611 ) ) ;
#7461 = ORIENTED_EDGE ( 'NONE', *, *, #2052, .F. ) ;
#7462 = AXIS2_PLACEMENT_3D ( 'NONE', #4100, #1505, #8165 ) ;
#7463 = CARTESIAN_POINT ( 'NONE',  ( 0.000000000000000000, 0.2200000000000000011, -0.08250000000000000389 ) ) ;
#7464 = CARTESIAN_POINT ( 'NONE',  ( 0.2500000000000000000, -0.01000000000000000021, 0.02999999999999999889 ) ) ;
#7465 = ORIENTED_EDGE ( 'NONE', *, *, #2337, .F. ) ;
#7466 = DIRECTION ( 'NONE',  ( 1.000000000000000000, 0.000000000000000000, -0.000000000000000000 ) ) ;
#7467 = CARTESIAN_POINT ( 'NONE',  ( -0.1474999999999999922, 0.08985714285714289928, -0.08250000000000000389 ) ) ;
#7468 = ORIENTED_EDGE ( 'NONE', *, *, #3708, .F. ) ;
#7469 = DIRECTION ( 'NONE',  ( -0.000000000000000000, -1.000000000000000000, 0.000000000000000000 ) ) ;
#7470 = DIRECTION ( 'NONE',  ( -1.000000000000000000, 0.000000000000000000, -0.000000000000000000 ) ) ;
#7471 = FACE_OUTER_BOUND ( 'NONE', #992, .T. ) ;
#7472 = ORIENTED_EDGE ( 'NONE', *, *, #237, .T. ) ;
#7473 = PLANE ( 'NONE',  #8663 ) ;
#7474 = LINE ( 'NONE', #6929, #3501 ) ;
#7475 = VERTEX_POINT ( 'NONE', #8590 ) ;
#7476 = DIRECTION ( 'NONE',  ( 0.000000000000000000, 0.000000000000000000, -1.000000000000000000 ) ) ;
#7477 = FACE_OUTER_BOUND ( 'NONE', #7932, .T. ) ;
#7478 = EDGE_CURVE ( 'NONE', #7367, #7126, #4531, .T. ) ;
#7479 = ORIENTED_EDGE ( 'NONE', *, *, #5770, .F. ) ;
#7480 = CARTESIAN_POINT ( 'NONE',  ( 0.3125000000000000000, 0.3160000000000000031, -0.03749999999999999861 ) ) ;
#7481 = CARTESIAN_POINT ( 'NONE',  ( -0.2625000000000000111, 0.2049999999999999878, -0.03749999999999999861 ) ) ;
#7482 = ADVANCED_FACE ( 'NONE', ( #2348 ), #1089, .T. ) ;
#7483 = DIRECTION ( 'NONE',  ( -1.000000000000000000, 0.000000000000000000, 0.000000000000000000 ) ) ;
#7484 = VECTOR ( 'NONE', #7935, 39.37007874015748143 ) ;
#7485 = VERTEX_POINT ( 'NONE', #6946 ) ;
#7486 = LINE ( 'NONE', #6728, #7871 ) ;
#7487 = ORIENTED_EDGE ( 'NONE', *, *, #5979, .F. ) ;
#7488 = AXIS2_PLACEMENT_3D ( 'NONE', #4670, #5928, #1237 ) ;
#7489 = CARTESIAN_POINT ( 'NONE',  ( -0.1680000000000000382, -0.01499999999999999771, 0.01999999999999999695 ) ) ;
#7490 = ORIENTED_EDGE ( 'NONE', *, *, #532, .T. ) ;
#7491 = DIRECTION ( 'NONE',  ( -1.000000000000000000, -0.000000000000000000, 0.000000000000000000 ) ) ;
#7492 = ORIENTED_EDGE ( 'NONE', *, *, #4567, .T. ) ;
#7493 = DIRECTION ( 'NONE',  ( -0.7071067811865470176, 0.000000000000000000, -0.7071067811865480168 ) ) ;
#7494 = DIRECTION ( 'NONE',  ( 0.000000000000000000, 0.000000000000000000, -1.000000000000000000 ) ) ;
#7495 = EDGE_CURVE ( 'NONE', #6319, #7982, #2396, .T. ) ;
#7496 = ORIENTED_EDGE ( 'NONE', *, *, #4559, .F. ) ;
#7497 = AXIS2_PLACEMENT_3D ( 'NONE', #2872, #5510, #6260 ) ;
#7498 = CIRCLE ( 'NONE', #6356, 0.008999999999999997585 ) ;
#7499 = DIRECTION ( 'NONE',  ( 1.000000000000000000, 0.000000000000000000, -0.000000000000000000 ) ) ;
#7500 = EDGE_CURVE ( 'NONE', #5160, #3163, #2477, .T. ) ;
#7501 = ORIENTED_EDGE ( 'NONE', *, *, #7701, .F. ) ;
#7502 = CARTESIAN_POINT ( 'NONE',  ( -0.2249999999999999778, 0.2550000000000000044, 0.03400000000000000244 ) ) ;
#7503 = ORIENTED_EDGE ( 'NONE', *, *, #788, .T. ) ;
#7504 = DIRECTION ( 'NONE',  ( 1.000000000000000000, 0.000000000000000000, 0.000000000000000000 ) ) ;
#7505 = VECTOR ( 'NONE', #5457, 39.37007874015748143 ) ;
#7506 = LINE ( 'NONE', #4732, #6792 ) ;
#7507 = VECTOR ( 'NONE', #4263, 39.37007874015748143 ) ;
#7508 = VERTEX_POINT ( 'NONE', #1130 ) ;
#7509 = EDGE_CURVE ( 'NONE', #6105, #5452, #7572, .T. ) ;
#7510 = CARTESIAN_POINT ( 'NONE',  ( 0.2625000000000000111, 0.2049999999999999878, -0.03749999999999999861 ) ) ;
#7511 = AXIS2_PLACEMENT_3D ( 'NONE', #2670, #5389, #6767 ) ;
#7512 = AXIS2_PLACEMENT_3D ( 'NONE', #68, #5442, #1336 ) ;
#7513 = DIRECTION ( 'NONE',  ( 0.000000000000000000, -0.000000000000000000, 1.000000000000000000 ) ) ;
#7514 = EDGE_CURVE ( 'NONE', #107, #6706, #6488, .T. ) ;
#7515 = FACE_OUTER_BOUND ( 'NONE', #3057, .T. ) ;
#7516 = AXIS2_PLACEMENT_3D ( 'NONE', #106, #3552, #1628 ) ;
#7517 = CARTESIAN_POINT ( 'NONE',  ( 0.2625000000000000111, 0.2049999999999999878, 0.06500000000000000222 ) ) ;
#7518 = DIRECTION ( 'NONE',  ( 0.000000000000000000, 0.000000000000000000, 1.000000000000000000 ) ) ;
#7519 = DIRECTION ( 'NONE',  ( 0.000000000000000000, -1.000000000000000000, -0.000000000000000000 ) ) ;
#7520 = ORIENTED_EDGE ( 'NONE', *, *, #2755, .F. ) ;
#7521 = FACE_BOUND ( 'NONE', #7389, .T. ) ;
#7522 = CIRCLE ( 'NONE', #1525, 0.01000000000000000021 ) ;
#7523 = AXIS2_PLACEMENT_3D ( 'NONE', #6773, #4715, #1331 ) ;
#7524 = ORIENTED_EDGE ( 'NONE', *, *, #4074, .T. ) ;
#7525 = CYLINDRICAL_SURFACE ( 'NONE', #5646, 0.01000000000000000021 ) ;
#7526 = CARTESIAN_POINT ( 'NONE',  ( -0.08200000000000004508, -0.05999999999999999778, -0.01499999999999999944 ) ) ;
#7527 = PLANE ( 'NONE',  #1090 ) ;
#7528 = EDGE_CURVE ( 'NONE', #2374, #4630, #6012, .T. ) ;
#7529 = VERTEX_POINT ( 'NONE', #4229 ) ;
#7530 = ORIENTED_EDGE ( 'NONE', *, *, #2538, .F. ) ;
#7531 = CARTESIAN_POINT ( 'NONE',  ( 0.000000000000000000, -0.07499999999999999722, -0.02000000000000000042 ) ) ;
#7532 = ORIENTED_EDGE ( 'NONE', *, *, #2411, .F. ) ;
#7533 = EDGE_CURVE ( 'NONE', #4977, #3195, #6579, .T. ) ;
#7534 = LINE ( 'NONE', #2931, #6062 ) ;
#7535 = ORIENTED_EDGE ( 'NONE', *, *, #3732, .T. ) ;
#7536 = CARTESIAN_POINT ( 'NONE',  ( -0.03199999999999999373, -0.02500000000000000486, 0.02999999999999999542 ) ) ;
#7537 = ORIENTED_EDGE ( 'NONE', *, *, #593, .T. ) ;
#7538 = DIRECTION ( 'NONE',  ( 0.000000000000000000, 0.000000000000000000, 1.000000000000000000 ) ) ;
#7539 = DIRECTION ( 'NONE',  ( 0.000000000000000000, -1.000000000000000000, 0.000000000000000000 ) ) ;
#7540 = LINE ( 'NONE', #2096, #5728 ) ;
#7541 = DIRECTION ( 'NONE',  ( 1.000000000000000000, -0.000000000000000000, -0.000000000000000000 ) ) ;
#7542 = ORIENTED_EDGE ( 'NONE', *, *, #7123, .T. ) ;
#7543 = EDGE_CURVE ( 'NONE', #1248, #4718, #7202, .T. ) ;
#7544 = ORIENTED_EDGE ( 'NONE', *, *, #3435, .T. ) ;
#7545 = DIRECTION ( 'NONE',  ( 0.000000000000000000, -1.000000000000000000, 0.000000000000000000 ) ) ;
#7546 = VERTEX_POINT ( 'NONE', #3103 ) ;
#7547 = DIRECTION ( 'NONE',  ( 0.000000000000000000, 0.000000000000000000, 1.000000000000000000 ) ) ;
#7548 = LINE ( 'NONE', #6040, #5365 ) ;
#7549 = VERTEX_POINT ( 'NONE', #1805 ) ;
#7550 = DIRECTION ( 'NONE',  ( 0.000000000000000000, 0.000000000000000000, 1.000000000000000000 ) ) ;
#7551 = ADVANCED_FACE ( 'NONE', ( #273 ), #3815, .T. ) ;
#7552 = CARTESIAN_POINT ( 'NONE',  ( 0.2500000000000000000, -0.01499999999999999944, 0.03500000000000000333 ) ) ;
#7553 = DIRECTION ( 'NONE',  ( -1.000000000000000000, 0.000000000000000000, 0.000000000000000000 ) ) ;
#7554 = CARTESIAN_POINT ( 'NONE',  ( 0.2500000000000000000, -0.01499999999999999944, 0.02999999999999999889 ) ) ;
#7555 = VERTEX_POINT ( 'NONE', #320 ) ;
#7556 = EDGE_CURVE ( 'NONE', #3099, #7183, #5061, .T. ) ;
#7557 = CARTESIAN_POINT ( 'NONE',  ( 0.1749999999999999889, 0.2550000000000000044, 0.01600000000000000380 ) ) ;
#7558 = ORIENTED_EDGE ( 'NONE', *, *, #4016, .F. ) ;
#7559 = LINE ( 'NONE', #1443, #3916 ) ;
#7560 = VECTOR ( 'NONE', #3346, 39.37007874015748143 ) ;
#7561 = ORIENTED_EDGE ( 'NONE', *, *, #1601, .T. ) ;
#7562 = VECTOR ( 'NONE', #3598, 39.37007874015748143 ) ;
#7563 = LINE ( 'NONE', #5610, #2653 ) ;
#7564 = CARTESIAN_POINT ( 'NONE',  ( 0.2500000000000000000, -0.06500000000000000222, 0.1874999999999999722 ) ) ;
#7565 = DIRECTION ( 'NONE',  ( 0.000000000000000000, 0.000000000000000000, 1.000000000000000000 ) ) ;
#7566 = CIRCLE ( 'NONE', #2020, 0.005000000000000021788 ) ;
#7567 = VECTOR ( 'NONE', #4723, 39.37007874015748143 ) ;
#7568 = ORIENTED_EDGE ( 'NONE', *, *, #7400, .T. ) ;
#7569 = LINE ( 'NONE', #6231, #5163 ) ;
#7570 = VERTEX_POINT ( 'NONE', #8292 ) ;
#7571 = CARTESIAN_POINT ( 'NONE',  ( 0.000000000000000000, -0.07499999999999999722, -0.02000000000000000042 ) ) ;
#7572 = CIRCLE ( 'NONE', #3731, 0.004999999999999997502 ) ;
#7573 = EDGE_LOOP ( 'NONE', ( #8437, #5331, #3831, #7405 ) ) ;
#7574 = DIRECTION ( 'NONE',  ( 0.000000000000000000, -1.000000000000000000, 0.000000000000000000 ) ) ;
#7575 = VERTEX_POINT ( 'NONE', #8503 ) ;
#7576 = ORIENTED_EDGE ( 'NONE', *, *, #3310, .T. ) ;
#7577 = DIRECTION ( 'NONE',  ( -0.000000000000000000, -1.000000000000000000, -0.000000000000000000 ) ) ;
#7578 = DIRECTION ( 'NONE',  ( 0.000000000000000000, -0.7071067811865469066, 0.7071067811865479058 ) ) ;
#7579 = EDGE_CURVE ( 'NONE', #1894, #4714, #4018, .T. ) ;
#7580 = AXIS2_PLACEMENT_3D ( 'NONE', #6616, #6744, #8130 ) ;
#7581 = DIRECTION ( 'NONE',  ( -0.000000000000000000, 0.000000000000000000, 1.000000000000000000 ) ) ;
#7582 = ORIENTED_EDGE ( 'NONE', *, *, #402, .T. ) ;
#7583 = ORIENTED_EDGE ( 'NONE', *, *, #1907, .T. ) ;
#7584 = CARTESIAN_POINT ( 'NONE',  ( 0.08200000000000000344, 0.02999999999999999889, 0.1874999999999999722 ) ) ;
#7585 = ORIENTED_EDGE ( 'NONE', *, *, #7222, .F. ) ;
#7586 = CARTESIAN_POINT ( 'NONE',  ( -0.1475000000000000755, 0.03285714285714289029, -0.06500000000000000222 ) ) ;
#7587 = AXIS2_PLACEMENT_3D ( 'NONE', #1257, #7241, #5907 ) ;
#7588 = CYLINDRICAL_SURFACE ( 'NONE', #7372, 0.004999999999999997502 ) ;
#7590 = VERTEX_POINT ( 'NONE', #2436 ) ;
#7589 = VECTOR ( 'NONE', #3626, 39.37007874015748143 ) ;
#7591 = DIRECTION ( 'NONE',  ( -1.000000000000000000, 0.000000000000000000, 0.000000000000000000 ) ) ;
#7592 = VECTOR ( 'NONE', #651, 39.37007874015748143 ) ;
#7593 = EDGE_CURVE ( 'NONE', #3252, #754, #8154, .T. ) ;
#7594 = FACE_OUTER_BOUND ( 'NONE', #7053, .T. ) ;
#7595 = DIRECTION ( 'NONE',  ( -1.000000000000000000, 0.000000000000000000, 0.000000000000000000 ) ) ;
#7596 = PLANE ( 'NONE',  #21 ) ;
#7597 = CARTESIAN_POINT ( 'NONE',  ( -0.1319999999999999785, 0.03000000000000000583, -0.02999999999999992256 ) ) ;
#7598 = LINE ( 'NONE', #1483, #7664 ) ;
#7599 = PLANE ( 'NONE',  #2799 ) ;
#7600 = FACE_OUTER_BOUND ( 'NONE', #5705, .T. ) ;
#7601 = EDGE_LOOP ( 'NONE', ( #2549, #3883, #6751, #1781, #1848 ) ) ;
#7602 = DIRECTION ( 'NONE',  ( -0.000000000000000000, 0.000000000000000000, 1.000000000000000000 ) ) ;
#7603 = EDGE_CURVE ( 'NONE', #5828, #5744, #1501, .T. ) ;
#7604 = EDGE_CURVE ( 'NONE', #370, #2822, #3304, .T. ) ;
#7605 = ORIENTED_EDGE ( 'NONE', *, *, #8191, .F. ) ;
#7606 = PLANE ( 'NONE',  #8488 ) ;
#7607 = EDGE_CURVE ( 'NONE', #3123, #6885, #1672, .T. ) ;
#7608 = DIRECTION ( 'NONE',  ( 0.000000000000000000, 0.000000000000000000, -1.000000000000000000 ) ) ;
#7609 = CARTESIAN_POINT ( 'NONE',  ( 0.1680000000000000382, 0.03000000000000000583, 0.02000000000000009409 ) ) ;
#7610 = ORIENTED_EDGE ( 'NONE', *, *, #1106, .F. ) ;
#7611 = ORIENTED_EDGE ( 'NONE', *, *, #3820, .T. ) ;
#7612 = DIRECTION ( 'NONE',  ( 0.000000000000000000, 0.000000000000000000, -1.000000000000000000 ) ) ;
#7613 = ORIENTED_EDGE ( 'NONE', *, *, #4109, .F. ) ;
#7614 = LINE ( 'NONE', #5481, #382 ) ;
#7615 = ORIENTED_EDGE ( 'NONE', *, *, #4162, .T. ) ;
#7616 = DIRECTION ( 'NONE',  ( -1.000000000000000000, 0.000000000000000000, 0.000000000000000000 ) ) ;
#7617 = VERTEX_POINT ( 'NONE', #1045 ) ;
#7618 = ORIENTED_EDGE ( 'NONE', *, *, #8318, .F. ) ;
#7619 = FACE_BOUND ( 'NONE', #4804, .T. ) ;
#7620 = DIRECTION ( 'NONE',  ( 1.000000000000000000, 0.000000000000000000, 0.000000000000000000 ) ) ;
#7621 = VECTOR ( 'NONE', #2487, 39.37007874015748143 ) ;
#7622 = CARTESIAN_POINT ( 'NONE',  ( -0.1819999999999999951, 0.02999999999999999889, -0.05000000000000000278 ) ) ;
#7623 = ORIENTED_EDGE ( 'NONE', *, *, #1727, .F. ) ;
#7624 = EDGE_LOOP ( 'NONE', ( #2067, #48, #4214, #6245, #4980, #8299, #2055, #2167 ) ) ;
#7625 = DIRECTION ( 'NONE',  ( 0.000000000000000000, 0.000000000000000000, -1.000000000000000000 ) ) ;
#7626 = ORIENTED_EDGE ( 'NONE', *, *, #3198, .F. ) ;
#7627 = ADVANCED_FACE ( 'NONE', ( #3320 ), #8716, .T. ) ;
#7628 = VECTOR ( 'NONE', #831, 39.37007874015748854 ) ;
#7629 = LINE ( 'NONE', #8350, #1187 ) ;
#7630 = CARTESIAN_POINT ( 'NONE',  ( 0.2500000000000000000, -0.05999999999999999778, -0.02000000000000000042 ) ) ;
#7631 = ORIENTED_EDGE ( 'NONE', *, *, #2694, .T. ) ;
#7632 = LINE ( 'NONE', #5548, #7652 ) ;
#7633 = CIRCLE ( 'NONE', #2222, 0.004999999999999997502 ) ;
#7634 = CARTESIAN_POINT ( 'NONE',  ( -0.01799999999999998476, -0.05999999999999999778, -0.02000000000000000042 ) ) ;
#7635 = AXIS2_PLACEMENT_3D ( 'NONE', #908, #4403, #1765 ) ;
#7636 = ADVANCED_FACE ( 'NONE', ( #7964 ), #5280, .T. ) ;
#7637 = VECTOR ( 'NONE', #2637, 39.37007874015748143 ) ;
#7638 = VECTOR ( 'NONE', #8595, 39.37007874015748143 ) ;
#7639 = PLANE ( 'NONE',  #1368 ) ;
#7640 = LINE ( 'NONE', #5384, #959 ) ;
#7641 = VECTOR ( 'NONE', #3401, 39.37007874015748143 ) ;
#7642 = LINE ( 'NONE', #6881, #1457 ) ;
#7643 = VECTOR ( 'NONE', #1620, 39.37007874015748143 ) ;
#7644 = CARTESIAN_POINT ( 'NONE',  ( 0.2500000000000000000, -0.05999999999999999778, -0.01499999999999999944 ) ) ;
#7645 = FACE_OUTER_BOUND ( 'NONE', #5772, .T. ) ;
#7646 = EDGE_CURVE ( 'NONE', #67, #1920, #2565, .T. ) ;
#7647 = CARTESIAN_POINT ( 'NONE',  ( 0.2500000000000000000, -0.01000000000000000021, 0.03500000000000000333 ) ) ;
#7648 = DIRECTION ( 'NONE',  ( 0.000000000000000000, 1.000000000000000000, 0.000000000000000000 ) ) ;
#7649 = AXIS2_PLACEMENT_3D ( 'NONE', #8070, #4091, #4795 ) ;
#7650 = EDGE_LOOP ( 'NONE', ( #8448, #7318, #2121, #3608 ) ) ;
#7651 = CARTESIAN_POINT ( 'NONE',  ( 0.000000000000000000, 0.2200000000000000011, -0.08000000000000000167 ) ) ;
#7652 = VECTOR ( 'NONE', #6337, 39.37007874015748143 ) ;
#7653 = VECTOR ( 'NONE', #5263, 39.37007874015748143 ) ;
#7654 = AXIS2_PLACEMENT_3D ( 'NONE', #8363, #8277, #4870 ) ;
#7655 = ORIENTED_EDGE ( 'NONE', *, *, #7071, .T. ) ;
#7656 = ADVANCED_FACE ( 'NONE', ( #5328 ), #5241, .T. ) ;
#7657 = AXIS2_PLACEMENT_3D ( 'NONE', #7243, #3183, #3895 ) ;
#7658 = LINE ( 'NONE', #1539, #1082 ) ;
#7659 = EDGE_CURVE ( 'NONE', #6051, #1589, #1221, .T. ) ;
#7660 = FACE_OUTER_BOUND ( 'NONE', #400, .T. ) ;
#7661 = CARTESIAN_POINT ( 'NONE',  ( 0.2500000000000000000, 0.02999999999999999889, 0.02000000000000000042 ) ) ;
#7662 = EDGE_CURVE ( 'NONE', #4183, #8612, #8054, .T. ) ;
#7663 = ORIENTED_EDGE ( 'NONE', *, *, #6406, .T. ) ;
#7664 = VECTOR ( 'NONE', #6711, 39.37007874015748143 ) ;
#7665 = ORIENTED_EDGE ( 'NONE', *, *, #6385, .T. ) ;
#7666 = ORIENTED_EDGE ( 'NONE', *, *, #7896, .F. ) ;
#7667 = DIRECTION ( 'NONE',  ( -0.000000000000000000, -1.000000000000000000, 0.000000000000000000 ) ) ;
#7668 = EDGE_CURVE ( 'NONE', #1650, #8830, #1892, .T. ) ;
#7669 = ORIENTED_EDGE ( 'NONE', *, *, #7846, .T. ) ;
#7670 = CARTESIAN_POINT ( 'NONE',  ( 0.2179999999999999993, -0.1000000000000000056, 0.1874999999999999722 ) ) ;
#7671 = VERTEX_POINT ( 'NONE', #8102 ) ;
#7672 = EDGE_LOOP ( 'NONE', ( #3649, #3673 ) ) ;
#7673 = CARTESIAN_POINT ( 'NONE',  ( -0.2320000000000000118, -0.06500000000000000222, -0.01499999999999995608 ) ) ;
#7674 = DIRECTION ( 'NONE',  ( 0.000000000000000000, -1.000000000000000000, 0.000000000000000000 ) ) ;
#7675 = CYLINDRICAL_SURFACE ( 'NONE', #3158, 0.01000000000000000021 ) ;
#7676 = ORIENTED_EDGE ( 'NONE', *, *, #2247, .F. ) ;
#7677 = ORIENTED_EDGE ( 'NONE', *, *, #2309, .F. ) ;
#7678 = PLANE ( 'NONE',  #2331 ) ;
#7679 = VERTEX_POINT ( 'NONE', #1179 ) ;
#7680 = DIRECTION ( 'NONE',  ( -0.000000000000000000, 0.000000000000000000, 1.000000000000000000 ) ) ;
#7681 = CARTESIAN_POINT ( 'NONE',  ( 0.03200000000000000067, -0.07499999999999999722, 0.000000000000000000 ) ) ;
#7682 = VERTEX_POINT ( 'NONE', #6625 ) ;
#7683 = CARTESIAN_POINT ( 'NONE',  ( -0.08200000000000001732, -0.07499999999999999722, -0.02000000000000000042 ) ) ;
#7684 = LINE ( 'NONE', #847, #6999 ) ;
#7685 = FACE_OUTER_BOUND ( 'NONE', #5434, .T. ) ;
#7686 = DIRECTION ( 'NONE',  ( 0.000000000000000000, 0.000000000000000000, 1.000000000000000000 ) ) ;
#7687 = DIRECTION ( 'NONE',  ( 0.000000000000000000, -0.7071067811865476838, -0.7071067811865473507 ) ) ;
#7688 = CARTESIAN_POINT ( 'NONE',  ( -0.2500000000000000000, -0.07499999999999999722, 0.1874999999999999722 ) ) ;
#7689 = CARTESIAN_POINT ( 'NONE',  ( 0.2500000000000000000, 0.02999999999999999542, -0.02000000000000000042 ) ) ;
#7690 = FACE_OUTER_BOUND ( 'NONE', #2981, .T. ) ;
#7691 = DIRECTION ( 'NONE',  ( 0.000000000000000000, 0.000000000000000000, 1.000000000000000000 ) ) ;
#7692 = ORIENTED_EDGE ( 'NONE', *, *, #2408, .T. ) ;
#7693 = PLANE ( 'NONE',  #3205 ) ;
#7694 = ADVANCED_FACE ( 'NONE', ( #7471 ), #6670, .T. ) ;
#7695 = VERTEX_POINT ( 'NONE', #3904 ) ;
#7696 = DIRECTION ( 'NONE',  ( 0.000000000000000000, 0.000000000000000000, -1.000000000000000000 ) ) ;
#7697 = CARTESIAN_POINT ( 'NONE',  ( 0.2500000000000000000, -0.05999999999999999778, -0.02000000000000000042 ) ) ;
#7698 = AXIS2_PLACEMENT_3D ( 'NONE', #5182, #4513, #430 ) ;
#7699 = CARTESIAN_POINT ( 'NONE',  ( 0.1819999999999999951, -0.07499999999999999722, 0.1874999999999999722 ) ) ;
#7700 = CARTESIAN_POINT ( 'NONE',  ( 0.01799999999999999517, -0.06500000000000000222, 0.1874999999999999722 ) ) ;
#7701 = EDGE_CURVE ( 'NONE', #7549, #7329, #535, .T. ) ;
#7702 = ORIENTED_EDGE ( 'NONE', *, *, #4109, .T. ) ;
#7703 = VECTOR ( 'NONE', #7124, 39.37007874015748143 ) ;
#7704 = ORIENTED_EDGE ( 'NONE', *, *, #2793, .T. ) ;
#7705 = ORIENTED_EDGE ( 'NONE', *, *, #1062, .F. ) ;
#7706 = CARTESIAN_POINT ( 'NONE',  ( 0.1179999999999999938, -0.06500000000000000222, -0.02000000000000000042 ) ) ;
#7707 = EDGE_CURVE ( 'NONE', #6615, #4727, #2024, .T. ) ;
#7708 = ORIENTED_EDGE ( 'NONE', *, *, #4631, .F. ) ;
#7709 = CARTESIAN_POINT ( 'NONE',  ( 0.2500000000000000000, -0.01499999999999999944, 0.02999999999999999889 ) ) ;
#7710 = VERTEX_POINT ( 'NONE', #3986 ) ;
#7711 = EDGE_LOOP ( 'NONE', ( #2945, #696, #5569, #1413 ) ) ;
#7712 = DIRECTION ( 'NONE',  ( -1.000000000000000000, 0.000000000000000000, 0.000000000000000000 ) ) ;
#7713 = VECTOR ( 'NONE', #32, 39.37007874015748143 ) ;
#7714 = LINE ( 'NONE', #6327, #2082 ) ;
#7715 = EDGE_CURVE ( 'NONE', #7432, #3660, #6044, .T. ) ;
#7716 = AXIS2_PLACEMENT_3D ( 'NONE', #8564, #8736, #6687 ) ;
#7717 = DIRECTION ( 'NONE',  ( 0.000000000000000000, 1.000000000000000000, 0.000000000000000000 ) ) ;
#7718 = ORIENTED_EDGE ( 'NONE', *, *, #4567, .F. ) ;
#7719 = VECTOR ( 'NONE', #3441, 39.37007874015748143 ) ;
#7720 = ORIENTED_EDGE ( 'NONE', *, *, #7404, .F. ) ;
#7721 = DIRECTION ( 'NONE',  ( 0.000000000000000000, 0.000000000000000000, 1.000000000000000000 ) ) ;
#7722 = ADVANCED_FACE ( 'NONE', ( #6799 ), #8759, .T. ) ;
#7723 = EDGE_LOOP ( 'NONE', ( #7544, #2414 ) ) ;
#7724 = PLANE ( 'NONE',  #3447 ) ;
#7725 = CARTESIAN_POINT ( 'NONE',  ( 0.1680000000000000382, 0.03000000000000000583, 0.03000000000000000930 ) ) ;
#7726 = ORIENTED_EDGE ( 'NONE', *, *, #1446, .T. ) ;
#7727 = CARTESIAN_POINT ( 'NONE',  ( 0.2500000000000000000, -0.01000000000000000021, 0.02999999999999999889 ) ) ;
#7728 = CARTESIAN_POINT ( 'NONE',  ( -0.1320000000000000062, -0.01499999999999999424, 0.1874999999999999722 ) ) ;
#7729 = AXIS2_PLACEMENT_3D ( 'NONE', #4096, #7449, #5478 ) ;
#7730 = EDGE_CURVE ( 'NONE', #5849, #142, #4616, .T. ) ;
#7731 = DIRECTION ( 'NONE',  ( -1.000000000000000000, 0.000000000000000000, 0.000000000000000000 ) ) ;
#7732 = ORIENTED_EDGE ( 'NONE', *, *, #8354, .T. ) ;
#7733 = LINE ( 'NONE', #2383, #2608 ) ;
#7734 = DIRECTION ( 'NONE',  ( 0.000000000000000000, 0.000000000000000000, 1.000000000000000000 ) ) ;
#7735 = FACE_OUTER_BOUND ( 'NONE', #1197, .T. ) ;
#7736 = CARTESIAN_POINT ( 'NONE',  ( -0.2179999999999999993, 0.02999999999999999889, 0.02000000000000003164 ) ) ;
#7737 = PLANE ( 'NONE',  #5654 ) ;
#7738 = ORIENTED_EDGE ( 'NONE', *, *, #5248, .F. ) ;
#7739 = CARTESIAN_POINT ( 'NONE',  ( 0.1749999999999999889, 0.1905000000000000027, -0.03400000000000000244 ) ) ;
#7740 = AXIS2_PLACEMENT_3D ( 'NONE', #7464, #3530, #4063 ) ;
#7741 = AXIS2_PLACEMENT_3D ( 'NONE', #4051, #3299, #6024 ) ;
#7742 = CARTESIAN_POINT ( 'NONE',  ( 0.2249999999999999778, 0.2550000000000000044, -0.02500000000000000139 ) ) ;
#7743 = ORIENTED_EDGE ( 'NONE', *, *, #486, .T. ) ;
#7744 = VECTOR ( 'NONE', #8694, 39.37007874015748143 ) ;
#7745 = LINE ( 'NONE', #8373, #491 ) ;
#7746 = EDGE_CURVE ( 'NONE', #6372, #611, #3595, .T. ) ;
#7747 = DIRECTION ( 'NONE',  ( 0.000000000000000000, -1.000000000000000000, 0.000000000000000000 ) ) ;
#7748 = LINE ( 'NONE', #1627, #5577 ) ;
#7749 = DIRECTION ( 'NONE',  ( 0.000000000000000000, 1.000000000000000000, -0.000000000000000000 ) ) ;
#7750 = EDGE_LOOP ( 'NONE', ( #3690, #8721, #6316, #7800 ) ) ;
#7751 = ORIENTED_EDGE ( 'NONE', *, *, #5372, .F. ) ;
#7752 = EDGE_LOOP ( 'NONE', ( #2975, #5100 ) ) ;
#7753 = PLANE ( 'NONE',  #633 ) ;
#7754 = EDGE_CURVE ( 'NONE', #1456, #1609, #3276, .T. ) ;
#7755 = CARTESIAN_POINT ( 'NONE',  ( 0.2874999999999999778, 0.2200000000000000011, 0.1124999999999999889 ) ) ;
#7756 = ORIENTED_EDGE ( 'NONE', *, *, #4438, .T. ) ;
#7757 = CARTESIAN_POINT ( 'NONE',  ( -0.3125000000000000000, 0.000000000000000000, 0.1124999999999999889 ) ) ;
#7758 = CARTESIAN_POINT ( 'NONE',  ( 0.07499999999999999722, 0.03500000000000000333, 0.02500000000000000139 ) ) ;
#7759 = EDGE_LOOP ( 'NONE', ( #4949, #3969, #4527, #3758 ) ) ;
#7760 = CARTESIAN_POINT ( 'NONE',  ( -0.2500000000000000000, 0.03500000000000000333, 0.04249999999999999611 ) ) ;
#7761 = EDGE_LOOP ( 'NONE', ( #6409, #3092 ) ) ;
#7762 = ORIENTED_EDGE ( 'NONE', *, *, #1058, .T. ) ;
#7763 = PLANE ( 'NONE',  #4603 ) ;
#7764 = ORIENTED_EDGE ( 'NONE', *, *, #8110, .T. ) ;
#7765 = DIRECTION ( 'NONE',  ( -1.000000000000000000, 0.000000000000000000, -0.000000000000000000 ) ) ;
#7766 = DIRECTION ( 'NONE',  ( 0.000000000000000000, 0.000000000000000000, -1.000000000000000000 ) ) ;
#7767 = ORIENTED_EDGE ( 'NONE', *, *, #6731, .F. ) ;
#7768 = LINE ( 'NONE', #846, #1950 ) ;
#7769 = EDGE_CURVE ( 'NONE', #4617, #6706, #4696, .T. ) ;
#7770 = VECTOR ( 'NONE', #3499, 39.37007874015748143 ) ;
#7771 = DIRECTION ( 'NONE',  ( -0.000000000000000000, -1.000000000000000000, 0.000000000000000000 ) ) ;
#7772 = CARTESIAN_POINT ( 'NONE',  ( 0.1179999999999999938, -0.1000000000000000056, 0.02999999999999998848 ) ) ;
#7773 = VERTEX_POINT ( 'NONE', #6756 ) ;
#7774 = LINE ( 'NONE', #5007, #5023 ) ;
#7775 = CARTESIAN_POINT ( 'NONE',  ( 0.2625000000000000111, 0.3160000000000000031, -0.03749999999999999861 ) ) ;
#7776 = PLANE ( 'NONE',  #5818 ) ;
#7777 = DIRECTION ( 'NONE',  ( -0.000000000000000000, 0.000000000000000000, -1.000000000000000000 ) ) ;
#7778 = CARTESIAN_POINT ( 'NONE',  ( -0.1819999999999999951, -0.06500000000000000222, -0.01499999999999995608 ) ) ;
#7779 = VECTOR ( 'NONE', #8106, 39.37007874015748143 ) ;
#7780 = ORIENTED_EDGE ( 'NONE', *, *, #1583, .T. ) ;
#7781 = LINE ( 'NONE', #993, #4908 ) ;
#7782 = VECTOR ( 'NONE', #1655, 39.37007874015748143 ) ;
#7783 = EDGE_CURVE ( 'NONE', #8419, #6222, #2201, .T. ) ;
#7784 = AXIS2_PLACEMENT_3D ( 'NONE', #8049, #2823, #3444 ) ;
#7785 = CIRCLE ( 'NONE', #945, 0.008999999999999997585 ) ;
#7786 = DIRECTION ( 'NONE',  ( 1.000000000000000000, -0.000000000000000000, -0.000000000000000000 ) ) ;
#7787 = DIRECTION ( 'NONE',  ( 0.000000000000000000, -1.000000000000000000, 0.000000000000000000 ) ) ;
#7788 = CIRCLE ( 'NONE', #5948, 0.008999999999999997585 ) ;
#7789 = VERTEX_POINT ( 'NONE', #134 ) ;
#7790 = CARTESIAN_POINT ( 'NONE',  ( -0.1749999999999999889, 0.2550000000000000044, 0.03400000000000000244 ) ) ;
#7791 = FACE_OUTER_BOUND ( 'NONE', #8377, .T. ) ;
#7792 = CIRCLE ( 'NONE', #5075, 0.004999999999999997502 ) ;
#7793 = VECTOR ( 'NONE', #5092, 39.37007874015748143 ) ;
#7794 = PLANE ( 'NONE',  #4846 ) ;
#7795 = FACE_OUTER_BOUND ( 'NONE', #530, .T. ) ;
#7796 = VECTOR ( 'NONE', #5563, 39.37007874015748143 ) ;
#7797 = EDGE_LOOP ( 'NONE', ( #8512, #5034, #8397, #8002 ) ) ;
#7798 = VECTOR ( 'NONE', #8353, 39.37007874015748143 ) ;
#7799 = VERTEX_POINT ( 'NONE', #1568 ) ;
#7800 = ORIENTED_EDGE ( 'NONE', *, *, #6647, .F. ) ;
#7801 = VECTOR ( 'NONE', #3319, 39.37007874015748854 ) ;
#7802 = DIRECTION ( 'NONE',  ( 1.000000000000000000, 0.000000000000000000, -0.000000000000000000 ) ) ;
#7803 = ADVANCED_FACE ( 'NONE', ( #7515 ), #6256, .T. ) ;
#7804 = CARTESIAN_POINT ( 'NONE',  ( 0.2500000000000000000, 0.02999999999999999889, -0.02999999999999999889 ) ) ;
#7805 = FACE_OUTER_BOUND ( 'NONE', #337, .T. ) ;
#7806 = ORIENTED_EDGE ( 'NONE', *, *, #646, .T. ) ;
#7807 = EDGE_CURVE ( 'NONE', #5480, #8784, #1398, .T. ) ;
#7808 = ORIENTED_EDGE ( 'NONE', *, *, #4059, .F. ) ;
#7809 = DIRECTION ( 'NONE',  ( 0.000000000000000000, 0.000000000000000000, 1.000000000000000000 ) ) ;
#7810 = VERTEX_POINT ( 'NONE', #2251 ) ;
#7811 = ORIENTED_EDGE ( 'NONE', *, *, #1400, .T. ) ;
#7812 = CIRCLE ( 'NONE', #4254, 0.005000000000000021788 ) ;
#7813 = CARTESIAN_POINT ( 'NONE',  ( -0.07499999999999999722, 0.1905000000000000027, 0.01600000000000000380 ) ) ;
#7814 = VERTEX_POINT ( 'NONE', #5552 ) ;
#7815 = DIRECTION ( 'NONE',  ( -0.000000000000000000, 0.000000000000000000, -1.000000000000000000 ) ) ;
#7816 = DIRECTION ( 'NONE',  ( 0.000000000000000000, 1.000000000000000000, 0.000000000000000000 ) ) ;
#7817 = ORIENTED_EDGE ( 'NONE', *, *, #5979, .T. ) ;
#7818 = CYLINDRICAL_SURFACE ( 'NONE', #4663, 0.005000000000000021788 ) ;
#7819 = DIRECTION ( 'NONE',  ( -1.000000000000000000, 0.000000000000000000, 0.000000000000000000 ) ) ;
#7820 = EDGE_CURVE ( 'NONE', #3917, #3849, #7642, .T. ) ;
#7821 = DIRECTION ( 'NONE',  ( -1.000000000000000000, 0.000000000000000000, 0.000000000000000000 ) ) ;
#7822 = VERTEX_POINT ( 'NONE', #6167 ) ;
#7823 = CARTESIAN_POINT ( 'NONE',  ( 0.08200000000000000344, -0.06499999999999998834, -0.02999999999999999889 ) ) ;
#7824 = VERTEX_POINT ( 'NONE', #179 ) ;
#7825 = CARTESIAN_POINT ( 'NONE',  ( 0.000000000000000000, 0.05650000000000000161, -0.06500000000000000222 ) ) ;
#7826 = DIRECTION ( 'NONE',  ( -1.000000000000000000, 0.000000000000000000, -0.000000000000000000 ) ) ;
#7827 = DIRECTION ( 'NONE',  ( -0.000000000000000000, 0.000000000000000000, -1.000000000000000000 ) ) ;
#7828 = DIRECTION ( 'NONE',  ( -1.000000000000000000, 0.000000000000000000, 0.000000000000000000 ) ) ;
#7829 = ORIENTED_EDGE ( 'NONE', *, *, #511, .T. ) ;
#7830 = DIRECTION ( 'NONE',  ( -1.000000000000000000, -0.000000000000000000, 0.000000000000000000 ) ) ;
#7831 = EDGE_CURVE ( 'NONE', #8484, #4617, #2155, .T. ) ;
#7832 = LINE ( 'NONE', #272, #5084 ) ;
#7833 = EDGE_CURVE ( 'NONE', #7232, #29, #6593, .T. ) ;
#7834 = DIRECTION ( 'NONE',  ( 1.000000000000000000, -0.000000000000000000, -0.000000000000000000 ) ) ;
#7835 = ORIENTED_EDGE ( 'NONE', *, *, #3255, .T. ) ;
#7836 = DIRECTION ( 'NONE',  ( 0.000000000000000000, -1.000000000000000000, 0.000000000000000000 ) ) ;
#7837 = ADVANCED_FACE ( 'NONE', ( #1529 ), #5597, .F. ) ;
#7838 = FACE_OUTER_BOUND ( 'NONE', #2329, .T. ) ;
#7839 = DIRECTION ( 'NONE',  ( -1.000000000000000000, -0.000000000000000000, 0.000000000000000000 ) ) ;
#7840 = DIRECTION ( 'NONE',  ( -1.000000000000000000, 0.000000000000000000, 0.000000000000000000 ) ) ;
#7841 = EDGE_LOOP ( 'NONE', ( #124, #717, #51, #2806 ) ) ;
#7842 = ORIENTED_EDGE ( 'NONE', *, *, #2328, .F. ) ;
#7843 = VERTEX_POINT ( 'NONE', #3404 ) ;
#7844 = VECTOR ( 'NONE', #786, 39.37007874015748143 ) ;
#7845 = CARTESIAN_POINT ( 'NONE',  ( 0.2625000000000000111, 0.3160000000000000031, 0.03749999999999999861 ) ) ;
#7846 = EDGE_CURVE ( 'NONE', #4610, #7922, #8320, .T. ) ;
#7847 = FACE_BOUND ( 'NONE', #1592, .T. ) ;
#7848 = DIRECTION ( 'NONE',  ( 1.000000000000000000, -0.000000000000000000, -0.000000000000000000 ) ) ;
#7849 = VECTOR ( 'NONE', #7839, 39.37007874015748143 ) ;
#7850 = ORIENTED_EDGE ( 'NONE', *, *, #3341, .F. ) ;
#7851 = FACE_OUTER_BOUND ( 'NONE', #1602, .T. ) ;
#7852 = ORIENTED_EDGE ( 'NONE', *, *, #8143, .F. ) ;
#7853 = CARTESIAN_POINT ( 'NONE',  ( -0.1179999999999999938, 0.02999999999999999889, 0.1874999999999999722 ) ) ;
#7854 = ORIENTED_EDGE ( 'NONE', *, *, #4835, .F. ) ;
#7855 = DIRECTION ( 'NONE',  ( 0.000000000000000000, -0.000000000000000000, 1.000000000000000000 ) ) ;
#7856 = AXIS2_PLACEMENT_3D ( 'NONE', #8355, #303, #2863 ) ;
#7857 = DIRECTION ( 'NONE',  ( 1.000000000000000000, 0.000000000000000000, -0.000000000000000000 ) ) ;
#7858 = ORIENTED_EDGE ( 'NONE', *, *, #7746, .F. ) ;
#7859 = DIRECTION ( 'NONE',  ( 1.000000000000000000, 0.000000000000000000, -0.000000000000000000 ) ) ;
#7860 = ADVANCED_FACE ( 'NONE', ( #4822 ), #1481, .F. ) ;
#7861 = DIRECTION ( 'NONE',  ( 1.000000000000000000, 0.000000000000000000, -0.000000000000000000 ) ) ;
#7862 = AXIS2_PLACEMENT_3D ( 'NONE', #8691, #7225, #6602 ) ;
#7863 = AXIS2_PLACEMENT_3D ( 'NONE', #1967, #743, #7494 ) ;
#7864 = DIRECTION ( 'NONE',  ( 0.000000000000000000, 1.707404996040157067E-15, 1.000000000000000000 ) ) ;
#7865 = ORIENTED_EDGE ( 'NONE', *, *, #4875, .F. ) ;
#7866 = DIRECTION ( 'NONE',  ( -1.000000000000000000, 0.000000000000000000, 0.000000000000000000 ) ) ;
#7867 = EDGE_LOOP ( 'NONE', ( #3073, #1850, #2927, #3923 ) ) ;
#7868 = CARTESIAN_POINT ( 'NONE',  ( 0.000000000000000000, 0.000000000000000000, -0.08999999999999999667 ) ) ;
#7869 = LINE ( 'NONE', #3850, #373 ) ;
#7870 = DIRECTION ( 'NONE',  ( -1.000000000000000000, 0.000000000000000000, -0.000000000000000000 ) ) ;
#7872 = ORIENTED_EDGE ( 'NONE', *, *, #1541, .T. ) ;
#7871 = VECTOR ( 'NONE', #596, 39.37007874015748143 ) ;
#7873 = PLANE ( 'NONE',  #6057 ) ;
#7874 = EDGE_CURVE ( 'NONE', #370, #5567, #4119, .T. ) ;
#7875 = AXIS2_PLACEMENT_3D ( 'NONE', #3351, #2557, #1165 ) ;
#7876 = LINE ( 'NONE', #360, #4938 ) ;
#7877 = ADVANCED_FACE ( 'NONE', ( #2065 ), #8273, .T. ) ;
#7878 = CARTESIAN_POINT ( 'NONE',  ( -0.1680000000000000382, 0.02999999999999999889, 0.1874999999999999722 ) ) ;
#7879 = ORIENTED_EDGE ( 'NONE', *, *, #5422, .T. ) ;
#7880 = FACE_OUTER_BOUND ( 'NONE', #7268, .T. ) ;
#7881 = ORIENTED_EDGE ( 'NONE', *, *, #5521, .F. ) ;
#7882 = AXIS2_PLACEMENT_3D ( 'NONE', #4562, #8706, #6617 ) ;
#7883 = CARTESIAN_POINT ( 'NONE',  ( 0.2500000000000000000, -0.01000000000000000021, 0.02999999999999999889 ) ) ;
#7884 = EDGE_CURVE ( 'NONE', #3954, #1589, #4203, .T. ) ;
#7885 = DIRECTION ( 'NONE',  ( -0.000000000000000000, -1.000000000000000000, 0.000000000000000000 ) ) ;
#7886 = CIRCLE ( 'NONE', #2888, 0.008999999999999997585 ) ;
#7887 = ORIENTED_EDGE ( 'NONE', *, *, #6747, .T. ) ;
#7888 = EDGE_CURVE ( 'NONE', #1361, #736, #6302, .T. ) ;
#7889 = VECTOR ( 'NONE', #6556, 39.37007874015748143 ) ;
#7890 = ORIENTED_EDGE ( 'NONE', *, *, #8814, .T. ) ;
#7891 = EDGE_LOOP ( 'NONE', ( #4693, #1100, #5926, #6112 ) ) ;
#7892 = DIRECTION ( 'NONE',  ( 0.000000000000000000, 1.000000000000000000, 0.000000000000000000 ) ) ;
#7893 = EDGE_CURVE ( 'NONE', #5878, #3846, #5506, .T. ) ;
#7894 = CARTESIAN_POINT ( 'NONE',  ( -0.07499999999999999722, 0.2550000000000000044, 0.03400000000000000244 ) ) ;
#7895 = DIRECTION ( 'NONE',  ( -0.000000000000000000, 0.7071067811865469066, -0.7071067811865479058 ) ) ;
#7896 = EDGE_CURVE ( 'NONE', #5894, #7546, #8234, .T. ) ;
#7897 = ORIENTED_EDGE ( 'NONE', *, *, #3952, .T. ) ;
#7898 = DIRECTION ( 'NONE',  ( 0.000000000000000000, 0.000000000000000000, 1.000000000000000000 ) ) ;
#7899 = ORIENTED_EDGE ( 'NONE', *, *, #6941, .T. ) ;
#7900 = ORIENTED_EDGE ( 'NONE', *, *, #7311, .T. ) ;
#7901 = FILL_AREA_STYLE_COLOUR ( '', #1760 ) ;
#7902 = VERTEX_POINT ( 'NONE', #3493 ) ;
#7903 = DIRECTION ( 'NONE',  ( 0.000000000000000000, 0.000000000000000000, -1.000000000000000000 ) ) ;
#7904 = CARTESIAN_POINT ( 'NONE',  ( -0.2500000000000000000, 0.000000000000000000, 0.1874999999999999722 ) ) ;
#7905 = EDGE_LOOP ( 'NONE', ( #8565, #8330, #1696, #7610 ) ) ;
#7906 = LINE ( 'NONE', #1787, #4239 ) ;
#7907 = CARTESIAN_POINT ( 'NONE',  ( 0.1179999999999999938, -0.1000000000000000056, -0.02999999999999988440 ) ) ;
#7908 = CARTESIAN_POINT ( 'NONE',  ( -0.03199999999999999373, -0.01499999999999999944, 0.02999999999999999889 ) ) ;
#7909 = ORIENTED_EDGE ( 'NONE', *, *, #8477, .T. ) ;
#7910 = ADVANCED_FACE ( 'NONE', ( #4866 ), #7596, .T. ) ;
#7911 = DIRECTION ( 'NONE',  ( 0.000000000000000000, -1.000000000000000000, 0.000000000000000000 ) ) ;
#7912 = CARTESIAN_POINT ( 'NONE',  ( 0.000000000000000000, 0.1905000000000000027, 0.000000000000000000 ) ) ;
#7913 = DIRECTION ( 'NONE',  ( -1.000000000000000000, 0.000000000000000000, 0.000000000000000000 ) ) ;
#7914 = CARTESIAN_POINT ( 'NONE',  ( -0.02500000000000000139, 0.1905000000000000027, -0.02500000000000000139 ) ) ;
#7915 = ORIENTED_EDGE ( 'NONE', *, *, #3962, .F. ) ;
#7916 = LINE ( 'NONE', #1799, #1493 ) ;
#7917 = EDGE_CURVE ( 'NONE', #7814, #1688, #6344, .T. ) ;
#7918 = CARTESIAN_POINT ( 'NONE',  ( 0.2500000000000000000, 0.03500000000000000333, 0.04249999999999999611 ) ) ;
#7919 = EDGE_CURVE ( 'NONE', #8250, #1844, #6479, .T. ) ;
#7920 = CARTESIAN_POINT ( 'NONE',  ( 0.2874999999999999778, 0.000000000000000000, 0.1124999999999999889 ) ) ;
#7921 = AXIS2_PLACEMENT_3D ( 'NONE', #1104, #5795, #5076 ) ;
#7922 = VERTEX_POINT ( 'NONE', #3759 ) ;
#7923 = PRODUCT_DEFINITION_SHAPE ( 'NONE', 'NONE',  #8848 ) ;
#7924 = DIRECTION ( 'NONE',  ( -1.000000000000000000, 0.000000000000000000, 0.000000000000000000 ) ) ;
#7925 = VERTEX_POINT ( 'NONE', #8578 ) ;
#7926 = LINE ( 'NONE', #5033, #208 ) ;
#7927 = DIRECTION ( 'NONE',  ( 0.000000000000000000, -0.000000000000000000, 1.000000000000000000 ) ) ;
#7928 = CARTESIAN_POINT ( 'NONE',  ( 0.2625000000000000111, 0.2049999999999999878, 0.03749999999999999861 ) ) ;
#7929 = VECTOR ( 'NONE', #6983, 39.37007874015748143 ) ;
#7930 = AXIS2_PLACEMENT_3D ( 'NONE', #805, #6299, #7470 ) ;
#7931 = EDGE_CURVE ( 'NONE', #8114, #26, #1792, .T. ) ;
#7932 = EDGE_LOOP ( 'NONE', ( #8563, #5528, #5939, #8778 ) ) ;
#7933 = EDGE_CURVE ( 'NONE', #8114, #139, #2031, .T. ) ;
#7934 = ORIENTED_EDGE ( 'NONE', *, *, #5601, .F. ) ;
#7935 = DIRECTION ( 'NONE',  ( 0.000000000000000000, -1.000000000000000000, -0.000000000000000000 ) ) ;
#7936 = CIRCLE ( 'NONE', #77, 0.008999999999999999320 ) ;
#7937 = DIRECTION ( 'NONE',  ( 0.000000000000000000, 0.000000000000000000, 1.000000000000000000 ) ) ;
#7938 = EDGE_CURVE ( 'NONE', #978, #465, #5821, .T. ) ;
#7939 = DIRECTION ( 'NONE',  ( 0.000000000000000000, 0.000000000000000000, -1.000000000000000000 ) ) ;
#7940 = VECTOR ( 'NONE', #3704, 39.37007874015748143 ) ;
#7941 = AXIS2_PLACEMENT_3D ( 'NONE', #5734, #7065, #5055 ) ;
#7942 = LINE ( 'NONE', #3293, #1585 ) ;
#7943 = ADVANCED_FACE ( 'NONE', ( #5862 ), #8534, .T. ) ;
#7944 = VERTEX_POINT ( 'NONE', #7823 ) ;
#7945 = ORIENTED_EDGE ( 'NONE', *, *, #1989, .F. ) ;
#7946 = DIRECTION ( 'NONE',  ( 0.000000000000000000, 1.000000000000000000, 0.000000000000000000 ) ) ;
#7947 = ORIENTED_EDGE ( 'NONE', *, *, #765, .F. ) ;
#7948 = CARTESIAN_POINT ( 'NONE',  ( 0.2500000000000000000, -0.06500000000000000222, -0.01499999999999990750 ) ) ;
#7949 = CARTESIAN_POINT ( 'NONE',  ( 0.06800000000000000488, -0.06500000000000000222, -0.02999999999999994338 ) ) ;
#7950 = VECTOR ( 'NONE', #7491, 39.37007874015748143 ) ;
#7951 = DIRECTION ( 'NONE',  ( 0.000000000000000000, -1.000000000000000000, 0.000000000000000000 ) ) ;
#7952 = LINE ( 'NONE', #431, #5431 ) ;
#7953 = VECTOR ( 'NONE', #3541, 39.37007874015748143 ) ;
#7954 = DIRECTION ( 'NONE',  ( 1.000000000000000000, 0.000000000000000000, -0.000000000000000000 ) ) ;
#7955 = ORIENTED_EDGE ( 'NONE', *, *, #7933, .T. ) ;
#7956 = CARTESIAN_POINT ( 'NONE',  ( -0.1320000000000000062, -0.1000000000000000056, 0.1874999999999999722 ) ) ;
#7957 = PLANE ( 'NONE',  #7882 ) ;
#7958 = EDGE_LOOP ( 'NONE', ( #2562, #158 ) ) ;
#7959 = FACE_OUTER_BOUND ( 'NONE', #1069, .T. ) ;
#7960 = CARTESIAN_POINT ( 'NONE',  ( 0.000000000000000000, 0.1905000000000000027, 0.000000000000000000 ) ) ;
#7961 = EDGE_LOOP ( 'NONE', ( #2495, #1077, #2275, #7532 ) ) ;
#7962 = FACE_OUTER_BOUND ( 'NONE', #504, .T. ) ;
#7963 = PLANE ( 'NONE',  #3652 ) ;
#7964 = FACE_OUTER_BOUND ( 'NONE', #8111, .T. ) ;
#7965 = ORIENTED_EDGE ( 'NONE', *, *, #996, .T. ) ;
#7966 = CARTESIAN_POINT ( 'NONE',  ( -0.08200000000000000344, -0.1000000000000000056, 0.1874999999999999722 ) ) ;
#7967 = VERTEX_POINT ( 'NONE', #2957 ) ;
#7968 = FACE_OUTER_BOUND ( 'NONE', #1865, .T. ) ;
#7969 = DIRECTION ( 'NONE',  ( 0.000000000000000000, -1.000000000000000000, 0.000000000000000000 ) ) ;
#7970 = EDGE_CURVE ( 'NONE', #3400, #3443, #7774, .T. ) ;
#7971 = EDGE_LOOP ( 'NONE', ( #3987, #7666, #1605, #2229 ) ) ;
#7972 = ORIENTED_EDGE ( 'NONE', *, *, #5111, .T. ) ;
#7973 = CARTESIAN_POINT ( 'NONE',  ( -0.1250000000000000000, 0.03500000000000000333, 0.03400000000000000244 ) ) ;
#7974 = LINE ( 'NONE', #5758, #1712 ) ;
#7975 = EDGE_CURVE ( 'NONE', #1887, #1798, #4026, .T. ) ;
#7976 = DIRECTION ( 'NONE',  ( -0.000000000000000000, 0.000000000000000000, -1.000000000000000000 ) ) ;
#7977 = EDGE_LOOP ( 'NONE', ( #3617, #5329, #5614, #5659, #468 ) ) ;
#7978 = UNCERTAINTY_MEASURE_WITH_UNIT (LENGTH_MEASURE( 1.000000000000000082E-05 ), #5482, 'distance_accuracy_value', 'NONE');
#7979 = CARTESIAN_POINT ( 'NONE',  ( -0.02500000000000000139, 0.03500000000000000333, -0.01600000000000000380 ) ) ;
#7980 = EDGE_CURVE ( 'NONE', #5185, #3146, #7733, .T. ) ;
#7981 = ORIENTED_EDGE ( 'NONE', *, *, #4820, .T. ) ;
#7982 = VERTEX_POINT ( 'NONE', #5101 ) ;
#7983 = DIRECTION ( 'NONE',  ( -0.000000000000000000, -0.000000000000000000, -1.000000000000000000 ) ) ;
#7984 = LINE ( 'NONE', #1868, #2039 ) ;
#7985 = ORIENTED_EDGE ( 'NONE', *, *, #2703, .T. ) ;
#7986 = CARTESIAN_POINT ( 'NONE',  ( -0.1179999999999999938, 0.02999999999999999889, 0.1874999999999999722 ) ) ;
#7987 = CARTESIAN_POINT ( 'NONE',  ( 0.2500000000000000000, -0.02500000000000000139, 0.02999999999999999889 ) ) ;
#7988 = ORIENTED_EDGE ( 'NONE', *, *, #2198, .T. ) ;
#7989 = CARTESIAN_POINT ( 'NONE',  ( 0.2500000000000000000, 0.02999999999999999889, 0.03000000000000009950 ) ) ;
#7990 = VECTOR ( 'NONE', #6735, 39.37007874015748854 ) ;
#7991 = CARTESIAN_POINT ( 'NONE',  ( -0.1680000000000000382, 0.000000000000000000, 0.1874999999999999722 ) ) ;
#7992 = EDGE_CURVE ( 'NONE', #1751, #7555, #4520, .T. ) ;
#7993 = PLANE ( 'NONE',  #1876 ) ;
#7994 = EDGE_CURVE ( 'NONE', #6680, #5567, #5887, .T. ) ;
#7995 = VERTEX_POINT ( 'NONE', #4342 ) ;
#7996 = AXIS2_PLACEMENT_3D ( 'NONE', #7443, #639, #1993 ) ;
#7997 = FACE_OUTER_BOUND ( 'NONE', #6188, .T. ) ;
#7998 = CARTESIAN_POINT ( 'NONE',  ( 0.2500000000000000000, 0.02999999999999999542, -0.02000000000000000042 ) ) ;
#7999 = ORIENTED_EDGE ( 'NONE', *, *, #3940, .F. ) ;
#8000 = DIRECTION ( 'NONE',  ( 1.000000000000000000, 0.000000000000000000, 0.000000000000000000 ) ) ;
#8001 = PLANE ( 'NONE',  #7359 ) ;
#8002 = ORIENTED_EDGE ( 'NONE', *, *, #166, .T. ) ;
#8003 = ADVANCED_FACE ( 'NONE', ( #5052 ), #7061, .F. ) ;
#8004 = DIRECTION ( 'NONE',  ( 0.000000000000000000, -1.000000000000000000, 0.000000000000000000 ) ) ;
#8005 = CIRCLE ( 'NONE', #8288, 0.008999999999999999320 ) ;
#8006 = DIRECTION ( 'NONE',  ( -1.000000000000000000, 0.000000000000000000, 0.000000000000000000 ) ) ;
#8007 = DIRECTION ( 'NONE',  ( 0.000000000000000000, 1.000000000000000000, 0.000000000000000000 ) ) ;
#8008 = VECTOR ( 'NONE', #6614, 39.37007874015748143 ) ;
#8009 = ORIENTED_EDGE ( 'NONE', *, *, #2793, .F. ) ;
#8010 = AXIS2_PLACEMENT_3D ( 'NONE', #2241, #5544, #3663 ) ;
#8011 = CARTESIAN_POINT ( 'NONE',  ( -0.1749999999999999889, 0.2550000000000000044, -0.03400000000000000244 ) ) ;
#8012 = ORIENTED_EDGE ( 'NONE', *, *, #1855, .F. ) ;
#8013 = DIRECTION ( 'NONE',  ( -0.000000000000000000, 0.000000000000000000, 1.000000000000000000 ) ) ;
#8014 = CARTESIAN_POINT ( 'NONE',  ( 0.1749999999999999889, 0.1905000000000000027, -0.01600000000000000380 ) ) ;
#8015 = EDGE_CURVE ( 'NONE', #2893, #785, #8403, .T. ) ;
#8016 = VECTOR ( 'NONE', #4004, 39.37007874015748143 ) ;
#8017 = ORIENTED_EDGE ( 'NONE', *, *, #7917, .T. ) ;
#8018 = ORIENTED_EDGE ( 'NONE', *, *, #6708, .T. ) ;
#8019 = ADVANCED_FACE ( 'NONE', ( #3674 ), #2425, .F. ) ;
#8020 = VECTOR ( 'NONE', #2427, 39.37007874015748143 ) ;
#8021 = PLANE ( 'NONE',  #2648 ) ;
#8022 = AXIS2_PLACEMENT_3D ( 'NONE', #6036, #5406, #6567 ) ;
#8023 = VECTOR ( 'NONE', #1463, 39.37007874015748143 ) ;
#8024 = CARTESIAN_POINT ( 'NONE',  ( 0.2249999999999999778, 0.1905000000000000027, -0.02500000000000000139 ) ) ;
#8025 = LINE ( 'NONE', #4129, #4223 ) ;
#8026 = PRODUCT_DEFINITION_FORMATION_WITH_SPECIFIED_SOURCE ( 'ANY', '', #5857, .NOT_KNOWN. ) ;
#8027 = ORIENTED_EDGE ( 'NONE', *, *, #8324, .F. ) ;
#8028 = CARTESIAN_POINT ( 'NONE',  ( -0.1749999999999999889, 0.03500000000000000333, 0.02500000000000000139 ) ) ;
#8029 = ORIENTED_EDGE ( 'NONE', *, *, #1231, .T. ) ;
#8030 = ADVANCED_FACE ( 'NONE', ( #7108 ), #987, .T. ) ;
#8031 = CARTESIAN_POINT ( 'NONE',  ( 0.07499999999999999722, 0.2550000000000000044, -0.02500000000000000139 ) ) ;
#8032 = SURFACE_SIDE_STYLE ('',( #8080 ) ) ;
#8033 = VERTEX_POINT ( 'NONE', #6434 ) ;
#8034 = FACE_OUTER_BOUND ( 'NONE', #4410, .T. ) ;
#8035 = AXIS2_PLACEMENT_3D ( 'NONE', #6187, #2046, #3425 ) ;
#8036 = DIRECTION ( 'NONE',  ( 0.000000000000000000, 1.000000000000000000, -0.000000000000000000 ) ) ;
#8037 = DIRECTION ( 'NONE',  ( 0.000000000000000000, 1.000000000000000000, -0.000000000000000000 ) ) ;
#8038 = DIRECTION ( 'NONE',  ( 0.000000000000000000, -1.000000000000000000, 0.000000000000000000 ) ) ;
#8039 = LINE ( 'NONE', #8088, #4442 ) ;
#8040 = EDGE_LOOP ( 'NONE', ( #1644, #6961, #8257, #1180 ) ) ;
#8041 = EDGE_CURVE ( 'NONE', #1573, #608, #2169, .T. ) ;
#8042 = CARTESIAN_POINT ( 'NONE',  ( 0.2500000000000000000, -0.02500000000000000139, 0.02999999999999999889 ) ) ;
#8043 = DIRECTION ( 'NONE',  ( -0.000000000000000000, 0.000000000000000000, 1.000000000000000000 ) ) ;
#8044 = ADVANCED_FACE ( 'NONE', ( #6659 ), #2686, .T. ) ;
#8045 = ORIENTED_EDGE ( 'NONE', *, *, #3955, .F. ) ;
#8046 = DIRECTION ( 'NONE',  ( 0.000000000000000000, 0.000000000000000000, 1.000000000000000000 ) ) ;
#8047 = DIRECTION ( 'NONE',  ( 0.000000000000000000, -1.000000000000000000, 0.000000000000000000 ) ) ;
#8048 = ORIENTED_EDGE ( 'NONE', *, *, #3141, .T. ) ;
#8049 = CARTESIAN_POINT ( 'NONE',  ( 0.2500000000000000000, -0.01000000000000000021, 0.03500000000000000333 ) ) ;
#8050 = EDGE_CURVE ( 'NONE', #914, #6522, #1210, .T. ) ;
#8051 = ADVANCED_FACE ( 'NONE', ( #1296 ), #7328, .T. ) ;
#8052 = DIRECTION ( 'NONE',  ( 0.000000000000000000, 1.000000000000000000, 0.000000000000000000 ) ) ;
#8053 = VECTOR ( 'NONE', #858, 39.37007874015748143 ) ;
#8054 = LINE ( 'NONE', #3944, #4450 ) ;
#8055 = VERTEX_POINT ( 'NONE', #4021 ) ;
#8056 = DIRECTION ( 'NONE',  ( 0.000000000000000000, -1.000000000000000000, 0.000000000000000000 ) ) ;
#8057 = ORIENTED_EDGE ( 'NONE', *, *, #1714, .F. ) ;
#8058 = LINE ( 'NONE', #8426, #4216 ) ;
#8059 = CARTESIAN_POINT ( 'NONE',  ( -0.08200000000000000344, -0.1000000000000000056, 0.02000000000000009409 ) ) ;
#8060 = ADVANCED_FACE ( 'NONE', ( #8705 ), #3266, .T. ) ;
#8061 = AXIS2_PLACEMENT_3D ( 'NONE', #3273, #8004, #3187 ) ;
#8062 = VERTEX_POINT ( 'NONE', #6699 ) ;
#8063 = VECTOR ( 'NONE', #193, 39.37007874015748143 ) ;
#8064 = ORIENTED_EDGE ( 'NONE', *, *, #7397, .F. ) ;
#8065 = AXIS2_PLACEMENT_3D ( 'NONE', #3948, #1811, #1897 ) ;
#8066 = CARTESIAN_POINT ( 'NONE',  ( -0.2625000000000000111, 0.000000000000000000, 0.000000000000000000 ) ) ;
#8067 = VECTOR ( 'NONE', #8230, 39.37007874015748143 ) ;
#8068 = CIRCLE ( 'NONE', #4922, 0.01000000000000000021 ) ;
#8069 = CARTESIAN_POINT ( 'NONE',  ( 0.01799999999999999864, -0.1000000000000000056, 0.1874999999999999722 ) ) ;
#8070 = CARTESIAN_POINT ( 'NONE',  ( 0.1749999999999999889, 0.1905000000000000027, -0.02500000000000000139 ) ) ;
#8071 = VECTOR ( 'NONE', #561, 39.37007874015748143 ) ;
#8072 = EDGE_LOOP ( 'NONE', ( #388, #8636, #6988, #5485 ) ) ;
#8073 = EDGE_LOOP ( 'NONE', ( #424, #3034 ) ) ;
#8074 = AXIS2_PLACEMENT_3D ( 'NONE', #7333, #3184, #1171 ) ;
#8075 = DIRECTION ( 'NONE',  ( 0.000000000000000000, -0.000000000000000000, 1.000000000000000000 ) ) ;
#8076 = EDGE_LOOP ( 'NONE', ( #8029, #7972, #2583, #5935, #2934, #5357, #7503, #8159 ) ) ;
#8077 = EDGE_CURVE ( 'NONE', #6331, #738, #2321, .T. ) ;
#8078 = VECTOR ( 'NONE', #4413, 39.37007874015748143 ) ;
#8079 = PLANE ( 'NONE',  #2404 ) ;
#8080 = SURFACE_STYLE_FILL_AREA ( #3879 ) ;
#8081 = ORIENTED_EDGE ( 'NONE', *, *, #7659, .F. ) ;
#8082 = LINE ( 'NONE', #739, #7221 ) ;
#8083 = CARTESIAN_POINT ( 'NONE',  ( -0.2320000000000000118, 0.02999999999999999889, -0.05000000000000000278 ) ) ;
#8084 = CARTESIAN_POINT ( 'NONE',  ( -0.2320000000000000118, -0.01000000000000000021, 0.02999999999999999542 ) ) ;
#8085 = AXIS2_PLACEMENT_3D ( 'NONE', #7904, #3170, #5852 ) ;
#8086 = EDGE_CURVE ( 'NONE', #1631, #6679, #5359, .T. ) ;
#8087 = VECTOR ( 'NONE', #6928, 39.37007874015748143 ) ;
#8088 = CARTESIAN_POINT ( 'NONE',  ( -0.03199999999999999373, 0.02999999999999999889, -0.05000000000000000278 ) ) ;
#8089 = ORIENTED_EDGE ( 'NONE', *, *, #3025, .T. ) ;
#8090 = AXIS2_PLACEMENT_3D ( 'NONE', #1159, #3884, #7143 ) ;
#8091 = CARTESIAN_POINT ( 'NONE',  ( -0.2320000000000000118, -0.1000000000000000056, -0.02999999999999988440 ) ) ;
#8092 = VERTEX_POINT ( 'NONE', #3891 ) ;
#8093 = AXIS2_PLACEMENT_3D ( 'NONE', #3763, #5909, #8580 ) ;
#8094 = DIRECTION ( 'NONE',  ( -1.000000000000000000, 0.000000000000000000, 0.000000000000000000 ) ) ;
#8095 = ORIENTED_EDGE ( 'NONE', *, *, #3175, .F. ) ;
#8096 = DIRECTION ( 'NONE',  ( 0.000000000000000000, 0.000000000000000000, -1.000000000000000000 ) ) ;
#8097 = CARTESIAN_POINT ( 'NONE',  ( -0.2179999999999999993, 0.02999999999999999889, 0.03000000000000008910 ) ) ;
#8098 = ORIENTED_EDGE ( 'NONE', *, *, #454, .F. ) ;
#8099 = CARTESIAN_POINT ( 'NONE',  ( -0.2500000000000000000, 0.000000000000000000, 0.1874999999999999722 ) ) ;
#8100 = ADVANCED_FACE ( 'NONE', ( #525 ), #564, .T. ) ;
#8101 = LINE ( 'NONE', #6624, #2935 ) ;
#8102 = CARTESIAN_POINT ( 'NONE',  ( 0.1680000000000000382, -0.02500000000000000486, 0.02999999999999999542 ) ) ;
#8103 = ADVANCED_FACE ( 'NONE', ( #5229 ), #8749, .F. ) ;
#8104 = DIRECTION ( 'NONE',  ( 0.7071067811865470176, 0.7071067811865480168, 0.000000000000000000 ) ) ;
#8105 = VECTOR ( 'NONE', #2887, 39.37007874015748143 ) ;
#8106 = DIRECTION ( 'NONE',  ( 0.000000000000000000, 1.000000000000000000, -0.000000000000000000 ) ) ;
#8107 = ORIENTED_EDGE ( 'NONE', *, *, #4752, .F. ) ;
#8108 = LINE ( 'NONE', #1985, #6900 ) ;
#8109 = DIRECTION ( 'NONE',  ( -1.000000000000000000, 0.000000000000000000, -0.000000000000000000 ) ) ;
#8110 = EDGE_CURVE ( 'NONE', #7967, #3954, #310, .T. ) ;
#8111 = EDGE_LOOP ( 'NONE', ( #1139, #8769, #7899, #2217 ) ) ;
#8112 = LINE ( 'NONE', #2956, #8372 ) ;
#8113 = EDGE_CURVE ( 'NONE', #5565, #5046, #2013, .T. ) ;
#8114 = VERTEX_POINT ( 'NONE', #7239 ) ;
#8115 = DIRECTION ( 'NONE',  ( -1.000000000000000000, 0.000000000000000000, -0.000000000000000000 ) ) ;
#8116 = DIRECTION ( 'NONE',  ( -1.560465977516750108E-15, -0.4961389383568332034, 0.8682431421244592995 ) ) ;
#8117 = DIRECTION ( 'NONE',  ( 1.000000000000000000, 0.000000000000000000, -0.000000000000000000 ) ) ;
#8118 = ORIENTED_EDGE ( 'NONE', *, *, #5325, .F. ) ;
#8119 = CARTESIAN_POINT ( 'NONE',  ( -0.1180000000000000077, -0.06500000000000000222, 0.1874999999999999722 ) ) ;
#8120 = ORIENTED_EDGE ( 'NONE', *, *, #6406, .F. ) ;
#8121 = CARTESIAN_POINT ( 'NONE',  ( 0.1179999999999999938, -0.01499999999999999424, 0.1874999999999999722 ) ) ;
#8122 = APPLICATION_PROTOCOL_DEFINITION ( 'draft international standard', 'automotive_design', 1998, #764 ) ;
#8123 = ORIENTED_EDGE ( 'NONE', *, *, #1478, .F. ) ;
#8124 = DIRECTION ( 'NONE',  ( 1.000000000000000000, 0.000000000000000000, 0.000000000000000000 ) ) ;
#8125 = CARTESIAN_POINT ( 'NONE',  ( 0.1179999999999999938, -0.01499999999999999771, 0.03500000000000000333 ) ) ;
#8126 = CARTESIAN_POINT ( 'NONE',  ( -0.2500000000000000000, 0.000000000000000000, 0.1874999999999999722 ) ) ;
#8127 = DIRECTION ( 'NONE',  ( -0.000000000000000000, 0.000000000000000000, -1.000000000000000000 ) ) ;
#8128 = DIRECTION ( 'NONE',  ( 0.000000000000000000, -0.000000000000000000, 1.000000000000000000 ) ) ;
#8129 = ORIENTED_EDGE ( 'NONE', *, *, #3071, .T. ) ;
#8130 = DIRECTION ( 'NONE',  ( 0.000000000000000000, -0.000000000000000000, 1.000000000000000000 ) ) ;
#8131 = CARTESIAN_POINT ( 'NONE',  ( 0.1320000000000000062, 0.02999999999999999889, -0.02999999999999999889 ) ) ;
#8132 = ORIENTED_EDGE ( 'NONE', *, *, #1177, .F. ) ;
#8133 = EDGE_CURVE ( 'NONE', #5637, #3645, #1122, .T. ) ;
#8134 = CARTESIAN_POINT ( 'NONE',  ( 0.2500000000000000000, -0.05999999999999999778, -0.02000000000000000042 ) ) ;
#8135 = CIRCLE ( 'NONE', #2998, 0.008999999999999999320 ) ;
#8136 = CARTESIAN_POINT ( 'NONE',  ( -0.3125000000000000000, 0.1239999999999999991, 0.03749999999999999861 ) ) ;
#8137 = ORIENTED_EDGE ( 'NONE', *, *, #5152, .T. ) ;
#8138 = CARTESIAN_POINT ( 'NONE',  ( -0.1180000000000000077, -0.01499999999999999944, 0.1874999999999999722 ) ) ;
#8139 = AXIS2_PLACEMENT_3D ( 'NONE', #3108, #5837, #2442 ) ;
#8140 = DIRECTION ( 'NONE',  ( -1.000000000000000000, 0.000000000000000000, -0.000000000000000000 ) ) ;
#8141 = DIRECTION ( 'NONE',  ( 1.000000000000000000, 0.000000000000000000, 0.000000000000000000 ) ) ;
#8142 = CARTESIAN_POINT ( 'NONE',  ( 0.1320000000000000062, 0.02999999999999999889, 0.1874999999999999722 ) ) ;
#8143 = EDGE_CURVE ( 'NONE', #1894, #7944, #3847, .T. ) ;
#8144 = DIRECTION ( 'NONE',  ( 0.000000000000000000, 1.000000000000000000, -0.000000000000000000 ) ) ;
#8145 = ORIENTED_EDGE ( 'NONE', *, *, #4056, .F. ) ;
#8146 = DIRECTION ( 'NONE',  ( 0.000000000000000000, 0.000000000000000000, 1.000000000000000000 ) ) ;
#8147 = VECTOR ( 'NONE', #2197, 39.37007874015748143 ) ;
#8148 = FACE_OUTER_BOUND ( 'NONE', #4416, .T. ) ;
#8149 = VECTOR ( 'NONE', #4947, 39.37007874015748143 ) ;
#8150 = VECTOR ( 'NONE', #38, 39.37007874015748143 ) ;
#8151 = ORIENTED_EDGE ( 'NONE', *, *, #5382, .F. ) ;
#8152 = DIRECTION ( 'NONE',  ( 0.000000000000000000, -1.000000000000000000, 0.000000000000000000 ) ) ;
#8153 = ADVANCED_FACE ( 'NONE', ( #7997 ), #7376, .T. ) ;
#8154 = CIRCLE ( 'NONE', #2593, 0.008999999999999999320 ) ;
#8155 = LINE ( 'NONE', #687, #1434 ) ;
#8156 = CARTESIAN_POINT ( 'NONE',  ( -0.1749999999999999889, 0.03500000000000000333, -0.02500000000000000139 ) ) ;
#8157 = EDGE_CURVE ( 'NONE', #379, #86, #478, .T. ) ;
#8158 = EDGE_CURVE ( 'NONE', #2782, #5674, #4604, .T. ) ;
#8159 = ORIENTED_EDGE ( 'NONE', *, *, #4810, .T. ) ;
#8160 = AXIS2_PLACEMENT_3D ( 'NONE', #4258, #7553, #8188 ) ;
#8162 = ADVANCED_FACE ( 'NONE', ( #7285 ), #3222, .T. ) ;
#8161 = LINE ( 'NONE', #5393, #3875 ) ;
#8163 = ORIENTED_EDGE ( 'NONE', *, *, #5537, .F. ) ;
#8164 = LINE ( 'NONE', #7571, #5344 ) ;
#8165 = DIRECTION ( 'NONE',  ( 1.000000000000000000, 0.000000000000000000, 0.000000000000000000 ) ) ;
#8166 = ORIENTED_EDGE ( 'NONE', *, *, #1769, .F. ) ;
#8167 = FACE_OUTER_BOUND ( 'NONE', #3734, .T. ) ;
#8168 = PLANE ( 'NONE',  #7378 ) ;
#8169 = ORIENTED_EDGE ( 'NONE', *, *, #3088, .T. ) ;
#8170 = LINE ( 'NONE', #2681, #4283 ) ;
#8171 = VECTOR ( 'NONE', #45, 39.37007874015748143 ) ;
#8172 = CARTESIAN_POINT ( 'NONE',  ( 0.1819999999999999951, -0.01499999999999999944, 0.1874999999999999722 ) ) ;
#8173 = ADVANCED_FACE ( 'NONE', ( #6786 ), #3394, .T. ) ;
#8174 = AXIS2_PLACEMENT_3D ( 'NONE', #1784, #5179, #7903 ) ;
#8175 = LINE ( 'NONE', #7622, #2585 ) ;
#8176 = ORIENTED_EDGE ( 'NONE', *, *, #5921, .F. ) ;
#8177 = AXIS2_PLACEMENT_3D ( 'NONE', #1738, #5042, #4950 ) ;
#8178 = DIRECTION ( 'NONE',  ( 1.000000000000000000, 0.000000000000000000, 0.000000000000000000 ) ) ;
#8179 = ORIENTED_EDGE ( 'NONE', *, *, #5401, .F. ) ;
#8180 = CARTESIAN_POINT ( 'NONE',  ( 0.1749999999999999889, 0.2550000000000000044, 0.02500000000000000139 ) ) ;
#8181 = ORIENTED_EDGE ( 'NONE', *, *, #3129, .F. ) ;
#8182 = LINE ( 'NONE', #668, #4307 ) ;
#8183 = DIRECTION ( 'NONE',  ( -1.000000000000000000, 0.000000000000000000, 0.000000000000000000 ) ) ;
#8184 = EDGE_LOOP ( 'NONE', ( #6426, #2913, #872, #1866 ) ) ;
#8185 = PLANE ( 'NONE',  #8645 ) ;
#8186 = EDGE_CURVE ( 'NONE', #2943, #1656, #4728, .T. ) ;
#8187 = DIRECTION ( 'NONE',  ( -0.000000000000000000, -0.000000000000000000, -1.000000000000000000 ) ) ;
#8188 = DIRECTION ( 'NONE',  ( 0.000000000000000000, 0.000000000000000000, 1.000000000000000000 ) ) ;
#8189 = CARTESIAN_POINT ( 'NONE',  ( -0.2320000000000000118, -0.1000000000000000056, 0.02000000000000009409 ) ) ;
#8190 = DIRECTION ( 'NONE',  ( 1.000000000000000000, 0.000000000000000000, -0.000000000000000000 ) ) ;
#8191 = EDGE_CURVE ( 'NONE', #6038, #7575, #4061, .T. ) ;
#8192 = PLANE ( 'NONE',  #3364 ) ;
#8193 = ORIENTED_EDGE ( 'NONE', *, *, #1968, .T. ) ;
#8194 = CARTESIAN_POINT ( 'NONE',  ( -0.06800000000000000488, 0.02999999999999999889, 0.02000000000000003164 ) ) ;
#8195 = EDGE_CURVE ( 'NONE', #2298, #5176, #446, .T. ) ;
#8196 = ORIENTED_EDGE ( 'NONE', *, *, #765, .T. ) ;
#8197 = DIRECTION ( 'NONE',  ( 0.000000000000000000, 0.000000000000000000, -1.000000000000000000 ) ) ;
#8198 = CIRCLE ( 'NONE', #4351, 0.008999999999999999320 ) ;
#8199 = LINE ( 'NONE', #2924, #5723 ) ;
#8200 = CARTESIAN_POINT ( 'NONE',  ( -0.1680000000000000382, -0.07499999999999999722, 0.1874999999999999722 ) ) ;
#8201 = AXIS2_PLACEMENT_3D ( 'NONE', #1821, #4543, #462 ) ;
#8202 = EDGE_CURVE ( 'NONE', #2769, #7822, #8361, .T. ) ;
#8203 = ORIENTED_EDGE ( 'NONE', *, *, #3525, .F. ) ;
#8204 = PLANE ( 'NONE',  #304 ) ;
#8205 = VERTEX_POINT ( 'NONE', #6838 ) ;
#8206 = VECTOR ( 'NONE', #1356, 39.37007874015748143 ) ;
#8207 = CARTESIAN_POINT ( 'NONE',  ( -0.1180000000000000077, 0.02999999999999999889, 0.03000000000000008910 ) ) ;
#8208 = DIRECTION ( 'NONE',  ( 1.000000000000000000, 0.000000000000000000, 0.000000000000000000 ) ) ;
#8209 = ADVANCED_FACE ( 'NONE', ( #676 ), #713, .T. ) ;
#8210 = ORIENTED_EDGE ( 'NONE', *, *, #2785, .F. ) ;
#8211 = LINE ( 'NONE', #7040, #2371 ) ;
#8212 = ORIENTED_EDGE ( 'NONE', *, *, #3135, .T. ) ;
#8213 = CARTESIAN_POINT ( 'NONE',  ( -0.1749999999999999889, 0.2550000000000000044, 0.02500000000000000139 ) ) ;
#8214 = CIRCLE ( 'NONE', #4361, 0.004999999999999997502 ) ;
#8215 = LINE ( 'NONE', #8083, #415 ) ;
#8216 = CIRCLE ( 'NONE', #5503, 0.008999999999999997585 ) ;
#8217 = PLANE ( 'NONE',  #5290 ) ;
#8218 = AXIS2_PLACEMENT_3D ( 'NONE', #7156, #1039, #2344 ) ;
#8219 = ADVANCED_FACE ( 'NONE', ( #8236 ), #1438, .F. ) ;
#8220 = CIRCLE ( 'NONE', #2522, 0.005000000000000021788 ) ;
#8221 = PLANE ( 'NONE',  #3591 ) ;
#8222 = EDGE_LOOP ( 'NONE', ( #111, #274, #6719, #2333 ) ) ;
#8223 = DIRECTION ( 'NONE',  ( 0.000000000000000000, 0.000000000000000000, -1.000000000000000000 ) ) ;
#8224 = EDGE_CURVE ( 'NONE', #5343, #5813, #4962, .T. ) ;
#8225 = ORIENTED_EDGE ( 'NONE', *, *, #4195, .T. ) ;
#8226 = DIRECTION ( 'NONE',  ( -1.000000000000000000, 0.000000000000000000, -0.000000000000000000 ) ) ;
#8227 = CARTESIAN_POINT ( 'NONE',  ( -0.08200000000000000344, -0.07499999999999999722, 0.1874999999999999722 ) ) ;
#8228 = AXIS2_PLACEMENT_3D ( 'NONE', #7456, #5531, #4681 ) ;
#8229 = ORIENTED_EDGE ( 'NONE', *, *, #2920, .T. ) ;
#8230 = DIRECTION ( 'NONE',  ( 0.000000000000000000, -1.000000000000000000, 0.000000000000000000 ) ) ;
#8231 = VECTOR ( 'NONE', #7074, 39.37007874015748143 ) ;
#8232 = VECTOR ( 'NONE', #2560, 39.37007874015748143 ) ;
#8233 = PLANE ( 'NONE',  #7930 ) ;
#8234 = LINE ( 'NONE', #6973, #3314 ) ;
#8235 = CIRCLE ( 'NONE', #2812, 0.004999999999999997502 ) ;
#8236 = FACE_OUTER_BOUND ( 'NONE', #1337, .T. ) ;
#8237 = ORIENTED_EDGE ( 'NONE', *, *, #4039, .F. ) ;
#8238 = CARTESIAN_POINT ( 'NONE',  ( 0.01799999999999999864, -0.1000000000000000056, 0.1874999999999999722 ) ) ;
#8239 = ORIENTED_EDGE ( 'NONE', *, *, #7715, .T. ) ;
#8240 = CARTESIAN_POINT ( 'NONE',  ( 0.2500000000000000000, -0.06500000000000000222, -0.02000000000000000042 ) ) ;
#8241 = VECTOR ( 'NONE', #7827, 39.37007874015748143 ) ;
#8242 = AXIS2_PLACEMENT_3D ( 'NONE', #5345, #516, #3966 ) ;
#8243 = ORIENTED_EDGE ( 'NONE', *, *, #6355, .T. ) ;
#8244 = CARTESIAN_POINT ( 'NONE',  ( 0.02500000000000000139, 0.2550000000000000044, 0.02500000000000000139 ) ) ;
#8245 = EDGE_CURVE ( 'NONE', #2882, #2885, #4077, .T. ) ;
#8246 = CARTESIAN_POINT ( 'NONE',  ( -0.06800000000000000488, 0.000000000000000000, 0.1874999999999999722 ) ) ;
#8247 = DIRECTION ( 'NONE',  ( -1.000000000000000000, 0.000000000000000000, 0.000000000000000000 ) ) ;
#8248 = ORIENTED_EDGE ( 'NONE', *, *, #7994, .F. ) ;
#8249 = DIRECTION ( 'NONE',  ( -1.000000000000000000, -0.000000000000000000, 0.000000000000000000 ) ) ;
#8250 = VERTEX_POINT ( 'NONE', #8321 ) ;
#8251 = DIRECTION ( 'NONE',  ( 0.000000000000000000, -1.000000000000000000, -0.000000000000000000 ) ) ;
#8252 = VERTEX_POINT ( 'NONE', #6212 ) ;
#8253 = ADVANCED_FACE ( 'NONE', ( #1399 ), #6123, .T. ) ;
#8254 = LINE ( 'NONE', #4842, #1461 ) ;
#8255 = ORIENTED_EDGE ( 'NONE', *, *, #7338, .T. ) ;
#8256 = LINE ( 'NONE', #2093, #8369 ) ;
#8257 = ORIENTED_EDGE ( 'NONE', *, *, #5305, .T. ) ;
#8258 = CARTESIAN_POINT ( 'NONE',  ( 0.2625000000000000111, 0.1239999999999999991, 0.03749999999999999861 ) ) ;
#8259 = FACE_OUTER_BOUND ( 'NONE', #6370, .T. ) ;
#8260 = ADVANCED_FACE ( 'NONE', ( #2066 ), #2202, .T. ) ;
#8261 = CARTESIAN_POINT ( 'NONE',  ( 0.1320000000000000062, -0.02500000000000000139, 0.02999999999999999889 ) ) ;
#8262 = ORIENTED_EDGE ( 'NONE', *, *, #8113, .F. ) ;
#8263 = CARTESIAN_POINT ( 'NONE',  ( 0.2500000000000000000, -0.02500000000000000139, 0.02999999999999999889 ) ) ;
#8264 = ORIENTED_EDGE ( 'NONE', *, *, #5606, .T. ) ;
#8265 = DIRECTION ( 'NONE',  ( 1.000000000000000000, -0.000000000000000000, -0.000000000000000000 ) ) ;
#8266 = CARTESIAN_POINT ( 'NONE',  ( 0.2625000000000000111, 0.05650000000000000161, 0.06500000000000000222 ) ) ;
#8267 = VERTEX_POINT ( 'NONE', #7597 ) ;
#8268 = FACE_OUTER_BOUND ( 'NONE', #8392, .T. ) ;
#8269 = ADVANCED_FACE ( 'NONE', ( #1482 ), #135, .F. ) ;
#8270 = ADVANCED_FACE ( 'NONE', ( #3451 ), #4204, .T. ) ;
#8271 = FACE_OUTER_BOUND ( 'NONE', #3452, .T. ) ;
#8272 = DIRECTION ( 'NONE',  ( -0.000000000000000000, -1.000000000000000000, -0.000000000000000000 ) ) ;
#8273 = PLANE ( 'NONE',  #2462 ) ;
#8274 = DIRECTION ( 'NONE',  ( -1.000000000000000000, 0.000000000000000000, -0.000000000000000000 ) ) ;
#8275 = EDGE_CURVE ( 'NONE', #5309, #1678, #6974, .T. ) ;
#8276 = DIRECTION ( 'NONE',  ( 0.000000000000000000, 0.000000000000000000, 1.000000000000000000 ) ) ;
#8277 = DIRECTION ( 'NONE',  ( 0.000000000000000000, 1.000000000000000000, 0.000000000000000000 ) ) ;
#8278 = DIRECTION ( 'NONE',  ( -0.5773502691896251759, 0.5773502691896263972, -0.5773502691896256200 ) ) ;
#8279 = VERTEX_POINT ( 'NONE', #1 ) ;
#8280 = CARTESIAN_POINT ( 'NONE',  ( 0.2500000000000000000, 0.02999999999999999889, -0.05000000000000000278 ) ) ;
#8281 = AXIS2_PLACEMENT_3D ( 'NONE', #4544, #6549, #377 ) ;
#8282 = ORIENTED_EDGE ( 'NONE', *, *, #7579, .F. ) ;
#8283 = VECTOR ( 'NONE', #6362, 39.37007874015748143 ) ;
#8284 = DIRECTION ( 'NONE',  ( 0.000000000000000000, 0.000000000000000000, 1.000000000000000000 ) ) ;
#8285 = DIRECTION ( 'NONE',  ( 0.000000000000000000, 0.000000000000000000, -1.000000000000000000 ) ) ;
#8286 = LINE ( 'NONE', #2881, #2668 ) ;
#8287 = AXIS2_PLACEMENT_3D ( 'NONE', #523, #1969, #3264 ) ;
#8288 = AXIS2_PLACEMENT_3D ( 'NONE', #2952, #6339, #6386 ) ;
#8289 = ORIENTED_EDGE ( 'NONE', *, *, #242, .F. ) ;
#8290 = EDGE_CURVE ( 'NONE', #7679, #6698, #5463, .T. ) ;
#8291 = VERTEX_POINT ( 'NONE', #4120 ) ;
#8292 = CARTESIAN_POINT ( 'NONE',  ( -0.2180000000000000271, -0.01000000000000000021, 0.03000000000000004746 ) ) ;
#8293 = ORIENTED_EDGE ( 'NONE', *, *, #4907, .T. ) ;
#8294 = DIRECTION ( 'NONE',  ( -1.000000000000000000, -0.000000000000000000, 0.000000000000000000 ) ) ;
#8295 = AXIS2_PLACEMENT_3D ( 'NONE', #5415, #8809, #4571 ) ;
#8296 = ORIENTED_EDGE ( 'NONE', *, *, #4591, .T. ) ;
#8297 = CARTESIAN_POINT ( 'NONE',  ( -0.1819999999999999951, -0.01000000000000000021, 0.02999999999999999542 ) ) ;
#8298 = VERTEX_POINT ( 'NONE', #4259 ) ;
#8299 = ORIENTED_EDGE ( 'NONE', *, *, #5025, .T. ) ;
#8300 = DIRECTION ( 'NONE',  ( 0.000000000000000000, 0.000000000000000000, 1.000000000000000000 ) ) ;
#8301 = CARTESIAN_POINT ( 'NONE',  ( -0.01799999999999999170, 0.02999999999999999889, -0.02999999999999999889 ) ) ;
#8302 = VECTOR ( 'NONE', #4645, 39.37007874015748143 ) ;
#8303 = EDGE_CURVE ( 'NONE', #4552, #6240, #6169, .T. ) ;
#8304 = FACE_OUTER_BOUND ( 'NONE', #8073, .T. ) ;
#8305 = ORIENTED_EDGE ( 'NONE', *, *, #2271, .F. ) ;
#8306 = ORIENTED_EDGE ( 'NONE', *, *, #3584, .F. ) ;
#8307 = LINE ( 'NONE', #7502, #1607 ) ;
#8308 = VERTEX_POINT ( 'NONE', #5599 ) ;
#8309 = CARTESIAN_POINT ( 'NONE',  ( 0.000000000000000000, 0.05650000000000000161, 0.000000000000000000 ) ) ;
#8310 = CARTESIAN_POINT ( 'NONE',  ( -0.1680000000000000382, -0.06500000000000000222, 0.1874999999999999722 ) ) ;
#8312 = ORIENTED_EDGE ( 'NONE', *, *, #2422, .T. ) ;
#8311 = AXIS2_PLACEMENT_3D ( 'NONE', #3587, #2738, #4913 ) ;
#8313 = DIRECTION ( 'NONE',  ( -1.000000000000000000, 0.000000000000000000, -0.000000000000000000 ) ) ;
#8314 = CARTESIAN_POINT ( 'NONE',  ( -0.03200000000000000067, 0.03000000000000000583, 0.02000000000000009409 ) ) ;
#8315 = VECTOR ( 'NONE', #2285, 39.37007874015748143 ) ;
#8316 = EDGE_CURVE ( 'NONE', #7789, #3519, #5508, .T. ) ;
#8317 = DIRECTION ( 'NONE',  ( 0.000000000000000000, 0.000000000000000000, -1.000000000000000000 ) ) ;
#8318 = EDGE_CURVE ( 'NONE', #6555, #6651, #5732, .T. ) ;
#8319 = CARTESIAN_POINT ( 'NONE',  ( -0.2179999999999999993, 0.000000000000000000, 0.1874999999999999722 ) ) ;
#8320 = LINE ( 'NONE', #6122, #6874 ) ;
#8321 = CARTESIAN_POINT ( 'NONE',  ( 0.2179999999999999993, -0.02500000000000000486, 0.02999999999999999542 ) ) ;
#8322 = CARTESIAN_POINT ( 'NONE',  ( 0.2625000000000000111, 0.02000000000000000042, 0.04249999999999999611 ) ) ;
#8323 = DIRECTION ( 'NONE',  ( 0.000000000000000000, 1.000000000000000000, 0.000000000000000000 ) ) ;
#8324 = EDGE_CURVE ( 'NONE', #7529, #2769, #7195, .T. ) ;
#8325 = DIRECTION ( 'NONE',  ( 0.000000000000000000, -1.000000000000000000, -0.000000000000000000 ) ) ;
#8326 = ORIENTED_EDGE ( 'NONE', *, *, #8432, .F. ) ;
#8327 = LINE ( 'NONE', #952, #1489 ) ;
#8328 = ADVANCED_FACE ( 'NONE', ( #8536 ), #5688, .T. ) ;
#8329 = ADVANCED_FACE ( 'NONE', ( #6345 ), #7152, .T. ) ;
#8330 = ORIENTED_EDGE ( 'NONE', *, *, #4793, .T. ) ;
#8331 = DIRECTION ( 'NONE',  ( 1.000000000000000000, -0.000000000000000000, -0.000000000000000000 ) ) ;
#8332 = ADVANCED_FACE ( 'NONE', ( #4432 ), #3806, .T. ) ;
#8333 = CARTESIAN_POINT ( 'NONE',  ( 0.07499999999999999722, 0.03500000000000000333, 0.03400000000000000244 ) ) ;
#8334 = CYLINDRICAL_SURFACE ( 'NONE', #1384, 0.005000000000000021788 ) ;
#8335 = ORIENTED_EDGE ( 'NONE', *, *, #5326, .F. ) ;
#8336 = ORIENTED_EDGE ( 'NONE', *, *, #6489, .T. ) ;
#8337 = ORIENTED_EDGE ( 'NONE', *, *, #1933, .F. ) ;
#8338 = CARTESIAN_POINT ( 'NONE',  ( 0.2179999999999999993, -0.1000000000000000056, -0.02999999999999988440 ) ) ;
#8339 = EDGE_LOOP ( 'NONE', ( #1425, #4348, #6995, #5753 ) ) ;
#8340 = DIRECTION ( 'NONE',  ( -1.000000000000000000, 0.000000000000000000, -0.000000000000000000 ) ) ;
#8341 = EDGE_LOOP ( 'NONE', ( #2976, #4376, #8107, #469 ) ) ;
#8342 = FACE_BOUND ( 'NONE', #7672, .T. ) ;
#8343 = CARTESIAN_POINT ( 'NONE',  ( -0.1819999999999999951, 0.03000000000000000583, -0.02999999999999992256 ) ) ;
#8344 = AXIS2_PLACEMENT_3D ( 'NONE', #7130, #2448, #3780 ) ;
#8345 = CARTESIAN_POINT ( 'NONE',  ( 0.08200000000000000344, 0.02999999999999999889, 0.1874999999999999722 ) ) ;
#8346 = VERTEX_POINT ( 'NONE', #2385 ) ;
#8347 = ORIENTED_EDGE ( 'NONE', *, *, #8290, .F. ) ;
#8348 = FACE_OUTER_BOUND ( 'NONE', #4277, .T. ) ;
#8349 = EDGE_LOOP ( 'NONE', ( #3615, #8665, #4234, #439 ) ) ;
#8350 = CARTESIAN_POINT ( 'NONE',  ( 0.1524999999999999967, 0.2049999999999999878, -0.06500000000000000222 ) ) ;
#8351 = CYLINDRICAL_SURFACE ( 'NONE', #228, 0.008999999999999999320 ) ;
#8352 = ORIENTED_EDGE ( 'NONE', *, *, #532, .F. ) ;
#8353 = DIRECTION ( 'NONE',  ( 0.000000000000000000, 1.000000000000000000, -0.000000000000000000 ) ) ;
#8354 = EDGE_CURVE ( 'NONE', #5725, #4289, #3713, .T. ) ;
#8355 = CARTESIAN_POINT ( 'NONE',  ( -0.06800000000000000488, 0.02999999999999999889, 0.1874999999999999722 ) ) ;
#8356 = AXIS2_PLACEMENT_3D ( 'NONE', #8238, #138, #6840 ) ;
#8357 = AXIS2_PLACEMENT_3D ( 'NONE', #5279, #8006, #1891 ) ;
#8358 = LINE ( 'NONE', #1075, #1800 ) ;
#8359 = CARTESIAN_POINT ( 'NONE',  ( 0.01799999999999998476, -0.06500000000000000222, -0.02000000000000000042 ) ) ;
#8360 = CARTESIAN_POINT ( 'NONE',  ( -0.1474999999999999922, 0.000000000000000000, -0.08250000000000000389 ) ) ;
#8361 = LINE ( 'NONE', #2914, #5455 ) ;
#8362 = CARTESIAN_POINT ( 'NONE',  ( -0.2180000000000000826, 0.02999999999999999889, -0.01999999999999996225 ) ) ;
#8363 = CARTESIAN_POINT ( 'NONE',  ( 0.000000000000000000, -0.07499999999999999722, 0.000000000000000000 ) ) ;
#8364 = DIRECTION ( 'NONE',  ( -0.000000000000000000, 0.000000000000000000, 1.000000000000000000 ) ) ;
#8365 = VECTOR ( 'NONE', #1995, 39.37007874015748143 ) ;
#8366 = ORIENTED_EDGE ( 'NONE', *, *, #500, .T. ) ;
#8367 = CARTESIAN_POINT ( 'NONE',  ( -0.2625000000000000111, 0.05650000000000000161, -0.06500000000000000222 ) ) ;
#8368 = EDGE_CURVE ( 'NONE', #6774, #8439, #5823, .T. ) ;
#8369 = VECTOR ( 'NONE', #7538, 39.37007874015748143 ) ;
#8370 = EDGE_CURVE ( 'NONE', #2094, #465, #3460, .T. ) ;
#8371 = ORIENTED_EDGE ( 'NONE', *, *, #6613, .T. ) ;
#8372 = VECTOR ( 'NONE', #5551, 39.37007874015748143 ) ;
#8373 = CARTESIAN_POINT ( 'NONE',  ( 0.2500000000000000000, 0.02999999999999999889, 0.03000000000000009950 ) ) ;
#8374 = CYLINDRICAL_SURFACE ( 'NONE', #6847, 0.008999999999999997585 ) ;
#8375 = EDGE_CURVE ( 'NONE', #422, #5309, #6481, .T. ) ;
#8376 = PLANE ( 'NONE',  #7224 ) ;
#8377 = EDGE_LOOP ( 'NONE', ( #1535, #8727, #3245, #7028 ) ) ;
#8378 = AXIS2_PLACEMENT_3D ( 'NONE', #854, #5689, #2342 ) ;
#8379 = EDGE_CURVE ( 'NONE', #4705, #80, #221, .T. ) ;
#8380 = VERTEX_POINT ( 'NONE', #1704 ) ;
#8381 = ORIENTED_EDGE ( 'NONE', *, *, #3525, .T. ) ;
#8382 = CARTESIAN_POINT ( 'NONE',  ( -0.2249999999999999778, 0.03500000000000000333, 0.01600000000000000380 ) ) ;
#8383 = ORIENTED_EDGE ( 'NONE', *, *, #5550, .F. ) ;
#8384 = DIRECTION ( 'NONE',  ( 0.000000000000000000, -0.000000000000000000, 1.000000000000000000 ) ) ;
#8385 = ORIENTED_EDGE ( 'NONE', *, *, #7154, .T. ) ;
#8386 = ORIENTED_EDGE ( 'NONE', *, *, #4039, .T. ) ;
#8387 = FACE_BOUND ( 'NONE', #1387, .T. ) ;
#8388 = CARTESIAN_POINT ( 'NONE',  ( 0.1320000000000000062, -0.05999999999999999778, -0.01499999999999999944 ) ) ;
#8389 = EDGE_CURVE ( 'NONE', #152, #3846, #265, .T. ) ;
#8390 = PLANE ( 'NONE',  #432 ) ;
#8391 = EDGE_LOOP ( 'NONE', ( #7708, #7315 ) ) ;
#8392 = EDGE_LOOP ( 'NONE', ( #2090, #7096, #1854, #1113 ) ) ;
#8393 = CARTESIAN_POINT ( 'NONE',  ( 0.2500000000000000000, -0.01000000000000000021, 0.03500000000000000333 ) ) ;
#8394 = ORIENTED_EDGE ( 'NONE', *, *, #1071, .F. ) ;
#8395 = CARTESIAN_POINT ( 'NONE',  ( 0.2320000000000000118, -0.02500000000000000139, 0.02999999999999999889 ) ) ;
#8396 = PLANE ( 'NONE',  #4936 ) ;
#8397 = ORIENTED_EDGE ( 'NONE', *, *, #8561, .T. ) ;
#8398 = CARTESIAN_POINT ( 'NONE',  ( 0.01799999999999998823, -0.06500000000000000222, -0.01499999999999995608 ) ) ;
#8399 = DIRECTION ( 'NONE',  ( 1.000000000000000000, -0.000000000000000000, 0.000000000000000000 ) ) ;
#8400 = CARTESIAN_POINT ( 'NONE',  ( -0.08200000000000004508, -0.01499999999999999598, 0.03500000000000000333 ) ) ;
#8401 = DIRECTION ( 'NONE',  ( 0.000000000000000000, 0.000000000000000000, 1.000000000000000000 ) ) ;
#8402 = ADVANCED_FACE ( 'NONE', ( #5145 ), #3134, .T. ) ;
#8403 = LINE ( 'NONE', #2293, #7448 ) ;
#8404 = DIRECTION ( 'NONE',  ( -0.000000000000000000, 0.000000000000000000, -1.000000000000000000 ) ) ;
#8405 = DIRECTION ( 'NONE',  ( -0.000000000000000000, 0.000000000000000000, 1.000000000000000000 ) ) ;
#8406 = CARTESIAN_POINT ( 'NONE',  ( -0.2775000000000000244, 0.2200000000000000566, -0.05249999999999999806 ) ) ;
#8407 = DIRECTION ( 'NONE',  ( -1.000000000000000000, 0.000000000000000000, -0.000000000000000000 ) ) ;
#8408 = EDGE_LOOP ( 'NONE', ( #6405, #6377, #4402, #2689 ) ) ;
#8409 = PLANE ( 'NONE',  #4497 ) ;
#8410 = VECTOR ( 'NONE', #1743, 39.37007874015748143 ) ;
#8411 = FACE_OUTER_BOUND ( 'NONE', #2236, .T. ) ;
#8412 = ADVANCED_FACE ( 'NONE', ( #2958 ), #1569, .T. ) ;
#8413 = ORIENTED_EDGE ( 'NONE', *, *, #200, .T. ) ;
#8414 = LINE ( 'NONE', #5653, #8771 ) ;
#8415 = DIRECTION ( 'NONE',  ( 0.000000000000000000, -0.7071067811865479058, 0.7071067811865469066 ) ) ;
#8416 = VECTOR ( 'NONE', #7353, 39.37007874015748143 ) ;
#8417 = LINE ( 'NONE', #3821, #7703 ) ;
#8418 = LINE ( 'NONE', #5612, #7796 ) ;
#8419 = VERTEX_POINT ( 'NONE', #7020 ) ;
#8420 = AXIS2_PLACEMENT_3D ( 'NONE', #4832, #6940, #864 ) ;
#8421 = EDGE_LOOP ( 'NONE', ( #2834, #4834, #8009, #4101 ) ) ;
#8422 = EDGE_CURVE ( 'NONE', #3155, #374, #5053, .T. ) ;
#8423 = ORIENTED_EDGE ( 'NONE', *, *, #1326, .T. ) ;
#8424 = CARTESIAN_POINT ( 'NONE',  ( -0.1819999999999999951, -0.06500000000000000222, 0.1874999999999999722 ) ) ;
#8425 = ORIENTED_EDGE ( 'NONE', *, *, #60, .T. ) ;
#8426 = CARTESIAN_POINT ( 'NONE',  ( 0.02500000000000000139, 0.2550000000000000044, 0.01600000000000000380 ) ) ;
#8427 = ORIENTED_EDGE ( 'NONE', *, *, #4875, .T. ) ;
#8428 = CARTESIAN_POINT ( 'NONE',  ( 0.2500000000000000000, 0.02999999999999999889, 0.02000000000000000042 ) ) ;
#8429 = EDGE_CURVE ( 'NONE', #7590, #3283, #4343, .T. ) ;
#8430 = CIRCLE ( 'NONE', #4001, 0.01000000000000000021 ) ;
#8431 = CARTESIAN_POINT ( 'NONE',  ( -0.1680000000000000382, -0.02500000000000000139, 0.1874999999999999722 ) ) ;
#8432 = EDGE_CURVE ( 'NONE', #3811, #5725, #3000, .T. ) ;
#8433 = ORIENTED_EDGE ( 'NONE', *, *, #714, .T. ) ;
#8434 = VECTOR ( 'NONE', #5761, 39.37007874015748143 ) ;
#8435 = CARTESIAN_POINT ( 'NONE',  ( -0.01799999999999998476, -0.05999999999999999778, -0.01499999999999999944 ) ) ;
#8436 = ORIENTED_EDGE ( 'NONE', *, *, #1699, .F. ) ;
#8437 = ORIENTED_EDGE ( 'NONE', *, *, #8316, .T. ) ;
#8438 = DIRECTION ( 'NONE',  ( 0.000000000000000000, 0.000000000000000000, -1.000000000000000000 ) ) ;
#8439 = VERTEX_POINT ( 'NONE', #5774 ) ;
#8440 = DIRECTION ( 'NONE',  ( -0.000000000000000000, 0.000000000000000000, 1.000000000000000000 ) ) ;
#8441 = DIRECTION ( 'NONE',  ( 0.000000000000000000, 0.000000000000000000, 1.000000000000000000 ) ) ;
#8442 = ORIENTED_EDGE ( 'NONE', *, *, #4987, .T. ) ;
#8443 = FACE_OUTER_BOUND ( 'NONE', #329, .T. ) ;
#8444 = EDGE_CURVE ( 'NONE', #1991, #3434, #5103, .T. ) ;
#8445 = FACE_OUTER_BOUND ( 'NONE', #3052, .T. ) ;
#8446 = VECTOR ( 'NONE', #405, 39.37007874015748143 ) ;
#8447 = DIRECTION ( 'NONE',  ( -1.000000000000000000, 0.000000000000000000, -0.000000000000000000 ) ) ;
#8448 = ORIENTED_EDGE ( 'NONE', *, *, #474, .T. ) ;
#8449 = DIRECTION ( 'NONE',  ( 0.000000000000000000, -1.000000000000000000, 0.000000000000000000 ) ) ;
#8450 = DIRECTION ( 'NONE',  ( 0.000000000000000000, -0.000000000000000000, 1.000000000000000000 ) ) ;
#8451 = CARTESIAN_POINT ( 'NONE',  ( 0.000000000000000000, 0.1905000000000000027, 0.000000000000000000 ) ) ;
#8452 = FACE_OUTER_BOUND ( 'NONE', #1703, .T. ) ;
#8453 = CARTESIAN_POINT ( 'NONE',  ( 0.01799999999999998476, 0.02999999999999999889, -0.05000000000000000278 ) ) ;
#8454 = EDGE_LOOP ( 'NONE', ( #5582, #4115, #4465, #1476, #5972, #1064, #5572, #3483 ) ) ;
#8455 = DIRECTION ( 'NONE',  ( -1.000000000000000000, -0.000000000000000000, -0.000000000000000000 ) ) ;
#8456 = AXIS2_PLACEMENT_3D ( 'NONE', #4418, #6332, #7049 ) ;
#8457 = DIRECTION ( 'NONE',  ( 0.000000000000000000, -1.000000000000000000, 0.000000000000000000 ) ) ;
#8458 = DIRECTION ( 'NONE',  ( -1.000000000000000000, -0.000000000000000000, 0.000000000000000000 ) ) ;
#8459 = ADVANCED_FACE ( 'NONE', ( #4688 ), #8668, .T. ) ;
#8460 = VERTEX_POINT ( 'NONE', #3352 ) ;
#8461 = CIRCLE ( 'NONE', #2616, 0.01000000000000000021 ) ;
#8462 = DIRECTION ( 'NONE',  ( 1.000000000000000000, 0.000000000000000000, 0.000000000000000000 ) ) ;
#8463 = CARTESIAN_POINT ( 'NONE',  ( 0.2500000000000000000, 0.02999999999999999889, -0.02999999999999999889 ) ) ;
#8464 = CARTESIAN_POINT ( 'NONE',  ( -0.2775000000000000244, 0.2200000000000000011, -0.06500000000000000222 ) ) ;
#8465 = ADVANCED_FACE ( 'NONE', ( #1973 ), #6077, .T. ) ;
#8466 = PLANE ( 'NONE',  #5802 ) ;
#8467 = ORIENTED_EDGE ( 'NONE', *, *, #6385, .F. ) ;
#8468 = VERTEX_POINT ( 'NONE', #6568 ) ;
#8469 = ORIENTED_EDGE ( 'NONE', *, *, #5539, .T. ) ;
#8470 = CARTESIAN_POINT ( 'NONE',  ( 0.02500000000000000139, 0.03500000000000000333, 0.02500000000000000139 ) ) ;
#8471 = EDGE_CURVE ( 'NONE', #1182, #7249, #8800, .T. ) ;
#8472 = PLANE ( 'NONE',  #2850 ) ;
#8473 = EDGE_CURVE ( 'NONE', #8250, #7060, #438, .T. ) ;
#8474 = DIRECTION ( 'NONE',  ( -0.7071067811865479058, -0.7071067811865469066, 0.000000000000000000 ) ) ;
#8475 = ORIENTED_EDGE ( 'NONE', *, *, #3940, .T. ) ;
#8476 = CARTESIAN_POINT ( 'NONE',  ( 0.2320000000000000118, 0.000000000000000000, 0.1874999999999999722 ) ) ;
#8477 = EDGE_CURVE ( 'NONE', #6017, #5667, #2509, .T. ) ;
#8478 = ORIENTED_EDGE ( 'NONE', *, *, #7176, .F. ) ;
#8479 = ORIENTED_EDGE ( 'NONE', *, *, #3247, .T. ) ;
#8480 = CARTESIAN_POINT ( 'NONE',  ( 0.1819999999999999951, -0.01499999999999999944, 0.1874999999999999722 ) ) ;
#8481 = ORIENTED_EDGE ( 'NONE', *, *, #1341, .T. ) ;
#8482 = DIRECTION ( 'NONE',  ( -1.000000000000000000, -0.000000000000000000, 0.000000000000000000 ) ) ;
#8483 = DIRECTION ( 'NONE',  ( 0.000000000000000000, 0.000000000000000000, -1.000000000000000000 ) ) ;
#8484 = VERTEX_POINT ( 'NONE', #4022 ) ;
#8485 = PLANE ( 'NONE',  #6416 ) ;
#8486 = DIRECTION ( 'NONE',  ( -0.000000000000000000, 1.000000000000000000, 0.000000000000000000 ) ) ;
#8487 = EDGE_CURVE ( 'NONE', #7083, #5546, #3267, .T. ) ;
#8488 = AXIS2_PLACEMENT_3D ( 'NONE', #4088, #1492, #3374 ) ;
#8489 = DIRECTION ( 'NONE',  ( -0.000000000000000000, 0.000000000000000000, -1.000000000000000000 ) ) ;
#8490 = EDGE_CURVE ( 'NONE', #2873, #2225, #2607, .T. ) ;
#8491 = ORIENTED_EDGE ( 'NONE', *, *, #6835, .T. ) ;
#8492 = DIRECTION ( 'NONE',  ( 0.000000000000000000, 0.000000000000000000, -1.000000000000000000 ) ) ;
#8493 = CARTESIAN_POINT ( 'NONE',  ( -0.08200000000000000344, -0.01499999999999999424, 0.1874999999999999722 ) ) ;
#8494 = LINE ( 'NONE', #4260, #2680 ) ;
#8495 = LINE ( 'NONE', #4434, #3813 ) ;
#8496 = PLANE ( 'NONE',  #1797 ) ;
#8497 = VECTOR ( 'NONE', #235, 39.37007874015748143 ) ;
#8498 = VERTEX_POINT ( 'NONE', #3223 ) ;
#8499 = CARTESIAN_POINT ( 'NONE',  ( -0.2179999999999999993, 0.02999999999999999889, 0.1874999999999999722 ) ) ;
#8500 = AXIS2_PLACEMENT_3D ( 'NONE', #1352, #8317, #2735 ) ;
#8501 = VECTOR ( 'NONE', #1756, 39.37007874015748143 ) ;
#8502 = CARTESIAN_POINT ( 'NONE',  ( -0.1819999999999999951, -0.07499999999999999722, 0.1874999999999999722 ) ) ;
#8503 = CARTESIAN_POINT ( 'NONE',  ( 0.2625000000000000111, 0.2049999999999999878, 0.06500000000000000222 ) ) ;
#8504 = AXIS2_PLACEMENT_3D ( 'NONE', #8388, #1511, #2277 ) ;
#8505 = ORIENTED_EDGE ( 'NONE', *, *, #3379, .T. ) ;
#8506 = CARTESIAN_POINT ( 'NONE',  ( 0.2500000000000000000, 0.02999999999999999542, -0.02000000000000000042 ) ) ;
#8507 = CARTESIAN_POINT ( 'NONE',  ( 0.2625000000000000111, 0.05650000000000000161, 0.06500000000000000222 ) ) ;
#8508 = CARTESIAN_POINT ( 'NONE',  ( 0.2500000000000000000, -0.01499999999999999944, 0.02999999999999999889 ) ) ;
#8509 = DIRECTION ( 'NONE',  ( 0.000000000000000000, 0.000000000000000000, -1.000000000000000000 ) ) ;
#8510 = AXIS2_PLACEMENT_3D ( 'NONE', #8598, #7840, #4492 ) ;
#8511 = ORIENTED_EDGE ( 'NONE', *, *, #7056, .T. ) ;
#8512 = ORIENTED_EDGE ( 'NONE', *, *, #7071, .F. ) ;
#8513 = AXIS2_PLACEMENT_3D ( 'NONE', #7697, #1581, #7031 ) ;
#8514 = EDGE_LOOP ( 'NONE', ( #6528, #3395 ) ) ;
#8515 = ADVANCED_FACE ( 'NONE', ( #4646 ), #6661, .T. ) ;
#8516 = CARTESIAN_POINT ( 'NONE',  ( 0.1320000000000000062, 0.02999999999999999889, 0.1874999999999999722 ) ) ;
#8517 = LINE ( 'NONE', #2489, #6129 ) ;
#8518 = DIRECTION ( 'NONE',  ( 0.000000000000000000, -1.000000000000000000, 0.000000000000000000 ) ) ;
#8519 = CLOSED_SHELL ( 'NONE', ( #7551, #7722, #7179, #4968, #3837, #1553, #2351, #1774, #1840, #816, #6276, #2114, #2043, #6678, #2432, #8765, #3603, #3360, #4862, #3167, #3291, #6130, #4175, #5112, #1031, #3927, #1279, #1318, #8173, #4350, #8682, #1168, #8153, #5196, #6324, #6007, #305, #8328, #8459, #3909, #5971, #6525, #5049, #4284, #1207, #6235, #2439, #5699, #8633, #4991, #4960, #6056, #7211, #3274, #2370, #3580, #4224, #8543, #3008, #8260, #8051, #7860, #6073, #131, #2220, #3042, #4156, #6407, #6031, #4276, #1355, #5963, #281, #3792, #8545, #3332, #8756, #1410, #8269, #4741, #7444, #4373, #7242, #335, #1721, #3411, #8816, #8019, #6195, #1575, #1499, #7325, #232, #3828, #2628, #3458, #1395, #6569, #7119, #3958, #5913, #6725, #6220, #572, #6923, #1613, #6124, #6228, #811, #6849, #768, #8688, #7656, #4170, #925, #6457, #4767, #5293, #1801, #2209, #6184, #3983, #684, #6455, #7092, #4069, #7910, #2974, #2765, #6509, #6626, #8552, #2151, #4404, #6034, #6554, #1942, #8100, #3114, #5757, #6136, #117, #8573, #2435, #5583, #7803, #182, #7482, #1661, #6159, #7877, #5429, #7627, #1667, #1632, #3056, #376, #275, #2232, #1598, #8465, #1835, #957, #8209, #8103, #3417, #7047, #1711, #1563, #2971, #2032, #348, #5379, #8647, #8794, #7636, #4145, #6, #10, #3715, #5202, #636, #8060, #4779, #2544, #4337, #8566, #5420, #8707, #7694, #1259, #2964, #7370, #8162, #8544, #2553, #8270, #6445, #2921, #5105, #2649, #6515, #8600, #584, #6969, #8329, #6295, #8253, #4230, #8587, #8030, #3824, #318, #5479, #2869, #8674, #5491, #2883, #4654, #4985, #6843, #7943, #5570, #1979, #6078, #4933, #326, #6462, #76, #5260, #267, #7117, #8044, #2845, #2582, #5842, #8412, #6887, #720, #6998, #8515, #1537, #8591, #6214, #7261, #3566 ) ) ;
#8520 = ORIENTED_EDGE ( 'NONE', *, *, #5460, .T. ) ;
#8521 = PLANE ( 'NONE',  #9 ) ;
#8522 = ORIENTED_EDGE ( 'NONE', *, *, #4387, .F. ) ;
#8523 = EDGE_CURVE ( 'NONE', #4461, #762, #7379, .T. ) ;
#8524 = VECTOR ( 'NONE', #6730, 39.37007874015748143 ) ;
#8525 = FACE_OUTER_BOUND ( 'NONE', #6199, .T. ) ;
#8526 = ORIENTED_EDGE ( 'NONE', *, *, #5130, .T. ) ;
#8527 = CARTESIAN_POINT ( 'NONE',  ( 0.2500000000000000000, 0.02999999999999999542, -0.02000000000000000042 ) ) ;
#8528 = LINE ( 'NONE', #6472, #2384 ) ;
#8529 = VERTEX_POINT ( 'NONE', #566 ) ;
#8530 = LINE ( 'NONE', #3215, #5810 ) ;
#8531 = CARTESIAN_POINT ( 'NONE',  ( -0.1320000000000000062, 0.03000000000000000583, 0.02000000000000009409 ) ) ;
#8532 = DIRECTION ( 'NONE',  ( 0.000000000000000000, -0.000000000000000000, 1.000000000000000000 ) ) ;
#8533 = ORIENTED_EDGE ( 'NONE', *, *, #6464, .F. ) ;
#8534 = CYLINDRICAL_SURFACE ( 'NONE', #585, 0.008999999999999999320 ) ;
#8535 = ORIENTED_EDGE ( 'NONE', *, *, #6317, .T. ) ;
#8536 = FACE_OUTER_BOUND ( 'NONE', #8076, .T. ) ;
#8537 = CARTESIAN_POINT ( 'NONE',  ( 0.2500000000000000000, -0.06500000000000000222, -0.02999999999999999889 ) ) ;
#8538 = ADVANCED_FACE ( 'NONE', ( #4523 ), #4605, .T. ) ;
#8539 = LINE ( 'NONE', #5955, #8241 ) ;
#8540 = CARTESIAN_POINT ( 'NONE',  ( 0.2500000000000000000, -0.01499999999999999944, 0.02999999999999999889 ) ) ;
#8541 = VERTEX_POINT ( 'NONE', #2641 ) ;
#8542 = LINE ( 'NONE', #3229, #4638 ) ;
#8543 = ADVANCED_FACE ( 'NONE', ( #1882 ), #6037, .T. ) ;
#8544 = ADVANCED_FACE ( 'NONE', ( #5231 ), #7957, .T. ) ;
#8545 = ADVANCED_FACE ( 'NONE', ( #3977 ), #1167, .F. ) ;
#8546 = LINE ( 'NONE', #7161, #8231 ) ;
#8547 = DIRECTION ( 'NONE',  ( 0.000000000000000000, 0.000000000000000000, -1.000000000000000000 ) ) ;
#8548 = ORIENTED_EDGE ( 'NONE', *, *, #3725, .F. ) ;
#8549 = CARTESIAN_POINT ( 'NONE',  ( -0.1180000000000000077, -0.07499999999999999722, -0.02000000000000000042 ) ) ;
#8550 = CARTESIAN_POINT ( 'NONE',  ( 0.07499999999999999722, 0.1905000000000000027, -0.02500000000000000139 ) ) ;
#8551 = CARTESIAN_POINT ( 'NONE',  ( -0.1320000000000000062, -0.02500000000000000486, 0.1874999999999999722 ) ) ;
#8552 = ADVANCED_FACE ( 'NONE', ( #3893 ), #479, .T. ) ;
#8553 = FACE_OUTER_BOUND ( 'NONE', #7961, .T. ) ;
#8554 = EDGE_LOOP ( 'NONE', ( #3770, #5276, #6290, #3938 ) ) ;
#8555 = ORIENTED_EDGE ( 'NONE', *, *, #4824, .F. ) ;
#8556 = ORIENTED_EDGE ( 'NONE', *, *, #1577, .F. ) ;
#8557 = AXIS2_PLACEMENT_3D ( 'NONE', #8126, #2720, #3262 ) ;
#8558 = DIRECTION ( 'NONE',  ( -1.000000000000000000, 0.000000000000000000, 0.000000000000000000 ) ) ;
#8559 = DIRECTION ( 'NONE',  ( -0.000000000000000000, 0.000000000000000000, 1.000000000000000000 ) ) ;
#8560 = DIRECTION ( 'NONE',  ( 0.000000000000000000, 0.000000000000000000, 1.000000000000000000 ) ) ;
#8561 = EDGE_CURVE ( 'NONE', #1959, #4020, #4247, .T. ) ;
#8562 = CIRCLE ( 'NONE', #1290, 0.008999999999999997585 ) ;
#8563 = ORIENTED_EDGE ( 'NONE', *, *, #4344, .F. ) ;
#8564 = CARTESIAN_POINT ( 'NONE',  ( 0.03199999999999999373, -0.05999999999999999778, -0.01499999999999999944 ) ) ;
#8565 = ORIENTED_EDGE ( 'NONE', *, *, #5036, .T. ) ;
#8566 = ADVANCED_FACE ( 'NONE', ( #702 ), #6200, .T. ) ;
#8567 = VERTEX_POINT ( 'NONE', #4854 ) ;
#8568 = CARTESIAN_POINT ( 'NONE',  ( 0.000000000000000000, 0.1905000000000000027, 0.000000000000000000 ) ) ;
#8569 = CARTESIAN_POINT ( 'NONE',  ( -0.1320000000000000062, -0.07499999999999999722, 0.1874999999999999722 ) ) ;
#8570 = EDGE_LOOP ( 'NONE', ( #8766, #4990, #95, #6230 ) ) ;
#8571 = PLANE ( 'NONE',  #7698 ) ;
#8572 = DIRECTION ( 'NONE',  ( 1.000000000000000000, 0.000000000000000000, -0.000000000000000000 ) ) ;
#8573 = ADVANCED_FACE ( 'NONE', ( #36 ), #6963, .T. ) ;
#8574 = CIRCLE ( 'NONE', #148, 0.004999999999999997502 ) ;
#8575 = AXIS2_PLACEMENT_3D ( 'NONE', #3973, #6780, #6696 ) ;
#8576 = LINE ( 'NONE', #4517, #3790 ) ;
#8577 = ORIENTED_EDGE ( 'NONE', *, *, #1071, .T. ) ;
#8578 = CARTESIAN_POINT ( 'NONE',  ( -0.2775000000000000244, 0.2200000000000000566, -0.08000000000000001554 ) ) ;
#8579 = DIRECTION ( 'NONE',  ( 1.000000000000000000, 0.000000000000000000, 0.000000000000000000 ) ) ;
#8580 = DIRECTION ( 'NONE',  ( 0.000000000000000000, 0.000000000000000000, -1.000000000000000000 ) ) ;
#8581 = CARTESIAN_POINT ( 'NONE',  ( 0.1749999999999999889, 0.03500000000000000333, 0.01600000000000000380 ) ) ;
#8583 = ORIENTED_EDGE ( 'NONE', *, *, #727, .T. ) ;
#8582 = VECTOR ( 'NONE', #8824, 39.37007874015748143 ) ;
#8584 = ORIENTED_EDGE ( 'NONE', *, *, #8487, .F. ) ;
#8585 = DIRECTION ( 'NONE',  ( 0.000000000000000000, 0.000000000000000000, -1.000000000000000000 ) ) ;
#8586 = ADVANCED_FACE ( 'NONE', ( #5586 ), #2768, .T. ) ;
#8587 = ADVANCED_FACE ( 'NONE', ( #840 ), #795, .T. ) ;
#8588 = VECTOR ( 'NONE', #807, 39.37007874015748143 ) ;
#8589 = DIRECTION ( 'NONE',  ( -0.000000000000000000, 0.000000000000000000, 1.000000000000000000 ) ) ;
#8590 = CARTESIAN_POINT ( 'NONE',  ( 0.03199999999999999373, -0.05999999999999999778, -0.02000000000000000042 ) ) ;
#8591 = ADVANCED_FACE ( 'NONE', ( #5407 ), #81, .T. ) ;
#8592 = ORIENTED_EDGE ( 'NONE', *, *, #773, .T. ) ;
#8593 = CARTESIAN_POINT ( 'NONE',  ( 0.03199999999999999373, 0.02999999999999999889, -0.02999999999999999889 ) ) ;
#8594 = EDGE_LOOP ( 'NONE', ( #1354, #3415, #5081, #2760, #813, #7829, #5144, #4171 ) ) ;
#8595 = DIRECTION ( 'NONE',  ( 1.000000000000000000, -0.000000000000000000, -0.000000000000000000 ) ) ;
#8596 = AXIS2_PLACEMENT_3D ( 'NONE', #7418, #5953, #2599 ) ;
#8597 = DIRECTION ( 'NONE',  ( 0.000000000000000000, 0.000000000000000000, -1.000000000000000000 ) ) ;
#8598 = CARTESIAN_POINT ( 'NONE',  ( -0.2320000000000000118, -0.01499999999999999944, 0.02999999999999999889 ) ) ;
#8599 = VECTOR ( 'NONE', #6291, 39.37007874015748143 ) ;
#8600 = ADVANCED_FACE ( 'NONE', ( #2057 ), #2727, .T. ) ;
#8601 = ORIENTED_EDGE ( 'NONE', *, *, #4771, .T. ) ;
#8602 = VERTEX_POINT ( 'NONE', #123 ) ;
#8603 = VERTEX_POINT ( 'NONE', #4813 ) ;
#8604 = LINE ( 'NONE', #5251, #7057 ) ;
#8605 = CARTESIAN_POINT ( 'NONE',  ( -0.03199999999999999373, -0.01000000000000000021, 0.02999999999999999542 ) ) ;
#8606 = CARTESIAN_POINT ( 'NONE',  ( -0.2249999999999999778, 0.2550000000000000044, -0.01600000000000000380 ) ) ;
#8607 = CYLINDRICAL_SURFACE ( 'NONE', #7862, 0.008999999999999997585 ) ;
#8608 = ORIENTED_EDGE ( 'NONE', *, *, #4606, .T. ) ;
#8609 = EDGE_CURVE ( 'NONE', #3252, #2452, #8307, .T. ) ;
#8610 = ORIENTED_EDGE ( 'NONE', *, *, #6775, .F. ) ;
#8611 =( LENGTH_UNIT ( ) NAMED_UNIT ( * ) SI_UNIT ( $, .METRE. ) );
#8612 = VERTEX_POINT ( 'NONE', #6788 ) ;
#8613 = AXIS2_PLACEMENT_3D ( 'NONE', #1205, #3926, #3127 ) ;
#8614 = CARTESIAN_POINT ( 'NONE',  ( -0.2320000000000000118, -0.07499999999999999722, 0.1874999999999999722 ) ) ;
#8615 = CARTESIAN_POINT ( 'NONE',  ( 0.2320000000000000118, -0.02500000000000000139, 0.02999999999999999889 ) ) ;
#8616 = EDGE_LOOP ( 'NONE', ( #4112, #4053, #5205, #2710 ) ) ;
#8617 = DIRECTION ( 'NONE',  ( 0.000000000000000000, 0.000000000000000000, -1.000000000000000000 ) ) ;
#8618 = DIRECTION ( 'NONE',  ( -1.000000000000000000, 0.000000000000000000, 0.000000000000000000 ) ) ;
#8619 = CARTESIAN_POINT ( 'NONE',  ( 0.000000000000000000, -0.07499999999999999722, 0.000000000000000000 ) ) ;
#8620 = ORIENTED_EDGE ( 'NONE', *, *, #3491, .F. ) ;
#8621 = DIRECTION ( 'NONE',  ( -1.000000000000000000, 0.000000000000000000, -0.000000000000000000 ) ) ;
#8622 = DIRECTION ( 'NONE',  ( 0.000000000000000000, 0.000000000000000000, 1.000000000000000000 ) ) ;
#8623 = ORIENTED_EDGE ( 'NONE', *, *, #3088, .F. ) ;
#8624 = EDGE_CURVE ( 'NONE', #6182, #2973, #6289, .T. ) ;
#8625 = DIRECTION ( 'NONE',  ( 0.000000000000000000, 0.000000000000000000, 1.000000000000000000 ) ) ;
#8626 = CARTESIAN_POINT ( 'NONE',  ( -0.08200000000000004508, -0.06500000000000000222, -0.01499999999999995608 ) ) ;
#8627 = VERTEX_POINT ( 'NONE', #8131 ) ;
#8628 = DIRECTION ( 'NONE',  ( 1.000000000000000000, 0.000000000000000000, -0.000000000000000000 ) ) ;
#8629 = DIRECTION ( 'NONE',  ( 0.000000000000000000, -1.000000000000000000, 0.000000000000000000 ) ) ;
#8630 = DIRECTION ( 'NONE',  ( -1.000000000000000000, 0.000000000000000000, -0.000000000000000000 ) ) ;
#8631 = VECTOR ( 'NONE', #3453, 39.37007874015748143 ) ;
#8632 = VERTEX_POINT ( 'NONE', #4729 ) ;
#8633 = ADVANCED_FACE ( 'NONE', ( #1345 ), #2191, .T. ) ;
#8634 = DIRECTION ( 'NONE',  ( 0.000000000000000000, 1.000000000000000000, -0.000000000000000000 ) ) ;
#8635 = AXIS2_PLACEMENT_3D ( 'NONE', #6578, #1932, #7294 ) ;
#8636 = ORIENTED_EDGE ( 'NONE', *, *, #7037, .F. ) ;
#8637 = LINE ( 'NONE', #5332, #5358 ) ;
#8638 = DIRECTION ( 'NONE',  ( 1.000000000000000000, 0.000000000000000000, 0.000000000000000000 ) ) ;
#8639 = VECTOR ( 'NONE', #4826, 39.37007874015748143 ) ;
#8640 = ADVANCED_FACE ( 'NONE', ( #1472 ), #6912, .T. ) ;
#8641 = ORIENTED_EDGE ( 'NONE', *, *, #8814, .F. ) ;
#8642 = AXIS2_PLACEMENT_3D ( 'NONE', #1747, #1029, #3624 ) ;
#8643 = ORIENTED_EDGE ( 'NONE', *, *, #1577, .T. ) ;
#8644 = ORIENTED_EDGE ( 'NONE', *, *, #2488, .F. ) ;
#8645 = AXIS2_PLACEMENT_3D ( 'NONE', #8099, #1978, #2062 ) ;
#8646 = PLANE ( 'NONE',  #8767 ) ;
#8647 = ADVANCED_FACE ( 'NONE', ( #1389 ), #2817, .T. ) ;
#8648 = AXIS2_PLACEMENT_3D ( 'NONE', #7090, #6374, #116 ) ;
#8649 = DIRECTION ( 'NONE',  ( 1.000000000000000000, -0.000000000000000000, 0.000000000000000000 ) ) ;
#8650 = CARTESIAN_POINT ( 'NONE',  ( 0.01799999999999999864, -0.1000000000000000056, -0.02999999999999988440 ) ) ;
#8651 = VECTOR ( 'NONE', #1695, 39.37007874015748143 ) ;
#8652 = ORIENTED_EDGE ( 'NONE', *, *, #5536, .F. ) ;
#8653 = AXIS2_PLACEMENT_3D ( 'NONE', #7647, #3589, #4261 ) ;
#8654 = LINE ( 'NONE', #2543, #5299 ) ;
#8655 = ORIENTED_EDGE ( 'NONE', *, *, #3708, .T. ) ;
#8656 = ORIENTED_EDGE ( 'NONE', *, *, #5339, .T. ) ;
#8657 = VERTEX_POINT ( 'NONE', #749 ) ;
#8658 = CARTESIAN_POINT ( 'NONE',  ( 0.03199999999999999373, -0.06500000000000000222, 0.1874999999999999722 ) ) ;
#8659 = CARTESIAN_POINT ( 'NONE',  ( 0.2625000000000000111, 2.134256245050204869E-18, 0.1124999999999999889 ) ) ;
#8660 = VECTOR ( 'NONE', #5639, 39.37007874015748143 ) ;
#8661 = CARTESIAN_POINT ( 'NONE',  ( 0.000000000000000000, -0.07499999999999999722, -0.02000000000000000042 ) ) ;
#8662 = LINE ( 'NONE', #1788, #1732 ) ;
#8663 = AXIS2_PLACEMENT_3D ( 'NONE', #8451, #6927, #6305 ) ;
#8664 = DIRECTION ( 'NONE',  ( 0.000000000000000000, 1.000000000000000000, -0.000000000000000000 ) ) ;
#8665 = ORIENTED_EDGE ( 'NONE', *, *, #1385, .T. ) ;
#8666 = CARTESIAN_POINT ( 'NONE',  ( 0.2500000000000000000, -0.01000000000000000021, 0.03500000000000000333 ) ) ;
#8667 = ORIENTED_EDGE ( 'NONE', *, *, #7115, .T. ) ;
#8668 = PLANE ( 'NONE',  #8596 ) ;
#8669 = ORIENTED_EDGE ( 'NONE', *, *, #4802, .F. ) ;
#8670 = LINE ( 'NONE', #2428, #8232 ) ;
#8671 = DIRECTION ( 'NONE',  ( 0.000000000000000000, -0.000000000000000000, 1.000000000000000000 ) ) ;
#8672 = EDGE_LOOP ( 'NONE', ( #4602, #5530 ) ) ;
#8673 = PLANE ( 'NONE',  #8061 ) ;
#8674 = ADVANCED_FACE ( 'NONE', ( #3484 ), #5542, .T. ) ;
#8675 = CARTESIAN_POINT ( 'NONE',  ( -0.2320000000000000118, -0.01499999999999999424, 0.1874999999999999722 ) ) ;
#8676 = DIRECTION ( 'NONE',  ( 0.000000000000000000, -1.000000000000000000, -0.000000000000000000 ) ) ;
#8677 = ORIENTED_EDGE ( 'NONE', *, *, #1746, .F. ) ;
#8678 = DIRECTION ( 'NONE',  ( 0.000000000000000000, 0.7071067811865479058, 0.7071067811865469066 ) ) ;
#8679 = EDGE_LOOP ( 'NONE', ( #6607, #7999, #2514, #8012 ) ) ;
#8680 = CARTESIAN_POINT ( 'NONE',  ( 0.000000000000000000, 0.1239999999999999991, -0.03749999999999999861 ) ) ;
#8681 = DIRECTION ( 'NONE',  ( -1.000000000000000000, -0.000000000000000000, -0.000000000000000000 ) ) ;
#8682 = ADVANCED_FACE ( 'NONE', ( #253 ), #5763, .T. ) ;
#8683 = ORIENTED_EDGE ( 'NONE', *, *, #5709, .F. ) ;
#8684 = ORIENTED_EDGE ( 'NONE', *, *, #2577, .F. ) ;
#8685 = DIRECTION ( 'NONE',  ( 0.000000000000000000, -1.000000000000000000, -0.000000000000000000 ) ) ;
#8686 = CARTESIAN_POINT ( 'NONE',  ( -0.1319999999999999785, -0.01499999999999999598, 0.1874999999999999722 ) ) ;
#8687 = DIRECTION ( 'NONE',  ( 0.000000000000000000, 1.000000000000000000, 0.000000000000000000 ) ) ;
#8688 = ADVANCED_FACE ( 'NONE', ( #8525 ), #7678, .T. ) ;
#8689 = VERTEX_POINT ( 'NONE', #1557 ) ;
#8690 = PRODUCT_DEFINITION_CONTEXT ( 'detailed design', #884, 'design' ) ;
#8691 = CARTESIAN_POINT ( 'NONE',  ( 0.1749999999999999889, 0.2550000000000000044, -0.02500000000000000139 ) ) ;
#8692 = ORIENTED_EDGE ( 'NONE', *, *, #2158, .T. ) ;
#8693 = DIRECTION ( 'NONE',  ( 0.000000000000000000, -1.000000000000000000, 0.000000000000000000 ) ) ;
#8694 = DIRECTION ( 'NONE',  ( -0.000000000000000000, -1.000000000000000000, -0.000000000000000000 ) ) ;
#8695 = EDGE_CURVE ( 'NONE', #5391, #6538, #1065, .T. ) ;
#8696 = EDGE_LOOP ( 'NONE', ( #1390, #1164, #2492, #7212 ) ) ;
#8697 = CARTESIAN_POINT ( 'NONE',  ( 0.2500000000000000000, 0.02999999999999999889, 0.03000000000000009950 ) ) ;
#8698 = CARTESIAN_POINT ( 'NONE',  ( 0.2500000000000000000, 0.03500000000000000333, -0.04249999999999999611 ) ) ;
#8699 = DIRECTION ( 'NONE',  ( 1.000000000000000000, -0.000000000000000000, -0.000000000000000000 ) ) ;
#8700 = VECTOR ( 'NONE', #8699, 39.37007874015748143 ) ;
#8701 = DIRECTION ( 'NONE',  ( 0.000000000000000000, -0.000000000000000000, 1.000000000000000000 ) ) ;
#8702 = CARTESIAN_POINT ( 'NONE',  ( 0.2500000000000000000, -0.01499999999999999944, 0.1874999999999999722 ) ) ;
#8703 = ORIENTED_EDGE ( 'NONE', *, *, #2571, .F. ) ;
#8704 = AXIS2_PLACEMENT_3D ( 'NONE', #1494, #4221, #5611 ) ;
#8705 = FACE_OUTER_BOUND ( 'NONE', #7867, .T. ) ;
#8706 = DIRECTION ( 'NONE',  ( 1.000000000000000000, 0.000000000000000000, 0.000000000000000000 ) ) ;
#8707 = ADVANCED_FACE ( 'NONE', ( #977 ), #931, .T. ) ;
#8708 = ORIENTED_EDGE ( 'NONE', *, *, #2910, .F. ) ;
#8709 = DIRECTION ( 'NONE',  ( 0.000000000000000000, 0.000000000000000000, -1.000000000000000000 ) ) ;
#8710 = FACE_OUTER_BOUND ( 'NONE', #173, .T. ) ;
#8711 = ORIENTED_EDGE ( 'NONE', *, *, #365, .T. ) ;
#8712 = CARTESIAN_POINT ( 'NONE',  ( 0.1680000000000000382, -0.1000000000000000056, 0.1874999999999999722 ) ) ;
#8713 = VECTOR ( 'NONE', #3658, 39.37007874015748143 ) ;
#8714 = AXIS2_PLACEMENT_3D ( 'NONE', #3128, #3216, #3263 ) ;
#8715 = DIRECTION ( 'NONE',  ( 0.000000000000000000, -1.000000000000000000, 0.000000000000000000 ) ) ;
#8716 = PLANE ( 'NONE',  #2166 ) ;
#8717 = VECTOR ( 'NONE', #4441, 39.37007874015748143 ) ;
#8718 = ORIENTED_EDGE ( 'NONE', *, *, #5060, .F. ) ;
#8719 = VECTOR ( 'NONE', #3398, 39.37007874015748143 ) ;
#8720 = LINE ( 'NONE', #5244, #6353 ) ;
#8721 = ORIENTED_EDGE ( 'NONE', *, *, #6398, .F. ) ;
#8722 = DIRECTION ( 'NONE',  ( -0.000000000000000000, -0.000000000000000000, 1.000000000000000000 ) ) ;
#8723 = LINE ( 'NONE', #4702, #2721 ) ;
#8724 = AXIS2_PLACEMENT_3D ( 'NONE', #1750, #2466, #3805 ) ;
#8725 = ORIENTED_EDGE ( 'NONE', *, *, #1276, .F. ) ;
#8726 = EDGE_CURVE ( 'NONE', #6378, #7083, #7007, .T. ) ;
#8727 = ORIENTED_EDGE ( 'NONE', *, *, #392, .F. ) ;
#8728 = AXIS2_PLACEMENT_3D ( 'NONE', #8750, #8094, #2014 ) ;
#8729 = DIRECTION ( 'NONE',  ( 0.000000000000000000, -1.000000000000000000, 0.000000000000000000 ) ) ;
#8730 = AXIS2_PLACEMENT_3D ( 'NONE', #5553, #4783, #8274 ) ;
#8731 = ADVANCED_FACE ( 'NONE', ( #2368 ), #2901, .T. ) ;
#8732 = VECTOR ( 'NONE', #8440, 39.37007874015748143 ) ;
#8733 = PLANE ( 'NONE',  #710 ) ;
#8734 = DIRECTION ( 'NONE',  ( -1.000000000000000000, 0.000000000000000000, 0.000000000000000000 ) ) ;
#8735 = ORIENTED_EDGE ( 'NONE', *, *, #6782, .T. ) ;
#8736 = DIRECTION ( 'NONE',  ( -1.000000000000000000, 0.000000000000000000, 0.000000000000000000 ) ) ;
#8737 = ORIENTED_EDGE ( 'NONE', *, *, #1754, .F. ) ;
#8738 = CARTESIAN_POINT ( 'NONE',  ( 0.03199999999999999373, -0.01499999999999999944, 0.1874999999999999722 ) ) ;
#8739 = ORIENTED_EDGE ( 'NONE', *, *, #5902, .F. ) ;
#8740 = EDGE_CURVE ( 'NONE', #2942, #196, #7309, .T. ) ;
#8741 = LINE ( 'NONE', #8697, #5756 ) ;
#8742 = DIRECTION ( 'NONE',  ( 1.000000000000000000, 0.000000000000000000, -0.000000000000000000 ) ) ;
#8743 = ORIENTED_EDGE ( 'NONE', *, *, #1996, .F. ) ;
#8744 = DIRECTION ( 'NONE',  ( 0.000000000000000000, 0.000000000000000000, -1.000000000000000000 ) ) ;
#8745 = CARTESIAN_POINT ( 'NONE',  ( -0.1250000000000000000, 0.2550000000000000044, 0.01600000000000000380 ) ) ;
#8746 = ADVANCED_FACE ( 'NONE', ( #4378 ), #7763, .F. ) ;
#8747 = DIRECTION ( 'NONE',  ( 1.000000000000000000, 0.000000000000000000, -0.000000000000000000 ) ) ;
#8748 = VERTEX_POINT ( 'NONE', #7813 ) ;
#8749 = CYLINDRICAL_SURFACE ( 'NONE', #3738, 0.004999999999999997502 ) ;
#8750 = CARTESIAN_POINT ( 'NONE',  ( 0.2500000000000000000, -0.06500000000000000222, -0.02000000000000000042 ) ) ;
#8751 = ORIENTED_EDGE ( 'NONE', *, *, #2675, .T. ) ;
#8752 = CARTESIAN_POINT ( 'NONE',  ( -0.2179999999999999993, 0.02999999999999999889, 0.1874999999999999722 ) ) ;
#8753 = CARTESIAN_POINT ( 'NONE',  ( 0.2500000000000000000, -0.01000000000000000021, 0.03500000000000000333 ) ) ;
#8754 = ORIENTED_EDGE ( 'NONE', *, *, #242, .T. ) ;
#8755 = CARTESIAN_POINT ( 'NONE',  ( 0.1524999999999999967, 0.2200000000000000011, -0.08000000000000000167 ) ) ;
#8756 = ADVANCED_FACE ( 'NONE', ( #3661 ), #2988, .T. ) ;
#8757 = EDGE_CURVE ( 'NONE', #8498, #1235, #3791, .T. ) ;
#8758 = CARTESIAN_POINT ( 'NONE',  ( -0.1680000000000000382, 0.02999999999999999889, 0.1874999999999999722 ) ) ;
#8759 = CYLINDRICAL_SURFACE ( 'NONE', #5017, 0.008999999999999999320 ) ;
#8760 = ORIENTED_EDGE ( 'NONE', *, *, #3235, .T. ) ;
#8761 = CARTESIAN_POINT ( 'NONE',  ( -0.2625000000000000111, 0.05999999999999999778, -0.1124999999999999889 ) ) ;
#8762 = ORIENTED_EDGE ( 'NONE', *, *, #8, .T. ) ;
#8763 = FACE_BOUND ( 'NONE', #1303, .T. ) ;
#8764 = DIRECTION ( 'NONE',  ( 0.000000000000000000, -1.000000000000000000, 0.000000000000000000 ) ) ;
#8765 = ADVANCED_FACE ( 'NONE', ( #8348 ), #2238, .T. ) ;
#8766 = ORIENTED_EDGE ( 'NONE', *, *, #8624, .T. ) ;
#8767 = AXIS2_PLACEMENT_3D ( 'NONE', #543, #5386, #3285 ) ;
#8768 = DIRECTION ( 'NONE',  ( -0.000000000000000000, -1.000000000000000000, -0.000000000000000000 ) ) ;
#8769 = ORIENTED_EDGE ( 'NONE', *, *, #403, .F. ) ;
#8770 = LINE ( 'NONE', #8066, #3643 ) ;
#8771 = VECTOR ( 'NONE', #1580, 39.37007874015748143 ) ;
#8772 = CARTESIAN_POINT ( 'NONE',  ( 0.2874999999999999778, 0.06000000000000001166, -0.1124999999999999889 ) ) ;
#8773 = CARTESIAN_POINT ( 'NONE',  ( -0.1819999999999999951, -0.1000000000000000056, 0.02999999999999998848 ) ) ;
#8774 = VECTOR ( 'NONE', #5904, 39.37007874015748143 ) ;
#8775 = VECTOR ( 'NONE', #8722, 39.37007874015748143 ) ;
#8776 = ORIENTED_EDGE ( 'NONE', *, *, #545, .T. ) ;
#8777 = ADVANCED_FACE ( 'NONE', ( #883 ), #1021, .T. ) ;
#8778 = ORIENTED_EDGE ( 'NONE', *, *, #1541, .F. ) ;
#8779 = AXIS2_PLACEMENT_3D ( 'NONE', #3678, #7023, #6393 ) ;
#8780 = LINE ( 'NONE', #6898, #1886 ) ;
#8781 = ORIENTED_EDGE ( 'NONE', *, *, #1076, .F. ) ;
#8782 = CIRCLE ( 'NONE', #5511, 0.01000000000000000021 ) ;
#8783 = CARTESIAN_POINT ( 'NONE',  ( -0.2500000000000000000, -0.07499999999999999722, 0.1874999999999999722 ) ) ;
#8784 = VERTEX_POINT ( 'NONE', #4466 ) ;
#8785 =( NAMED_UNIT ( * ) PLANE_ANGLE_UNIT ( ) SI_UNIT ( $, .RADIAN. ) );
#8786 = CARTESIAN_POINT ( 'NONE',  ( 0.2320000000000000118, -0.06499999999999998834, -0.02999999999999999889 ) ) ;
#8787 = ORIENTED_EDGE ( 'NONE', *, *, #7115, .F. ) ;
#8788 = DIRECTION ( 'NONE',  ( -1.000000000000000000, 0.000000000000000000, -0.000000000000000000 ) ) ;
#8789 = AXIS2_PLACEMENT_3D ( 'NONE', #982, #2950, #4336 ) ;
#8790 = DIRECTION ( 'NONE',  ( 0.000000000000000000, 0.000000000000000000, -1.000000000000000000 ) ) ;
#8791 = CIRCLE ( 'NONE', #6511, 0.008999999999999997585 ) ;
#8792 = ORIENTED_EDGE ( 'NONE', *, *, #8379, .T. ) ;
#8793 = AXIS2_PLACEMENT_3D ( 'NONE', #5691, #1619, #4352 ) ;
#8794 = ADVANCED_FACE ( 'NONE', ( #6517 ), #2944, .F. ) ;
#8795 = CARTESIAN_POINT ( 'NONE',  ( 0.000000000000000000, 0.1905000000000000027, 0.000000000000000000 ) ) ;
#8796 = ORIENTED_EDGE ( 'NONE', *, *, #5960, .F. ) ;
#8797 = DIRECTION ( 'NONE',  ( 0.000000000000000000, 0.000000000000000000, 1.000000000000000000 ) ) ;
#8798 = ORIENTED_EDGE ( 'NONE', *, *, #2639, .F. ) ;
#8799 = AXIS2_PLACEMENT_3D ( 'NONE', #2250, #6300, #218 ) ;
#8800 = LINE ( 'NONE', #1923, #5311 ) ;
#8801 = ORIENTED_EDGE ( 'NONE', *, *, #905, .T. ) ;
#8802 = DIRECTION ( 'NONE',  ( 0.000000000000000000, 1.000000000000000000, 0.000000000000000000 ) ) ;
#8803 = CARTESIAN_POINT ( 'NONE',  ( -0.2180000000000000271, -0.02500000000000000139, 0.02999999999999999889 ) ) ;
#8804 = ORIENTED_EDGE ( 'NONE', *, *, #7980, .T. ) ;
#8805 = CARTESIAN_POINT ( 'NONE',  ( 0.06800000000000000488, 0.03000000000000000583, 0.02000000000000009409 ) ) ;
#8806 = CIRCLE ( 'NONE', #2112, 0.01000000000000000021 ) ;
#8807 = LINE ( 'NONE', #1264, #3953 ) ;
#8808 = EDGE_CURVE ( 'NONE', #6964, #6288, #2895, .T. ) ;
#8809 = DIRECTION ( 'NONE',  ( 0.000000000000000000, 0.000000000000000000, 1.000000000000000000 ) ) ;
#8810 = CARTESIAN_POINT ( 'NONE',  ( 0.2625000000000000111, 0.06000000000000001166, 0.1124999999999999889 ) ) ;
#8811 = LINE ( 'NONE', #5465, #5650 ) ;
#8812 = VERTEX_POINT ( 'NONE', #4551 ) ;
#8813 = FACE_BOUND ( 'NONE', #6603, .T. ) ;
#8814 = EDGE_CURVE ( 'NONE', #5046, #1972, #8461, .T. ) ;
#8815 = CARTESIAN_POINT ( 'NONE',  ( 0.2500000000000000000, -0.02500000000000000139, 0.02999999999999999889 ) ) ;
#8816 = ADVANCED_FACE ( 'NONE', ( #1153 ), #553, .T. ) ;
#8817 = EDGE_LOOP ( 'NONE', ( #2107, #2176, #7468, #6236 ) ) ;
#8818 = DIRECTION ( 'NONE',  ( 0.000000000000000000, 0.000000000000000000, 1.000000000000000000 ) ) ;
#8819 = EDGE_CURVE ( 'NONE', #2366, #7922, #2630, .T. ) ;
#8820 = CARTESIAN_POINT ( 'NONE',  ( -0.1180000000000000077, -0.01000000000000000021, 0.03000000000000004746 ) ) ;
#8821 = DIRECTION ( 'NONE',  ( 0.000000000000000000, 1.000000000000000000, -0.000000000000000000 ) ) ;
#8822 = MANIFOLD_SOLID_BREP ( 'TFML-110-01-L-D-RA_terminal', #673 ) ;
#8823 = ORIENTED_EDGE ( 'NONE', *, *, #7425, .F. ) ;
#8824 = DIRECTION ( 'NONE',  ( 0.000000000000000000, 0.000000000000000000, 1.000000000000000000 ) ) ;
#8825 = ORIENTED_EDGE ( 'NONE', *, *, #4606, .F. ) ;
#8826 = CARTESIAN_POINT ( 'NONE',  ( 0.000000000000000000, 0.1905000000000000027, 0.000000000000000000 ) ) ;
#8827 = ORIENTED_EDGE ( 'NONE', *, *, #5672, .F. ) ;
#8828 = CARTESIAN_POINT ( 'NONE',  ( 0.2625000000000000111, 0.2049999999999999878, -0.03749999999999999861 ) ) ;
#8829 = CARTESIAN_POINT ( 'NONE',  ( 0.1680000000000000382, -0.01499999999999999598, 0.1874999999999999722 ) ) ;
#8830 = VERTEX_POINT ( 'NONE', #5941 ) ;
#8831 = CARTESIAN_POINT ( 'NONE',  ( -0.2500000000000000000, 0.000000000000000000, 0.1874999999999999722 ) ) ;
#8832 = EDGE_CURVE ( 'NONE', #5245, #1798, #7984, .T. ) ;
#8833 = DIRECTION ( 'NONE',  ( 0.000000000000000000, -0.000000000000000000, -1.000000000000000000 ) ) ;
#8834 = EDGE_CURVE ( 'NONE', #2572, #6787, #3122, .T. ) ;
#8835 = CARTESIAN_POINT ( 'NONE',  ( 0.2500000000000000000, -0.01000000000000000021, 0.02999999999999999889 ) ) ;
#8836 = EDGE_LOOP ( 'NONE', ( #5222, #7006, #8840, #5876 ) ) ;
#8837 = CARTESIAN_POINT ( 'NONE',  ( 0.1320000000000000062, 0.02999999999999999889, 0.1874999999999999722 ) ) ;
#8838 = ORIENTED_EDGE ( 'NONE', *, *, #5111, .F. ) ;
#8839 = DIRECTION ( 'NONE',  ( 0.000000000000000000, -0.8682431421244591885, -0.4961389383568340361 ) ) ;
#8840 = ORIENTED_EDGE ( 'NONE', *, *, #4820, .F. ) ;
#8841 = DIRECTION ( 'NONE',  ( 0.000000000000000000, 1.000000000000000000, -0.000000000000000000 ) ) ;
#8842 = AXIS2_PLACEMENT_3D ( 'NONE', #5170, #1105, #1822 ) ;
#8843 = LINE ( 'NONE', #1430, #3665 ) ;
#8844 = EDGE_LOOP ( 'NONE', ( #2719, #5456, #5157, #7738 ) ) ;
#8845 = LINE ( 'NONE', #1350, #7641 ) ;
#8846 = EDGE_CURVE ( 'NONE', #4396, #7327, #4594, .T. ) ;
#8847 = CARTESIAN_POINT ( 'NONE',  ( -0.02500000000000000139, 0.2550000000000000044, 0.03400000000000000244 ) ) ;
#8848 = NEXT_ASSEMBLY_USAGE_OCCURRENCE ( 'NAUO1', ' ', ' ', #4111, #1824, $ ) ;
#8849 = NEXT_ASSEMBLY_USAGE_OCCURRENCE ( 'NAUO2', ' ', ' ', #4111, #498, $ ) ;
ENDSEC;
END-ISO-10303-21;
