ISO-10303-21;
HEADER;
FILE_DESCRIPTION (( 'STEP AP214' ),
    '1' );
FILE_NAME ('KPT-1608LVZGCK.STEP',
    '2026-01-14T16:13:02',
    ( '' ),
    ( '' ),
    'SwSTEP 2.0',
    'SolidWorks 2021',
    '' );
FILE_SCHEMA (( 'AUTOMOTIVE_DESIGN' ));
ENDSEC;

DATA;
#1 = DIRECTION ( 'NONE',  ( -1.000000000000000000, -3.226792180016379485E-17, 0.000000000000000000 ) ) ;
#2 = ORIENTED_EDGE ( 'NONE', *, *, #1081, .T. ) ;
#3 = CARTESIAN_POINT ( 'NONE',  ( 0.1499999999999999944, 0.1752417469625999757, 0.000000000000000000 ) ) ;
#4 = LINE ( 'NONE', #674, #976 ) ;
#5 = EDGE_CURVE ( 'NONE', #350, #433, #1419, .T. ) ;
#6 = SURFACE_SIDE_STYLE ('',( #117 ) ) ;
#7 = ORIENTED_EDGE ( 'NONE', *, *, #874, .T. ) ;
#8 = CARTESIAN_POINT ( 'NONE',  ( 0.3523204981251050194, 0.7500000000000000000, 0.7361520283304889833 ) ) ;
#9 = VECTOR ( 'NONE', #790, 1000.000000000000000 ) ;
#10 = ORIENTED_EDGE ( 'NONE', *, *, #352, .T. ) ;
#11 = CARTESIAN_POINT ( 'NONE',  ( 0.2000000000000000111, 0.2300000000000000100, 0.8000000000000000444 ) ) ;
#12 = LINE ( 'NONE', #345, #567 ) ;
#13 = VECTOR ( 'NONE', #1017, 1000.000000000000000 ) ;
#14 = PRODUCT_DEFINITION_FORMATION_WITH_SPECIFIED_SOURCE ( 'ANY', '', #282, .NOT_KNOWN. ) ;
#15 = CARTESIAN_POINT ( 'NONE',  ( 0.02000000000000000042, 0.2300000000000000100, 0.000000000000000000 ) ) ;
#16 = ORIENTED_EDGE ( 'NONE', *, *, #972, .T. ) ;
#17 = CARTESIAN_POINT ( 'NONE',  ( 1.300000000000000044, 0.02000000000000000042, 0.8000000000000000444 ) ) ;
#18 = EDGE_CURVE ( 'NONE', #279, #513, #868, .T. ) ;
#19 = DIRECTION ( 'NONE',  ( 0.000000000000000000, 1.000000000000000000, 0.000000000000000000 ) ) ;
#20 = ORIENTED_EDGE ( 'NONE', *, *, #1208, .T. ) ;
#21 = LINE ( 'NONE', #683, #102 ) ;
#22 = ADVANCED_FACE ( 'NONE', ( #318 ), #1293, .F. ) ;
#23 = DIRECTION ( 'NONE',  ( 0.000000000000000000, 1.000000000000000000, 0.000000000000000000 ) ) ;
#24 = FILL_AREA_STYLE_COLOUR ( '', #203 ) ;
#25 = ORIENTED_EDGE ( 'NONE', *, *, #342, .F. ) ;
#26 = DIRECTION ( 'NONE',  ( -0.000000000000000000, 1.000000000000000000, 0.000000000000000000 ) ) ;
#27 = ORIENTED_EDGE ( 'NONE', *, *, #759, .T. ) ;
#28 = FACE_OUTER_BOUND ( 'NONE', #814, .T. ) ;
#29 = DIRECTION ( 'NONE',  ( 0.000000000000000000, 0.000000000000000000, -1.000000000000000000 ) ) ;
#30 = FACE_OUTER_BOUND ( 'NONE', #65, .T. ) ;
#31 = ORIENTED_EDGE ( 'NONE', *, *, #791, .T. ) ;
#32 = FACE_OUTER_BOUND ( 'NONE', #1150, .T. ) ;
#33 = ORIENTED_EDGE ( 'NONE', *, *, #124, .F. ) ;
#34 = DIRECTION ( 'NONE',  ( 0.000000000000000000, -1.000000000000000000, 0.000000000000000000 ) ) ;
#35 = EDGE_CURVE ( 'NONE', #1130, #262, #1286, .T. ) ;
#36 = LINE ( 'NONE', #915, #742 ) ;
#37 = AXIS2_PLACEMENT_3D ( 'NONE', #952, #968, #1198 ) ;
#38 = CARTESIAN_POINT ( 'NONE',  ( 0.02000000000000000042, 0.2300000000000000100, 0.000000000000000000 ) ) ;
#39 = VECTOR ( 'NONE', #1149, 1000.000000000000000 ) ;
#40 = VERTEX_POINT ( 'NONE', #745 ) ;
#41 = LINE ( 'NONE', #364, #1346 ) ;
#42 = ORIENTED_EDGE ( 'NONE', *, *, #929, .F. ) ;
#43 = CARTESIAN_POINT ( 'NONE',  ( 1.247679501874893848, 0.7500000000000000000, 0.7361520283304889833 ) ) ;
#44 = EDGE_CURVE ( 'NONE', #597, #682, #517, .T. ) ;
#45 = ORIENTED_EDGE ( 'NONE', *, *, #343, .T. ) ;
#46 = LINE ( 'NONE', #607, #497 ) ;
#47 = EDGE_LOOP ( 'NONE', ( #966, #229, #658, #926 ) ) ;
#48 = FACE_OUTER_BOUND ( 'NONE', #456, .T. ) ;
#49 = ORIENTED_EDGE ( 'NONE', *, *, #263, .F. ) ;
#50 = CARTESIAN_POINT ( 'NONE',  ( 0.1499999999999999944, 0.02000000000000000042, 0.000000000000000000 ) ) ;
#51 = ORIENTED_EDGE ( 'NONE', *, *, #759, .F. ) ;
#52 = DIRECTION ( 'NONE',  ( 0.000000000000000000, 0.000000000000000000, -1.000000000000000000 ) ) ;
#53 = VECTOR ( 'NONE', #146, 1000.000000000000000 ) ;
#54 = ORIENTED_EDGE ( 'NONE', *, *, #675, .T. ) ;
#55 = AXIS2_PLACEMENT_3D ( 'NONE', #1032, #1262, #487 ) ;
#56 = DIRECTION ( 'NONE',  ( 0.000000000000000000, 0.000000000000000000, -1.000000000000000000 ) ) ;
#57 = EDGE_CURVE ( 'NONE', #302, #1364, #646, .T. ) ;
#58 = VECTOR ( 'NONE', #716, 1000.000000000000000 ) ;
#59 = COLOUR_RGB ( '',0.5019607843137254832, 0.5019607843137254832, 0.000000000000000000 ) ;
#60 = ORIENTED_EDGE ( 'NONE', *, *, #1193, .F. ) ;
#61 = DIRECTION ( 'NONE',  ( 1.000000000000000000, 0.000000000000000000, 0.000000000000000000 ) ) ;
#62 = CARTESIAN_POINT ( 'NONE',  ( 1.449999999999999956, 0.02000000000000000042, 0.8000000000000000444 ) ) ;
#63 = ORIENTED_EDGE ( 'NONE', *, *, #1208, .F. ) ;
#64 = LINE ( 'NONE', #828, #201 ) ;
#65 = EDGE_LOOP ( 'NONE', ( #662, #369, #1224, #1124 ) ) ;
#66 = CARTESIAN_POINT ( 'NONE',  ( 0.2992665717779693368, 0.7499999999999990008, 0.7361520283304887613 ) ) ;
#67 = ADVANCED_FACE ( 'NONE', ( #640 ), #1177, .F. ) ;
#68 = DIRECTION ( 'NONE',  ( 1.210047067506141845E-17, -1.000000000000000000, 0.000000000000000000 ) ) ;
#69 = ORIENTED_EDGE ( 'NONE', *, *, #167, .F. ) ;
#70 = CYLINDRICAL_SURFACE ( 'NONE', #1251, 0.1000000000000000472 ) ;
#71 = ORIENTED_EDGE ( 'NONE', *, *, #667, .T. ) ;
#72 = CARTESIAN_POINT ( 'NONE',  ( 0.1499999999999999944, 0.1752417469625999757, 0.04000000000000000083 ) ) ;
#73 = DIRECTION ( 'NONE',  ( 0.000000000000000000, 0.000000000000000000, -1.000000000000000000 ) ) ;
#74 = EDGE_CURVE ( 'NONE', #718, #232, #535, .T. ) ;
#75 = ORIENTED_EDGE ( 'NONE', *, *, #161, .F. ) ;
#76 = LINE ( 'NONE', #1087, #336 ) ;
#77 = CARTESIAN_POINT ( 'NONE',  ( 1.600000000000000089, 0.2500000000000000000, 0.000000000000000000 ) ) ;
#78 = AXIS2_PLACEMENT_3D ( 'NONE', #816, #1037, #61 ) ;
#79 = ORIENTED_EDGE ( 'NONE', *, *, #1018, .T. ) ;
#80 = COLOUR_RGB ( '',1.000000000000000000, 1.000000000000000000, 1.000000000000000000 ) ;
#81 = CARTESIAN_POINT ( 'NONE',  ( 1.449999999999999956, 0.1752417469625999757, 0.000000000000000000 ) ) ;
#82 = AXIS2_PLACEMENT_3D ( 'NONE', #15, #125, #916 ) ;
#83 = ORIENTED_EDGE ( 'NONE', *, *, #181, .T. ) ;
#84 = FACE_OUTER_BOUND ( 'NONE', #1393, .T. ) ;
#85 = EDGE_LOOP ( 'NONE', ( #943, #489, #1207, #1091 ) ) ;
#86 = EDGE_CURVE ( 'NONE', #618, #700, #422, .T. ) ;
#87 = CYLINDRICAL_SURFACE ( 'NONE', #428, 0.09999999999999999167 ) ;
#88 = CARTESIAN_POINT ( 'NONE',  ( 1.247679501874893848, 0.6500000000000000222, 0.000000000000000000 ) ) ;
#89 = ORIENTED_EDGE ( 'NONE', *, *, #946, .T. ) ;
#90 = LINE ( 'NONE', #1196, #655 ) ;
#91 = SURFACE_STYLE_FILL_AREA ( #430 ) ;
#92 = DIRECTION ( 'NONE',  ( 1.000000000000000000, 0.000000000000000000, 0.000000000000000000 ) ) ;
#93 = DIRECTION ( 'NONE',  ( 0.1209742911513548291, -0.9852565360152931717, -0.1209742911513548291 ) ) ;
#94 = DIRECTION ( 'NONE',  ( 1.000000000000000000, 0.000000000000000000, 0.000000000000000000 ) ) ;
#95 = EDGE_CURVE ( 'NONE', #1364, #1041, #1192, .T. ) ;
#96 = DIRECTION ( 'NONE',  ( 0.000000000000000000, 0.000000000000000000, 1.000000000000000000 ) ) ;
#97 = UNCERTAINTY_MEASURE_WITH_UNIT (LENGTH_MEASURE( 1.000000000000000082E-05 ), #170, 'distance_accuracy_value', 'NONE');
#98 = DIRECTION ( 'NONE',  ( -1.000000000000000000, 0.000000000000000000, -1.807003620809174878E-16 ) ) ;
#99 = DIRECTION ( 'NONE',  ( 0.000000000000000000, -1.000000000000000000, 0.000000000000000000 ) ) ;
#100 = STYLED_ITEM ( 'NONE', ( #387 ), #280 ) ;
#101 = CARTESIAN_POINT ( 'NONE',  ( 1.580000000000000071, 0.2300000000000000100, 0.000000000000000000 ) ) ;
#102 = VECTOR ( 'NONE', #434, 1000.000000000000000 ) ;
#103 = VECTOR ( 'NONE', #1266, 1000.000000000000000 ) ;
#104 = EDGE_LOOP ( 'NONE', ( #1027, #42, #462, #710 ) ) ;
#105 = LINE ( 'NONE', #315, #544 ) ;
#106 = AXIS2_PLACEMENT_3D ( 'NONE', #761, #1201, #664 ) ;
#107 = AXIS2_PLACEMENT_3D ( 'NONE', #1195, #997, #876 ) ;
#108 = LINE ( 'NONE', #987, #380 ) ;
#109 =( LENGTH_UNIT ( ) NAMED_UNIT ( * ) SI_UNIT ( .MILLI., .METRE. ) );
#110 = DIRECTION ( 'NONE',  ( 0.000000000000000000, 0.000000000000000000, -1.000000000000000000 ) ) ;
#111 = DIRECTION ( 'NONE',  ( 0.000000000000000000, -1.000000000000000000, 0.000000000000000000 ) ) ;
#112 = EDGE_LOOP ( 'NONE', ( #586, #172, #557 ) ) ;
#113 = DIRECTION ( 'NONE',  ( -0.000000000000000000, 1.000000000000000000, 0.000000000000000000 ) ) ;
#114 = EDGE_CURVE ( 'NONE', #262, #163, #1389, .T. ) ;
#115 = EDGE_CURVE ( 'NONE', #531, #1034, #542, .T. ) ;
#116 = LINE ( 'NONE', #133, #1295 ) ;
#117 = SURFACE_STYLE_FILL_AREA ( #575 ) ;
#118 = ORIENTED_EDGE ( 'NONE', *, *, #509, .F. ) ;
#119 = FACE_OUTER_BOUND ( 'NONE', #620, .T. ) ;
#120 = FACE_OUTER_BOUND ( 'NONE', #1265, .T. ) ;
#121 = ORIENTED_EDGE ( 'NONE', *, *, #727, .T. ) ;
#122 = CARTESIAN_POINT ( 'NONE',  ( 0.000000000000000000, 0.000000000000000000, 0.8000000000000000444 ) ) ;
#123 = CARTESIAN_POINT ( 'NONE',  ( 0.2530658829609730431, 0.6621869343405150099, 0.05306588296097269897 ) ) ;
#124 = EDGE_CURVE ( 'NONE', #1166, #396, #108, .T. ) ;
#125 = DIRECTION ( 'NONE',  ( -1.000000000000000000, 1.452056481007371693E-16, 0.000000000000000000 ) ) ;
#126 = ORIENTED_EDGE ( 'NONE', *, *, #377, .F. ) ;
#127 = DIRECTION ( 'NONE',  ( 0.000000000000000000, 0.000000000000000000, -1.000000000000000000 ) ) ;
#128 =( NAMED_UNIT ( * ) PLANE_ANGLE_UNIT ( ) SI_UNIT ( $, .RADIAN. ) );
#129 = CLOSED_SHELL ( 'NONE', ( #280, #555, #1281, #744, #330, #639, #400, #1302, #491, #1344, #450 ) ) ;
#130 = VERTEX_POINT ( 'NONE', #905 ) ;
#131 = DIRECTION ( 'NONE',  ( 1.000000000000000000, 0.000000000000000000, 0.000000000000000000 ) ) ;
#132 = AXIS2_PLACEMENT_3D ( 'NONE', #306, #1175, #414 ) ;
#133 = CARTESIAN_POINT ( 'NONE',  ( 1.300000000000000044, 0.000000000000000000, 0.8000000000000000444 ) ) ;
#134 = VECTOR ( 'NONE', #671, 1000.000000000000000 ) ;
#135 =( GEOMETRIC_REPRESENTATION_CONTEXT ( 3 ) GLOBAL_UNCERTAINTY_ASSIGNED_CONTEXT ( ( #644 ) ) GLOBAL_UNIT_ASSIGNED_CONTEXT ( ( #109, #543, #212 ) ) REPRESENTATION_CONTEXT ( 'NONE', 'WORKASPACE' ) );
#136 = ORIENTED_EDGE ( 'NONE', *, *, #564, .F. ) ;
#137 = EDGE_CURVE ( 'NONE', #740, #700, #1342, .T. ) ;
#138 = CARTESIAN_POINT ( 'NONE',  ( 0.1499999999999999944, 0.1752417469625999757, 0.04000000000000000083 ) ) ;
#139 = ORIENTED_EDGE ( 'NONE', *, *, #468, .T. ) ;
#140 = FACE_OUTER_BOUND ( 'NONE', #1331, .T. ) ;
#141 = ORIENTED_EDGE ( 'NONE', *, *, #675, .F. ) ;
#142 = FACE_OUTER_BOUND ( 'NONE', #274, .T. ) ;
#143 = EDGE_CURVE ( 'NONE', #271, #740, #1204, .T. ) ;
#144 = ORIENTED_EDGE ( 'NONE', *, *, #1146, .T. ) ;
#145 = CARTESIAN_POINT ( 'NONE',  ( 0.000000000000000000, 0.7500000000000000000, 0.000000000000000000 ) ) ;
#146 = DIRECTION ( 'NONE',  ( 1.000000000000000000, 0.000000000000000000, 0.000000000000000000 ) ) ;
#147 = ORIENTED_EDGE ( 'NONE', *, *, #1117, .T. ) ;
#148 = DIRECTION ( 'NONE',  ( -1.355252715606891981E-15, 0.000000000000000000, -1.000000000000000000 ) ) ;
#149 = EDGE_CURVE ( 'NONE', #413, #294, #360, .T. ) ;
#150 = ORIENTED_EDGE ( 'NONE', *, *, #667, .F. ) ;
#151 = CARTESIAN_POINT ( 'NONE',  ( 1.600000000000000089, 0.000000000000000000, 0.8000000000000000444 ) ) ;
#152 = SURFACE_STYLE_USAGE ( .BOTH. , #1138 ) ;
#153 = AXIS2_PLACEMENT_3D ( 'NONE', #1232, #251, #763 ) ;
#154 = PRODUCT_CONTEXT ( 'NONE', #484, 'mechanical' ) ;
#155 = VECTOR ( 'NONE', #1153, 1000.000000000000000 ) ;
#156 = EDGE_CURVE ( 'NONE', #1228, #762, #1003, .T. ) ;
#157 = AXIS2_PLACEMENT_3D ( 'NONE', #641, #191, #733 ) ;
#158 = DIRECTION ( 'NONE',  ( 0.9925461516413219831, 0.1218693434051476010, 0.000000000000000000 ) ) ;
#159 = VERTEX_POINT ( 'NONE', #442 ) ;
#160 = PLANE ( 'NONE',  #78 ) ;
#161 = EDGE_CURVE ( 'NONE', #531, #677, #881, .T. ) ;
#162 = ADVANCED_FACE ( 'NONE', ( #337 ), #798, .F. ) ;
#163 = VERTEX_POINT ( 'NONE', #461 ) ;
#164 = LINE ( 'NONE', #603, #103 ) ;
#165 = ORIENTED_EDGE ( 'NONE', *, *, #904, .T. ) ;
#166 = CARTESIAN_POINT ( 'NONE',  ( 0.02000000000000000042, 0.2300000000000000100, 0.000000000000000000 ) ) ;
#167 = EDGE_CURVE ( 'NONE', #608, #756, #12, .T. ) ;
#168 = EDGE_CURVE ( 'NONE', #523, #394, #36, .T. ) ;
#169 = EDGE_LOOP ( 'NONE', ( #31, #955, #1214, #686 ) ) ;
#170 =( LENGTH_UNIT ( ) NAMED_UNIT ( * ) SI_UNIT ( .MILLI., .METRE. ) );
#171 = LINE ( 'NONE', #1135, #702 ) ;
#172 = ORIENTED_EDGE ( 'NONE', *, *, #1264, .T. ) ;
#173 = CARTESIAN_POINT ( 'NONE',  ( 0.02000000000000000042, 0.02000000000000000042, 0.8000000000000000444 ) ) ;
#174 = VECTOR ( 'NONE', #563, 1000.000000000000000 ) ;
#175 = DIRECTION ( 'NONE',  ( 1.000000000000000000, 6.847272328103619683E-18, 0.000000000000000000 ) ) ;
#176 = CLOSED_SHELL ( 'NONE', ( #1282, #1056, #533, #412, #459, #985, #1290, #841 ) ) ;
#177 = VERTEX_POINT ( 'NONE', #684 ) ;
#178 = VECTOR ( 'NONE', #1254, 1000.000000000000000 ) ;
#179 = LINE ( 'NONE', #522, #953 ) ;
#180 = VECTOR ( 'NONE', #1083, 1000.000000000000000 ) ;
#181 = EDGE_CURVE ( 'NONE', #962, #1174, #660, .T. ) ;
#182 = ORIENTED_EDGE ( 'NONE', *, *, #5, .F. ) ;
#183 = CARTESIAN_POINT ( 'NONE',  ( 0.2000000000000000111, 0.2300000000000000100, 0.8000000000000000444 ) ) ;
#184 = VERTEX_POINT ( 'NONE', #1100 ) ;
#185 = DIRECTION ( 'NONE',  ( -3.226792180016379485E-17, 1.000000000000000000, 0.000000000000000000 ) ) ;
#186 = VERTEX_POINT ( 'NONE', #690 ) ;
#187 = EDGE_CURVE ( 'NONE', #177, #1077, #116, .T. ) ;
#188 = FACE_OUTER_BOUND ( 'NONE', #1181, .T. ) ;
#189 = PLANE ( 'NONE',  #426 ) ;
#190 = EDGE_LOOP ( 'NONE', ( #7, #250, #1275, #483 ) ) ;
#191 = DIRECTION ( 'NONE',  ( 1.000000000000000000, 0.000000000000000000, 0.000000000000000000 ) ) ;
#192 = LINE ( 'NONE', #971, #1008 ) ;
#193 = VERTEX_POINT ( 'NONE', #1212 ) ;
#194 = DIRECTION ( 'NONE',  ( 0.000000000000000000, -1.000000000000000000, 0.000000000000000000 ) ) ;
#195 = CARTESIAN_POINT ( 'NONE',  ( 1.449999999999999956, 0.000000000000000000, 0.04000000000000000083 ) ) ;
#196 = EDGE_CURVE ( 'NONE', #1130, #451, #1026, .T. ) ;
#197 = DIRECTION ( 'NONE',  ( 0.000000000000000000, 1.000000000000000000, 0.000000000000000000 ) ) ;
#198 = AXIS2_PLACEMENT_3D ( 'NONE', #1233, #29, #1132 ) ;
#199 = DIRECTION ( 'NONE',  ( -1.355252715606880049E-16, 0.000000000000000000, -1.000000000000000000 ) ) ;
#200 = ORIENTED_EDGE ( 'NONE', *, *, #316, .F. ) ;
#201 = VECTOR ( 'NONE', #1280, 1000.000000000000000 ) ;
#202 = CARTESIAN_POINT ( 'NONE',  ( 1.580000000000000071, 0.2300000000000000100, 0.8000000000000000444 ) ) ;
#203 = COLOUR_RGB ( '',0.5019607843137254832, 0.5019607843137254832, 0.000000000000000000 ) ;
#204 = DIRECTION ( 'NONE',  ( -1.452056481007371693E-16, -1.000000000000000000, 0.000000000000000000 ) ) ;
#205 = CARTESIAN_POINT ( 'NONE',  ( 0.02000000000000000042, 0.2300000000000000100, 0.000000000000000000 ) ) ;
#206 = ADVANCED_FACE ( 'NONE', ( #994 ), #784, .F. ) ;
#207 = PLANE ( 'NONE',  #157 ) ;
#208 = DIRECTION ( 'NONE',  ( 0.000000000000000000, 0.000000000000000000, 1.000000000000000000 ) ) ;
#209 = LINE ( 'NONE', #1084, #1049 ) ;
#210 = FACE_OUTER_BOUND ( 'NONE', #1217, .T. ) ;
#211 = ORIENTED_EDGE ( 'NONE', *, *, #995, .F. ) ;
#212 =( NAMED_UNIT ( * ) SI_UNIT ( $, .STERADIAN. ) SOLID_ANGLE_UNIT ( ) );
#213 = FILL_AREA_STYLE_COLOUR ( '', #547 ) ;
#214 = PRESENTATION_STYLE_ASSIGNMENT (( #458 ) ) ;
#215 = ORIENTED_EDGE ( 'NONE', *, *, #965, .F. ) ;
#216 = DIRECTION ( 'NONE',  ( 0.000000000000000000, 1.000000000000000000, 0.000000000000000000 ) ) ;
#217 = ORIENTED_EDGE ( 'NONE', *, *, #1018, .F. ) ;
#218 = CARTESIAN_POINT ( 'NONE',  ( 0.2000000000000000111, 0.2300000000000000100, 0.000000000000000000 ) ) ;
#219 = CARTESIAN_POINT ( 'NONE',  ( 1.399999999999999911, 0.2300000000000000100, 0.000000000000000000 ) ) ;
#220 = VECTOR ( 'NONE', #578, 1000.000000000000000 ) ;
#221 = VECTOR ( 'NONE', #261, 1000.000000000000000 ) ;
#222 = ORIENTED_EDGE ( 'NONE', *, *, #791, .F. ) ;
#223 = DIRECTION ( 'NONE',  ( 0.000000000000000000, 0.000000000000000000, 1.000000000000000000 ) ) ;
#224 = PRESENTATION_LAYER_ASSIGNMENT (  '', '', ( #293 ) ) ;
#225 = CARTESIAN_POINT ( 'NONE',  ( 1.026666666666665950, 0.02099999999999999784, 0.4000000000000000222 ) ) ;
#226 = APPLICATION_PROTOCOL_DEFINITION ( 'draft international standard', 'automotive_design', 1998, #484 ) ;
#227 = ORIENTED_EDGE ( 'NONE', *, *, #709, .T. ) ;
#228 = EDGE_CURVE ( 'NONE', #193, #740, #1336, .T. ) ;
#229 = ORIENTED_EDGE ( 'NONE', *, *, #407, .F. ) ;
#230 = LINE ( 'NONE', #668, #174 ) ;
#231 =( LENGTH_UNIT ( ) NAMED_UNIT ( * ) SI_UNIT ( .MILLI., .METRE. ) );
#232 = VERTEX_POINT ( 'NONE', #579 ) ;
#233 = CARTESIAN_POINT ( 'NONE',  ( 1.600000000000000089, 0.2500000000000000000, 0.8000000000000000444 ) ) ;
#234 = VERTEX_POINT ( 'NONE', #475 ) ;
#235 = PLANE ( 'NONE',  #653 ) ;
#236 = DIRECTION ( 'NONE',  ( 0.000000000000000000, 1.000000000000000000, 0.000000000000000000 ) ) ;
#237 = EDGE_CURVE ( 'NONE', #401, #1077, #4, .T. ) ;
#238 = ORIENTED_EDGE ( 'NONE', *, *, #228, .F. ) ;
#239 = DIRECTION ( 'NONE',  ( 0.000000000000000000, 0.000000000000000000, -1.000000000000000000 ) ) ;
#240 = CARTESIAN_POINT ( 'NONE',  ( 0.02000000000000000042, 0.2300000000000000100, 0.000000000000000000 ) ) ;
#241 = ORIENTED_EDGE ( 'NONE', *, *, #709, .F. ) ;
#242 = AXIS2_PLACEMENT_3D ( 'NONE', #1162, #68, #1071 ) ;
#243 = PLANE ( 'NONE',  #767 ) ;
#244 = CARTESIAN_POINT ( 'NONE',  ( 1.580000000000000071, 0.2300000000000000100, 0.8000000000000000444 ) ) ;
#245 = PRESENTATION_LAYER_ASSIGNMENT (  '', '', ( #866 ) ) ;
#246 = EDGE_CURVE ( 'NONE', #1034, #234, #1134, .T. ) ;
#247 = DIRECTION ( 'NONE',  ( 0.000000000000000000, 0.000000000000000000, -1.000000000000000000 ) ) ;
#248 = EDGE_LOOP ( 'NONE', ( #724, #257, #1000, #1269 ) ) ;
#249 = CARTESIAN_POINT ( 'NONE',  ( 0.2999999999999999889, 0.000000000000000000, 0.04000000000000000083 ) ) ;
#250 = ORIENTED_EDGE ( 'NONE', *, *, #694, .T. ) ;
#251 = DIRECTION ( 'NONE',  ( 1.000000000000000000, 0.000000000000000000, 0.000000000000000000 ) ) ;
#252 = DIRECTION ( 'NONE',  ( 1.000000000000000000, 0.000000000000000000, 0.000000000000000000 ) ) ;
#253 = DIRECTION ( 'NONE',  ( 0.000000000000000000, -1.000000000000000000, 0.000000000000000000 ) ) ;
#254 = ORIENTED_EDGE ( 'NONE', *, *, #370, .F. ) ;
#255 = EDGE_CURVE ( 'NONE', #700, #706, #230, .T. ) ;
#256 = DIRECTION ( 'NONE',  ( 1.000000000000000000, 0.000000000000000000, 0.000000000000000000 ) ) ;
#257 = ORIENTED_EDGE ( 'NONE', *, *, #407, .T. ) ;
#258 = CARTESIAN_POINT ( 'NONE',  ( 1.346934117039027878, 0.6621869343405150099, 0.7469341170390270124 ) ) ;
#259 = SURFACE_STYLE_FILL_AREA ( #611 ) ;
#260 = VERTEX_POINT ( 'NONE', #599 ) ;
#261 = DIRECTION ( 'NONE',  ( 0.000000000000000000, -1.000000000000000000, 0.000000000000000000 ) ) ;
#262 = VERTEX_POINT ( 'NONE', #1379 ) ;
#263 = EDGE_CURVE ( 'NONE', #478, #523, #703, .T. ) ;
#264 = CARTESIAN_POINT ( 'NONE',  ( 1.449999999999999956, 0.000000000000000000, 0.8000000000000000444 ) ) ;
#265 = VECTOR ( 'NONE', #978, 1000.000000000000000 ) ;
#266 = VECTOR ( 'NONE', #391, 1000.000000000000000 ) ;
#267 = AXIS2_PLACEMENT_3D ( 'NONE', #621, #1062, #950 ) ;
#268 = ORIENTED_EDGE ( 'NONE', *, *, #656, .F. ) ;
#269 = MECHANICAL_DESIGN_GEOMETRIC_PRESENTATION_REPRESENTATION (  '', ( #1277 ), #135 ) ;
#270 = DIRECTION ( 'NONE',  ( -1.000000000000000000, 0.000000000000000000, 0.000000000000000000 ) ) ;
#271 = VERTEX_POINT ( 'NONE', #1371 ) ;
#272 = LINE ( 'NONE', #264, #631 ) ;
#273 = ADVANCED_FACE ( 'NONE', ( #510 ), #1038, .F. ) ;
#274 = EDGE_LOOP ( 'NONE', ( #1169, #1361, #1120, #1171, #460, #588, #63, #930 ) ) ;
#275 = CARTESIAN_POINT ( 'NONE',  ( 0.000000000000000000, 0.000000000000000000, 0.000000000000000000 ) ) ;
#276 = ORIENTED_EDGE ( 'NONE', *, *, #680, .T. ) ;
#277 = CARTESIAN_POINT ( 'NONE',  ( 0.000000000000000000, 0.000000000000000000, 0.000000000000000000 ) ) ;
#278 = PLANE ( 'NONE',  #470 ) ;
#279 = VERTEX_POINT ( 'NONE', #1257 ) ;
#280 = ADVANCED_FACE ( 'NONE', ( #1357 ), #278, .F. ) ;
#281 = SURFACE_STYLE_USAGE ( .BOTH. , #711 ) ;
#282 = PRODUCT ( 'KPT-1608LVZGCK', 'KPT-1608LVZGCK', '', ( #154 ) ) ;
#283 = DIRECTION ( 'NONE',  ( 0.000000000000000000, 0.000000000000000000, 1.000000000000000000 ) ) ;
#284 = EDGE_LOOP ( 'NONE', ( #1197, #1045, #871, #581 ) ) ;
#285 = CARTESIAN_POINT ( 'NONE',  ( 0.1499999999999999944, 0.1752417469625999757, 0.8000000000000000444 ) ) ;
#286 = VECTOR ( 'NONE', #92, 1000.000000000000000 ) ;
#287 = EDGE_LOOP ( 'NONE', ( #577, #996, #1358, #27 ) ) ;
#288 = VECTOR ( 'NONE', #296, 1000.000000000000000 ) ;
#289 = ADVANCED_FACE ( 'NONE', ( #831 ), #721, .F. ) ;
#290 = VECTOR ( 'NONE', #185, 1000.000000000000000 ) ;
#291 = CARTESIAN_POINT ( 'NONE',  ( 1.449999999999999956, 0.000000000000000000, 0.000000000000000000 ) ) ;
#292 = VECTOR ( 'NONE', #110, 1000.000000000000000 ) ;
#293 = STYLED_ITEM ( 'NONE', ( #1259 ), #1263 ) ;
#294 = VERTEX_POINT ( 'NONE', #853 ) ;
#295 = DIRECTION ( 'NONE',  ( 0.000000000000000000, 0.000000000000000000, -1.000000000000000000 ) ) ;
#296 = DIRECTION ( 'NONE',  ( 0.000000000000000000, 0.000000000000000000, -1.000000000000000000 ) ) ;
#297 = VERTEX_POINT ( 'NONE', #1285 ) ;
#298 = LINE ( 'NONE', #291, #1411 ) ;
#299 = VERTEX_POINT ( 'NONE', #757 ) ;
#300 = CARTESIAN_POINT ( 'NONE',  ( 0.2000000000000000111, 0.2300000000000000100, 0.000000000000000000 ) ) ;
#301 = PRODUCT_DEFINITION ( 'UNKNOWN', '', #14, #429 ) ;
#302 = VERTEX_POINT ( 'NONE', #1191 ) ;
#303 = LINE ( 'NONE', #536, #314 ) ;
#304 = DIRECTION ( 'NONE',  ( 3.388131789017200124E-17, 0.000000000000000000, 1.000000000000000000 ) ) ;
#305 = EDGE_LOOP ( 'NONE', ( #1103, #79, #440, #1416 ) ) ;
#306 = CARTESIAN_POINT ( 'NONE',  ( 1.580000000000000071, 0.2300000000000000100, 0.8000000000000000444 ) ) ;
#307 = DIRECTION ( 'NONE',  ( 3.388131789017200124E-17, 0.000000000000000000, 1.000000000000000000 ) ) ;
#308 = DIRECTION ( 'NONE',  ( -1.000000000000000000, -2.171879351934104866E-18, 0.000000000000000000 ) ) ;
#309 = FACE_OUTER_BOUND ( 'NONE', #287, .T. ) ;
#310 = CARTESIAN_POINT ( 'NONE',  ( 0.1499999999999999944, 0.02000000000000000042, 0.8000000000000000444 ) ) ;
#311 = AXIS2_PLACEMENT_3D ( 'NONE', #72, #643, #959 ) ;
#312 = ORIENTED_EDGE ( 'NONE', *, *, #972, .F. ) ;
#313 = CARTESIAN_POINT ( 'NONE',  ( 1.346934117039027878, 0.6621869343405150099, 0.7361520283304889833 ) ) ;
#314 = VECTOR ( 'NONE', #1391, 1000.000000000000000 ) ;
#315 = CARTESIAN_POINT ( 'NONE',  ( 0.2999999999999999889, 0.000000000000000000, 0.7600000000000000089 ) ) ;
#316 = EDGE_CURVE ( 'NONE', #385, #677, #645, .T. ) ;
#317 = MANIFOLD_SOLID_BREP ( 'NONE', #398 ) ;
#318 = FACE_OUTER_BOUND ( 'NONE', #1068, .T. ) ;
#319 = LINE ( 'NONE', #1075, #453 ) ;
#320 = CARTESIAN_POINT ( 'NONE',  ( 0.5318518518518520199, 0.02000000000000000042, -1.084202172485503941E-16 ) ) ;
#321 = LINE ( 'NONE', #650, #519 ) ;
#322 = CARTESIAN_POINT ( 'NONE',  ( 1.388292176704341907, 0.3253525688373515301, 0.7882921767043419292 ) ) ;
#323 = LINE ( 'NONE', #218, #1122 ) ;
#324 = PLANE ( 'NONE',  #106 ) ;
#325 = ORIENTED_EDGE ( 'NONE', *, *, #464, .T. ) ;
#326 = LINE ( 'NONE', #1211, #220 ) ;
#327 = CARTESIAN_POINT ( 'NONE',  ( 1.600000000000000089, 0.000000000000000000, 0.8000000000000000444 ) ) ;
#328 = LINE ( 'NONE', #777, #635 ) ;
#329 = CARTESIAN_POINT ( 'NONE',  ( 1.600000000000000089, 0.2500000000000000000, 0.000000000000000000 ) ) ;
#330 = ADVANCED_FACE ( 'NONE', ( #84 ), #1307, .T. ) ;
#331 = CARTESIAN_POINT ( 'NONE',  ( 1.580000000000000071, 0.2300000000000000100, 0.8000000000000000444 ) ) ;
#332 = AXIS2_PLACEMENT_3D ( 'NONE', #932, #386, #1291 ) ;
#333 = VECTOR ( 'NONE', #417, 1000.000000000000000 ) ;
#334 = ORIENTED_EDGE ( 'NONE', *, *, #1401, .F. ) ;
#335 = CARTESIAN_POINT ( 'NONE',  ( 1.300733428222030863, 0.7499999999999990008, 0.06384797166951053371 ) ) ;
#336 = VECTOR ( 'NONE', #956, 1000.000000000000000 ) ;
#337 = FACE_OUTER_BOUND ( 'NONE', #248, .T. ) ;
#338 = SURFACE_STYLE_USAGE ( .BOTH. , #6 ) ;
#339 = ORIENTED_EDGE ( 'NONE', *, *, #168, .F. ) ;
#340 =( NAMED_UNIT ( * ) SI_UNIT ( $, .STERADIAN. ) SOLID_ANGLE_UNIT ( ) );
#341 = EDGE_LOOP ( 'NONE', ( #1015, #383, #69, #1283 ) ) ;
#342 = EDGE_CURVE ( 'NONE', #1130, #774, #1388, .T. ) ;
#343 = EDGE_CURVE ( 'NONE', #130, #1077, #399, .T. ) ;
#344 = CARTESIAN_POINT ( 'NONE',  ( 0.2000000000000000111, 0.2300000000000000100, 0.000000000000000000 ) ) ;
#345 = CARTESIAN_POINT ( 'NONE',  ( 0.2000000000000000111, 0.2300000000000000100, 0.8000000000000000444 ) ) ;
#346 = DIRECTION ( 'NONE',  ( 1.000000000000000000, 2.171879351934104866E-18, 0.000000000000000000 ) ) ;
#347 = ORIENTED_EDGE ( 'NONE', *, *, #1111, .T. ) ;
#348 = CARTESIAN_POINT ( 'NONE',  ( 1.399999999999999911, 0.2300000000000000100, 0.000000000000000000 ) ) ;
#349 = DIRECTION ( 'NONE',  ( 1.000000000000000000, 0.000000000000000000, 0.000000000000000000 ) ) ;
#350 = VERTEX_POINT ( 'NONE', #961 ) ;
#351 = DIRECTION ( 'NONE',  ( 0.000000000000000000, 0.1218693434051476010, -0.9925461516413219831 ) ) ;
#352 = EDGE_CURVE ( 'NONE', #768, #945, #321, .T. ) ;
#353 = CARTESIAN_POINT ( 'NONE',  ( 0.02000000000000000042, 0.02000000000000000042, 0.8000000000000000444 ) ) ;
#354 = ORIENTED_EDGE ( 'NONE', *, *, #1315, .F. ) ;
#355 = VECTOR ( 'NONE', #1156, 1000.000000000000000 ) ;
#356 = SURFACE_SIDE_STYLE ('',( #1010 ) ) ;
#357 = MECHANICAL_DESIGN_GEOMETRIC_PRESENTATION_REPRESENTATION (  '', ( #100 ), #720 ) ;
#358 = ORIENTED_EDGE ( 'NONE', *, *, #751, .F. ) ;
#359 = CARTESIAN_POINT ( 'NONE',  ( 1.340468469870037316, 0.7148454047658259203, 0.05953153012996322685 ) ) ;
#360 = LINE ( 'NONE', #574, #1180 ) ;
#361 = VECTOR ( 'NONE', #1042, 1000.000000000000000 ) ;
#362 = AXIS2_PLACEMENT_3D ( 'NONE', #1247, #1040, #1363 ) ;
#363 = ORIENTED_EDGE ( 'NONE', *, *, #859, .T. ) ;
#364 = CARTESIAN_POINT ( 'NONE',  ( 1.600000000000000089, 0.2500000000000000000, 0.8000000000000000444 ) ) ;
#365 = ADVANCED_FACE ( 'NONE', ( #1402 ), #1278, .F. ) ;
#366 = EDGE_LOOP ( 'NONE', ( #16, #444, #45, #715 ) ) ;
#367 = DIRECTION ( 'NONE',  ( 0.000000000000000000, 0.000000000000000000, -1.000000000000000000 ) ) ;
#368 = CARTESIAN_POINT ( 'NONE',  ( 1.026666666666665950, 0.02000000000000000042, 0.4000000000000000222 ) ) ;
#369 = ORIENTED_EDGE ( 'NONE', *, *, #1360, .T. ) ;
#370 = EDGE_CURVE ( 'NONE', #762, #1248, #861, .T. ) ;
#371 = CARTESIAN_POINT ( 'NONE',  ( 0.2999999999999999889, 0.1752417469625999757, 0.04000000000000000083 ) ) ;
#372 = ORIENTED_EDGE ( 'NONE', *, *, #1039, .F. ) ;
#373 = CARTESIAN_POINT ( 'NONE',  ( 0.2000000000000000111, 0.2300000000000000100, 0.8000000000000000444 ) ) ;
#374 = DIRECTION ( 'NONE',  ( 1.000000000000000000, 0.000000000000000000, 1.807003620809174878E-16 ) ) ;
#375 = VERTEX_POINT ( 'NONE', #1183 ) ;
#376 = LINE ( 'NONE', #705, #361 ) ;
#377 = EDGE_CURVE ( 'NONE', #1364, #704, #1092, .T. ) ;
#378 = ORIENTED_EDGE ( 'NONE', *, *, #1039, .T. ) ;
#379 = PLANE ( 'NONE',  #951 ) ;
#380 = VECTOR ( 'NONE', #846, 1000.000000000000000 ) ;
#381 = CARTESIAN_POINT ( 'NONE',  ( 1.449999999999999956, 0.1752417469625999757, 0.04000000000000000083 ) ) ;
#382 = VECTOR ( 'NONE', #1089, 1000.000000000000000 ) ;
#383 = ORIENTED_EDGE ( 'NONE', *, *, #528, .F. ) ;
#384 = CARTESIAN_POINT ( 'NONE',  ( 1.580000000000000071, 0.2300000000000000100, 0.000000000000000000 ) ) ;
#385 = VERTEX_POINT ( 'NONE', #731 ) ;
#386 = DIRECTION ( 'NONE',  ( -1.000000000000000000, 0.000000000000000000, 1.355252715606891981E-15 ) ) ;
#387 = PRESENTATION_STYLE_ASSIGNMENT (( #152 ) ) ;
#388 = ORIENTED_EDGE ( 'NONE', *, *, #1111, .F. ) ;
#389 = DIRECTION ( 'NONE',  ( 1.000000000000000000, 0.000000000000000000, 0.000000000000000000 ) ) ;
#390 = ORIENTED_EDGE ( 'NONE', *, *, #1023, .T. ) ;
#391 = DIRECTION ( 'NONE',  ( 0.000000000000000000, 0.000000000000000000, -1.000000000000000000 ) ) ;
#392 = CARTESIAN_POINT ( 'NONE',  ( -1.391173259140066025E-19, 0.02099999999999999784, 1.575734459178939792E-35 ) ) ;
#393 = EDGE_CURVE ( 'NONE', #163, #451, #105, .T. ) ;
#394 = VERTEX_POINT ( 'NONE', #749 ) ;
#395 = CARTESIAN_POINT ( 'NONE',  ( 1.600000000000000089, 0.000000000000000000, 0.000000000000000000 ) ) ;
#396 = VERTEX_POINT ( 'NONE', #638 ) ;
#397 = PLANE ( 'NONE',  #931 ) ;
#398 = CLOSED_SHELL ( 'NONE', ( #162, #1369, #273, #365, #852, #851, #629, #67, #22, #1255, #824, #1033, #1004, #289 ) ) ;
#399 = LINE ( 'NONE', #195, #1383 ) ;
#400 = ADVANCED_FACE ( 'NONE', ( #210 ), #189, .T. ) ;
#401 = VERTEX_POINT ( 'NONE', #562 ) ;
#402 = VECTOR ( 'NONE', #506, 1000.000000000000000 ) ;
#403 = DIRECTION ( 'NONE',  ( -0.000000000000000000, 1.000000000000000000, 0.000000000000000000 ) ) ;
#404 = VECTOR ( 'NONE', #676, 1000.000000000000000 ) ;
#405 = ORIENTED_EDGE ( 'NONE', *, *, #602, .F. ) ;
#406 = CARTESIAN_POINT ( 'NONE',  ( 1.600000000000000089, 0.2500000000000000000, 0.8000000000000000444 ) ) ;
#407 = EDGE_CURVE ( 'NONE', #394, #177, #21, .T. ) ;
#408 = CARTESIAN_POINT ( 'NONE',  ( 0.02000000000000000042, 0.2300000000000000100, 0.000000000000000000 ) ) ;
#409 = CARTESIAN_POINT ( 'NONE',  ( 0.1499999999999999944, 0.1752417469625999757, 0.7600000000000000089 ) ) ;
#410 = DIRECTION ( 'NONE',  ( 0.6286622330967569505, 1.365378523403632567E-18, -0.7776784661270998988 ) ) ;
#411 = CARTESIAN_POINT ( 'NONE',  ( 0.02000000000000000042, 0.2300000000000000100, 0.8000000000000000444 ) ) ;
#412 = ADVANCED_FACE ( 'NONE', ( #140 ), #1001, .T. ) ;
#413 = VERTEX_POINT ( 'NONE', #344 ) ;
#414 = DIRECTION ( 'NONE',  ( 0.000000000000000000, 1.000000000000000000, 0.000000000000000000 ) ) ;
#415 = ORIENTED_EDGE ( 'NONE', *, *, #1352, .F. ) ;
#416 = DIRECTION ( 'NONE',  ( 3.388131789017200124E-17, 0.000000000000000000, 1.000000000000000000 ) ) ;
#417 = DIRECTION ( 'NONE',  ( 1.000000000000000000, 0.000000000000000000, 0.000000000000000000 ) ) ;
#418 = ORIENTED_EDGE ( 'NONE', *, *, #727, .F. ) ;
#419 = ADVANCED_FACE ( 'NONE', ( #879 ), #243, .F. ) ;
#420 = FACE_OUTER_BOUND ( 'NONE', #785, .T. ) ;
#421 = CARTESIAN_POINT ( 'NONE',  ( 1.449999999999999956, 0.1752417469625999757, 0.000000000000000000 ) ) ;
#422 = LINE ( 'NONE', #1199, #974 ) ;
#423 = VECTOR ( 'NONE', #454, 1000.000000000000000 ) ;
#424 = PLANE ( 'NONE',  #82 ) ;
#425 = LINE ( 'NONE', #865, #914 ) ;
#426 = AXIS2_PLACEMENT_3D ( 'NONE', #1063, #845, #73 ) ;
#427 = PLANE ( 'NONE',  #311 ) ;
#428 = AXIS2_PLACEMENT_3D ( 'NONE', #437, #416, #864 ) ;
#429 = PRODUCT_DEFINITION_CONTEXT ( 'detailed design', #560, 'design' ) ;
#430 = FILL_AREA_STYLE ('',( #1410 ) ) ;
#431 = ORIENTED_EDGE ( 'NONE', *, *, #1343, .F. ) ;
#432 = CARTESIAN_POINT ( 'NONE',  ( 1.382438265056512128, 0.3730288532560269710, 0.01756173494348729769 ) ) ;
#433 = VERTEX_POINT ( 'NONE', #1341 ) ;
#434 = DIRECTION ( 'NONE',  ( 0.000000000000000000, -1.000000000000000000, 0.000000000000000000 ) ) ;
#435 = CARTESIAN_POINT ( 'NONE',  ( 0.2530658829609730431, 0.6621869343405150099, 0.06384797166951050595 ) ) ;
#436 = EDGE_CURVE ( 'NONE', #1006, #774, #326, .T. ) ;
#437 = CARTESIAN_POINT ( 'NONE',  ( 0.3523204981251050194, 0.6500000000000000222, -1.193708279620042139E-17 ) ) ;
#438 = CARTESIAN_POINT ( 'NONE',  ( 1.399999999999999911, 0.2300000000000000100, 0.8000000000000000444 ) ) ;
#439 =( LENGTH_UNIT ( ) NAMED_UNIT ( * ) SI_UNIT ( .MILLI., .METRE. ) );
#440 = ORIENTED_EDGE ( 'NONE', *, *, #1395, .T. ) ;
#441 = DIRECTION ( 'NONE',  ( 0.000000000000000000, -1.000000000000000000, 0.000000000000000000 ) ) ;
#442 = CARTESIAN_POINT ( 'NONE',  ( 1.247679501874893848, 0.7500000000000000000, 0.06384797166951050595 ) ) ;
#443 = ADVANCED_FACE ( 'NONE', ( #783 ), #897, .F. ) ;
#444 = ORIENTED_EDGE ( 'NONE', *, *, #726, .T. ) ;
#445 = FACE_OUTER_BOUND ( 'NONE', #566, .T. ) ;
#446 = EDGE_CURVE ( 'NONE', #713, #375, #1125, .T. ) ;
#447 = CARTESIAN_POINT ( 'NONE',  ( 1.600000000000000089, 0.000000000000000000, 0.8000000000000000444 ) ) ;
#448 = VECTOR ( 'NONE', #605, 1000.000000000000000 ) ;
#449 = VECTOR ( 'NONE', #1159, 1000.000000000000000 ) ;
#450 = ADVANCED_FACE ( 'NONE', ( #28 ), #235, .T. ) ;
#451 = VERTEX_POINT ( 'NONE', #1335 ) ;
#452 = CARTESIAN_POINT ( 'NONE',  ( 0.2000000000000000111, 0.2300000000000000100, 0.000000000000000000 ) ) ;
#453 = VECTOR ( 'NONE', #988, 1000.000000000000000 ) ;
#454 = DIRECTION ( 'NONE',  ( 0.000000000000000000, -1.000000000000000000, 0.000000000000000000 ) ) ;
#455 = CARTESIAN_POINT ( 'NONE',  ( 0.000000000000000000, 0.2500000000000000000, 0.8000000000000000444 ) ) ;
#456 = EDGE_LOOP ( 'NONE', ( #1384, #1338, #606, #692, #1349, #222, #405, #614 ) ) ;
#457 = PLANE ( 'NONE',  #1095 ) ;
#458 = SURFACE_STYLE_USAGE ( .BOTH. , #356 ) ;
#459 = ADVANCED_FACE ( 'NONE', ( #584 ), #1320, .T. ) ;
#460 = ORIENTED_EDGE ( 'NONE', *, *, #1081, .F. ) ;
#461 = CARTESIAN_POINT ( 'NONE',  ( 0.1499999999999999944, 0.000000000000000000, 0.7600000000000000089 ) ) ;
#462 = ORIENTED_EDGE ( 'NONE', *, *, #539, .F. ) ;
#463 = DIRECTION ( 'NONE',  ( 3.388131789017200124E-17, 0.000000000000000000, 1.000000000000000000 ) ) ;
#464 = EDGE_CURVE ( 'NONE', #159, #471, #1079, .T. ) ;
#465 = ORIENTED_EDGE ( 'NONE', *, *, #1090, .T. ) ;
#466 = PLANE ( 'NONE',  #499 ) ;
#467 = VERTEX_POINT ( 'NONE', #1417 ) ;
#468 = EDGE_CURVE ( 'NONE', #1041, #299, #775, .T. ) ;
#469 = CARTESIAN_POINT ( 'NONE',  ( 0.02000000000000000042, 0.2300000000000000100, 0.8000000000000000444 ) ) ;
#470 = AXIS2_PLACEMENT_3D ( 'NONE', #392, #805, #175 ) ;
#471 = VERTEX_POINT ( 'NONE', #1225 ) ;
#472 = VECTOR ( 'NONE', #609, 1000.000000000000000 ) ;
#473 = LINE ( 'NONE', #503, #266 ) ;
#474 = AXIS2_PLACEMENT_3D ( 'NONE', #772, #26, #349 ) ;
#475 = CARTESIAN_POINT ( 'NONE',  ( 0.3523204981251050194, 0.7500000000000000000, 0.06384797166951050595 ) ) ;
#476 = VECTOR ( 'NONE', #1172, 1000.000000000000000 ) ;
#477 = LINE ( 'NONE', #661, #1387 ) ;
#478 = VERTEX_POINT ( 'NONE', #1313 ) ;
#479 = LINE ( 'NONE', #813, #613 ) ;
#480 = ORIENTED_EDGE ( 'NONE', *, *, #1098, .F. ) ;
#481 = FACE_OUTER_BOUND ( 'NONE', #919, .T. ) ;
#482 = EDGE_CURVE ( 'NONE', #962, #513, #1104, .T. ) ;
#483 = ORIENTED_EDGE ( 'NONE', *, *, #726, .F. ) ;
#484 = APPLICATION_CONTEXT ( 'automotive_design' ) ;
#485 = CARTESIAN_POINT ( 'NONE',  ( 1.399999999999999911, 0.2300000000000000100, 0.000000000000000000 ) ) ;
#486 = ORIENTED_EDGE ( 'NONE', *, *, #156, .F. ) ;
#487 = DIRECTION ( 'NONE',  ( -2.171879351934104866E-18, 1.000000000000000000, 0.000000000000000000 ) ) ;
#488 = DIRECTION ( 'NONE',  ( -1.807003620809174878E-16, 0.000000000000000000, 1.000000000000000000 ) ) ;
#489 = ORIENTED_EDGE ( 'NONE', *, *, #591, .F. ) ;
#490 = DIRECTION ( 'NONE',  ( 0.000000000000000000, 0.000000000000000000, 1.000000000000000000 ) ) ;
#491 = ADVANCED_FACE ( 'NONE', ( #666 ), #1218, .T. ) ;
#492 = EDGE_CURVE ( 'NONE', #762, #1221, #572, .T. ) ;
#493 = ORIENTED_EDGE ( 'NONE', *, *, #377, .T. ) ;
#494 = CARTESIAN_POINT ( 'NONE',  ( 1.580000000000000071, 0.02000000000000000042, 0.000000000000000000 ) ) ;
#495 = VECTOR ( 'NONE', #1322, 1000.000000000000000 ) ;
#496 = VECTOR ( 'NONE', #204, 1000.000000000000000 ) ;
#497 = VECTOR ( 'NONE', #270, 1000.000000000000000 ) ;
#498 = ORIENTED_EDGE ( 'NONE', *, *, #482, .F. ) ;
#499 = AXIS2_PLACEMENT_3D ( 'NONE', #907, #580, #253 ) ;
#500 = FACE_OUTER_BOUND ( 'NONE', #47, .T. ) ;
#501 = ORIENTED_EDGE ( 'NONE', *, *, #246, .T. ) ;
#502 = EDGE_CURVE ( 'NONE', #718, #945, #827, .T. ) ;
#503 = CARTESIAN_POINT ( 'NONE',  ( 1.580000000000000071, 0.02000000000000000042, 0.8000000000000000444 ) ) ;
#504 =( NAMED_UNIT ( * ) PLANE_ANGLE_UNIT ( ) SI_UNIT ( $, .RADIAN. ) );
#505 = EDGE_LOOP ( 'NONE', ( #75, #571, #1334, #1202 ) ) ;
#506 = DIRECTION ( 'NONE',  ( 0.000000000000000000, -1.000000000000000000, 0.000000000000000000 ) ) ;
#507 = ORIENTED_EDGE ( 'NONE', *, *, #859, .F. ) ;
#508 = CARTESIAN_POINT ( 'NONE',  ( 0.2595315301299634392, 0.7148454047658259203, 0.7404684698700365608 ) ) ;
#509 = EDGE_CURVE ( 'NONE', #706, #1041, #1155, .T. ) ;
#510 = FACE_OUTER_BOUND ( 'NONE', #366, .T. ) ;
#511 = ORIENTED_EDGE ( 'NONE', *, *, #95, .F. ) ;
#512 = CARTESIAN_POINT ( 'NONE',  ( 1.600000000000000089, 0.000000000000000000, 0.8000000000000000444 ) ) ;
#513 = VERTEX_POINT ( 'NONE', #590 ) ;
#514 = CARTESIAN_POINT ( 'NONE',  ( 0.3523204981251050194, 0.7500000000000000000, 0.7361520283304889833 ) ) ;
#515 = CLOSED_SHELL ( 'NONE', ( #601, #1418, #648, #622, #548, #1236, #1219, #419, #799, #815, #558, #807, #206, #443 ) ) ;
#516 =( NAMED_UNIT ( * ) SI_UNIT ( $, .STERADIAN. ) SOLID_ANGLE_UNIT ( ) );
#517 = LINE ( 'NONE', #327, #1246 ) ;
#518 = EDGE_CURVE ( 'NONE', #608, #413, #804, .T. ) ;
#519 = VECTOR ( 'NONE', #837, 1000.000000000000000 ) ;
#520 = VECTOR ( 'NONE', #1250, 1000.000000000000000 ) ;
#521 = SURFACE_SIDE_STYLE ('',( #652 ) ) ;
#522 = CARTESIAN_POINT ( 'NONE',  ( 0.02000000000000000042, 0.02000000000000000042, 0.000000000000000000 ) ) ;
#523 = VERTEX_POINT ( 'NONE', #810 ) ;
#524 = CARTESIAN_POINT ( 'NONE',  ( 1.399999999999999911, 0.2300000000000000100, 0.8000000000000000444 ) ) ;
#525 = ORIENTED_EDGE ( 'NONE', *, *, #1176, .F. ) ;
#526 = CARTESIAN_POINT ( 'NONE',  ( 0.2999999999999999889, 0.02000000000000000042, 0.8000000000000000444 ) ) ;
#527 = CARTESIAN_POINT ( 'NONE',  ( 0.000000000000000000, 0.000000000000000000, 0.000000000000000000 ) ) ;
#528 = EDGE_CURVE ( 'NONE', #756, #294, #1374, .T. ) ;
#529 = SURFACE_STYLE_USAGE ( .BOTH. , #521 ) ;
#530 = CARTESIAN_POINT ( 'NONE',  ( 0.000000000000000000, 0.2500000000000000000, 0.000000000000000000 ) ) ;
#531 = VERTEX_POINT ( 'NONE', #1239 ) ;
#532 = CARTESIAN_POINT ( 'NONE',  ( 0.2000000000000000111, 0.2300000000000000100, 0.8000000000000000444 ) ) ;
#533 = ADVANCED_FACE ( 'NONE', ( #1145 ), #160, .F. ) ;
#534 = SURFACE_SIDE_STYLE ('',( #91 ) ) ;
#535 = LINE ( 'NONE', #322, #880 ) ;
#536 = CARTESIAN_POINT ( 'NONE',  ( 0.000000000000000000, 0.2500000000000000000, 0.000000000000000000 ) ) ;
#537 = LINE ( 'NONE', #1294, #58 ) ;
#538 = DIRECTION ( 'NONE',  ( 0.7776784661270998988, 5.324976241274158594E-18, 0.6286622330967570615 ) ) ;
#539 = EDGE_CURVE ( 'NONE', #40, #713, #1044, .T. ) ;
#540 =( LENGTH_UNIT ( ) NAMED_UNIT ( * ) SI_UNIT ( .MILLI., .METRE. ) );
#541 = AXIS2_PLACEMENT_3D ( 'NONE', #381, #488, #374 ) ;
#542 = LINE ( 'NONE', #435, #265 ) ;
#543 =( NAMED_UNIT ( * ) PLANE_ANGLE_UNIT ( ) SI_UNIT ( $, .RADIAN. ) );
#544 = VECTOR ( 'NONE', #1170, 1000.000000000000000 ) ;
#545 = LINE ( 'NONE', #329, #1412 ) ;
#546 = CARTESIAN_POINT ( 'NONE',  ( 1.580000000000000071, 0.2300000000000000100, 0.000000000000000000 ) ) ;
#547 = COLOUR_RGB ( '',1.000000000000000000, 1.000000000000000000, 1.000000000000000000 ) ;
#548 = ADVANCED_FACE ( 'NONE', ( #48 ), #1245, .T. ) ;
#549 = ORIENTED_EDGE ( 'NONE', *, *, #86, .T. ) ;
#550 = PRESENTATION_STYLE_ASSIGNMENT (( #977 ) ) ;
#551 = DIRECTION ( 'NONE',  ( 0.000000000000000000, 1.000000000000000000, 0.000000000000000000 ) ) ;
#552 = CARTESIAN_POINT ( 'NONE',  ( 0.02000000000000000042, 0.2300000000000000100, 0.8000000000000000444 ) ) ;
#553 = EDGE_LOOP ( 'NONE', ( #118, #51, #1289, #1368 ) ) ;
#554 = CARTESIAN_POINT ( 'NONE',  ( 0.02000000000000000042, 0.02000000000000000042, 0.000000000000000000 ) ) ;
#555 = ADVANCED_FACE ( 'NONE', ( #481 ), #1161, .F. ) ;
#556 = CARTESIAN_POINT ( 'NONE',  ( 0.02000000000000000042, 0.02000000000000000042, 0.000000000000000000 ) ) ;
#557 = ORIENTED_EDGE ( 'NONE', *, *, #1390, .T. ) ;
#558 = ADVANCED_FACE ( 'NONE', ( #925 ), #379, .F. ) ;
#559 = PLANE ( 'NONE',  #1121 ) ;
#560 = APPLICATION_CONTEXT ( 'automotive_design' ) ;
#561 = ORIENTED_EDGE ( 'NONE', *, *, #255, .T. ) ;
#562 = CARTESIAN_POINT ( 'NONE',  ( 1.300000000000000044, 0.02000000000000000042, 0.04000000000000000083 ) ) ;
#563 = DIRECTION ( 'NONE',  ( 0.000000000000000000, 1.000000000000000000, 0.000000000000000000 ) ) ;
#564 = EDGE_CURVE ( 'NONE', #616, #1241, #272, .T. ) ;
#565 = CARTESIAN_POINT ( 'NONE',  ( 1.449999999999999956, 0.1752417469625999757, 0.7600000000000000089 ) ) ;
#566 = EDGE_LOOP ( 'NONE', ( #20, #268, #334, #165 ) ) ;
#567 = VECTOR ( 'NONE', #23, 1000.000000000000000 ) ;
#568 = DIRECTION ( 'NONE',  ( -1.000000000000000000, 0.000000000000000000, -1.355252715606880049E-16 ) ) ;
#569 = VECTOR ( 'NONE', #441, 1000.000000000000000 ) ;
#570 = VECTOR ( 'NONE', #923, 1000.000000000000000 ) ;
#571 = ORIENTED_EDGE ( 'NONE', *, *, #115, .T. ) ;
#572 = LINE ( 'NONE', #1025, #1365 ) ;
#573 = MECHANICAL_DESIGN_GEOMETRIC_PRESENTATION_REPRESENTATION (  '', ( #293 ), #911 ) ;
#574 = CARTESIAN_POINT ( 'NONE',  ( 0.2000000000000000111, 0.2300000000000000100, 0.000000000000000000 ) ) ;
#575 = FILL_AREA_STYLE ('',( #24 ) ) ;
#576 = ORIENTED_EDGE ( 'NONE', *, *, #74, .T. ) ;
#577 = ORIENTED_EDGE ( 'NONE', *, *, #255, .F. ) ;
#578 = DIRECTION ( 'NONE',  ( 1.000000000000000000, 2.171879351934104866E-18, 1.355252715606880049E-16 ) ) ;
#579 = CARTESIAN_POINT ( 'NONE',  ( 1.399999999999999911, 0.2300000000000000100, 0.8000000000000000444 ) ) ;
#580 = DIRECTION ( 'NONE',  ( 0.000000000000000000, 0.000000000000000000, -1.000000000000000000 ) ) ;
#581 = ORIENTED_EDGE ( 'NONE', *, *, #773, .F. ) ;
#582 = LINE ( 'NONE', #1022, #520 ) ;
#583 = ORIENTED_EDGE ( 'NONE', *, *, #1309, .T. ) ;
#584 = FACE_OUTER_BOUND ( 'NONE', #878, .T. ) ;
#585 = CARTESIAN_POINT ( 'NONE',  ( 0.2000000000000000111, 0.2300000000000000100, 0.8000000000000000444 ) ) ;
#586 = ORIENTED_EDGE ( 'NONE', *, *, #143, .T. ) ;
#587 = CARTESIAN_POINT ( 'NONE',  ( 0.000000000000000000, 0.000000000000000000, 0.8000000000000000444 ) ) ;
#588 = ORIENTED_EDGE ( 'NONE', *, *, #886, .F. ) ;
#589 = VECTOR ( 'NONE', #1292, 1000.000000000000000 ) ;
#590 = CARTESIAN_POINT ( 'NONE',  ( 0.1499999999999999944, 0.000000000000000000, 0.000000000000000000 ) ) ;
#591 = EDGE_CURVE ( 'NONE', #1221, #467, #473, .T. ) ;
#592 =( NAMED_UNIT ( * ) SI_UNIT ( $, .STERADIAN. ) SOLID_ANGLE_UNIT ( ) );
#593 = VECTOR ( 'NONE', #346, 1000.000000000000000 ) ;
#594 = ADVANCED_BREP_SHAPE_REPRESENTATION ( 'KPT-1608LVZGCK', ( #1296, #317, #789, #1263, #362 ), #888 ) ;
#595 = ORIENTED_EDGE ( 'NONE', *, *, #591, .T. ) ;
#596 = DIRECTION ( 'NONE',  ( 0.000000000000000000, 0.000000000000000000, 1.000000000000000000 ) ) ;
#597 = VERTEX_POINT ( 'NONE', #151 ) ;
#598 = CARTESIAN_POINT ( 'NONE',  ( 1.340468469870037316, 0.7148454047658259203, 0.7404684698700365608 ) ) ;
#599 = CARTESIAN_POINT ( 'NONE',  ( 1.449999999999999956, 0.000000000000000000, 0.000000000000000000 ) ) ;
#600 = ORIENTED_EDGE ( 'NONE', *, *, #44, .T. ) ;
#601 = ADVANCED_FACE ( 'NONE', ( #1268 ), #696, .F. ) ;
#602 = EDGE_CURVE ( 'NONE', #1174, #433, #1370, .T. ) ;
#603 = CARTESIAN_POINT ( 'NONE',  ( 0.1499999999999999944, 0.1752417469625999757, 0.8000000000000000444 ) ) ;
#604 = ORIENTED_EDGE ( 'NONE', *, *, #1165, .T. ) ;
#605 = DIRECTION ( 'NONE',  ( -3.226792180016379485E-17, 1.000000000000000000, 0.000000000000000000 ) ) ;
#606 = ORIENTED_EDGE ( 'NONE', *, *, #1256, .F. ) ;
#607 = CARTESIAN_POINT ( 'NONE',  ( 0.2000000000000000111, 0.2300000000000000100, 0.000000000000000000 ) ) ;
#608 = VERTEX_POINT ( 'NONE', #183 ) ;
#609 = DIRECTION ( 'NONE',  ( -1.000000000000000000, 0.000000000000000000, 0.000000000000000000 ) ) ;
#610 = COLOUR_RGB ( '',0.5019607843137254832, 0.5019607843137254832, 0.000000000000000000 ) ;
#611 = FILL_AREA_STYLE ('',( #1240 ) ) ;
#612 = VECTOR ( 'NONE', #538, 999.9999999999998863 ) ;
#613 = VECTOR ( 'NONE', #802, 1000.000000000000000 ) ;
#614 = ORIENTED_EDGE ( 'NONE', *, *, #181, .F. ) ;
#615 = FACE_OUTER_BOUND ( 'NONE', #623, .T. ) ;
#616 = VERTEX_POINT ( 'NONE', #913 ) ;
#617 = DIRECTION ( 'NONE',  ( 0.000000000000000000, -1.000000000000000000, 0.000000000000000000 ) ) ;
#618 = VERTEX_POINT ( 'NONE', #494 ) ;
#619 = CARTESIAN_POINT ( 'NONE',  ( 0.2530658829609730431, 0.6621869343405150099, 0.05306588296097269897 ) ) ;
#620 = EDGE_LOOP ( 'NONE', ( #1319, #778, #415, #1024 ) ) ;
#621 = CARTESIAN_POINT ( 'NONE',  ( 1.026666666666665950, 0.02099999999999999784, 0.4000000000000000222 ) ) ;
#622 = ADVANCED_FACE ( 'NONE', ( #1350 ), #1137, .F. ) ;
#623 = EDGE_LOOP ( 'NONE', ( #688, #141, #895, #801 ) ) ;
#624 = PLANE ( 'NONE',  #1030 ) ;
#625 = LINE ( 'NONE', #395, #863 ) ;
#626 = ORIENTED_EDGE ( 'NONE', *, *, #1047, .T. ) ;
#627 = LINE ( 'NONE', #532, #795 ) ;
#628 = VECTOR ( 'NONE', #99, 1000.000000000000000 ) ;
#629 = ADVANCED_FACE ( 'NONE', ( #1400 ), #1378, .F. ) ;
#630 = EDGE_LOOP ( 'NONE', ( #908, #511, #493, #1139 ) ) ;
#631 = VECTOR ( 'NONE', #707, 1000.000000000000000 ) ;
#632 = VECTOR ( 'NONE', #1407, 1000.000000000000000 ) ;
#633 = FACE_OUTER_BOUND ( 'NONE', #1147, .T. ) ;
#634 = CARTESIAN_POINT ( 'NONE',  ( 0.1499999999999999944, 0.02000000000000000042, 0.8000000000000000444 ) ) ;
#635 = VECTOR ( 'NONE', #247, 1000.000000000000000 ) ;
#636 = EDGE_LOOP ( 'NONE', ( #339, #49, #947, #595, #144, #728, #312, #672 ) ) ;
#637 = DIRECTION ( 'NONE',  ( 1.000000000000000000, 0.000000000000000000, 0.000000000000000000 ) ) ;
#638 = CARTESIAN_POINT ( 'NONE',  ( 0.02000000000000000042, 0.02000000000000000042, 0.8000000000000000444 ) ) ;
#639 = ADVANCED_FACE ( 'NONE', ( #420 ), #397, .F. ) ;
#640 = FACE_OUTER_BOUND ( 'NONE', #1136, .T. ) ;
#641 = CARTESIAN_POINT ( 'NONE',  ( 1.580000000000000071, 0.2300000000000000100, 0.000000000000000000 ) ) ;
#642 = DIRECTION ( 'NONE',  ( -1.000000000000000000, 0.000000000000000000, 0.000000000000000000 ) ) ;
#643 = DIRECTION ( 'NONE',  ( -1.355252715606880049E-16, 0.000000000000000000, 1.000000000000000000 ) ) ;
#644 = UNCERTAINTY_MEASURE_WITH_UNIT (LENGTH_MEASURE( 1.000000000000000082E-05 ), #109, 'distance_accuracy_value', 'NONE');
#645 = LINE ( 'NONE', #300, #1272 ) ;
#646 = LINE ( 'NONE', #205, #1115 ) ;
#647 = FACE_OUTER_BOUND ( 'NONE', #1279, .T. ) ;
#648 = ADVANCED_FACE ( 'NONE', ( #835 ), #427, .F. ) ;
#649 = EDGE_LOOP ( 'NONE', ( #525, #938, #1101, #822, #150, #83, #358, #33 ) ) ;
#650 = CARTESIAN_POINT ( 'NONE',  ( 0.2000000000000000111, 0.7500000000000000000, 0.7361520283304889833 ) ) ;
#651 = DIRECTION ( 'NONE',  ( 0.000000000000000000, 0.000000000000000000, -1.000000000000000000 ) ) ;
#652 = SURFACE_STYLE_FILL_AREA ( #1178 ) ;
#653 = AXIS2_PLACEMENT_3D ( 'NONE', #554, #1012, #993 ) ;
#654 = DIRECTION ( 'NONE',  ( 0.000000000000000000, -1.000000000000000000, 0.000000000000000000 ) ) ;
#655 = VECTOR ( 'NONE', #617, 1000.000000000000000 ) ;
#656 = EDGE_CURVE ( 'NONE', #924, #184, #1069, .T. ) ;
#657 = PRESENTATION_LAYER_ASSIGNMENT (  '', '', ( #1277 ) ) ;
#658 = ORIENTED_EDGE ( 'NONE', *, *, #1200, .T. ) ;
#659 = CARTESIAN_POINT ( 'NONE',  ( 1.247679501874893848, 0.7500000000000000000, 0.06384797166951050595 ) ) ;
#660 = LINE ( 'NONE', #556, #927 ) ;
#661 = CARTESIAN_POINT ( 'NONE',  ( 0.5318518518518520199, 0.02099999999999999784, -1.084202172485503941E-16 ) ) ;
#662 = ORIENTED_EDGE ( 'NONE', *, *, #263, .T. ) ;
#663 = DIRECTION ( 'NONE',  ( 0.000000000000000000, 0.000000000000000000, -1.000000000000000000 ) ) ;
#664 = DIRECTION ( 'NONE',  ( 0.000000000000000000, 0.000000000000000000, 1.000000000000000000 ) ) ;
#665 = ORIENTED_EDGE ( 'NONE', *, *, #137, .T. ) ;
#666 = FACE_OUTER_BOUND ( 'NONE', #553, .T. ) ;
#667 = EDGE_CURVE ( 'NONE', #962, #1006, #209, .T. ) ;
#668 = CARTESIAN_POINT ( 'NONE',  ( 1.580000000000000071, 0.2300000000000000100, 0.8000000000000000444 ) ) ;
#669 = VERTEX_POINT ( 'NONE', #729 ) ;
#670 = DIRECTION ( 'NONE',  ( 0.000000000000000000, -1.000000000000000000, 0.000000000000000000 ) ) ;
#671 = DIRECTION ( 'NONE',  ( 0.000000000000000000, 0.000000000000000000, -1.000000000000000000 ) ) ;
#672 = ORIENTED_EDGE ( 'NONE', *, *, #1200, .F. ) ;
#673 = CARTESIAN_POINT ( 'NONE',  ( 0.02000000000000000042, 0.2300000000000000100, 0.000000000000000000 ) ) ;
#674 = CARTESIAN_POINT ( 'NONE',  ( 1.300000000000000044, 0.1752417469625999757, 0.04000000000000000083 ) ) ;
#675 = EDGE_CURVE ( 'NONE', #471, #718, #748, .T. ) ;
#676 = DIRECTION ( 'NONE',  ( -1.000000000000000000, 0.000000000000000000, 0.000000000000000000 ) ) ;
#677 = VERTEX_POINT ( 'NONE', #844 ) ;
#678 = PLANE ( 'NONE',  #107 ) ;
#679 = DIRECTION ( 'NONE',  ( -0.9925461516413219831, 0.1218693434051476010, 3.362877168442649236E-17 ) ) ;
#680 = EDGE_CURVE ( 'NONE', #1324, #193, #1306, .T. ) ;
#681 = AXIS2_PLACEMENT_3D ( 'NONE', #512, #403, #94 ) ;
#682 = VERTEX_POINT ( 'NONE', #406 ) ;
#683 = CARTESIAN_POINT ( 'NONE',  ( 1.300000000000000044, 0.1752417469625999757, 0.7600000000000000089 ) ) ;
#684 = CARTESIAN_POINT ( 'NONE',  ( 1.300000000000000044, 0.000000000000000000, 0.7600000000000000089 ) ) ;
#685 =( NAMED_UNIT ( * ) SI_UNIT ( $, .STERADIAN. ) SOLID_ANGLE_UNIT ( ) );
#686 = ORIENTED_EDGE ( 'NONE', *, *, #5, .T. ) ;
#687 = CARTESIAN_POINT ( 'NONE',  ( 1.247679501874893848, 0.7500000000000000000, 0.7361520283304889833 ) ) ;
#688 = ORIENTED_EDGE ( 'NONE', *, *, #502, .F. ) ;
#689 = DIRECTION ( 'NONE',  ( -1.000000000000000000, 0.000000000000000000, 0.000000000000000000 ) ) ;
#690 = CARTESIAN_POINT ( 'NONE',  ( 0.1499999999999999944, 0.000000000000000000, 0.04000000000000000083 ) ) ;
#691 = LINE ( 'NONE', #565, #818 ) ;
#692 = ORIENTED_EDGE ( 'NONE', *, *, #1333, .F. ) ;
#693 = DIRECTION ( 'NONE',  ( 0.000000000000000000, 1.000000000000000000, 0.000000000000000000 ) ) ;
#694 = EDGE_CURVE ( 'NONE', #803, #260, #1276, .T. ) ;
#695 = ORIENTED_EDGE ( 'NONE', *, *, #922, .T. ) ;
#696 = PLANE ( 'NONE',  #1070 ) ;
#697 = ORIENTED_EDGE ( 'NONE', *, *, #1327, .F. ) ;
#698 = AXIS2_PLACEMENT_3D ( 'NONE', #738, #873, #551 ) ;
#699 = DIRECTION ( 'NONE',  ( 0.000000000000000000, 1.000000000000000000, 0.000000000000000000 ) ) ;
#700 = VERTEX_POINT ( 'NONE', #850 ) ;
#701 = AXIS2_PLACEMENT_3D ( 'NONE', #673, #1114, #131 ) ;
#702 = VECTOR ( 'NONE', #148, 1000.000000000000000 ) ;
#703 = LINE ( 'NONE', #62, #355 ) ;
#704 = VERTEX_POINT ( 'NONE', #867 ) ;
#705 = CARTESIAN_POINT ( 'NONE',  ( 1.399999999999999911, 0.2300000000000000100, 0.000000000000000000 ) ) ;
#706 = VERTEX_POINT ( 'NONE', #202 ) ;
#707 = DIRECTION ( 'NONE',  ( 0.000000000000000000, 0.000000000000000000, 1.000000000000000000 ) ) ;
#708 = EDGE_CURVE ( 'NONE', #677, #232, #627, .T. ) ;
#709 = EDGE_CURVE ( 'NONE', #1241, #597, #1284, .T. ) ;
#710 = ORIENTED_EDGE ( 'NONE', *, *, #1271, .T. ) ;
#711 = SURFACE_SIDE_STYLE ('',( #1414 ) ) ;
#712 = LINE ( 'NONE', #371, #155 ) ;
#713 = VERTEX_POINT ( 'NONE', #1168 ) ;
#714 = CARTESIAN_POINT ( 'NONE',  ( 0.02000000000000000042, 0.2300000000000000100, 0.8000000000000000444 ) ) ;
#715 = ORIENTED_EDGE ( 'NONE', *, *, #237, .F. ) ;
#716 = DIRECTION ( 'NONE',  ( 0.000000000000000000, 0.000000000000000000, -1.000000000000000000 ) ) ;
#717 = COLOUR_RGB ( '',0.000000000000000000, 0.5019607843137254832, 0.000000000000000000 ) ;
#718 = VERTEX_POINT ( 'NONE', #1078 ) ;
#719 = DIRECTION ( 'NONE',  ( 0.000000000000000000, 0.000000000000000000, 1.000000000000000000 ) ) ;
#720 =( GEOMETRIC_REPRESENTATION_CONTEXT ( 3 ) GLOBAL_UNCERTAINTY_ASSIGNED_CONTEXT ( ( #991 ) ) GLOBAL_UNIT_ASSIGNED_CONTEXT ( ( #817, #504, #592 ) ) REPRESENTATION_CONTEXT ( 'NONE', 'WORKASPACE' ) );
#721 = PLANE ( 'NONE',  #242 ) ;
#722 = VECTOR ( 'NONE', #1348, 1000.000000000000000 ) ;
#723 = STYLED_ITEM ( 'NONE', ( #214 ), #789 ) ;
#724 = ORIENTED_EDGE ( 'NONE', *, *, #168, .T. ) ;
#725 = PLANE ( 'NONE',  #681 ) ;
#726 = EDGE_CURVE ( 'NONE', #669, #130, #90, .T. ) ;
#727 = EDGE_CURVE ( 'NONE', #924, #1228, #967, .T. ) ;
#728 = ORIENTED_EDGE ( 'NONE', *, *, #874, .F. ) ;
#729 = CARTESIAN_POINT ( 'NONE',  ( 1.449999999999999956, 0.02000000000000000042, 0.04000000000000000083 ) ) ;
#730 = ORIENTED_EDGE ( 'NONE', *, *, #1395, .F. ) ;
#731 = CARTESIAN_POINT ( 'NONE',  ( 0.2000000000000000111, 0.2300000000000000100, 0.000000000000000000 ) ) ;
#732 = ORIENTED_EDGE ( 'NONE', *, *, #736, .T. ) ;
#733 = DIRECTION ( 'NONE',  ( 0.000000000000000000, 1.000000000000000000, 0.000000000000000000 ) ) ;
#734 = DIRECTION ( 'NONE',  ( 1.000000000000000000, 0.000000000000000000, 0.000000000000000000 ) ) ;
#735 = EDGE_LOOP ( 'NONE', ( #241, #136, #1267, #811, #1031, #480, #147, #900 ) ) ;
#736 = EDGE_CURVE ( 'NONE', #768, #531, #1167, .T. ) ;
#737 = LINE ( 'NONE', #1386, #134 ) ;
#738 = CARTESIAN_POINT ( 'NONE',  ( 1.399999999999999911, 0.2300000000000000100, 0.8000000000000000444 ) ) ;
#739 = LINE ( 'NONE', #1179, #1186 ) ;
#740 = VERTEX_POINT ( 'NONE', #944 ) ;
#741 = DIRECTION ( 'NONE',  ( 1.000000000000000000, 0.000000000000000000, 0.000000000000000000 ) ) ;
#742 = VECTOR ( 'NONE', #898, 1000.000000000000000 ) ;
#743 = DIRECTION ( 'NONE',  ( 1.000000000000000000, 0.000000000000000000, 0.000000000000000000 ) ) ;
#744 = ADVANCED_FACE ( 'NONE', ( #188 ), #1394, .F. ) ;
#745 = CARTESIAN_POINT ( 'NONE',  ( 0.000000000000000000, 0.2500000000000000000, 0.8000000000000000444 ) ) ;
#746 = CARTESIAN_POINT ( 'NONE',  ( 1.580000000000000071, 0.2300000000000000100, 0.000000000000000000 ) ) ;
#747 = AXIS2_PLACEMENT_3D ( 'NONE', #760, #410, #875 ) ;
#748 = LINE ( 'NONE', #313, #836 ) ;
#749 = CARTESIAN_POINT ( 'NONE',  ( 1.300000000000000044, 0.02000000000000000042, 0.7600000000000000089 ) ) ;
#750 = DIRECTION ( 'NONE',  ( -1.000000000000000000, 0.000000000000000000, 0.000000000000000000 ) ) ;
#751 = EDGE_CURVE ( 'NONE', #396, #1174, #737, .T. ) ;
#752 = LINE ( 'NONE', #1413, #476 ) ;
#753 = CARTESIAN_POINT ( 'NONE',  ( 1.449999999999999956, 0.000000000000000000, 0.8000000000000000444 ) ) ;
#754 = DIRECTION ( 'NONE',  ( 0.000000000000000000, 0.000000000000000000, 1.000000000000000000 ) ) ;
#755 = UNCERTAINTY_MEASURE_WITH_UNIT (LENGTH_MEASURE( 1.000000000000000082E-05 ), #1206, 'distance_accuracy_value', 'NONE');
#756 = VERTEX_POINT ( 'NONE', #780 ) ;
#757 = CARTESIAN_POINT ( 'NONE',  ( 0.02000000000000000042, 0.02000000000000000042, 0.8000000000000000444 ) ) ;
#758 = CARTESIAN_POINT ( 'NONE',  ( 0.2999999999999999889, 0.02000000000000000042, 0.7600000000000000089 ) ) ;
#759 = EDGE_CURVE ( 'NONE', #302, #706, #1216, .T. ) ;
#760 = CARTESIAN_POINT ( 'NONE',  ( 0.5318518518518520199, 0.02099999999999999784, -1.084202172485503941E-16 ) ) ;
#761 = CARTESIAN_POINT ( 'NONE',  ( 0.2999999999999999889, 0.02000000000000000042, 0.8000000000000000444 ) ) ;
#762 = VERTEX_POINT ( 'NONE', #331 ) ;
#763 = DIRECTION ( 'NONE',  ( 0.000000000000000000, 1.000000000000000000, 0.000000000000000000 ) ) ;
#764 = CARTESIAN_POINT ( 'NONE',  ( 0.02000000000000000042, 0.2300000000000000100, 0.000000000000000000 ) ) ;
#765 = MECHANICAL_DESIGN_GEOMETRIC_PRESENTATION_REPRESENTATION (  '', ( #1381 ), #1140 ) ;
#766 = CARTESIAN_POINT ( 'NONE',  ( 0.02000000000000000042, 0.02000000000000000042, 0.8000000000000000444 ) ) ;
#767 = AXIS2_PLACEMENT_3D ( 'NONE', #11, #689, #223 ) ;
#768 = VERTEX_POINT ( 'NONE', #8 ) ;
#769 = LINE ( 'NONE', #1316, #1009 ) ;
#770 = AXIS2_PLACEMENT_3D ( 'NONE', #275, #596, #1028 ) ;
#771 = VECTOR ( 'NONE', #1234, 1000.000000000000000 ) ;
#772 = CARTESIAN_POINT ( 'NONE',  ( 0.02000000000000000042, 0.2300000000000000100, 0.8000000000000000444 ) ) ;
#773 = EDGE_CURVE ( 'NONE', #1006, #186, #1209, .T. ) ;
#774 = VERTEX_POINT ( 'NONE', #1317 ) ;
#775 = LINE ( 'NONE', #1131, #979 ) ;
#776 = DIRECTION ( 'NONE',  ( 0.000000000000000000, 0.000000000000000000, -1.000000000000000000 ) ) ;
#777 = CARTESIAN_POINT ( 'NONE',  ( 0.1499999999999999944, 0.000000000000000000, 0.8000000000000000444 ) ) ;
#778 = ORIENTED_EDGE ( 'NONE', *, *, #1271, .F. ) ;
#779 = DIRECTION ( 'NONE',  ( -1.000000000000000000, 0.000000000000000000, 0.000000000000000000 ) ) ;
#780 = CARTESIAN_POINT ( 'NONE',  ( 0.2000000000000000111, 0.2500000000000000000, 0.8000000000000000444 ) ) ;
#781 = EDGE_CURVE ( 'NONE', #297, #1021, #1415, .T. ) ;
#782 = ORIENTED_EDGE ( 'NONE', *, *, #246, .F. ) ;
#783 = FACE_OUTER_BOUND ( 'NONE', #104, .T. ) ;
#784 = PLANE ( 'NONE',  #1406 ) ;
#785 = EDGE_LOOP ( 'NONE', ( #388, #832, #126, #1253, #1157 ) ) ;
#786 = DIRECTION ( 'NONE',  ( 0.000000000000000000, 0.000000000000000000, 1.000000000000000000 ) ) ;
#787 = VERTEX_POINT ( 'NONE', #219 ) ;
#788 = DIRECTION ( 'NONE',  ( -1.000000000000000000, 0.000000000000000000, 0.000000000000000000 ) ) ;
#789 = MANIFOLD_SOLID_BREP ( 'NONE', #176 ) ;
#790 = DIRECTION ( 'NONE',  ( 1.000000000000000000, 2.171879351934104866E-18, 0.000000000000000000 ) ) ;
#791 = EDGE_CURVE ( 'NONE', #433, #413, #877, .T. ) ;
#792 = ORIENTED_EDGE ( 'NONE', *, *, #156, .T. ) ;
#793 = VECTOR ( 'NONE', #891, 999.9999999999998863 ) ;
#794 = FILL_AREA_STYLE ('',( #990 ) ) ;
#795 = VECTOR ( 'NONE', #637, 1000.000000000000000 ) ;
#796 = ORIENTED_EDGE ( 'NONE', *, *, #929, .T. ) ;
#797 = CARTESIAN_POINT ( 'NONE',  ( 1.346934117039027878, 0.6621869343405150099, 0.05306588296097269897 ) ) ;
#798 = PLANE ( 'NONE',  #198 ) ;
#799 = ADVANCED_FACE ( 'NONE', ( #1311 ), #1123, .F. ) ;
#800 = LINE ( 'NONE', #455, #771 ) ;
#801 = ORIENTED_EDGE ( 'NONE', *, *, #986, .F. ) ;
#802 = DIRECTION ( 'NONE',  ( 0.000000000000000000, 0.000000000000000000, -1.000000000000000000 ) ) ;
#803 = VERTEX_POINT ( 'NONE', #870 ) ;
#804 = LINE ( 'NONE', #373, #1274 ) ;
#805 = DIRECTION ( 'NONE',  ( -6.847272328103619683E-18, 1.000000000000000000, 7.878672295894699600E-34 ) ) ;
#806 = EDGE_LOOP ( 'NONE', ( #200, #211, #507, #1058 ) ) ;
#807 = ADVANCED_FACE ( 'NONE', ( #894 ), #324, .F. ) ;
#808 = LINE ( 'NONE', #1129, #722 ) ;
#809 = ORIENTED_EDGE ( 'NONE', *, *, #393, .T. ) ;
#810 = CARTESIAN_POINT ( 'NONE',  ( 1.449999999999999956, 0.02000000000000000042, 0.7600000000000000089 ) ) ;
#811 = ORIENTED_EDGE ( 'NONE', *, *, #187, .T. ) ;
#812 = VECTOR ( 'NONE', #1226, 999.9999999999998863 ) ;
#813 = CARTESIAN_POINT ( 'NONE',  ( 0.000000000000000000, 0.000000000000000000, 0.8000000000000000444 ) ) ;
#814 = EDGE_LOOP ( 'NONE', ( #238, #949, #347, #549, #992 ) ) ;
#815 = ADVANCED_FACE ( 'NONE', ( #1332 ), #1097, .F. ) ;
#816 = CARTESIAN_POINT ( 'NONE',  ( 0.000000000000000000, 0.2300000000000000100, 0.000000000000000000 ) ) ;
#817 =( LENGTH_UNIT ( ) NAMED_UNIT ( * ) SI_UNIT ( .MILLI., .METRE. ) );
#818 = VECTOR ( 'NONE', #1005, 1000.000000000000000 ) ;
#819 =( NAMED_UNIT ( * ) SI_UNIT ( $, .STERADIAN. ) SOLID_ANGLE_UNIT ( ) );
#820 = EDGE_LOOP ( 'NONE', ( #25, #1244, #465, #215 ) ) ;
#821 = DIRECTION ( 'NONE',  ( 0.000000000000000000, 0.000000000000000000, -1.000000000000000000 ) ) ;
#822 = ORIENTED_EDGE ( 'NONE', *, *, #436, .F. ) ;
#823 = DIRECTION ( 'NONE',  ( 0.000000000000000000, -1.000000000000000000, 0.000000000000000000 ) ) ;
#824 = ADVANCED_FACE ( 'NONE', ( #120 ), #559, .F. ) ;
#825 = APPLICATION_PROTOCOL_DEFINITION ( 'draft international standard', 'automotive_design', 1998, #560 ) ;
#826 = ORIENTED_EDGE ( 'NONE', *, *, #393, .F. ) ;
#827 =( BOUNDED_CURVE ( )  B_SPLINE_CURVE ( 3, ( #258, #598, #939, #43 ),
 .UNSPECIFIED., .F., .T. ) 
 B_SPLINE_CURVE_WITH_KNOTS ( ( 4, 4 ),
 ( 4.834562028024289582, 6.283185307179590673 ),
 .UNSPECIFIED. ) 
 CURVE ( )  GEOMETRIC_REPRESENTATION_ITEM ( )  RATIONAL_B_SPLINE_CURVE ( ( 1.000000000000000000, 0.8326371471926690138, 0.8326371471926690138, 1.000000000000000000 ) ) 
 REPRESENTATION_ITEM ( '' )  );
#828 = CARTESIAN_POINT ( 'NONE',  ( 0.2999999999999999889, 0.000000000000000000, 0.8000000000000000444 ) ) ;
#829 = ORIENTED_EDGE ( 'NONE', *, *, #656, .T. ) ;
#830 = DIRECTION ( 'NONE',  ( 0.000000000000000000, -1.000000000000000000, 0.000000000000000000 ) ) ;
#831 = FACE_OUTER_BOUND ( 'NONE', #636, .T. ) ;
#832 = ORIENTED_EDGE ( 'NONE', *, *, #1047, .F. ) ;
#833 = CARTESIAN_POINT ( 'NONE',  ( 1.580000000000000071, 0.02000000000000000042, 0.000000000000000000 ) ) ;
#834 = ORIENTED_EDGE ( 'NONE', *, *, #602, .T. ) ;
#835 = FACE_OUTER_BOUND ( 'NONE', #284, .T. ) ;
#836 = VECTOR ( 'NONE', #96, 1000.000000000000000 ) ;
#837 = DIRECTION ( 'NONE',  ( 1.000000000000000000, 0.000000000000000000, 0.000000000000000000 ) ) ;
#838 = AXIS2_PLACEMENT_3D ( 'NONE', #485, #158, #821 ) ;
#839 = VECTOR ( 'NONE', #568, 1000.000000000000000 ) ;
#840 = ORIENTED_EDGE ( 'NONE', *, *, #986, .T. ) ;
#841 = ADVANCED_FACE ( 'NONE', ( #889 ), #1326, .T. ) ;
#842 = CARTESIAN_POINT ( 'NONE',  ( 0.02000000000000000042, 0.2300000000000000100, 0.8000000000000000444 ) ) ;
#843 = ORIENTED_EDGE ( 'NONE', *, *, #1107, .F. ) ;
#844 = CARTESIAN_POINT ( 'NONE',  ( 0.2000000000000000111, 0.2300000000000000100, 0.8000000000000000444 ) ) ;
#845 = DIRECTION ( 'NONE',  ( 2.171879351934104866E-18, -1.000000000000000000, 0.000000000000000000 ) ) ;
#846 = DIRECTION ( 'NONE',  ( -1.000000000000000000, 0.000000000000000000, 0.000000000000000000 ) ) ;
#847 = LINE ( 'NONE', #1287, #934 ) ;
#848 = DIRECTION ( 'NONE',  ( 1.000000000000000000, 2.171879351934104866E-18, 0.000000000000000000 ) ) ;
#849 = ORIENTED_EDGE ( 'NONE', *, *, #74, .F. ) ;
#850 = CARTESIAN_POINT ( 'NONE',  ( 1.580000000000000071, 0.02000000000000000042, 0.8000000000000000444 ) ) ;
#851 = ADVANCED_FACE ( 'NONE', ( #901 ), #1339, .T. ) ;
#852 = ADVANCED_FACE ( 'NONE', ( #142 ), #1242, .F. ) ;
#853 = CARTESIAN_POINT ( 'NONE',  ( 0.2000000000000000111, 0.2500000000000000000, 0.000000000000000000 ) ) ;
#854 = CARTESIAN_POINT ( 'NONE',  ( 0.02000000000000000042, 0.2300000000000000100, 0.8000000000000000444 ) ) ;
#855 = PRODUCT_DEFINITION_SHAPE ( 'NONE', 'NONE',  #301 ) ;
#856 = CARTESIAN_POINT ( 'NONE',  ( 1.449999999999999956, 0.1752417469625999757, 0.8000000000000000444 ) ) ;
#857 = ORIENTED_EDGE ( 'NONE', *, *, #781, .T. ) ;
#858 = CARTESIAN_POINT ( 'NONE',  ( 0.000000000000000000, 0.000000000000000000, 0.000000000000000000 ) ) ;
#859 = EDGE_CURVE ( 'NONE', #232, #1231, #376, .T. ) ;
#860 = UNCERTAINTY_MEASURE_WITH_UNIT (LENGTH_MEASURE( 1.000000000000000082E-05 ), #439, 'distance_accuracy_value', 'NONE');
#861 = LINE ( 'NONE', #1300, #288 ) ;
#862 = ORIENTED_EDGE ( 'NONE', *, *, #886, .T. ) ;
#863 = VECTOR ( 'NONE', #1189, 1000.000000000000000 ) ;
#864 = DIRECTION ( 'NONE',  ( 1.000000000000000000, 0.000000000000000000, -3.388131789017200124E-17 ) ) ;
#865 = CARTESIAN_POINT ( 'NONE',  ( 0.000000000000000000, 0.000000000000000000, 0.000000000000000000 ) ) ;
#866 = STYLED_ITEM ( 'NONE', ( #1127 ), #594 ) ;
#867 = CARTESIAN_POINT ( 'NONE',  ( 0.02000000000000000042, 0.02000000000000000042, 0.000000000000000000 ) ) ;
#868 = LINE ( 'NONE', #527, #286 ) ;
#869 = FACE_OUTER_BOUND ( 'NONE', #630, .T. ) ;
#870 = CARTESIAN_POINT ( 'NONE',  ( 1.449999999999999956, 0.02000000000000000042, 0.000000000000000000 ) ) ;
#871 = ORIENTED_EDGE ( 'NONE', *, *, #1193, .T. ) ;
#872 = DIRECTION ( 'NONE',  ( -1.452056481007371693E-16, -1.000000000000000000, 0.000000000000000000 ) ) ;
#873 = DIRECTION ( 'NONE',  ( 1.000000000000000000, 0.000000000000000000, 0.000000000000000000 ) ) ;
#874 = EDGE_CURVE ( 'NONE', #669, #803, #808, .T. ) ;
#875 = DIRECTION ( 'NONE',  ( 0.000000000000000000, -1.000000000000000000, -1.755710853359904972E-18 ) ) ;
#876 = DIRECTION ( 'NONE',  ( 0.000000000000000000, -1.000000000000000000, 0.000000000000000000 ) ) ;
#877 = LINE ( 'NONE', #240, #13 ) ;
#878 = EDGE_LOOP ( 'NONE', ( #372, #325, #1019, #885, #431, #501 ) ) ;
#879 = FACE_OUTER_BOUND ( 'NONE', #341, .T. ) ;
#880 = VECTOR ( 'NONE', #969, 1000.000000000000000 ) ;
#881 = LINE ( 'NONE', #585, #495 ) ;
#882 = PRESENTATION_LAYER_ASSIGNMENT (  '', '', ( #1381 ) ) ;
#883 = FACE_OUTER_BOUND ( 'NONE', #1396, .T. ) ;
#884 = AXIS2_PLACEMENT_3D ( 'NONE', #277, #52, #830 ) ;
#885 = ORIENTED_EDGE ( 'NONE', *, *, #995, .T. ) ;
#886 = EDGE_CURVE ( 'NONE', #184, #787, #1046, .T. ) ;
#887 = VECTOR ( 'NONE', #389, 1000.000000000000000 ) ;
#888 =( GEOMETRIC_REPRESENTATION_CONTEXT ( 3 ) GLOBAL_UNCERTAINTY_ASSIGNED_CONTEXT ( ( #755 ) ) GLOBAL_UNIT_ASSIGNED_CONTEXT ( ( #1206, #1014, #685 ) ) REPRESENTATION_CONTEXT ( 'NONE', 'WORKASPACE' ) );
#889 = FACE_OUTER_BOUND ( 'NONE', #505, .T. ) ;
#890 = ORIENTED_EDGE ( 'NONE', *, *, #161, .T. ) ;
#891 = DIRECTION ( 'NONE',  ( -0.7776784661270998988, -5.324976241274158594E-18, 0.6286622330967570615 ) ) ;
#892 = PLANE ( 'NONE',  #1143 ) ;
#893 = ORIENTED_EDGE ( 'NONE', *, *, #228, .T. ) ;
#894 = FACE_OUTER_BOUND ( 'NONE', #820, .T. ) ;
#895 = ORIENTED_EDGE ( 'NONE', *, *, #464, .F. ) ;
#896 = EDGE_CURVE ( 'NONE', #350, #608, #1366, .T. ) ;
#897 = PLANE ( 'NONE',  #153 ) ;
#898 = DIRECTION ( 'NONE',  ( -1.000000000000000000, -2.171879351934104866E-18, 0.000000000000000000 ) ) ;
#899 = DIRECTION ( 'NONE',  ( 1.000000000000000000, 0.000000000000000000, 0.000000000000000000 ) ) ;
#900 = ORIENTED_EDGE ( 'NONE', *, *, #1243, .F. ) ;
#901 = FACE_OUTER_BOUND ( 'NONE', #1099, .T. ) ;
#902 = ORIENTED_EDGE ( 'NONE', *, *, #946, .F. ) ;
#903 = DIRECTION ( 'NONE',  ( 1.000000000000000000, 0.000000000000000000, 0.000000000000000000 ) ) ;
#904 = EDGE_CURVE ( 'NONE', #682, #1021, #41, .T. ) ;
#905 = CARTESIAN_POINT ( 'NONE',  ( 1.449999999999999956, 0.000000000000000000, 0.04000000000000000083 ) ) ;
#906 = PRESENTATION_LAYER_ASSIGNMENT (  '', '', ( #100 ) ) ;
#907 = CARTESIAN_POINT ( 'NONE',  ( 0.2999999999999999889, 0.1752417469625999757, 0.7600000000000000089 ) ) ;
#908 = ORIENTED_EDGE ( 'NONE', *, *, #468, .F. ) ;
#909 = AXIS2_PLACEMENT_3D ( 'NONE', #421, #743, #216 ) ;
#910 = CARTESIAN_POINT ( 'NONE',  ( 1.247679501874893848, 0.7500000000000000000, 0.06384797166951050595 ) ) ;
#911 =( GEOMETRIC_REPRESENTATION_CONTEXT ( 3 ) GLOBAL_UNCERTAINTY_ASSIGNED_CONTEXT ( ( #97 ) ) GLOBAL_UNIT_ASSIGNED_CONTEXT ( ( #170, #1158, #1059 ) ) REPRESENTATION_CONTEXT ( 'NONE', 'WORKASPACE' ) );
#912 = ORIENTED_EDGE ( 'NONE', *, *, #904, .F. ) ;
#913 = CARTESIAN_POINT ( 'NONE',  ( 1.449999999999999956, 0.000000000000000000, 0.7600000000000000089 ) ) ;
#914 = VECTOR ( 'NONE', #1305, 1000.000000000000000 ) ;
#915 = CARTESIAN_POINT ( 'NONE',  ( 1.449999999999999956, 0.02000000000000000042, 0.7600000000000000089 ) ) ;
#916 = DIRECTION ( 'NONE',  ( 0.000000000000000000, 0.000000000000000000, 1.000000000000000000 ) ) ;
#917 = ORIENTED_EDGE ( 'NONE', *, *, #143, .F. ) ;
#918 = LINE ( 'NONE', #384, #1029 ) ;
#919 = EDGE_LOOP ( 'NONE', ( #604, #1061 ) ) ;
#920 = CARTESIAN_POINT ( 'NONE',  ( 0.2000000000000000111, 0.2500000000000000000, 0.8000000000000000444 ) ) ;
#921 = ORIENTED_EDGE ( 'NONE', *, *, #1401, .T. ) ;
#922 = EDGE_CURVE ( 'NONE', #1221, #478, #1354, .T. ) ;
#923 = DIRECTION ( 'NONE',  ( 0.000000000000000000, 0.000000000000000000, -1.000000000000000000 ) ) ;
#924 = VERTEX_POINT ( 'NONE', #1141 ) ;
#925 = FACE_OUTER_BOUND ( 'NONE', #649, .T. ) ;
#926 = ORIENTED_EDGE ( 'NONE', *, *, #237, .T. ) ;
#927 = VECTOR ( 'NONE', #1106, 1000.000000000000000 ) ;
#928 = CARTESIAN_POINT ( 'NONE',  ( 1.580000000000000071, 0.02000000000000000042, 0.8000000000000000444 ) ) ;
#929 = EDGE_CURVE ( 'NONE', #713, #279, #479, .T. ) ;
#930 = ORIENTED_EDGE ( 'NONE', *, *, #781, .F. ) ;
#931 = AXIS2_PLACEMENT_3D ( 'NONE', #858, #754, #741 ) ;
#932 = CARTESIAN_POINT ( 'NONE',  ( 0.1499999999999999944, 0.1752417469625999757, 0.000000000000000000 ) ) ;
#933 = MECHANICAL_DESIGN_GEOMETRIC_PRESENTATION_REPRESENTATION (  '', ( #723 ), #1072 ) ;
#934 = VECTOR ( 'NONE', #1065, 1000.000000000000000 ) ;
#935 = SHAPE_DEFINITION_REPRESENTATION ( #855, #594 ) ;
#936 = ORIENTED_EDGE ( 'NONE', *, *, #751, .T. ) ;
#937 = PLANE ( 'NONE',  #1301 ) ;
#938 = ORIENTED_EDGE ( 'NONE', *, *, #35, .F. ) ;
#939 = CARTESIAN_POINT ( 'NONE',  ( 1.300733428222030863, 0.7499999999999990008, 0.7361520283304887613 ) ) ;
#940 = EDGE_CURVE ( 'NONE', #618, #302, #918, .T. ) ;
#941 = VERTEX_POINT ( 'NONE', #249 ) ;
#942 = DIRECTION ( 'NONE',  ( 1.000000000000000000, 2.171879351934104866E-18, 0.000000000000000000 ) ) ;
#943 = ORIENTED_EDGE ( 'NONE', *, *, #1184, .T. ) ;
#944 = CARTESIAN_POINT ( 'NONE',  ( 0.5318518518518520199, 0.02050000000000000086, 0.8000000000000000444 ) ) ;
#945 = VERTEX_POINT ( 'NONE', #687 ) ;
#946 = EDGE_CURVE ( 'NONE', #186, #513, #171, .T. ) ;
#947 = ORIENTED_EDGE ( 'NONE', *, *, #922, .F. ) ;
#948 = FACE_OUTER_BOUND ( 'NONE', #735, .T. ) ;
#949 = ORIENTED_EDGE ( 'NONE', *, *, #680, .F. ) ;
#950 = DIRECTION ( 'NONE',  ( 2.171879351934104866E-18, -1.000000000000000000, 0.000000000000000000 ) ) ;
#951 = AXIS2_PLACEMENT_3D ( 'NONE', #173, #34, #1050 ) ;
#952 = CARTESIAN_POINT ( 'NONE',  ( 0.000000000000000000, 0.000000000000000000, 0.8000000000000000444 ) ) ;
#953 = VECTOR ( 'NONE', #848, 1000.000000000000000 ) ;
#954 = AXIS2_PLACEMENT_3D ( 'NONE', #1421, #1215, #239 ) ;
#955 = ORIENTED_EDGE ( 'NONE', *, *, #518, .F. ) ;
#956 = DIRECTION ( 'NONE',  ( 0.000000000000000000, 0.000000000000000000, 1.000000000000000000 ) ) ;
#957 = LINE ( 'NONE', #411, #290 ) ;
#958 = ORIENTED_EDGE ( 'NONE', *, *, #446, .F. ) ;
#959 = DIRECTION ( 'NONE',  ( 1.000000000000000000, 0.000000000000000000, 1.355252715606880049E-16 ) ) ;
#960 = UNCERTAINTY_MEASURE_WITH_UNIT (LENGTH_MEASURE( 1.000000000000000082E-05 ), #540, 'distance_accuracy_value', 'NONE');
#961 = CARTESIAN_POINT ( 'NONE',  ( 0.02000000000000000042, 0.2300000000000000100, 0.8000000000000000444 ) ) ;
#962 = VERTEX_POINT ( 'NONE', #50 ) ;
#963 = DIRECTION ( 'NONE',  ( 1.000000000000000000, 0.000000000000000000, 0.000000000000000000 ) ) ;
#964 = LINE ( 'NONE', #310, #1252 ) ;
#965 = EDGE_CURVE ( 'NONE', #774, #941, #712, .T. ) ;
#966 = ORIENTED_EDGE ( 'NONE', *, *, #187, .F. ) ;
#967 = LINE ( 'NONE', #524, #1051 ) ;
#968 = DIRECTION ( 'NONE',  ( 0.000000000000000000, 0.000000000000000000, 1.000000000000000000 ) ) ;
#969 = DIRECTION ( 'NONE',  ( 0.1209742911513548291, -0.9852565360152931717, 0.1209742911513548291 ) ) ;
#970 = DIRECTION ( 'NONE',  ( -0.1209742911513548291, -0.9852565360152931717, -0.1209742911513548291 ) ) ;
#971 = CARTESIAN_POINT ( 'NONE',  ( 1.449999999999999956, 0.000000000000000000, 0.7600000000000000089 ) ) ;
#972 = EDGE_CURVE ( 'NONE', #401, #669, #582, .T. ) ;
#973 = CARTESIAN_POINT ( 'NONE',  ( 1.600000000000000089, 0.000000000000000000, 0.8000000000000000444 ) ) ;
#974 = VECTOR ( 'NONE', #1304, 1000.000000000000000 ) ;
#975 = UNCERTAINTY_MEASURE_WITH_UNIT (LENGTH_MEASURE( 1.000000000000000082E-05 ), #231, 'distance_accuracy_value', 'NONE');
#976 = VECTOR ( 'NONE', #1116, 1000.000000000000000 ) ;
#977 = SURFACE_STYLE_USAGE ( .BOTH. , #534 ) ;
#978 = DIRECTION ( 'NONE',  ( -3.388131789017200124E-17, 7.646297418529349120E-34, -1.000000000000000000 ) ) ;
#979 = VECTOR ( 'NONE', #872, 1000.000000000000000 ) ;
#980 = VECTOR ( 'NONE', #304, 1000.000000000000000 ) ;
#981 = LINE ( 'NONE', #432, #1347 ) ;
#982 = FILL_AREA_STYLE ('',( #213 ) ) ;
#983 =( GEOMETRIC_REPRESENTATION_CONTEXT ( 3 ) GLOBAL_UNCERTAINTY_ASSIGNED_CONTEXT ( ( #975 ) ) GLOBAL_UNIT_ASSIGNED_CONTEXT ( ( #231, #1227, #819 ) ) REPRESENTATION_CONTEXT ( 'NONE', 'WORKASPACE' ) );
#984 = ORIENTED_EDGE ( 'NONE', *, *, #167, .T. ) ;
#985 = ADVANCED_FACE ( 'NONE', ( #32 ), #1373, .T. ) ;
#986 = EDGE_CURVE ( 'NONE', #945, #159, #1035, .T. ) ;
#987 = CARTESIAN_POINT ( 'NONE',  ( 0.02000000000000000042, 0.02000000000000000042, 0.8000000000000000444 ) ) ;
#988 = DIRECTION ( 'NONE',  ( 0.000000000000000000, 0.000000000000000000, -1.000000000000000000 ) ) ;
#989 = PLANE ( 'NONE',  #954 ) ;
#990 = FILL_AREA_STYLE_COLOUR ( '', #80 ) ;
#991 = UNCERTAINTY_MEASURE_WITH_UNIT (LENGTH_MEASURE( 1.000000000000000082E-05 ), #817, 'distance_accuracy_value', 'NONE');
#992 = ORIENTED_EDGE ( 'NONE', *, *, #137, .F. ) ;
#993 = DIRECTION ( 'NONE',  ( 0.000000000000000000, 0.000000000000000000, -1.000000000000000000 ) ) ;
#994 = FACE_OUTER_BOUND ( 'NONE', #1055, .T. ) ;
#995 = EDGE_CURVE ( 'NONE', #1231, #385, #46, .T. ) ;
#996 = ORIENTED_EDGE ( 'NONE', *, *, #86, .F. ) ;
#997 = DIRECTION ( 'NONE',  ( 0.000000000000000000, 0.000000000000000000, -1.000000000000000000 ) ) ;
#998 = DIRECTION ( 'NONE',  ( -1.000000000000000000, 0.000000000000000000, 0.000000000000000000 ) ) ;
#999 = PRODUCT_RELATED_PRODUCT_CATEGORY ( 'part', '', ( #282 ) ) ;
#1000 = ORIENTED_EDGE ( 'NONE', *, *, #1105, .T. ) ;
#1001 = PLANE ( 'NONE',  #1093 ) ;
#1002 = VECTOR ( 'NONE', #308, 1000.000000000000000 ) ;
#1003 = LINE ( 'NONE', #244, #53 ) ;
#1004 = ADVANCED_FACE ( 'NONE', ( #500 ), #937, .F. ) ;
#1005 = DIRECTION ( 'NONE',  ( 0.000000000000000000, -1.000000000000000000, 0.000000000000000000 ) ) ;
#1006 = VERTEX_POINT ( 'NONE', #1359 ) ;
#1007 = CARTESIAN_POINT ( 'NONE',  ( 0.1499999999999999944, 0.000000000000000000, 0.04000000000000000083 ) ) ;
#1008 = VECTOR ( 'NONE', #734, 1000.000000000000000 ) ;
#1009 = VECTOR ( 'NONE', #663, 1000.000000000000000 ) ;
#1010 = SURFACE_STYLE_FILL_AREA ( #794 ) ;
#1011 = ORIENTED_EDGE ( 'NONE', *, *, #1165, .F. ) ;
#1012 = DIRECTION ( 'NONE',  ( 2.171879351934104866E-18, -1.000000000000000000, 0.000000000000000000 ) ) ;
#1013 = CARTESIAN_POINT ( 'NONE',  ( 0.000000000000000000, 0.000000000000000000, 0.8000000000000000444 ) ) ;
#1014 =( NAMED_UNIT ( * ) PLANE_ANGLE_UNIT ( ) SI_UNIT ( $, .RADIAN. ) );
#1015 = ORIENTED_EDGE ( 'NONE', *, *, #149, .T. ) ;
#1016 = CARTESIAN_POINT ( 'NONE',  ( 1.580000000000000071, 0.02000000000000000042, 0.8000000000000000444 ) ) ;
#1017 = DIRECTION ( 'NONE',  ( 1.000000000000000000, 0.000000000000000000, 0.000000000000000000 ) ) ;
#1018 = EDGE_CURVE ( 'NONE', #1166, #375, #164, .T. ) ;
#1019 = ORIENTED_EDGE ( 'NONE', *, *, #1327, .T. ) ;
#1020 = CARTESIAN_POINT ( 'NONE',  ( 0.2595315301299634392, 0.7148454047658259203, 0.05953153012996322685 ) ) ;
#1021 = VERTEX_POINT ( 'NONE', #77 ) ;
#1022 = CARTESIAN_POINT ( 'NONE',  ( 1.449999999999999956, 0.02000000000000000042, 0.04000000000000000083 ) ) ;
#1023 = EDGE_CURVE ( 'NONE', #1228, #787, #537, .T. ) ;
#1024 = ORIENTED_EDGE ( 'NONE', *, *, #528, .T. ) ;
#1025 = CARTESIAN_POINT ( 'NONE',  ( 1.580000000000000071, 0.2300000000000000100, 0.8000000000000000444 ) ) ;
#1026 = LINE ( 'NONE', #1126, #423 ) ;
#1027 = ORIENTED_EDGE ( 'NONE', *, *, #1256, .T. ) ;
#1028 = DIRECTION ( 'NONE',  ( 1.000000000000000000, 0.000000000000000000, 0.000000000000000000 ) ) ;
#1029 = VECTOR ( 'NONE', #699, 1000.000000000000000 ) ;
#1030 = AXIS2_PLACEMENT_3D ( 'NONE', #1310, #1194, #963 ) ;
#1031 = ORIENTED_EDGE ( 'NONE', *, *, #343, .F. ) ;
#1032 = CARTESIAN_POINT ( 'NONE',  ( 0.5318518518518520199, 0.02099999999999999784, 0.8000000000000000444 ) ) ;
#1033 = ADVANCED_FACE ( 'NONE', ( #948 ), #725, .F. ) ;
#1034 = VERTEX_POINT ( 'NONE', #619 ) ;
#1035 = LINE ( 'NONE', #910, #570 ) ;
#1036 = ORIENTED_EDGE ( 'NONE', *, *, #446, .T. ) ;
#1037 = DIRECTION ( 'NONE',  ( -0.000000000000000000, 1.000000000000000000, 0.000000000000000000 ) ) ;
#1038 = PLANE ( 'NONE',  #541 ) ;
#1039 = EDGE_CURVE ( 'NONE', #159, #234, #1382, .T. ) ;
#1040 = DIRECTION ( 'NONE',  ( 0.000000000000000000, 0.000000000000000000, 1.000000000000000000 ) ) ;
#1041 = VERTEX_POINT ( 'NONE', #842 ) ;
#1042 = DIRECTION ( 'NONE',  ( 0.000000000000000000, 0.000000000000000000, -1.000000000000000000 ) ) ;
#1043 = ORIENTED_EDGE ( 'NONE', *, *, #44, .F. ) ;
#1044 = LINE ( 'NONE', #1362, #178 ) ;
#1045 = ORIENTED_EDGE ( 'NONE', *, *, #965, .T. ) ;
#1046 = LINE ( 'NONE', #1260, #221 ) ;
#1047 = EDGE_CURVE ( 'NONE', #704, #1324, #179, .T. ) ;
#1048 = ORIENTED_EDGE ( 'NONE', *, *, #114, .T. ) ;
#1049 = VECTOR ( 'NONE', #1190, 1000.000000000000000 ) ;
#1050 = DIRECTION ( 'NONE',  ( 0.000000000000000000, 0.000000000000000000, -1.000000000000000000 ) ) ;
#1051 = VECTOR ( 'NONE', #1057, 1000.000000000000000 ) ;
#1052 = MECHANICAL_DESIGN_GEOMETRIC_PRESENTATION_REPRESENTATION (  '', ( #866 ), #983 ) ;
#1053 = ORIENTED_EDGE ( 'NONE', *, *, #502, .T. ) ;
#1054 = CARTESIAN_POINT ( 'NONE',  ( 1.300000000000000044, 0.000000000000000000, 0.04000000000000000083 ) ) ;
#1055 = EDGE_LOOP ( 'NONE', ( #1340, #826, #730, #958, #796, #1238, #902, #60 ) ) ;
#1056 = ADVANCED_FACE ( 'NONE', ( #615 ), #70, .T. ) ;
#1057 = DIRECTION ( 'NONE',  ( 0.000000000000000000, -1.000000000000000000, 0.000000000000000000 ) ) ;
#1058 = ORIENTED_EDGE ( 'NONE', *, *, #708, .F. ) ;
#1059 =( NAMED_UNIT ( * ) SI_UNIT ( $, .STERADIAN. ) SOLID_ANGLE_UNIT ( ) );
#1060 = CARTESIAN_POINT ( 'NONE',  ( 0.2000000000000000111, 0.7500000000000000000, 0.06384797166951050595 ) ) ;
#1061 = ORIENTED_EDGE ( 'NONE', *, *, #1264, .F. ) ;
#1062 = DIRECTION ( 'NONE',  ( 0.6286622330967569505, 1.365378523403631604E-18, 0.7776784661270998988 ) ) ;
#1063 = CARTESIAN_POINT ( 'NONE',  ( 0.02000000000000000042, 0.02000000000000000042, 0.000000000000000000 ) ) ;
#1064 = ORIENTED_EDGE ( 'NONE', *, *, #1408, .T. ) ;
#1065 = DIRECTION ( 'NONE',  ( 2.171879351934104866E-18, -1.000000000000000000, 0.000000000000000000 ) ) ;
#1066 = LINE ( 'NONE', #833, #180 ) ;
#1067 = VECTOR ( 'NONE', #1314, 1000.000000000000000 ) ;
#1068 = EDGE_LOOP ( 'NONE', ( #862, #1133, #418, #829 ) ) ;
#1069 = LINE ( 'NONE', #1182, #1119 ) ;
#1070 = AXIS2_PLACEMENT_3D ( 'NONE', #285, #1151, #719 ) ;
#1071 = DIRECTION ( 'NONE',  ( 0.000000000000000000, 0.000000000000000000, -1.000000000000000000 ) ) ;
#1072 =( GEOMETRIC_REPRESENTATION_CONTEXT ( 3 ) GLOBAL_UNCERTAINTY_ASSIGNED_CONTEXT ( ( #860 ) ) GLOBAL_UNIT_ASSIGNED_CONTEXT ( ( #439, #128, #340 ) ) REPRESENTATION_CONTEXT ( 'NONE', 'WORKASPACE' ) );
#1073 = CARTESIAN_POINT ( 'NONE',  ( 1.580000000000000071, 0.2300000000000000100, 0.8000000000000000444 ) ) ;
#1074 = EDGE_CURVE ( 'NONE', #478, #1241, #1392, .T. ) ;
#1075 = CARTESIAN_POINT ( 'NONE',  ( 0.000000000000000000, 0.2500000000000000000, 0.8000000000000000444 ) ) ;
#1076 = CARTESIAN_POINT ( 'NONE',  ( 0.02000000000000000042, 0.02000000000000000042, 0.000000000000000000 ) ) ;
#1077 = VERTEX_POINT ( 'NONE', #1054 ) ;
#1078 = CARTESIAN_POINT ( 'NONE',  ( 1.346934117039027878, 0.6621869343405150099, 0.7469341170390270124 ) ) ;
#1079 =( BOUNDED_CURVE ( )  B_SPLINE_CURVE ( 3, ( #659, #335, #359, #797 ),
 .UNSPECIFIED., .F., .T. ) 
 B_SPLINE_CURVE_WITH_KNOTS ( ( 4, 4 ),
 ( 3.141592653589795336, 4.590215932745079996 ),
 .UNSPECIFIED. ) 
 CURVE ( )  GEOMETRIC_REPRESENTATION_ITEM ( )  RATIONAL_B_SPLINE_CURVE ( ( 1.000000000000000000, 0.8326371471926690138, 0.8326371471926690138, 1.000000000000000000 ) ) 
 REPRESENTATION_ITEM ( '' )  );
#1080 = DIRECTION ( 'NONE',  ( -0.000000000000000000, 1.000000000000000000, 0.000000000000000000 ) ) ;
#1081 = EDGE_CURVE ( 'NONE', #787, #1248, #1405, .T. ) ;
#1082 = CARTESIAN_POINT ( 'NONE',  ( 0.5318518518518520199, 0.02050000000000000086, -1.084202172485503941E-16 ) ) ;
#1083 = DIRECTION ( 'NONE',  ( -1.000000000000000000, -1.210047067506141845E-17, 0.000000000000000000 ) ) ;
#1084 = CARTESIAN_POINT ( 'NONE',  ( 0.1499999999999999944, 0.02000000000000000042, 4.569456043828150813E-34 ) ) ;
#1085 =( NAMED_UNIT ( * ) PLANE_ANGLE_UNIT ( ) SI_UNIT ( $, .RADIAN. ) );
#1086 = ORIENTED_EDGE ( 'NONE', *, *, #352, .F. ) ;
#1087 = CARTESIAN_POINT ( 'NONE',  ( 0.02000000000000000042, 0.02000000000000000042, 0.000000000000000000 ) ) ;
#1088 = CARTESIAN_POINT ( 'NONE',  ( 1.580000000000000071, 0.2300000000000000100, 0.000000000000000000 ) ) ;
#1089 = DIRECTION ( 'NONE',  ( 0.000000000000000000, 0.000000000000000000, 1.000000000000000000 ) ) ;
#1090 = EDGE_CURVE ( 'NONE', #451, #941, #64, .T. ) ;
#1091 = ORIENTED_EDGE ( 'NONE', *, *, #370, .T. ) ;
#1092 = LINE ( 'NONE', #408, #496 ) ;
#1093 = AXIS2_PLACEMENT_3D ( 'NONE', #145, #113, #903 ) ;
#1094 = PRESENTATION_LAYER_ASSIGNMENT (  '', '', ( #723 ) ) ;
#1095 = AXIS2_PLACEMENT_3D ( 'NONE', #233, #670, #127 ) ;
#1096 = LINE ( 'NONE', #17, #292 ) ;
#1097 = PLANE ( 'NONE',  #1185 ) ;
#1098 = EDGE_CURVE ( 'NONE', #260, #130, #298, .T. ) ;
#1099 = EDGE_LOOP ( 'NONE', ( #1163, #227, #600, #921, #121, #792, #1113, #695 ) ) ;
#1100 = CARTESIAN_POINT ( 'NONE',  ( 1.399999999999999911, 0.2500000000000000000, 0.000000000000000000 ) ) ;
#1101 = ORIENTED_EDGE ( 'NONE', *, *, #342, .T. ) ;
#1102 = DIRECTION ( 'NONE',  ( -3.226792180016379485E-17, 1.000000000000000000, 0.000000000000000000 ) ) ;
#1103 = ORIENTED_EDGE ( 'NONE', *, *, #1176, .T. ) ;
#1104 = LINE ( 'NONE', #3, #569 ) ;
#1105 = EDGE_CURVE ( 'NONE', #177, #616, #192, .T. ) ;
#1106 = DIRECTION ( 'NONE',  ( -1.000000000000000000, 0.000000000000000000, 0.000000000000000000 ) ) ;
#1107 = EDGE_CURVE ( 'NONE', #396, #350, #957, .T. ) ;
#1108 = DIRECTION ( 'NONE',  ( 0.7776784661270998988, 5.324976241274158594E-18, 0.6286622330967570615 ) ) ;
#1109 = ORIENTED_EDGE ( 'NONE', *, *, #196, .F. ) ;
#1110 = FACE_OUTER_BOUND ( 'NONE', #1210, .T. ) ;
#1111 = EDGE_CURVE ( 'NONE', #1324, #618, #1173, .T. ) ;
#1112 = CARTESIAN_POINT ( 'NONE',  ( 1.600000000000000089, 0.000000000000000000, 0.000000000000000000 ) ) ;
#1113 = ORIENTED_EDGE ( 'NONE', *, *, #492, .T. ) ;
#1114 = DIRECTION ( 'NONE',  ( -0.000000000000000000, 1.000000000000000000, 0.000000000000000000 ) ) ;
#1115 = VECTOR ( 'NONE', #750, 1000.000000000000000 ) ;
#1116 = DIRECTION ( 'NONE',  ( 0.000000000000000000, -1.000000000000000000, 0.000000000000000000 ) ) ;
#1117 = EDGE_CURVE ( 'NONE', #260, #297, #625, .T. ) ;
#1118 = LINE ( 'NONE', #766, #593 ) ;
#1119 = VECTOR ( 'NONE', #295, 1000.000000000000000 ) ;
#1120 = ORIENTED_EDGE ( 'NONE', *, *, #1146, .F. ) ;
#1121 = AXIS2_PLACEMENT_3D ( 'NONE', #447, #998, #786 ) ;
#1122 = VECTOR ( 'NONE', #970, 1000.000000000000000 ) ;
#1123 = PLANE ( 'NONE',  #474 ) ;
#1124 = ORIENTED_EDGE ( 'NONE', *, *, #1074, .F. ) ;
#1125 = LINE ( 'NONE', #122, #1249 ) ;
#1126 = CARTESIAN_POINT ( 'NONE',  ( 0.2999999999999999889, 0.1752417469625999757, 0.7600000000000000089 ) ) ;
#1127 = PRESENTATION_STYLE_ASSIGNMENT (( #338 ) ) ;
#1128 = ORIENTED_EDGE ( 'NONE', *, *, #35, .T. ) ;
#1129 = CARTESIAN_POINT ( 'NONE',  ( 1.449999999999999956, 0.02000000000000000042, 0.000000000000000000 ) ) ;
#1130 = VERTEX_POINT ( 'NONE', #1376 ) ;
#1131 = CARTESIAN_POINT ( 'NONE',  ( 0.02000000000000000042, 0.2300000000000000100, 0.8000000000000000444 ) ) ;
#1132 = DIRECTION ( 'NONE',  ( 0.000000000000000000, -1.000000000000000000, 0.000000000000000000 ) ) ;
#1133 = ORIENTED_EDGE ( 'NONE', *, *, #1023, .F. ) ;
#1134 =( BOUNDED_CURVE ( )  B_SPLINE_CURVE ( 3, ( #123, #1020, #1351, #1329 ),
 .UNSPECIFIED., .F., .T. ) 
 B_SPLINE_CURVE_WITH_KNOTS ( ( 4, 4 ),
 ( 4.834562028024289582, 6.283185307179590673 ),
 .UNSPECIFIED. ) 
 CURVE ( )  GEOMETRIC_REPRESENTATION_ITEM ( )  RATIONAL_B_SPLINE_CURVE ( ( 1.000000000000000000, 0.8326371471926690138, 0.8326371471926690138, 1.000000000000000000 ) ) 
 REPRESENTATION_ITEM ( '' )  );
#1135 = CARTESIAN_POINT ( 'NONE',  ( 0.1499999999999999944, 0.000000000000000000, 0.000000000000000000 ) ) ;
#1136 = EDGE_LOOP ( 'NONE', ( #2, #254, #486, #390 ) ) ;
#1137 = PLANE ( 'NONE',  #332 ) ;
#1138 = SURFACE_SIDE_STYLE ('',( #259 ) ) ;
#1139 = ORIENTED_EDGE ( 'NONE', *, *, #1315, .T. ) ;
#1140 =( GEOMETRIC_REPRESENTATION_CONTEXT ( 3 ) GLOBAL_UNCERTAINTY_ASSIGNED_CONTEXT ( ( #960 ) ) GLOBAL_UNIT_ASSIGNED_CONTEXT ( ( #540, #1085, #516 ) ) REPRESENTATION_CONTEXT ( 'NONE', 'WORKASPACE' ) );
#1141 = CARTESIAN_POINT ( 'NONE',  ( 1.399999999999999911, 0.2500000000000000000, 0.8000000000000000444 ) ) ;
#1142 = VECTOR ( 'NONE', #19, 1000.000000000000000 ) ;
#1143 = AXIS2_PLACEMENT_3D ( 'NONE', #1323, #899, #1337 ) ;
#1144 = VERTEX_POINT ( 'NONE', #530 ) ;
#1145 = FACE_OUTER_BOUND ( 'NONE', #806, .T. ) ;
#1146 = EDGE_CURVE ( 'NONE', #467, #803, #1066, .T. ) ;
#1147 = EDGE_LOOP ( 'NONE', ( #782, #1375, #1258, #1312 ) ) ;
#1148 = EDGE_CURVE ( 'NONE', #234, #768, #1273, .T. ) ;
#1149 = DIRECTION ( 'NONE',  ( -1.000000000000000000, -1.210047067506141845E-17, 0.000000000000000000 ) ) ;
#1150 = EDGE_LOOP ( 'NONE', ( #697, #54, #576, #363 ) ) ;
#1151 = DIRECTION ( 'NONE',  ( -1.000000000000000000, 0.000000000000000000, 0.000000000000000000 ) ) ;
#1152 = ORIENTED_EDGE ( 'NONE', *, *, #509, .T. ) ;
#1153 = DIRECTION ( 'NONE',  ( 0.000000000000000000, -1.000000000000000000, 0.000000000000000000 ) ) ;
#1154 = ORIENTED_EDGE ( 'NONE', *, *, #1107, .T. ) ;
#1155 = LINE ( 'NONE', #714, #472 ) ;
#1156 = DIRECTION ( 'NONE',  ( 0.000000000000000000, 0.000000000000000000, -1.000000000000000000 ) ) ;
#1157 = ORIENTED_EDGE ( 'NONE', *, *, #940, .F. ) ;
#1158 =( NAMED_UNIT ( * ) PLANE_ANGLE_UNIT ( ) SI_UNIT ( $, .RADIAN. ) );
#1159 = DIRECTION ( 'NONE',  ( -1.000000000000000000, 0.000000000000000000, 0.000000000000000000 ) ) ;
#1160 = ORIENTED_EDGE ( 'NONE', *, *, #773, .T. ) ;
#1161 = PLANE ( 'NONE',  #55 ) ;
#1162 = CARTESIAN_POINT ( 'NONE',  ( 1.580000000000000071, 0.02000000000000000042, 0.8000000000000000444 ) ) ;
#1163 = ORIENTED_EDGE ( 'NONE', *, *, #1074, .T. ) ;
#1164 = CARTESIAN_POINT ( 'NONE',  ( 0.02000000000000000042, 0.02000000000000000042, 0.000000000000000000 ) ) ;
#1165 = EDGE_CURVE ( 'NONE', #740, #1324, #739, .T. ) ;
#1166 = VERTEX_POINT ( 'NONE', #634 ) ;
#1167 =( BOUNDED_CURVE ( )  B_SPLINE_CURVE ( 3, ( #514, #66, #508, #1298 ),
 .UNSPECIFIED., .F., .T. ) 
 B_SPLINE_CURVE_WITH_KNOTS ( ( 4, 4 ),
 ( 3.141592653589795336, 4.590215932745079996 ),
 .UNSPECIFIED. ) 
 CURVE ( )  GEOMETRIC_REPRESENTATION_ITEM ( )  RATIONAL_B_SPLINE_CURVE ( ( 1.000000000000000000, 0.8326371471926690138, 0.8326371471926690138, 1.000000000000000000 ) ) 
 REPRESENTATION_ITEM ( '' )  );
#1168 = CARTESIAN_POINT ( 'NONE',  ( 0.000000000000000000, 0.000000000000000000, 0.8000000000000000444 ) ) ;
#1169 = ORIENTED_EDGE ( 'NONE', *, *, #1117, .F. ) ;
#1170 = DIRECTION ( 'NONE',  ( 1.000000000000000000, 0.000000000000000000, 0.000000000000000000 ) ) ;
#1171 = ORIENTED_EDGE ( 'NONE', *, *, #1184, .F. ) ;
#1172 = DIRECTION ( 'NONE',  ( -1.355252715606880049E-16, 0.000000000000000000, -1.000000000000000000 ) ) ;
#1173 = LINE ( 'NONE', #1164, #1367 ) ;
#1174 = VERTEX_POINT ( 'NONE', #1076 ) ;
#1175 = DIRECTION ( 'NONE',  ( 1.000000000000000000, 0.000000000000000000, 0.000000000000000000 ) ) ;
#1176 = EDGE_CURVE ( 'NONE', #262, #1166, #964, .T. ) ;
#1177 = PLANE ( 'NONE',  #1270 ) ;
#1178 = FILL_AREA_STYLE ('',( #1404 ) ) ;
#1179 = CARTESIAN_POINT ( 'NONE',  ( 0.5318518518518520199, 0.02000000000000000042, 0.8000000000000000444 ) ) ;
#1180 = VECTOR ( 'NONE', #236, 1000.000000000000000 ) ;
#1181 = EDGE_LOOP ( 'NONE', ( #893, #917, #583 ) ) ;
#1182 = CARTESIAN_POINT ( 'NONE',  ( 1.399999999999999911, 0.2500000000000000000, 0.8000000000000000444 ) ) ;
#1183 = CARTESIAN_POINT ( 'NONE',  ( 0.1499999999999999944, 0.000000000000000000, 0.8000000000000000444 ) ) ;
#1184 = EDGE_CURVE ( 'NONE', #1248, #467, #1222, .T. ) ;
#1185 = AXIS2_PLACEMENT_3D ( 'NONE', #552, #1, #1102 ) ;
#1186 = VECTOR ( 'NONE', #199, 1000.000000000000000 ) ;
#1187 = DIRECTION ( 'NONE',  ( 1.000000000000000000, 0.000000000000000000, 0.000000000000000000 ) ) ;
#1188 = PLANE ( 'NONE',  #747 ) ;
#1189 = DIRECTION ( 'NONE',  ( 1.000000000000000000, 0.000000000000000000, 0.000000000000000000 ) ) ;
#1190 = DIRECTION ( 'NONE',  ( 1.355252715606891981E-15, 2.943445389679229850E-33, 1.000000000000000000 ) ) ;
#1191 = CARTESIAN_POINT ( 'NONE',  ( 1.580000000000000071, 0.2300000000000000100, 0.000000000000000000 ) ) ;
#1192 = LINE ( 'NONE', #764, #1067 ) ;
#1193 = EDGE_CURVE ( 'NONE', #941, #186, #1325, .T. ) ;
#1194 = DIRECTION ( 'NONE',  ( -0.000000000000000000, 0.1218693434051476010, 0.9925461516413219831 ) ) ;
#1195 = CARTESIAN_POINT ( 'NONE',  ( 0.000000000000000000, 0.000000000000000000, 0.8000000000000000444 ) ) ;
#1196 = CARTESIAN_POINT ( 'NONE',  ( 1.449999999999999956, 0.1752417469625999757, 0.04000000000000000083 ) ) ;
#1197 = ORIENTED_EDGE ( 'NONE', *, *, #436, .T. ) ;
#1198 = DIRECTION ( 'NONE',  ( 1.000000000000000000, 0.000000000000000000, 0.000000000000000000 ) ) ;
#1199 = CARTESIAN_POINT ( 'NONE',  ( 1.580000000000000071, 0.02000000000000000042, 0.000000000000000000 ) ) ;
#1200 = EDGE_CURVE ( 'NONE', #394, #401, #1096, .T. ) ;
#1201 = DIRECTION ( 'NONE',  ( -1.000000000000000000, 2.710505431213760296E-15, 0.000000000000000000 ) ) ;
#1202 = ORIENTED_EDGE ( 'NONE', *, *, #316, .T. ) ;
#1203 = DIRECTION ( 'NONE',  ( 1.000000000000000000, 0.000000000000000000, 0.000000000000000000 ) ) ;
#1204 = LINE ( 'NONE', #225, #812 ) ;
#1205 = AXIS2_PLACEMENT_3D ( 'NONE', #587, #490, #1230 ) ;
#1206 =( LENGTH_UNIT ( ) NAMED_UNIT ( * ) SI_UNIT ( .MILLI., .METRE. ) );
#1207 = ORIENTED_EDGE ( 'NONE', *, *, #492, .F. ) ;
#1208 = EDGE_CURVE ( 'NONE', #1021, #184, #545, .T. ) ;
#1209 = LINE ( 'NONE', #138, #1385 ) ;
#1210 = EDGE_LOOP ( 'NONE', ( #1036, #217, #1377, #1154, #1372, #984, #1399, #1380 ) ) ;
#1211 = CARTESIAN_POINT ( 'NONE',  ( 0.1499999999999999944, 0.02000000000000000042, 0.04000000000000000083 ) ) ;
#1212 = CARTESIAN_POINT ( 'NONE',  ( 1.026666666666665950, 0.02000000000000000042, 0.4000000000000000222 ) ) ;
#1213 = LINE ( 'NONE', #1330, #404 ) ;
#1214 = ORIENTED_EDGE ( 'NONE', *, *, #896, .F. ) ;
#1215 = DIRECTION ( 'NONE',  ( 0.000000000000000000, -1.000000000000000000, 0.000000000000000000 ) ) ;
#1216 = LINE ( 'NONE', #546, #382 ) ;
#1217 = EDGE_LOOP ( 'NONE', ( #1011, #1355, #354, #626 ) ) ;
#1218 = PLANE ( 'NONE',  #701 ) ;
#1219 = ADVANCED_FACE ( 'NONE', ( #119 ), #989, .F. ) ;
#1220 = DIRECTION ( 'NONE',  ( -0.000000000000000000, 1.000000000000000000, 0.000000000000000000 ) ) ;
#1221 = VERTEX_POINT ( 'NONE', #1016 ) ;
#1222 = LINE ( 'NONE', #101, #1303 ) ;
#1223 = CARTESIAN_POINT ( 'NONE',  ( 0.2000000000000000111, 0.2300000000000000100, 0.000000000000000000 ) ) ;
#1224 = ORIENTED_EDGE ( 'NONE', *, *, #564, .T. ) ;
#1225 = CARTESIAN_POINT ( 'NONE',  ( 1.346934117039027878, 0.6621869343405150099, 0.05306588296097269897 ) ) ;
#1226 = DIRECTION ( 'NONE',  ( -0.7776784661270998988, -5.324976241274158594E-18, 0.6286622330967570615 ) ) ;
#1227 =( NAMED_UNIT ( * ) PLANE_ANGLE_UNIT ( ) SI_UNIT ( $, .RADIAN. ) );
#1228 = VERTEX_POINT ( 'NONE', #438 ) ;
#1229 = AXIS2_PLACEMENT_3D ( 'NONE', #1223, #679, #463 ) ;
#1230 = DIRECTION ( 'NONE',  ( 1.000000000000000000, 0.000000000000000000, 0.000000000000000000 ) ) ;
#1231 = VERTEX_POINT ( 'NONE', #348 ) ;
#1232 = CARTESIAN_POINT ( 'NONE',  ( 0.000000000000000000, 0.000000000000000000, 0.8000000000000000444 ) ) ;
#1233 = CARTESIAN_POINT ( 'NONE',  ( 1.449999999999999956, 0.1752417469625999757, 0.7600000000000000089 ) ) ;
#1234 = DIRECTION ( 'NONE',  ( -1.000000000000000000, 0.000000000000000000, 0.000000000000000000 ) ) ;
#1235 = EDGE_LOOP ( 'NONE', ( #834, #182, #843, #936 ) ) ;
#1236 = ADVANCED_FACE ( 'NONE', ( #1110 ), #678, .F. ) ;
#1237 = CARTESIAN_POINT ( 'NONE',  ( 1.300000000000000044, 0.02000000000000000042, 0.8000000000000000444 ) ) ;
#1238 = ORIENTED_EDGE ( 'NONE', *, *, #18, .T. ) ;
#1239 = CARTESIAN_POINT ( 'NONE',  ( 0.2530658829609730431, 0.6621869343405150099, 0.7469341170390270124 ) ) ;
#1240 = FILL_AREA_STYLE_COLOUR ( '', #717 ) ;
#1241 = VERTEX_POINT ( 'NONE', #753 ) ;
#1242 = PLANE ( 'NONE',  #770 ) ;
#1243 = EDGE_CURVE ( 'NONE', #597, #297, #769, .T. ) ;
#1244 = ORIENTED_EDGE ( 'NONE', *, *, #196, .T. ) ;
#1245 = PLANE ( 'NONE',  #884 ) ;
#1246 = VECTOR ( 'NONE', #197, 1000.000000000000000 ) ;
#1247 = CARTESIAN_POINT ( 'NONE',  ( 0.000000000000000000, 0.000000000000000000, 0.000000000000000000 ) ) ;
#1248 = VERTEX_POINT ( 'NONE', #1088 ) ;
#1249 = VECTOR ( 'NONE', #1203, 1000.000000000000000 ) ;
#1250 = DIRECTION ( 'NONE',  ( 1.000000000000000000, 2.171879351934104866E-18, 1.807003620809174878E-16 ) ) ;
#1251 = AXIS2_PLACEMENT_3D ( 'NONE', #88, #1288, #642 ) ;
#1252 = VECTOR ( 'NONE', #208, 1000.000000000000000 ) ;
#1253 = ORIENTED_EDGE ( 'NONE', *, *, #57, .F. ) ;
#1254 = DIRECTION ( 'NONE',  ( 0.000000000000000000, -1.000000000000000000, 0.000000000000000000 ) ) ;
#1255 = ADVANCED_FACE ( 'NONE', ( #445 ), #457, .F. ) ;
#1256 = EDGE_CURVE ( 'NONE', #1144, #279, #425, .T. ) ;
#1257 = CARTESIAN_POINT ( 'NONE',  ( 0.000000000000000000, 0.000000000000000000, 0.000000000000000000 ) ) ;
#1258 = ORIENTED_EDGE ( 'NONE', *, *, #736, .F. ) ;
#1259 = PRESENTATION_STYLE_ASSIGNMENT (( #281 ) ) ;
#1260 = CARTESIAN_POINT ( 'NONE',  ( 1.399999999999999911, 0.2300000000000000100, 0.000000000000000000 ) ) ;
#1261 = ORIENTED_EDGE ( 'NONE', *, *, #1243, .T. ) ;
#1262 = DIRECTION ( 'NONE',  ( -1.000000000000000000, -2.171879351934104866E-18, 1.355252715606880049E-16 ) ) ;
#1263 = MANIFOLD_SOLID_BREP ( 'NONE', #129 ) ;
#1264 = EDGE_CURVE ( 'NONE', #740, #1324, #752, .T. ) ;
#1265 = EDGE_LOOP ( 'NONE', ( #857, #912, #1043, #1261 ) ) ;
#1266 = DIRECTION ( 'NONE',  ( 0.000000000000000000, -1.000000000000000000, 0.000000000000000000 ) ) ;
#1267 = ORIENTED_EDGE ( 'NONE', *, *, #1105, .F. ) ;
#1268 = FACE_OUTER_BOUND ( 'NONE', #305, .T. ) ;
#1269 = ORIENTED_EDGE ( 'NONE', *, *, #1360, .F. ) ;
#1270 = AXIS2_PLACEMENT_3D ( 'NONE', #1073, #1080, #1187 ) ;
#1271 = EDGE_CURVE ( 'NONE', #40, #1144, #319, .T. ) ;
#1272 = VECTOR ( 'NONE', #307, 1000.000000000000000 ) ;
#1273 = LINE ( 'NONE', #1398, #980 ) ;
#1274 = VECTOR ( 'NONE', #367, 1000.000000000000000 ) ;
#1275 = ORIENTED_EDGE ( 'NONE', *, *, #1098, .T. ) ;
#1276 = LINE ( 'NONE', #81, #1409 ) ;
#1277 = STYLED_ITEM ( 'NONE', ( #1420 ), #1296 ) ;
#1278 = PLANE ( 'NONE',  #909 ) ;
#1279 = EDGE_LOOP ( 'NONE', ( #849, #1053, #1086, #732, #890, #1403 ) ) ;
#1280 = DIRECTION ( 'NONE',  ( 0.000000000000000000, 0.000000000000000000, -1.000000000000000000 ) ) ;
#1281 = ADVANCED_FACE ( 'NONE', ( #1397 ), #1188, .F. ) ;
#1282 = ADVANCED_FACE ( 'NONE', ( #633 ), #87, .T. ) ;
#1283 = ORIENTED_EDGE ( 'NONE', *, *, #518, .T. ) ;
#1284 = LINE ( 'NONE', #973, #632 ) ;
#1285 = CARTESIAN_POINT ( 'NONE',  ( 1.600000000000000089, 0.000000000000000000, 0.000000000000000000 ) ) ;
#1286 = LINE ( 'NONE', #758, #1002 ) ;
#1287 = CARTESIAN_POINT ( 'NONE',  ( 1.026666666666665950, 0.02099999999999999784, 0.4000000000000000222 ) ) ;
#1288 = DIRECTION ( 'NONE',  ( 0.000000000000000000, 0.000000000000000000, -1.000000000000000000 ) ) ;
#1289 = ORIENTED_EDGE ( 'NONE', *, *, #57, .T. ) ;
#1290 = ADVANCED_FACE ( 'NONE', ( #647 ), #624, .T. ) ;
#1291 = DIRECTION ( 'NONE',  ( 0.000000000000000000, 1.000000000000000000, 0.000000000000000000 ) ) ;
#1292 = DIRECTION ( 'NONE',  ( 0.000000000000000000, 0.000000000000000000, -1.000000000000000000 ) ) ;
#1293 = PLANE ( 'NONE',  #698 ) ;
#1294 = CARTESIAN_POINT ( 'NONE',  ( 1.399999999999999911, 0.2300000000000000100, 0.8000000000000000444 ) ) ;
#1295 = VECTOR ( 'NONE', #776, 1000.000000000000000 ) ;
#1296 = MANIFOLD_SOLID_BREP ( 'NONE', #515 ) ;
#1297 = ORIENTED_EDGE ( 'NONE', *, *, #1309, .F. ) ;
#1298 = CARTESIAN_POINT ( 'NONE',  ( 0.2530658829609730431, 0.6621869343405150099, 0.7469341170390270124 ) ) ;
#1299 = AXIS2_PLACEMENT_3D ( 'NONE', #452, #351, #788 ) ;
#1300 = CARTESIAN_POINT ( 'NONE',  ( 1.580000000000000071, 0.2300000000000000100, 0.8000000000000000444 ) ) ;
#1301 = AXIS2_PLACEMENT_3D ( 'NONE', #1237, #256, #693 ) ;
#1302 = ADVANCED_FACE ( 'NONE', ( #309 ), #207, .T. ) ;
#1303 = VECTOR ( 'NONE', #654, 1000.000000000000000 ) ;
#1304 = DIRECTION ( 'NONE',  ( 0.000000000000000000, 0.000000000000000000, 1.000000000000000000 ) ) ;
#1305 = DIRECTION ( 'NONE',  ( 0.000000000000000000, -1.000000000000000000, 0.000000000000000000 ) ) ;
#1306 = LINE ( 'NONE', #320, #612 ) ;
#1307 = PLANE ( 'NONE',  #37 ) ;
#1308 = ORIENTED_EDGE ( 'NONE', *, *, #1390, .F. ) ;
#1309 = EDGE_CURVE ( 'NONE', #271, #193, #847, .T. ) ;
#1310 = CARTESIAN_POINT ( 'NONE',  ( 0.2000000000000000111, 0.2300000000000000100, 0.8000000000000000444 ) ) ;
#1311 = FACE_OUTER_BOUND ( 'NONE', #169, .T. ) ;
#1312 = ORIENTED_EDGE ( 'NONE', *, *, #1148, .F. ) ;
#1313 = CARTESIAN_POINT ( 'NONE',  ( 1.449999999999999956, 0.02000000000000000042, 0.8000000000000000444 ) ) ;
#1314 = DIRECTION ( 'NONE',  ( 0.000000000000000000, 0.000000000000000000, 1.000000000000000000 ) ) ;
#1315 = EDGE_CURVE ( 'NONE', #704, #299, #76, .T. ) ;
#1316 = CARTESIAN_POINT ( 'NONE',  ( 1.600000000000000089, 0.000000000000000000, 0.8000000000000000444 ) ) ;
#1317 = CARTESIAN_POINT ( 'NONE',  ( 0.2999999999999999889, 0.02000000000000000042, 0.04000000000000000083 ) ) ;
#1318 = VECTOR ( 'NONE', #651, 1000.000000000000000 ) ;
#1319 = ORIENTED_EDGE ( 'NONE', *, *, #1333, .T. ) ;
#1320 = PLANE ( 'NONE',  #1299 ) ;
#1321 = VECTOR ( 'NONE', #1356, 1000.000000000000000 ) ;
#1322 = DIRECTION ( 'NONE',  ( -0.1209742911513548291, -0.9852565360152931717, 0.1209742911513548291 ) ) ;
#1323 = CARTESIAN_POINT ( 'NONE',  ( 1.449999999999999956, 0.1752417469625999757, 0.8000000000000000444 ) ) ;
#1324 = VERTEX_POINT ( 'NONE', #1082 ) ;
#1325 = LINE ( 'NONE', #1007, #839 ) ;
#1326 = PLANE ( 'NONE',  #1229 ) ;
#1327 = EDGE_CURVE ( 'NONE', #471, #1231, #981, .T. ) ;
#1328 = EDGE_LOOP ( 'NONE', ( #276, #1297, #1308 ) ) ;
#1329 = CARTESIAN_POINT ( 'NONE',  ( 0.3523204981251050194, 0.7500000000000000000, 0.06384797166951050595 ) ) ;
#1330 = CARTESIAN_POINT ( 'NONE',  ( 1.600000000000000089, 0.2500000000000000000, 0.8000000000000000444 ) ) ;
#1331 = EDGE_LOOP ( 'NONE', ( #10, #840, #378, #1345 ) ) ;
#1332 = FACE_OUTER_BOUND ( 'NONE', #1235, .T. ) ;
#1333 = EDGE_CURVE ( 'NONE', #294, #1144, #303, .T. ) ;
#1334 = ORIENTED_EDGE ( 'NONE', *, *, #1343, .T. ) ;
#1335 = CARTESIAN_POINT ( 'NONE',  ( 0.2999999999999999889, 0.000000000000000000, 0.7600000000000000089 ) ) ;
#1336 = LINE ( 'NONE', #368, #793 ) ;
#1337 = DIRECTION ( 'NONE',  ( 0.000000000000000000, 1.000000000000000000, 0.000000000000000000 ) ) ;
#1338 = ORIENTED_EDGE ( 'NONE', *, *, #18, .F. ) ;
#1339 = PLANE ( 'NONE',  #1205 ) ;
#1340 = ORIENTED_EDGE ( 'NONE', *, *, #1090, .F. ) ;
#1341 = CARTESIAN_POINT ( 'NONE',  ( 0.02000000000000000042, 0.2300000000000000100, 0.000000000000000000 ) ) ;
#1342 = LINE ( 'NONE', #353, #9 ) ;
#1343 = EDGE_CURVE ( 'NONE', #1034, #385, #323, .T. ) ;
#1344 = ADVANCED_FACE ( 'NONE', ( #869 ), #424, .T. ) ;
#1345 = ORIENTED_EDGE ( 'NONE', *, *, #1148, .T. ) ;
#1346 = VECTOR ( 'NONE', #56, 1000.000000000000000 ) ;
#1347 = VECTOR ( 'NONE', #93, 1000.000000000000000 ) ;
#1348 = DIRECTION ( 'NONE',  ( 0.000000000000000000, 0.000000000000000000, -1.000000000000000000 ) ) ;
#1349 = ORIENTED_EDGE ( 'NONE', *, *, #149, .F. ) ;
#1350 = FACE_OUTER_BOUND ( 'NONE', #1353, .T. ) ;
#1351 = CARTESIAN_POINT ( 'NONE',  ( 0.2992665717779693368, 0.7499999999999990008, 0.06384797166951053371 ) ) ;
#1352 = EDGE_CURVE ( 'NONE', #756, #40, #800, .T. ) ;
#1353 = EDGE_LOOP ( 'NONE', ( #71, #1160, #89, #498 ) ) ;
#1354 = LINE ( 'NONE', #928, #39 ) ;
#1355 = ORIENTED_EDGE ( 'NONE', *, *, #1408, .F. ) ;
#1356 = DIRECTION ( 'NONE',  ( 0.000000000000000000, 0.000000000000000000, -1.000000000000000000 ) ) ;
#1357 = FACE_OUTER_BOUND ( 'NONE', #112, .T. ) ;
#1358 = ORIENTED_EDGE ( 'NONE', *, *, #940, .T. ) ;
#1359 = CARTESIAN_POINT ( 'NONE',  ( 0.1499999999999999944, 0.02000000000000000042, 0.04000000000000000083 ) ) ;
#1360 = EDGE_CURVE ( 'NONE', #523, #616, #691, .T. ) ;
#1361 = ORIENTED_EDGE ( 'NONE', *, *, #694, .F. ) ;
#1362 = CARTESIAN_POINT ( 'NONE',  ( 0.000000000000000000, 0.000000000000000000, 0.8000000000000000444 ) ) ;
#1363 = DIRECTION ( 'NONE',  ( 1.000000000000000000, 0.000000000000000000, 0.000000000000000000 ) ) ;
#1364 = VERTEX_POINT ( 'NONE', #38 ) ;
#1365 = VECTOR ( 'NONE', #823, 1000.000000000000000 ) ;
#1366 = LINE ( 'NONE', #469, #887 ) ;
#1367 = VECTOR ( 'NONE', #942, 1000.000000000000000 ) ;
#1368 = ORIENTED_EDGE ( 'NONE', *, *, #95, .T. ) ;
#1369 = ADVANCED_FACE ( 'NONE', ( #30 ), #892, .F. ) ;
#1370 = LINE ( 'NONE', #166, #448 ) ;
#1371 = CARTESIAN_POINT ( 'NONE',  ( 1.026666666666665950, 0.02099999999999999784, 0.4000000000000000222 ) ) ;
#1372 = ORIENTED_EDGE ( 'NONE', *, *, #896, .T. ) ;
#1373 = PLANE ( 'NONE',  #838 ) ;
#1374 = LINE ( 'NONE', #920, #1321 ) ;
#1375 = ORIENTED_EDGE ( 'NONE', *, *, #115, .F. ) ;
#1376 = CARTESIAN_POINT ( 'NONE',  ( 0.2999999999999999889, 0.02000000000000000042, 0.7600000000000000089 ) ) ;
#1377 = ORIENTED_EDGE ( 'NONE', *, *, #124, .T. ) ;
#1378 = PLANE ( 'NONE',  #132 ) ;
#1379 = CARTESIAN_POINT ( 'NONE',  ( 0.1499999999999999944, 0.02000000000000000042, 0.7600000000000000089 ) ) ;
#1380 = ORIENTED_EDGE ( 'NONE', *, *, #539, .T. ) ;
#1381 = STYLED_ITEM ( 'NONE', ( #550 ), #317 ) ;
#1382 = LINE ( 'NONE', #1060, #449 ) ;
#1383 = VECTOR ( 'NONE', #98, 1000.000000000000000 ) ;
#1384 = ORIENTED_EDGE ( 'NONE', *, *, #482, .T. ) ;
#1385 = VECTOR ( 'NONE', #111, 1000.000000000000000 ) ;
#1386 = CARTESIAN_POINT ( 'NONE',  ( 0.02000000000000000042, 0.02000000000000000042, 0.8000000000000000444 ) ) ;
#1387 = VECTOR ( 'NONE', #1108, 999.9999999999998863 ) ;
#1388 = LINE ( 'NONE', #526, #589 ) ;
#1389 = LINE ( 'NONE', #409, #628 ) ;
#1390 = EDGE_CURVE ( 'NONE', #1324, #271, #477, .T. ) ;
#1391 = DIRECTION ( 'NONE',  ( -1.000000000000000000, 0.000000000000000000, 0.000000000000000000 ) ) ;
#1392 = LINE ( 'NONE', #856, #402 ) ;
#1393 = EDGE_LOOP ( 'NONE', ( #1064, #665, #561, #1152, #139 ) ) ;
#1394 = PLANE ( 'NONE',  #267 ) ;
#1395 = EDGE_CURVE ( 'NONE', #375, #163, #328, .T. ) ;
#1396 = EDGE_LOOP ( 'NONE', ( #1128, #1048, #809, #1109 ) ) ;
#1397 = FACE_OUTER_BOUND ( 'NONE', #1328, .T. ) ;
#1398 = CARTESIAN_POINT ( 'NONE',  ( 0.3523204981251050194, 0.7500000000000000000, 0.7361520283304889833 ) ) ;
#1399 = ORIENTED_EDGE ( 'NONE', *, *, #1352, .T. ) ;
#1400 = FACE_OUTER_BOUND ( 'NONE', #85, .T. ) ;
#1401 = EDGE_CURVE ( 'NONE', #682, #924, #1213, .T. ) ;
#1402 = FACE_OUTER_BOUND ( 'NONE', #190, .T. ) ;
#1403 = ORIENTED_EDGE ( 'NONE', *, *, #708, .T. ) ;
#1404 = FILL_AREA_STYLE_COLOUR ( '', #59 ) ;
#1405 = LINE ( 'NONE', #746, #333 ) ;
#1406 = AXIS2_PLACEMENT_3D ( 'NONE', #1013, #1220, #252 ) ;
#1407 = DIRECTION ( 'NONE',  ( 1.000000000000000000, 0.000000000000000000, 0.000000000000000000 ) ) ;
#1408 = EDGE_CURVE ( 'NONE', #299, #740, #1118, .T. ) ;
#1409 = VECTOR ( 'NONE', #194, 1000.000000000000000 ) ;
#1410 = FILL_AREA_STYLE_COLOUR ( '', #610 ) ;
#1411 = VECTOR ( 'NONE', #283, 1000.000000000000000 ) ;
#1412 = VECTOR ( 'NONE', #779, 1000.000000000000000 ) ;
#1413 = CARTESIAN_POINT ( 'NONE',  ( 0.5318518518518520199, 0.02099999999999999784, 0.8000000000000000444 ) ) ;
#1414 = SURFACE_STYLE_FILL_AREA ( #982 ) ;
#1415 = LINE ( 'NONE', #1112, #1142 ) ;
#1416 = ORIENTED_EDGE ( 'NONE', *, *, #114, .F. ) ;
#1417 = CARTESIAN_POINT ( 'NONE',  ( 1.580000000000000071, 0.02000000000000000042, 0.000000000000000000 ) ) ;
#1418 = ADVANCED_FACE ( 'NONE', ( #883 ), #466, .F. ) ;
#1419 = LINE ( 'NONE', #854, #1318 ) ;
#1420 = PRESENTATION_STYLE_ASSIGNMENT (( #529 ) ) ;
#1421 = CARTESIAN_POINT ( 'NONE',  ( 0.000000000000000000, 0.2500000000000000000, 0.8000000000000000444 ) ) ;
ENDSEC;
END-ISO-10303-21;
