ISO-10303-21;
HEADER;
FILE_DESCRIPTION((''),'2;1');
FILE_NAME('M20-995_ASM','2013-01-03T',('wbourne'),(''),
'PRO/ENGINEER BY PARAMETRIC TECHNOLOGY CORPORATION, 2011490',
'PRO/ENGINEER BY PARAMETRIC TECHNOLOGY CORPORATION, 2011490','');
FILE_SCHEMA(('CONFIG_CONTROL_DESIGN','SHAPE_APPEARANCE_LAYERS_GROUPS'));
ENDSEC;
DATA;
#13=DIRECTION('',(-1.E0,0.E0,0.E0));
#14=VECTOR('',#13,1.54E0);
#15=CARTESIAN_POINT('',(3.31E0,0.E0,2.54E0));
#16=LINE('',#15,#14);
#17=DRAUGHTING_PRE_DEFINED_CURVE_FONT('continuous');
#18=CURVE_STYLE('',#17,POSITIVE_LENGTH_MEASURE(2.E-2),#3);
#19=PRESENTATION_STYLE_ASSIGNMENT((#18));
#20=STYLED_ITEM('',(#19),#16);
#21=DIRECTION('',(1.E0,0.E0,0.E0));
#22=VECTOR('',#21,1.54E0);
#23=CARTESIAN_POINT('',(1.77E0,0.E0,-2.54E0));
#24=LINE('',#23,#22);
#25=CURVE_STYLE('',#17,POSITIVE_LENGTH_MEASURE(2.E-2),#3);
#26=PRESENTATION_STYLE_ASSIGNMENT((#25));
#27=STYLED_ITEM('',(#26),#24);
#28=DIRECTION('',(1.E0,0.E0,0.E0));
#29=VECTOR('',#28,6.4E-1);
#30=CARTESIAN_POINT('',(2.22E0,0.E0,1.59E0));
#31=LINE('',#30,#29);
#32=CURVE_STYLE('',#17,POSITIVE_LENGTH_MEASURE(2.E-2),#3);
#33=PRESENTATION_STYLE_ASSIGNMENT((#32));
#34=STYLED_ITEM('',(#33),#31);
#35=DIRECTION('',(0.E0,0.E0,-1.E0));
#36=VECTOR('',#35,6.4E-1);
#37=CARTESIAN_POINT('',(2.86E0,0.E0,1.59E0));
#38=LINE('',#37,#36);
#39=CURVE_STYLE('',#17,POSITIVE_LENGTH_MEASURE(2.E-2),#3);
#40=PRESENTATION_STYLE_ASSIGNMENT((#39));
#41=STYLED_ITEM('',(#40),#38);
#42=DIRECTION('',(-1.E0,0.E0,0.E0));
#43=VECTOR('',#42,6.4E-1);
#44=CARTESIAN_POINT('',(2.86E0,0.E0,9.5E-1));
#45=LINE('',#44,#43);
#46=CURVE_STYLE('',#17,POSITIVE_LENGTH_MEASURE(2.E-2),#3);
#47=PRESENTATION_STYLE_ASSIGNMENT((#46));
#48=STYLED_ITEM('',(#47),#45);
#49=DIRECTION('',(0.E0,0.E0,1.E0));
#50=VECTOR('',#49,6.4E-1);
#51=CARTESIAN_POINT('',(2.22E0,0.E0,9.5E-1));
#52=LINE('',#51,#50);
#53=CURVE_STYLE('',#17,POSITIVE_LENGTH_MEASURE(2.E-2),#3);
#54=PRESENTATION_STYLE_ASSIGNMENT((#53));
#55=STYLED_ITEM('',(#54),#52);
#56=DIRECTION('',(0.E0,0.E0,-1.E0));
#57=VECTOR('',#56,6.4E-1);
#58=CARTESIAN_POINT('',(2.86E0,0.E0,-9.5E-1));
#59=LINE('',#58,#57);
#60=CURVE_STYLE('',#17,POSITIVE_LENGTH_MEASURE(2.E-2),#3);
#61=PRESENTATION_STYLE_ASSIGNMENT((#60));
#62=STYLED_ITEM('',(#61),#59);
#63=DIRECTION('',(-1.E0,0.E0,0.E0));
#64=VECTOR('',#63,6.4E-1);
#65=CARTESIAN_POINT('',(2.86E0,0.E0,-1.59E0));
#66=LINE('',#65,#64);
#67=CURVE_STYLE('',#17,POSITIVE_LENGTH_MEASURE(2.E-2),#3);
#68=PRESENTATION_STYLE_ASSIGNMENT((#67));
#69=STYLED_ITEM('',(#68),#66);
#70=DIRECTION('',(0.E0,0.E0,1.E0));
#71=VECTOR('',#70,6.4E-1);
#72=CARTESIAN_POINT('',(2.22E0,0.E0,-1.59E0));
#73=LINE('',#72,#71);
#74=CURVE_STYLE('',#17,POSITIVE_LENGTH_MEASURE(2.E-2),#3);
#75=PRESENTATION_STYLE_ASSIGNMENT((#74));
#76=STYLED_ITEM('',(#75),#73);
#77=DIRECTION('',(1.E0,0.E0,0.E0));
#78=VECTOR('',#77,6.4E-1);
#79=CARTESIAN_POINT('',(2.22E0,0.E0,-9.5E-1));
#80=LINE('',#79,#78);
#81=CURVE_STYLE('',#17,POSITIVE_LENGTH_MEASURE(2.E-2),#3);
#82=PRESENTATION_STYLE_ASSIGNMENT((#81));
#83=STYLED_ITEM('',(#82),#80);
#84=DIRECTION('',(5.773502691896E-1,-5.773502691896E-1,-5.773502691896E-1));
#85=VECTOR('',#84,4.330127018922E-1);
#86=CARTESIAN_POINT('',(3.56E0,0.E0,2.29E0));
#87=LINE('',#86,#85);
#88=CURVE_STYLE('',#17,POSITIVE_LENGTH_MEASURE(2.E-2),#3);
#89=PRESENTATION_STYLE_ASSIGNMENT((#88));
#90=STYLED_ITEM('',(#89),#87);
#91=DIRECTION('',(0.E0,0.E0,1.E0));
#92=VECTOR('',#91,4.58E0);
#93=CARTESIAN_POINT('',(3.56E0,0.E0,-2.29E0));
#94=LINE('',#93,#92);
#95=CURVE_STYLE('',#17,POSITIVE_LENGTH_MEASURE(2.E-2),#3);
#96=PRESENTATION_STYLE_ASSIGNMENT((#95));
#97=STYLED_ITEM('',(#96),#94);
#98=DIRECTION('',(5.773502691896E-1,-5.773502691896E-1,5.773502691896E-1));
#99=VECTOR('',#98,4.330127018922E-1);
#100=CARTESIAN_POINT('',(3.56E0,0.E0,-2.29E0));
#101=LINE('',#100,#99);
#102=CURVE_STYLE('',#17,POSITIVE_LENGTH_MEASURE(2.E-2),#3);
#103=PRESENTATION_STYLE_ASSIGNMENT((#102));
#104=STYLED_ITEM('',(#103),#101);
#105=DIRECTION('',(0.E0,0.E0,-1.E0));
#106=VECTOR('',#105,4.58E0);
#107=CARTESIAN_POINT('',(4.06E0,0.E0,2.29E0));
#108=LINE('',#107,#106);
#109=CURVE_STYLE('',#17,POSITIVE_LENGTH_MEASURE(2.E-2),#3);
#110=PRESENTATION_STYLE_ASSIGNMENT((#109));
#111=STYLED_ITEM('',(#110),#108);
#112=DIRECTION('',(-5.773502691896E-1,-5.773502691896E-1,-5.773502691896E-1));
#113=VECTOR('',#112,4.330127018922E-1);
#114=CARTESIAN_POINT('',(4.06E0,0.E0,2.29E0));
#115=LINE('',#114,#113);
#116=CURVE_STYLE('',#17,POSITIVE_LENGTH_MEASURE(2.E-2),#3);
#117=PRESENTATION_STYLE_ASSIGNMENT((#116));
#118=STYLED_ITEM('',(#117),#115);
#119=DIRECTION('',(0.E0,0.E0,-1.E0));
#120=VECTOR('',#119,4.08E0);
#121=CARTESIAN_POINT('',(3.81E0,-2.5E-1,2.04E0));
#122=LINE('',#121,#120);
#123=CURVE_STYLE('',#17,POSITIVE_LENGTH_MEASURE(2.E-2),#3);
#124=PRESENTATION_STYLE_ASSIGNMENT((#123));
#125=STYLED_ITEM('',(#124),#122);
#126=DIRECTION('',(-5.773502691896E-1,-5.773502691896E-1,5.773502691896E-1));
#127=VECTOR('',#126,4.330127018922E-1);
#128=CARTESIAN_POINT('',(4.06E0,0.E0,-2.29E0));
#129=LINE('',#128,#127);
#130=CURVE_STYLE('',#17,POSITIVE_LENGTH_MEASURE(2.E-2),#3);
#131=PRESENTATION_STYLE_ASSIGNMENT((#130));
#132=STYLED_ITEM('',(#131),#129);
#133=DIRECTION('',(-1.E0,0.E0,0.E0));
#134=VECTOR('',#133,1.54E0);
#135=CARTESIAN_POINT('',(5.85E0,0.E0,2.54E0));
#136=LINE('',#135,#134);
#137=CURVE_STYLE('',#17,POSITIVE_LENGTH_MEASURE(2.E-2),#3);
#138=PRESENTATION_STYLE_ASSIGNMENT((#137));
#139=STYLED_ITEM('',(#138),#136);
#140=DIRECTION('',(1.E0,0.E0,0.E0));
#141=VECTOR('',#140,1.54E0);
#142=CARTESIAN_POINT('',(4.31E0,0.E0,-2.54E0));
#143=LINE('',#142,#141);
#144=CURVE_STYLE('',#17,POSITIVE_LENGTH_MEASURE(2.E-2),#3);
#145=PRESENTATION_STYLE_ASSIGNMENT((#144));
#146=STYLED_ITEM('',(#145),#143);
#147=DIRECTION('',(1.E0,0.E0,0.E0));
#148=VECTOR('',#147,6.4E-1);
#149=CARTESIAN_POINT('',(4.76E0,0.E0,1.59E0));
#150=LINE('',#149,#148);
#151=CURVE_STYLE('',#17,POSITIVE_LENGTH_MEASURE(2.E-2),#3);
#152=PRESENTATION_STYLE_ASSIGNMENT((#151));
#153=STYLED_ITEM('',(#152),#150);
#154=DIRECTION('',(0.E0,0.E0,-1.E0));
#155=VECTOR('',#154,6.4E-1);
#156=CARTESIAN_POINT('',(5.4E0,0.E0,1.59E0));
#157=LINE('',#156,#155);
#158=CURVE_STYLE('',#17,POSITIVE_LENGTH_MEASURE(2.E-2),#3);
#159=PRESENTATION_STYLE_ASSIGNMENT((#158));
#160=STYLED_ITEM('',(#159),#157);
#161=DIRECTION('',(-1.E0,0.E0,0.E0));
#162=VECTOR('',#161,6.4E-1);
#163=CARTESIAN_POINT('',(5.4E0,0.E0,9.5E-1));
#164=LINE('',#163,#162);
#165=CURVE_STYLE('',#17,POSITIVE_LENGTH_MEASURE(2.E-2),#3);
#166=PRESENTATION_STYLE_ASSIGNMENT((#165));
#167=STYLED_ITEM('',(#166),#164);
#168=DIRECTION('',(0.E0,0.E0,1.E0));
#169=VECTOR('',#168,6.4E-1);
#170=CARTESIAN_POINT('',(4.76E0,0.E0,9.5E-1));
#171=LINE('',#170,#169);
#172=CURVE_STYLE('',#17,POSITIVE_LENGTH_MEASURE(2.E-2),#3);
#173=PRESENTATION_STYLE_ASSIGNMENT((#172));
#174=STYLED_ITEM('',(#173),#171);
#175=DIRECTION('',(0.E0,0.E0,-1.E0));
#176=VECTOR('',#175,6.4E-1);
#177=CARTESIAN_POINT('',(5.4E0,0.E0,-9.5E-1));
#178=LINE('',#177,#176);
#179=CURVE_STYLE('',#17,POSITIVE_LENGTH_MEASURE(2.E-2),#3);
#180=PRESENTATION_STYLE_ASSIGNMENT((#179));
#181=STYLED_ITEM('',(#180),#178);
#182=DIRECTION('',(-1.E0,0.E0,0.E0));
#183=VECTOR('',#182,6.4E-1);
#184=CARTESIAN_POINT('',(5.4E0,0.E0,-1.59E0));
#185=LINE('',#184,#183);
#186=CURVE_STYLE('',#17,POSITIVE_LENGTH_MEASURE(2.E-2),#3);
#187=PRESENTATION_STYLE_ASSIGNMENT((#186));
#188=STYLED_ITEM('',(#187),#185);
#189=DIRECTION('',(0.E0,0.E0,1.E0));
#190=VECTOR('',#189,6.4E-1);
#191=CARTESIAN_POINT('',(4.76E0,0.E0,-1.59E0));
#192=LINE('',#191,#190);
#193=CURVE_STYLE('',#17,POSITIVE_LENGTH_MEASURE(2.E-2),#3);
#194=PRESENTATION_STYLE_ASSIGNMENT((#193));
#195=STYLED_ITEM('',(#194),#192);
#196=DIRECTION('',(1.E0,0.E0,0.E0));
#197=VECTOR('',#196,6.4E-1);
#198=CARTESIAN_POINT('',(4.76E0,0.E0,-9.5E-1));
#199=LINE('',#198,#197);
#200=CURVE_STYLE('',#17,POSITIVE_LENGTH_MEASURE(2.E-2),#3);
#201=PRESENTATION_STYLE_ASSIGNMENT((#200));
#202=STYLED_ITEM('',(#201),#199);
#203=DIRECTION('',(5.773502691896E-1,-5.773502691896E-1,-5.773502691896E-1));
#204=VECTOR('',#203,4.330127018922E-1);
#205=CARTESIAN_POINT('',(6.1E0,0.E0,2.29E0));
#206=LINE('',#205,#204);
#207=CURVE_STYLE('',#17,POSITIVE_LENGTH_MEASURE(2.E-2),#3);
#208=PRESENTATION_STYLE_ASSIGNMENT((#207));
#209=STYLED_ITEM('',(#208),#206);
#210=DIRECTION('',(0.E0,0.E0,1.E0));
#211=VECTOR('',#210,4.58E0);
#212=CARTESIAN_POINT('',(6.1E0,0.E0,-2.29E0));
#213=LINE('',#212,#211);
#214=CURVE_STYLE('',#17,POSITIVE_LENGTH_MEASURE(2.E-2),#3);
#215=PRESENTATION_STYLE_ASSIGNMENT((#214));
#216=STYLED_ITEM('',(#215),#213);
#217=DIRECTION('',(5.773502691896E-1,-5.773502691896E-1,5.773502691896E-1));
#218=VECTOR('',#217,4.330127018922E-1);
#219=CARTESIAN_POINT('',(6.1E0,0.E0,-2.29E0));
#220=LINE('',#219,#218);
#221=CURVE_STYLE('',#17,POSITIVE_LENGTH_MEASURE(2.E-2),#3);
#222=PRESENTATION_STYLE_ASSIGNMENT((#221));
#223=STYLED_ITEM('',(#222),#220);
#224=DIRECTION('',(0.E0,0.E0,-1.E0));
#225=VECTOR('',#224,4.58E0);
#226=CARTESIAN_POINT('',(6.6E0,0.E0,2.29E0));
#227=LINE('',#226,#225);
#228=CURVE_STYLE('',#17,POSITIVE_LENGTH_MEASURE(2.E-2),#3);
#229=PRESENTATION_STYLE_ASSIGNMENT((#228));
#230=STYLED_ITEM('',(#229),#227);
#231=DIRECTION('',(-5.773502691896E-1,-5.773502691896E-1,-5.773502691896E-1));
#232=VECTOR('',#231,4.330127018922E-1);
#233=CARTESIAN_POINT('',(6.6E0,0.E0,2.29E0));
#234=LINE('',#233,#232);
#235=CURVE_STYLE('',#17,POSITIVE_LENGTH_MEASURE(2.E-2),#3);
#236=PRESENTATION_STYLE_ASSIGNMENT((#235));
#237=STYLED_ITEM('',(#236),#234);
#238=DIRECTION('',(0.E0,0.E0,-1.E0));
#239=VECTOR('',#238,4.08E0);
#240=CARTESIAN_POINT('',(6.35E0,-2.5E-1,2.04E0));
#241=LINE('',#240,#239);
#242=CURVE_STYLE('',#17,POSITIVE_LENGTH_MEASURE(2.E-2),#3);
#243=PRESENTATION_STYLE_ASSIGNMENT((#242));
#244=STYLED_ITEM('',(#243),#241);
#245=DIRECTION('',(-5.773502691896E-1,-5.773502691896E-1,5.773502691896E-1));
#246=VECTOR('',#245,4.330127018922E-1);
#247=CARTESIAN_POINT('',(6.6E0,0.E0,-2.29E0));
#248=LINE('',#247,#246);
#249=CURVE_STYLE('',#17,POSITIVE_LENGTH_MEASURE(2.E-2),#3);
#250=PRESENTATION_STYLE_ASSIGNMENT((#249));
#251=STYLED_ITEM('',(#250),#248);
#252=DIRECTION('',(-1.E0,0.E0,0.E0));
#253=VECTOR('',#252,1.54E0);
#254=CARTESIAN_POINT('',(8.39E0,0.E0,2.54E0));
#255=LINE('',#254,#253);
#256=CURVE_STYLE('',#17,POSITIVE_LENGTH_MEASURE(2.E-2),#3);
#257=PRESENTATION_STYLE_ASSIGNMENT((#256));
#258=STYLED_ITEM('',(#257),#255);
#259=DIRECTION('',(1.E0,0.E0,0.E0));
#260=VECTOR('',#259,1.54E0);
#261=CARTESIAN_POINT('',(6.85E0,0.E0,-2.54E0));
#262=LINE('',#261,#260);
#263=CURVE_STYLE('',#17,POSITIVE_LENGTH_MEASURE(2.E-2),#3);
#264=PRESENTATION_STYLE_ASSIGNMENT((#263));
#265=STYLED_ITEM('',(#264),#262);
#266=DIRECTION('',(1.E0,0.E0,0.E0));
#267=VECTOR('',#266,6.4E-1);
#268=CARTESIAN_POINT('',(7.3E0,0.E0,1.59E0));
#269=LINE('',#268,#267);
#270=CURVE_STYLE('',#17,POSITIVE_LENGTH_MEASURE(2.E-2),#3);
#271=PRESENTATION_STYLE_ASSIGNMENT((#270));
#272=STYLED_ITEM('',(#271),#269);
#273=DIRECTION('',(0.E0,0.E0,-1.E0));
#274=VECTOR('',#273,6.4E-1);
#275=CARTESIAN_POINT('',(7.94E0,0.E0,1.59E0));
#276=LINE('',#275,#274);
#277=CURVE_STYLE('',#17,POSITIVE_LENGTH_MEASURE(2.E-2),#3);
#278=PRESENTATION_STYLE_ASSIGNMENT((#277));
#279=STYLED_ITEM('',(#278),#276);
#280=DIRECTION('',(-1.E0,0.E0,0.E0));
#281=VECTOR('',#280,6.4E-1);
#282=CARTESIAN_POINT('',(7.94E0,0.E0,9.5E-1));
#283=LINE('',#282,#281);
#284=CURVE_STYLE('',#17,POSITIVE_LENGTH_MEASURE(2.E-2),#3);
#285=PRESENTATION_STYLE_ASSIGNMENT((#284));
#286=STYLED_ITEM('',(#285),#283);
#287=DIRECTION('',(0.E0,0.E0,1.E0));
#288=VECTOR('',#287,6.4E-1);
#289=CARTESIAN_POINT('',(7.3E0,0.E0,9.5E-1));
#290=LINE('',#289,#288);
#291=CURVE_STYLE('',#17,POSITIVE_LENGTH_MEASURE(2.E-2),#3);
#292=PRESENTATION_STYLE_ASSIGNMENT((#291));
#293=STYLED_ITEM('',(#292),#290);
#294=DIRECTION('',(0.E0,0.E0,-1.E0));
#295=VECTOR('',#294,6.4E-1);
#296=CARTESIAN_POINT('',(7.94E0,0.E0,-9.5E-1));
#297=LINE('',#296,#295);
#298=CURVE_STYLE('',#17,POSITIVE_LENGTH_MEASURE(2.E-2),#3);
#299=PRESENTATION_STYLE_ASSIGNMENT((#298));
#300=STYLED_ITEM('',(#299),#297);
#301=DIRECTION('',(-1.E0,0.E0,0.E0));
#302=VECTOR('',#301,6.4E-1);
#303=CARTESIAN_POINT('',(7.94E0,0.E0,-1.59E0));
#304=LINE('',#303,#302);
#305=CURVE_STYLE('',#17,POSITIVE_LENGTH_MEASURE(2.E-2),#3);
#306=PRESENTATION_STYLE_ASSIGNMENT((#305));
#307=STYLED_ITEM('',(#306),#304);
#308=DIRECTION('',(0.E0,0.E0,1.E0));
#309=VECTOR('',#308,6.4E-1);
#310=CARTESIAN_POINT('',(7.3E0,0.E0,-1.59E0));
#311=LINE('',#310,#309);
#312=CURVE_STYLE('',#17,POSITIVE_LENGTH_MEASURE(2.E-2),#3);
#313=PRESENTATION_STYLE_ASSIGNMENT((#312));
#314=STYLED_ITEM('',(#313),#311);
#315=DIRECTION('',(1.E0,0.E0,0.E0));
#316=VECTOR('',#315,6.4E-1);
#317=CARTESIAN_POINT('',(7.3E0,0.E0,-9.5E-1));
#318=LINE('',#317,#316);
#319=CURVE_STYLE('',#17,POSITIVE_LENGTH_MEASURE(2.E-2),#3);
#320=PRESENTATION_STYLE_ASSIGNMENT((#319));
#321=STYLED_ITEM('',(#320),#318);
#322=DIRECTION('',(5.773502691896E-1,-5.773502691896E-1,-5.773502691896E-1));
#323=VECTOR('',#322,4.330127018922E-1);
#324=CARTESIAN_POINT('',(8.64E0,0.E0,2.29E0));
#325=LINE('',#324,#323);
#326=CURVE_STYLE('',#17,POSITIVE_LENGTH_MEASURE(2.E-2),#3);
#327=PRESENTATION_STYLE_ASSIGNMENT((#326));
#328=STYLED_ITEM('',(#327),#325);
#329=DIRECTION('',(0.E0,0.E0,1.E0));
#330=VECTOR('',#329,4.58E0);
#331=CARTESIAN_POINT('',(8.64E0,0.E0,-2.29E0));
#332=LINE('',#331,#330);
#333=CURVE_STYLE('',#17,POSITIVE_LENGTH_MEASURE(2.E-2),#3);
#334=PRESENTATION_STYLE_ASSIGNMENT((#333));
#335=STYLED_ITEM('',(#334),#332);
#336=DIRECTION('',(5.773502691896E-1,-5.773502691896E-1,5.773502691896E-1));
#337=VECTOR('',#336,4.330127018922E-1);
#338=CARTESIAN_POINT('',(8.64E0,0.E0,-2.29E0));
#339=LINE('',#338,#337);
#340=CURVE_STYLE('',#17,POSITIVE_LENGTH_MEASURE(2.E-2),#3);
#341=PRESENTATION_STYLE_ASSIGNMENT((#340));
#342=STYLED_ITEM('',(#341),#339);
#343=DIRECTION('',(0.E0,0.E0,-1.E0));
#344=VECTOR('',#343,4.58E0);
#345=CARTESIAN_POINT('',(9.14E0,0.E0,2.29E0));
#346=LINE('',#345,#344);
#347=CURVE_STYLE('',#17,POSITIVE_LENGTH_MEASURE(2.E-2),#3);
#348=PRESENTATION_STYLE_ASSIGNMENT((#347));
#349=STYLED_ITEM('',(#348),#346);
#350=DIRECTION('',(-5.773502691896E-1,-5.773502691896E-1,-5.773502691896E-1));
#351=VECTOR('',#350,4.330127018922E-1);
#352=CARTESIAN_POINT('',(9.14E0,0.E0,2.29E0));
#353=LINE('',#352,#351);
#354=CURVE_STYLE('',#17,POSITIVE_LENGTH_MEASURE(2.E-2),#3);
#355=PRESENTATION_STYLE_ASSIGNMENT((#354));
#356=STYLED_ITEM('',(#355),#353);
#357=DIRECTION('',(0.E0,0.E0,-1.E0));
#358=VECTOR('',#357,4.08E0);
#359=CARTESIAN_POINT('',(8.89E0,-2.5E-1,2.04E0));
#360=LINE('',#359,#358);
#361=CURVE_STYLE('',#17,POSITIVE_LENGTH_MEASURE(2.E-2),#3);
#362=PRESENTATION_STYLE_ASSIGNMENT((#361));
#363=STYLED_ITEM('',(#362),#360);
#364=DIRECTION('',(-5.773502691896E-1,-5.773502691896E-1,5.773502691896E-1));
#365=VECTOR('',#364,4.330127018922E-1);
#366=CARTESIAN_POINT('',(9.14E0,0.E0,-2.29E0));
#367=LINE('',#366,#365);
#368=CURVE_STYLE('',#17,POSITIVE_LENGTH_MEASURE(2.E-2),#3);
#369=PRESENTATION_STYLE_ASSIGNMENT((#368));
#370=STYLED_ITEM('',(#369),#367);
#371=DIRECTION('',(-1.E0,0.E0,0.E0));
#372=VECTOR('',#371,1.54E0);
#373=CARTESIAN_POINT('',(1.093E1,0.E0,2.54E0));
#374=LINE('',#373,#372);
#375=CURVE_STYLE('',#17,POSITIVE_LENGTH_MEASURE(2.E-2),#3);
#376=PRESENTATION_STYLE_ASSIGNMENT((#375));
#377=STYLED_ITEM('',(#376),#374);
#378=DIRECTION('',(1.E0,0.E0,0.E0));
#379=VECTOR('',#378,1.54E0);
#380=CARTESIAN_POINT('',(9.39E0,0.E0,-2.54E0));
#381=LINE('',#380,#379);
#382=CURVE_STYLE('',#17,POSITIVE_LENGTH_MEASURE(2.E-2),#3);
#383=PRESENTATION_STYLE_ASSIGNMENT((#382));
#384=STYLED_ITEM('',(#383),#381);
#385=DIRECTION('',(1.E0,0.E0,0.E0));
#386=VECTOR('',#385,6.4E-1);
#387=CARTESIAN_POINT('',(9.84E0,0.E0,1.59E0));
#388=LINE('',#387,#386);
#389=CURVE_STYLE('',#17,POSITIVE_LENGTH_MEASURE(2.E-2),#3);
#390=PRESENTATION_STYLE_ASSIGNMENT((#389));
#391=STYLED_ITEM('',(#390),#388);
#392=DIRECTION('',(0.E0,0.E0,-1.E0));
#393=VECTOR('',#392,6.4E-1);
#394=CARTESIAN_POINT('',(1.048E1,0.E0,1.59E0));
#395=LINE('',#394,#393);
#396=CURVE_STYLE('',#17,POSITIVE_LENGTH_MEASURE(2.E-2),#3);
#397=PRESENTATION_STYLE_ASSIGNMENT((#396));
#398=STYLED_ITEM('',(#397),#395);
#399=DIRECTION('',(-1.E0,0.E0,0.E0));
#400=VECTOR('',#399,6.4E-1);
#401=CARTESIAN_POINT('',(1.048E1,0.E0,9.5E-1));
#402=LINE('',#401,#400);
#403=CURVE_STYLE('',#17,POSITIVE_LENGTH_MEASURE(2.E-2),#3);
#404=PRESENTATION_STYLE_ASSIGNMENT((#403));
#405=STYLED_ITEM('',(#404),#402);
#406=DIRECTION('',(0.E0,0.E0,1.E0));
#407=VECTOR('',#406,6.4E-1);
#408=CARTESIAN_POINT('',(9.84E0,0.E0,9.5E-1));
#409=LINE('',#408,#407);
#410=CURVE_STYLE('',#17,POSITIVE_LENGTH_MEASURE(2.E-2),#3);
#411=PRESENTATION_STYLE_ASSIGNMENT((#410));
#412=STYLED_ITEM('',(#411),#409);
#413=DIRECTION('',(0.E0,0.E0,-1.E0));
#414=VECTOR('',#413,6.4E-1);
#415=CARTESIAN_POINT('',(1.048E1,0.E0,-9.5E-1));
#416=LINE('',#415,#414);
#417=CURVE_STYLE('',#17,POSITIVE_LENGTH_MEASURE(2.E-2),#3);
#418=PRESENTATION_STYLE_ASSIGNMENT((#417));
#419=STYLED_ITEM('',(#418),#416);
#420=DIRECTION('',(-1.E0,0.E0,0.E0));
#421=VECTOR('',#420,6.4E-1);
#422=CARTESIAN_POINT('',(1.048E1,0.E0,-1.59E0));
#423=LINE('',#422,#421);
#424=CURVE_STYLE('',#17,POSITIVE_LENGTH_MEASURE(2.E-2),#3);
#425=PRESENTATION_STYLE_ASSIGNMENT((#424));
#426=STYLED_ITEM('',(#425),#423);
#427=DIRECTION('',(0.E0,0.E0,1.E0));
#428=VECTOR('',#427,6.4E-1);
#429=CARTESIAN_POINT('',(9.84E0,0.E0,-1.59E0));
#430=LINE('',#429,#428);
#431=CURVE_STYLE('',#17,POSITIVE_LENGTH_MEASURE(2.E-2),#3);
#432=PRESENTATION_STYLE_ASSIGNMENT((#431));
#433=STYLED_ITEM('',(#432),#430);
#434=DIRECTION('',(1.E0,0.E0,0.E0));
#435=VECTOR('',#434,6.4E-1);
#436=CARTESIAN_POINT('',(9.84E0,0.E0,-9.5E-1));
#437=LINE('',#436,#435);
#438=CURVE_STYLE('',#17,POSITIVE_LENGTH_MEASURE(2.E-2),#3);
#439=PRESENTATION_STYLE_ASSIGNMENT((#438));
#440=STYLED_ITEM('',(#439),#437);
#441=DIRECTION('',(5.773502691896E-1,-5.773502691896E-1,-5.773502691896E-1));
#442=VECTOR('',#441,4.330127018922E-1);
#443=CARTESIAN_POINT('',(1.118E1,0.E0,2.29E0));
#444=LINE('',#443,#442);
#445=CURVE_STYLE('',#17,POSITIVE_LENGTH_MEASURE(2.E-2),#3);
#446=PRESENTATION_STYLE_ASSIGNMENT((#445));
#447=STYLED_ITEM('',(#446),#444);
#448=DIRECTION('',(0.E0,0.E0,1.E0));
#449=VECTOR('',#448,4.58E0);
#450=CARTESIAN_POINT('',(1.118E1,0.E0,-2.29E0));
#451=LINE('',#450,#449);
#452=CURVE_STYLE('',#17,POSITIVE_LENGTH_MEASURE(2.E-2),#3);
#453=PRESENTATION_STYLE_ASSIGNMENT((#452));
#454=STYLED_ITEM('',(#453),#451);
#455=DIRECTION('',(5.773502691896E-1,-5.773502691896E-1,5.773502691896E-1));
#456=VECTOR('',#455,4.330127018922E-1);
#457=CARTESIAN_POINT('',(1.118E1,0.E0,-2.29E0));
#458=LINE('',#457,#456);
#459=CURVE_STYLE('',#17,POSITIVE_LENGTH_MEASURE(2.E-2),#3);
#460=PRESENTATION_STYLE_ASSIGNMENT((#459));
#461=STYLED_ITEM('',(#460),#458);
#462=DIRECTION('',(0.E0,0.E0,-1.E0));
#463=VECTOR('',#462,4.58E0);
#464=CARTESIAN_POINT('',(1.168E1,0.E0,2.29E0));
#465=LINE('',#464,#463);
#466=CURVE_STYLE('',#17,POSITIVE_LENGTH_MEASURE(2.E-2),#3);
#467=PRESENTATION_STYLE_ASSIGNMENT((#466));
#468=STYLED_ITEM('',(#467),#465);
#469=DIRECTION('',(-5.773502691896E-1,-5.773502691896E-1,-5.773502691896E-1));
#470=VECTOR('',#469,4.330127018922E-1);
#471=CARTESIAN_POINT('',(1.168E1,0.E0,2.29E0));
#472=LINE('',#471,#470);
#473=CURVE_STYLE('',#17,POSITIVE_LENGTH_MEASURE(2.E-2),#3);
#474=PRESENTATION_STYLE_ASSIGNMENT((#473));
#475=STYLED_ITEM('',(#474),#472);
#476=DIRECTION('',(0.E0,0.E0,-1.E0));
#477=VECTOR('',#476,4.08E0);
#478=CARTESIAN_POINT('',(1.143E1,-2.5E-1,2.04E0));
#479=LINE('',#478,#477);
#480=CURVE_STYLE('',#17,POSITIVE_LENGTH_MEASURE(2.E-2),#3);
#481=PRESENTATION_STYLE_ASSIGNMENT((#480));
#482=STYLED_ITEM('',(#481),#479);
#483=DIRECTION('',(-5.773502691896E-1,-5.773502691896E-1,5.773502691896E-1));
#484=VECTOR('',#483,4.330127018922E-1);
#485=CARTESIAN_POINT('',(1.168E1,0.E0,-2.29E0));
#486=LINE('',#485,#484);
#487=CURVE_STYLE('',#17,POSITIVE_LENGTH_MEASURE(2.E-2),#3);
#488=PRESENTATION_STYLE_ASSIGNMENT((#487));
#489=STYLED_ITEM('',(#488),#486);
#490=DIRECTION('',(-1.E0,0.E0,0.E0));
#491=VECTOR('',#490,1.54E0);
#492=CARTESIAN_POINT('',(1.347E1,0.E0,2.54E0));
#493=LINE('',#492,#491);
#494=CURVE_STYLE('',#17,POSITIVE_LENGTH_MEASURE(2.E-2),#3);
#495=PRESENTATION_STYLE_ASSIGNMENT((#494));
#496=STYLED_ITEM('',(#495),#493);
#497=DIRECTION('',(1.E0,0.E0,0.E0));
#498=VECTOR('',#497,1.54E0);
#499=CARTESIAN_POINT('',(1.193E1,0.E0,-2.54E0));
#500=LINE('',#499,#498);
#501=CURVE_STYLE('',#17,POSITIVE_LENGTH_MEASURE(2.E-2),#3);
#502=PRESENTATION_STYLE_ASSIGNMENT((#501));
#503=STYLED_ITEM('',(#502),#500);
#504=DIRECTION('',(1.E0,0.E0,0.E0));
#505=VECTOR('',#504,6.4E-1);
#506=CARTESIAN_POINT('',(1.238E1,0.E0,1.59E0));
#507=LINE('',#506,#505);
#508=CURVE_STYLE('',#17,POSITIVE_LENGTH_MEASURE(2.E-2),#3);
#509=PRESENTATION_STYLE_ASSIGNMENT((#508));
#510=STYLED_ITEM('',(#509),#507);
#511=DIRECTION('',(0.E0,0.E0,-1.E0));
#512=VECTOR('',#511,6.4E-1);
#513=CARTESIAN_POINT('',(1.302E1,0.E0,1.59E0));
#514=LINE('',#513,#512);
#515=CURVE_STYLE('',#17,POSITIVE_LENGTH_MEASURE(2.E-2),#3);
#516=PRESENTATION_STYLE_ASSIGNMENT((#515));
#517=STYLED_ITEM('',(#516),#514);
#518=DIRECTION('',(-1.E0,0.E0,0.E0));
#519=VECTOR('',#518,6.4E-1);
#520=CARTESIAN_POINT('',(1.302E1,0.E0,9.5E-1));
#521=LINE('',#520,#519);
#522=CURVE_STYLE('',#17,POSITIVE_LENGTH_MEASURE(2.E-2),#3);
#523=PRESENTATION_STYLE_ASSIGNMENT((#522));
#524=STYLED_ITEM('',(#523),#521);
#525=DIRECTION('',(0.E0,0.E0,1.E0));
#526=VECTOR('',#525,6.4E-1);
#527=CARTESIAN_POINT('',(1.238E1,0.E0,9.5E-1));
#528=LINE('',#527,#526);
#529=CURVE_STYLE('',#17,POSITIVE_LENGTH_MEASURE(2.E-2),#3);
#530=PRESENTATION_STYLE_ASSIGNMENT((#529));
#531=STYLED_ITEM('',(#530),#528);
#532=DIRECTION('',(0.E0,0.E0,-1.E0));
#533=VECTOR('',#532,6.4E-1);
#534=CARTESIAN_POINT('',(1.302E1,0.E0,-9.5E-1));
#535=LINE('',#534,#533);
#536=CURVE_STYLE('',#17,POSITIVE_LENGTH_MEASURE(2.E-2),#3);
#537=PRESENTATION_STYLE_ASSIGNMENT((#536));
#538=STYLED_ITEM('',(#537),#535);
#539=DIRECTION('',(-1.E0,0.E0,0.E0));
#540=VECTOR('',#539,6.4E-1);
#541=CARTESIAN_POINT('',(1.302E1,0.E0,-1.59E0));
#542=LINE('',#541,#540);
#543=CURVE_STYLE('',#17,POSITIVE_LENGTH_MEASURE(2.E-2),#3);
#544=PRESENTATION_STYLE_ASSIGNMENT((#543));
#545=STYLED_ITEM('',(#544),#542);
#546=DIRECTION('',(0.E0,0.E0,1.E0));
#547=VECTOR('',#546,6.4E-1);
#548=CARTESIAN_POINT('',(1.238E1,0.E0,-1.59E0));
#549=LINE('',#548,#547);
#550=CURVE_STYLE('',#17,POSITIVE_LENGTH_MEASURE(2.E-2),#3);
#551=PRESENTATION_STYLE_ASSIGNMENT((#550));
#552=STYLED_ITEM('',(#551),#549);
#553=DIRECTION('',(1.E0,0.E0,0.E0));
#554=VECTOR('',#553,6.4E-1);
#555=CARTESIAN_POINT('',(1.238E1,0.E0,-9.5E-1));
#556=LINE('',#555,#554);
#557=CURVE_STYLE('',#17,POSITIVE_LENGTH_MEASURE(2.E-2),#3);
#558=PRESENTATION_STYLE_ASSIGNMENT((#557));
#559=STYLED_ITEM('',(#558),#556);
#560=DIRECTION('',(5.773502691896E-1,-5.773502691896E-1,-5.773502691896E-1));
#561=VECTOR('',#560,4.330127018922E-1);
#562=CARTESIAN_POINT('',(1.372E1,0.E0,2.29E0));
#563=LINE('',#562,#561);
#564=CURVE_STYLE('',#17,POSITIVE_LENGTH_MEASURE(2.E-2),#3);
#565=PRESENTATION_STYLE_ASSIGNMENT((#564));
#566=STYLED_ITEM('',(#565),#563);
#567=DIRECTION('',(0.E0,0.E0,1.E0));
#568=VECTOR('',#567,4.58E0);
#569=CARTESIAN_POINT('',(1.372E1,0.E0,-2.29E0));
#570=LINE('',#569,#568);
#571=CURVE_STYLE('',#17,POSITIVE_LENGTH_MEASURE(2.E-2),#3);
#572=PRESENTATION_STYLE_ASSIGNMENT((#571));
#573=STYLED_ITEM('',(#572),#570);
#574=DIRECTION('',(5.773502691896E-1,-5.773502691896E-1,5.773502691896E-1));
#575=VECTOR('',#574,4.330127018922E-1);
#576=CARTESIAN_POINT('',(1.372E1,0.E0,-2.29E0));
#577=LINE('',#576,#575);
#578=CURVE_STYLE('',#17,POSITIVE_LENGTH_MEASURE(2.E-2),#3);
#579=PRESENTATION_STYLE_ASSIGNMENT((#578));
#580=STYLED_ITEM('',(#579),#577);
#581=DIRECTION('',(0.E0,0.E0,-1.E0));
#582=VECTOR('',#581,4.58E0);
#583=CARTESIAN_POINT('',(1.422E1,0.E0,2.29E0));
#584=LINE('',#583,#582);
#585=CURVE_STYLE('',#17,POSITIVE_LENGTH_MEASURE(2.E-2),#3);
#586=PRESENTATION_STYLE_ASSIGNMENT((#585));
#587=STYLED_ITEM('',(#586),#584);
#588=DIRECTION('',(-5.773502691896E-1,-5.773502691896E-1,-5.773502691896E-1));
#589=VECTOR('',#588,4.330127018922E-1);
#590=CARTESIAN_POINT('',(1.422E1,0.E0,2.29E0));
#591=LINE('',#590,#589);
#592=CURVE_STYLE('',#17,POSITIVE_LENGTH_MEASURE(2.E-2),#3);
#593=PRESENTATION_STYLE_ASSIGNMENT((#592));
#594=STYLED_ITEM('',(#593),#591);
#595=DIRECTION('',(0.E0,0.E0,-1.E0));
#596=VECTOR('',#595,4.08E0);
#597=CARTESIAN_POINT('',(1.397E1,-2.5E-1,2.04E0));
#598=LINE('',#597,#596);
#599=CURVE_STYLE('',#17,POSITIVE_LENGTH_MEASURE(2.E-2),#3);
#600=PRESENTATION_STYLE_ASSIGNMENT((#599));
#601=STYLED_ITEM('',(#600),#598);
#602=DIRECTION('',(-5.773502691896E-1,-5.773502691896E-1,5.773502691896E-1));
#603=VECTOR('',#602,4.330127018922E-1);
#604=CARTESIAN_POINT('',(1.422E1,0.E0,-2.29E0));
#605=LINE('',#604,#603);
#606=CURVE_STYLE('',#17,POSITIVE_LENGTH_MEASURE(2.E-2),#3);
#607=PRESENTATION_STYLE_ASSIGNMENT((#606));
#608=STYLED_ITEM('',(#607),#605);
#609=DIRECTION('',(-1.E0,0.E0,0.E0));
#610=VECTOR('',#609,1.54E0);
#611=CARTESIAN_POINT('',(1.601E1,0.E0,2.54E0));
#612=LINE('',#611,#610);
#613=CURVE_STYLE('',#17,POSITIVE_LENGTH_MEASURE(2.E-2),#3);
#614=PRESENTATION_STYLE_ASSIGNMENT((#613));
#615=STYLED_ITEM('',(#614),#612);
#616=DIRECTION('',(1.E0,0.E0,0.E0));
#617=VECTOR('',#616,1.54E0);
#618=CARTESIAN_POINT('',(1.447E1,0.E0,-2.54E0));
#619=LINE('',#618,#617);
#620=CURVE_STYLE('',#17,POSITIVE_LENGTH_MEASURE(2.E-2),#3);
#621=PRESENTATION_STYLE_ASSIGNMENT((#620));
#622=STYLED_ITEM('',(#621),#619);
#623=DIRECTION('',(1.E0,0.E0,0.E0));
#624=VECTOR('',#623,6.4E-1);
#625=CARTESIAN_POINT('',(1.492E1,0.E0,1.59E0));
#626=LINE('',#625,#624);
#627=CURVE_STYLE('',#17,POSITIVE_LENGTH_MEASURE(2.E-2),#3);
#628=PRESENTATION_STYLE_ASSIGNMENT((#627));
#629=STYLED_ITEM('',(#628),#626);
#630=DIRECTION('',(0.E0,0.E0,-1.E0));
#631=VECTOR('',#630,6.4E-1);
#632=CARTESIAN_POINT('',(1.556E1,0.E0,1.59E0));
#633=LINE('',#632,#631);
#634=CURVE_STYLE('',#17,POSITIVE_LENGTH_MEASURE(2.E-2),#3);
#635=PRESENTATION_STYLE_ASSIGNMENT((#634));
#636=STYLED_ITEM('',(#635),#633);
#637=DIRECTION('',(-1.E0,0.E0,0.E0));
#638=VECTOR('',#637,6.4E-1);
#639=CARTESIAN_POINT('',(1.556E1,0.E0,9.5E-1));
#640=LINE('',#639,#638);
#641=CURVE_STYLE('',#17,POSITIVE_LENGTH_MEASURE(2.E-2),#3);
#642=PRESENTATION_STYLE_ASSIGNMENT((#641));
#643=STYLED_ITEM('',(#642),#640);
#644=DIRECTION('',(0.E0,0.E0,1.E0));
#645=VECTOR('',#644,6.4E-1);
#646=CARTESIAN_POINT('',(1.492E1,0.E0,9.5E-1));
#647=LINE('',#646,#645);
#648=CURVE_STYLE('',#17,POSITIVE_LENGTH_MEASURE(2.E-2),#3);
#649=PRESENTATION_STYLE_ASSIGNMENT((#648));
#650=STYLED_ITEM('',(#649),#647);
#651=DIRECTION('',(0.E0,0.E0,-1.E0));
#652=VECTOR('',#651,6.4E-1);
#653=CARTESIAN_POINT('',(1.556E1,0.E0,-9.5E-1));
#654=LINE('',#653,#652);
#655=CURVE_STYLE('',#17,POSITIVE_LENGTH_MEASURE(2.E-2),#3);
#656=PRESENTATION_STYLE_ASSIGNMENT((#655));
#657=STYLED_ITEM('',(#656),#654);
#658=DIRECTION('',(-1.E0,0.E0,0.E0));
#659=VECTOR('',#658,6.4E-1);
#660=CARTESIAN_POINT('',(1.556E1,0.E0,-1.59E0));
#661=LINE('',#660,#659);
#662=CURVE_STYLE('',#17,POSITIVE_LENGTH_MEASURE(2.E-2),#3);
#663=PRESENTATION_STYLE_ASSIGNMENT((#662));
#664=STYLED_ITEM('',(#663),#661);
#665=DIRECTION('',(0.E0,0.E0,1.E0));
#666=VECTOR('',#665,6.4E-1);
#667=CARTESIAN_POINT('',(1.492E1,0.E0,-1.59E0));
#668=LINE('',#667,#666);
#669=CURVE_STYLE('',#17,POSITIVE_LENGTH_MEASURE(2.E-2),#3);
#670=PRESENTATION_STYLE_ASSIGNMENT((#669));
#671=STYLED_ITEM('',(#670),#668);
#672=DIRECTION('',(1.E0,0.E0,0.E0));
#673=VECTOR('',#672,6.4E-1);
#674=CARTESIAN_POINT('',(1.492E1,0.E0,-9.5E-1));
#675=LINE('',#674,#673);
#676=CURVE_STYLE('',#17,POSITIVE_LENGTH_MEASURE(2.E-2),#3);
#677=PRESENTATION_STYLE_ASSIGNMENT((#676));
#678=STYLED_ITEM('',(#677),#675);
#679=DIRECTION('',(0.E0,0.E0,1.E0));
#680=VECTOR('',#679,4.58E0);
#681=CARTESIAN_POINT('',(1.626E1,0.E0,-2.29E0));
#682=LINE('',#681,#680);
#683=CURVE_STYLE('',#17,POSITIVE_LENGTH_MEASURE(2.E-2),#3);
#684=PRESENTATION_STYLE_ASSIGNMENT((#683));
#685=STYLED_ITEM('',(#684),#682);
#686=DIRECTION('',(5.773502691896E-1,-5.773502691896E-1,5.773502691896E-1));
#687=VECTOR('',#686,4.330127018922E-1);
#688=CARTESIAN_POINT('',(1.626E1,0.E0,-2.29E0));
#689=LINE('',#688,#687);
#690=CURVE_STYLE('',#17,POSITIVE_LENGTH_MEASURE(2.E-2),#3);
#691=PRESENTATION_STYLE_ASSIGNMENT((#690));
#692=STYLED_ITEM('',(#691),#689);
#693=DIRECTION('',(0.E0,0.E0,1.E0));
#694=VECTOR('',#693,4.08E0);
#695=CARTESIAN_POINT('',(1.651E1,-2.5E-1,-2.04E0));
#696=LINE('',#695,#694);
#697=CURVE_STYLE('',#17,POSITIVE_LENGTH_MEASURE(2.E-2),#3);
#698=PRESENTATION_STYLE_ASSIGNMENT((#697));
#699=STYLED_ITEM('',(#698),#696);
#700=DIRECTION('',(5.773502691896E-1,-5.773502691896E-1,-5.773502691896E-1));
#701=VECTOR('',#700,4.330127018922E-1);
#702=CARTESIAN_POINT('',(1.626E1,0.E0,2.29E0));
#703=LINE('',#702,#701);
#704=CURVE_STYLE('',#17,POSITIVE_LENGTH_MEASURE(2.E-2),#3);
#705=PRESENTATION_STYLE_ASSIGNMENT((#704));
#706=STYLED_ITEM('',(#705),#703);
#707=DIRECTION('',(-7.071067811865E-1,0.E0,-7.071067811865E-1));
#708=VECTOR('',#707,3.535533905933E-1);
#709=CARTESIAN_POINT('',(1.626E1,-1.94E0,-2.29E0));
#710=LINE('',#709,#708);
#711=CURVE_STYLE('',#17,POSITIVE_LENGTH_MEASURE(2.E-2),#3);
#712=PRESENTATION_STYLE_ASSIGNMENT((#711));
#713=STYLED_ITEM('',(#712),#710);
#714=DIRECTION('',(0.E0,-1.E0,0.E0));
#715=VECTOR('',#714,1.44E0);
#716=CARTESIAN_POINT('',(1.651E1,-2.5E-1,-2.04E0));
#717=LINE('',#716,#715);
#718=CURVE_STYLE('',#17,POSITIVE_LENGTH_MEASURE(2.E-2),#3);
#719=PRESENTATION_STYLE_ASSIGNMENT((#718));
#720=STYLED_ITEM('',(#719),#717);
#721=DIRECTION('',(-7.071067811865E-1,0.E0,-7.071067811865E-1));
#722=VECTOR('',#721,3.535533905933E-1);
#723=CARTESIAN_POINT('',(1.626E1,0.E0,-2.29E0));
#724=LINE('',#723,#722);
#725=CURVE_STYLE('',#17,POSITIVE_LENGTH_MEASURE(2.E-2),#3);
#726=PRESENTATION_STYLE_ASSIGNMENT((#725));
#727=STYLED_ITEM('',(#726),#724);
#728=DIRECTION('',(0.E0,-1.E0,0.E0));
#729=VECTOR('',#728,1.94E0);
#730=CARTESIAN_POINT('',(1.601E1,0.E0,-2.54E0));
#731=LINE('',#730,#729);
#732=CURVE_STYLE('',#17,POSITIVE_LENGTH_MEASURE(2.E-2),#3);
#733=PRESENTATION_STYLE_ASSIGNMENT((#732));
#734=STYLED_ITEM('',(#733),#731);
#735=DIRECTION('',(0.E0,0.E0,-1.E0));
#736=VECTOR('',#735,5.E-1);
#737=CARTESIAN_POINT('',(1.601E1,-1.94E0,-2.04E0));
#738=LINE('',#737,#736);
#739=CURVE_STYLE('',#17,POSITIVE_LENGTH_MEASURE(2.E-2),#3);
#740=PRESENTATION_STYLE_ASSIGNMENT((#739));
#741=STYLED_ITEM('',(#740),#738);
#742=DIRECTION('',(1.E0,0.E0,0.E0));
#743=VECTOR('',#742,1.54E0);
#744=CARTESIAN_POINT('',(1.447E1,-1.94E0,-2.04E0));
#745=LINE('',#744,#743);
#746=CURVE_STYLE('',#17,POSITIVE_LENGTH_MEASURE(2.E-2),#3);
#747=PRESENTATION_STYLE_ASSIGNMENT((#746));
#748=STYLED_ITEM('',(#747),#745);
#749=DIRECTION('',(0.E0,0.E0,1.E0));
#750=VECTOR('',#749,5.E-1);
#751=CARTESIAN_POINT('',(1.447E1,-1.94E0,-2.54E0));
#752=LINE('',#751,#750);
#753=CURVE_STYLE('',#17,POSITIVE_LENGTH_MEASURE(2.E-2),#3);
#754=PRESENTATION_STYLE_ASSIGNMENT((#753));
#755=STYLED_ITEM('',(#754),#752);
#756=DIRECTION('',(0.E0,0.E0,1.E0));
#757=VECTOR('',#756,5.E-1);
#758=CARTESIAN_POINT('',(1.447E1,-1.94E0,2.04E0));
#759=LINE('',#758,#757);
#760=CURVE_STYLE('',#17,POSITIVE_LENGTH_MEASURE(2.E-2),#3);
#761=PRESENTATION_STYLE_ASSIGNMENT((#760));
#762=STYLED_ITEM('',(#761),#759);
#763=DIRECTION('',(-1.E0,0.E0,0.E0));
#764=VECTOR('',#763,1.54E0);
#765=CARTESIAN_POINT('',(1.601E1,-1.94E0,2.04E0));
#766=LINE('',#765,#764);
#767=CURVE_STYLE('',#17,POSITIVE_LENGTH_MEASURE(2.E-2),#3);
#768=PRESENTATION_STYLE_ASSIGNMENT((#767));
#769=STYLED_ITEM('',(#768),#766);
#770=DIRECTION('',(0.E0,0.E0,-1.E0));
#771=VECTOR('',#770,5.E-1);
#772=CARTESIAN_POINT('',(1.601E1,-1.94E0,2.54E0));
#773=LINE('',#772,#771);
#774=CURVE_STYLE('',#17,POSITIVE_LENGTH_MEASURE(2.E-2),#3);
#775=PRESENTATION_STYLE_ASSIGNMENT((#774));
#776=STYLED_ITEM('',(#775),#773);
#777=DIRECTION('',(1.E0,0.E0,0.E0));
#778=VECTOR('',#777,6.4E-1);
#779=CARTESIAN_POINT('',(1.492E1,-1.94E0,1.59E0));
#780=LINE('',#779,#778);
#781=CURVE_STYLE('',#17,POSITIVE_LENGTH_MEASURE(2.E-2),#3);
#782=PRESENTATION_STYLE_ASSIGNMENT((#781));
#783=STYLED_ITEM('',(#782),#780);
#784=DIRECTION('',(0.E0,0.E0,1.E0));
#785=VECTOR('',#784,6.4E-1);
#786=CARTESIAN_POINT('',(1.492E1,-1.94E0,9.5E-1));
#787=LINE('',#786,#785);
#788=CURVE_STYLE('',#17,POSITIVE_LENGTH_MEASURE(2.E-2),#3);
#789=PRESENTATION_STYLE_ASSIGNMENT((#788));
#790=STYLED_ITEM('',(#789),#787);
#791=DIRECTION('',(-1.E0,0.E0,0.E0));
#792=VECTOR('',#791,6.4E-1);
#793=CARTESIAN_POINT('',(1.556E1,-1.94E0,9.5E-1));
#794=LINE('',#793,#792);
#795=CURVE_STYLE('',#17,POSITIVE_LENGTH_MEASURE(2.E-2),#3);
#796=PRESENTATION_STYLE_ASSIGNMENT((#795));
#797=STYLED_ITEM('',(#796),#794);
#798=DIRECTION('',(0.E0,0.E0,-1.E0));
#799=VECTOR('',#798,6.4E-1);
#800=CARTESIAN_POINT('',(1.556E1,-1.94E0,1.59E0));
#801=LINE('',#800,#799);
#802=CURVE_STYLE('',#17,POSITIVE_LENGTH_MEASURE(2.E-2),#3);
#803=PRESENTATION_STYLE_ASSIGNMENT((#802));
#804=STYLED_ITEM('',(#803),#801);
#805=DIRECTION('',(0.E0,0.E0,-1.E0));
#806=VECTOR('',#805,6.4E-1);
#807=CARTESIAN_POINT('',(1.556E1,-1.94E0,-9.5E-1));
#808=LINE('',#807,#806);
#809=CURVE_STYLE('',#17,POSITIVE_LENGTH_MEASURE(2.E-2),#3);
#810=PRESENTATION_STYLE_ASSIGNMENT((#809));
#811=STYLED_ITEM('',(#810),#808);
#812=DIRECTION('',(1.E0,0.E0,0.E0));
#813=VECTOR('',#812,6.4E-1);
#814=CARTESIAN_POINT('',(1.492E1,-1.94E0,-9.5E-1));
#815=LINE('',#814,#813);
#816=CURVE_STYLE('',#17,POSITIVE_LENGTH_MEASURE(2.E-2),#3);
#817=PRESENTATION_STYLE_ASSIGNMENT((#816));
#818=STYLED_ITEM('',(#817),#815);
#819=DIRECTION('',(0.E0,0.E0,1.E0));
#820=VECTOR('',#819,6.4E-1);
#821=CARTESIAN_POINT('',(1.492E1,-1.94E0,-1.59E0));
#822=LINE('',#821,#820);
#823=CURVE_STYLE('',#17,POSITIVE_LENGTH_MEASURE(2.E-2),#3);
#824=PRESENTATION_STYLE_ASSIGNMENT((#823));
#825=STYLED_ITEM('',(#824),#822);
#826=DIRECTION('',(-1.E0,0.E0,0.E0));
#827=VECTOR('',#826,6.4E-1);
#828=CARTESIAN_POINT('',(1.556E1,-1.94E0,-1.59E0));
#829=LINE('',#828,#827);
#830=CURVE_STYLE('',#17,POSITIVE_LENGTH_MEASURE(2.E-2),#3);
#831=PRESENTATION_STYLE_ASSIGNMENT((#830));
#832=STYLED_ITEM('',(#831),#829);
#833=DIRECTION('',(0.E0,0.E0,1.E0));
#834=VECTOR('',#833,4.08E0);
#835=CARTESIAN_POINT('',(1.651E1,-1.69E0,-2.04E0));
#836=LINE('',#835,#834);
#837=CURVE_STYLE('',#17,POSITIVE_LENGTH_MEASURE(2.E-2),#3);
#838=PRESENTATION_STYLE_ASSIGNMENT((#837));
#839=STYLED_ITEM('',(#838),#836);
#840=DIRECTION('',(-5.773502691896E-1,-5.773502691896E-1,-5.773502691896E-1));
#841=VECTOR('',#840,4.330127018922E-1);
#842=CARTESIAN_POINT('',(1.651E1,-1.69E0,-2.04E0));
#843=LINE('',#842,#841);
#844=CURVE_STYLE('',#17,POSITIVE_LENGTH_MEASURE(2.E-2),#3);
#845=PRESENTATION_STYLE_ASSIGNMENT((#844));
#846=STYLED_ITEM('',(#845),#843);
#847=DIRECTION('',(0.E0,0.E0,1.E0));
#848=VECTOR('',#847,4.58E0);
#849=CARTESIAN_POINT('',(1.626E1,-1.94E0,-2.29E0));
#850=LINE('',#849,#848);
#851=CURVE_STYLE('',#17,POSITIVE_LENGTH_MEASURE(2.E-2),#3);
#852=PRESENTATION_STYLE_ASSIGNMENT((#851));
#853=STYLED_ITEM('',(#852),#850);
#854=DIRECTION('',(-5.773502691896E-1,-5.773502691896E-1,5.773502691896E-1));
#855=VECTOR('',#854,4.330127018922E-1);
#856=CARTESIAN_POINT('',(1.651E1,-1.69E0,2.04E0));
#857=LINE('',#856,#855);
#858=CURVE_STYLE('',#17,POSITIVE_LENGTH_MEASURE(2.E-2),#3);
#859=PRESENTATION_STYLE_ASSIGNMENT((#858));
#860=STYLED_ITEM('',(#859),#857);
#861=DIRECTION('',(7.071067811866E-1,0.E0,-7.071067811865E-1));
#862=VECTOR('',#861,3.535533905933E-1);
#863=CARTESIAN_POINT('',(1.601E1,-1.94E0,2.54E0));
#864=LINE('',#863,#862);
#865=CURVE_STYLE('',#17,POSITIVE_LENGTH_MEASURE(2.E-2),#3);
#866=PRESENTATION_STYLE_ASSIGNMENT((#865));
#867=STYLED_ITEM('',(#866),#864);
#868=DIRECTION('',(0.E0,-1.E0,0.E0));
#869=VECTOR('',#868,1.94E0);
#870=CARTESIAN_POINT('',(1.601E1,0.E0,2.54E0));
#871=LINE('',#870,#869);
#872=CURVE_STYLE('',#17,POSITIVE_LENGTH_MEASURE(2.E-2),#3);
#873=PRESENTATION_STYLE_ASSIGNMENT((#872));
#874=STYLED_ITEM('',(#873),#871);
#875=DIRECTION('',(7.071067811865E-1,0.E0,-7.071067811865E-1));
#876=VECTOR('',#875,3.535533905933E-1);
#877=CARTESIAN_POINT('',(1.601E1,0.E0,2.54E0));
#878=LINE('',#877,#876);
#879=CURVE_STYLE('',#17,POSITIVE_LENGTH_MEASURE(2.E-2),#3);
#880=PRESENTATION_STYLE_ASSIGNMENT((#879));
#881=STYLED_ITEM('',(#880),#878);
#882=DIRECTION('',(0.E0,-1.E0,0.E0));
#883=VECTOR('',#882,1.44E0);
#884=CARTESIAN_POINT('',(1.651E1,-2.5E-1,2.04E0));
#885=LINE('',#884,#883);
#886=CURVE_STYLE('',#17,POSITIVE_LENGTH_MEASURE(2.E-2),#3);
#887=PRESENTATION_STYLE_ASSIGNMENT((#886));
#888=STYLED_ITEM('',(#887),#885);
#889=DIRECTION('',(0.E0,1.E0,0.E0));
#890=VECTOR('',#889,6.E-1);
#891=CARTESIAN_POINT('',(1.601E1,-2.54E0,2.54E0));
#892=LINE('',#891,#890);
#893=CURVE_STYLE('',#17,POSITIVE_LENGTH_MEASURE(2.E-2),#3);
#894=PRESENTATION_STYLE_ASSIGNMENT((#893));
#895=STYLED_ITEM('',(#894),#892);
#896=DIRECTION('',(0.E0,1.E0,0.E0));
#897=VECTOR('',#896,6.E-1);
#898=CARTESIAN_POINT('',(1.447E1,-2.54E0,2.54E0));
#899=LINE('',#898,#897);
#900=CURVE_STYLE('',#17,POSITIVE_LENGTH_MEASURE(2.E-2),#3);
#901=PRESENTATION_STYLE_ASSIGNMENT((#900));
#902=STYLED_ITEM('',(#901),#899);
#903=DIRECTION('',(0.E0,0.E0,-1.E0));
#904=VECTOR('',#903,5.E-1);
#905=CARTESIAN_POINT('',(1.601E1,-2.54E0,2.54E0));
#906=LINE('',#905,#904);
#907=CURVE_STYLE('',#17,POSITIVE_LENGTH_MEASURE(2.E-2),#3);
#908=PRESENTATION_STYLE_ASSIGNMENT((#907));
#909=STYLED_ITEM('',(#908),#906);
#910=DIRECTION('',(-1.E0,0.E0,0.E0));
#911=VECTOR('',#910,1.54E0);
#912=CARTESIAN_POINT('',(1.601E1,-2.54E0,2.04E0));
#913=LINE('',#912,#911);
#914=CURVE_STYLE('',#17,POSITIVE_LENGTH_MEASURE(2.E-2),#3);
#915=PRESENTATION_STYLE_ASSIGNMENT((#914));
#916=STYLED_ITEM('',(#915),#913);
#917=DIRECTION('',(0.E0,0.E0,-1.E0));
#918=VECTOR('',#917,5.E-1);
#919=CARTESIAN_POINT('',(1.447E1,-2.54E0,2.54E0));
#920=LINE('',#919,#918);
#921=CURVE_STYLE('',#17,POSITIVE_LENGTH_MEASURE(2.E-2),#3);
#922=PRESENTATION_STYLE_ASSIGNMENT((#921));
#923=STYLED_ITEM('',(#922),#920);
#924=DIRECTION('',(-1.E0,0.E0,0.E0));
#925=VECTOR('',#924,1.54E0);
#926=CARTESIAN_POINT('',(1.601E1,-2.54E0,2.54E0));
#927=LINE('',#926,#925);
#928=CURVE_STYLE('',#17,POSITIVE_LENGTH_MEASURE(2.E-2),#3);
#929=PRESENTATION_STYLE_ASSIGNMENT((#928));
#930=STYLED_ITEM('',(#929),#927);
#931=DIRECTION('',(0.E0,0.E0,1.E0));
#932=VECTOR('',#931,5.E-1);
#933=CARTESIAN_POINT('',(1.447E1,-2.54E0,-2.54E0));
#934=LINE('',#933,#932);
#935=CURVE_STYLE('',#17,POSITIVE_LENGTH_MEASURE(2.E-2),#3);
#936=PRESENTATION_STYLE_ASSIGNMENT((#935));
#937=STYLED_ITEM('',(#936),#934);
#938=DIRECTION('',(1.E0,0.E0,0.E0));
#939=VECTOR('',#938,1.54E0);
#940=CARTESIAN_POINT('',(1.447E1,-2.54E0,-2.04E0));
#941=LINE('',#940,#939);
#942=CURVE_STYLE('',#17,POSITIVE_LENGTH_MEASURE(2.E-2),#3);
#943=PRESENTATION_STYLE_ASSIGNMENT((#942));
#944=STYLED_ITEM('',(#943),#941);
#945=DIRECTION('',(0.E0,0.E0,1.E0));
#946=VECTOR('',#945,5.E-1);
#947=CARTESIAN_POINT('',(1.601E1,-2.54E0,-2.54E0));
#948=LINE('',#947,#946);
#949=CURVE_STYLE('',#17,POSITIVE_LENGTH_MEASURE(2.E-2),#3);
#950=PRESENTATION_STYLE_ASSIGNMENT((#949));
#951=STYLED_ITEM('',(#950),#948);
#952=DIRECTION('',(1.E0,0.E0,0.E0));
#953=VECTOR('',#952,1.54E0);
#954=CARTESIAN_POINT('',(1.447E1,-2.54E0,-2.54E0));
#955=LINE('',#954,#953);
#956=CURVE_STYLE('',#17,POSITIVE_LENGTH_MEASURE(2.E-2),#3);
#957=PRESENTATION_STYLE_ASSIGNMENT((#956));
#958=STYLED_ITEM('',(#957),#955);
#959=DIRECTION('',(0.E0,1.E0,0.E0));
#960=VECTOR('',#959,6.E-1);
#961=CARTESIAN_POINT('',(1.601E1,-2.54E0,2.04E0));
#962=LINE('',#961,#960);
#963=CURVE_STYLE('',#17,POSITIVE_LENGTH_MEASURE(2.E-2),#3);
#964=PRESENTATION_STYLE_ASSIGNMENT((#963));
#965=STYLED_ITEM('',(#964),#962);
#966=DIRECTION('',(0.E0,1.E0,0.E0));
#967=VECTOR('',#966,6.E-1);
#968=CARTESIAN_POINT('',(1.447E1,-2.54E0,2.04E0));
#969=LINE('',#968,#967);
#970=CURVE_STYLE('',#17,POSITIVE_LENGTH_MEASURE(2.E-2),#3);
#971=PRESENTATION_STYLE_ASSIGNMENT((#970));
#972=STYLED_ITEM('',(#971),#969);
#973=DIRECTION('',(0.E0,1.E0,0.E0));
#974=VECTOR('',#973,6.E-1);
#975=CARTESIAN_POINT('',(1.447E1,-2.54E0,-2.54E0));
#976=LINE('',#975,#974);
#977=CURVE_STYLE('',#17,POSITIVE_LENGTH_MEASURE(2.E-2),#3);
#978=PRESENTATION_STYLE_ASSIGNMENT((#977));
#979=STYLED_ITEM('',(#978),#976);
#980=DIRECTION('',(0.E0,1.E0,0.E0));
#981=VECTOR('',#980,6.E-1);
#982=CARTESIAN_POINT('',(1.601E1,-2.54E0,-2.54E0));
#983=LINE('',#982,#981);
#984=CURVE_STYLE('',#17,POSITIVE_LENGTH_MEASURE(2.E-2),#3);
#985=PRESENTATION_STYLE_ASSIGNMENT((#984));
#986=STYLED_ITEM('',(#985),#983);
#987=DIRECTION('',(0.E0,1.E0,0.E0));
#988=VECTOR('',#987,6.E-1);
#989=CARTESIAN_POINT('',(1.601E1,-2.54E0,-2.04E0));
#990=LINE('',#989,#988);
#991=CURVE_STYLE('',#17,POSITIVE_LENGTH_MEASURE(2.E-2),#3);
#992=PRESENTATION_STYLE_ASSIGNMENT((#991));
#993=STYLED_ITEM('',(#992),#990);
#994=DIRECTION('',(0.E0,1.E0,0.E0));
#995=VECTOR('',#994,6.E-1);
#996=CARTESIAN_POINT('',(1.447E1,-2.54E0,-2.04E0));
#997=LINE('',#996,#995);
#998=CURVE_STYLE('',#17,POSITIVE_LENGTH_MEASURE(2.E-2),#3);
#999=PRESENTATION_STYLE_ASSIGNMENT((#998));
#1000=STYLED_ITEM('',(#999),#997);
#1001=DIRECTION('',(-7.071067811865E-1,0.E0,7.071067811865E-1));
#1002=VECTOR('',#1001,3.535533905933E-1);
#1003=CARTESIAN_POINT('',(1.447E1,-1.94E0,-2.54E0));
#1004=LINE('',#1003,#1002);
#1005=CURVE_STYLE('',#17,POSITIVE_LENGTH_MEASURE(2.E-2),#3);
#1006=PRESENTATION_STYLE_ASSIGNMENT((#1005));
#1007=STYLED_ITEM('',(#1006),#1004);
#1008=DIRECTION('',(0.E0,-1.E0,0.E0));
#1009=VECTOR('',#1008,1.94E0);
#1010=CARTESIAN_POINT('',(1.447E1,0.E0,-2.54E0));
#1011=LINE('',#1010,#1009);
#1012=CURVE_STYLE('',#17,POSITIVE_LENGTH_MEASURE(2.E-2),#3);
#1013=PRESENTATION_STYLE_ASSIGNMENT((#1012));
#1014=STYLED_ITEM('',(#1013),#1011);
#1015=DIRECTION('',(-7.071067811865E-1,0.E0,7.071067811865E-1));
#1016=VECTOR('',#1015,3.535533905933E-1);
#1017=CARTESIAN_POINT('',(1.447E1,0.E0,-2.54E0));
#1018=LINE('',#1017,#1016);
#1019=CURVE_STYLE('',#17,POSITIVE_LENGTH_MEASURE(2.E-2),#3);
#1020=PRESENTATION_STYLE_ASSIGNMENT((#1019));
#1021=STYLED_ITEM('',(#1020),#1018);
#1022=DIRECTION('',(0.E0,-1.E0,0.E0));
#1023=VECTOR('',#1022,1.44E0);
#1024=CARTESIAN_POINT('',(1.397E1,-2.5E-1,-2.04E0));
#1025=LINE('',#1024,#1023);
#1026=CURVE_STYLE('',#17,POSITIVE_LENGTH_MEASURE(2.E-2),#3);
#1027=PRESENTATION_STYLE_ASSIGNMENT((#1026));
#1028=STYLED_ITEM('',(#1027),#1025);
#1029=DIRECTION('',(-7.071067811865E-1,0.E0,-7.071067811865E-1));
#1030=VECTOR('',#1029,3.535533905933E-1);
#1031=CARTESIAN_POINT('',(1.372E1,0.E0,-2.29E0));
#1032=LINE('',#1031,#1030);
#1033=CURVE_STYLE('',#17,POSITIVE_LENGTH_MEASURE(2.E-2),#3);
#1034=PRESENTATION_STYLE_ASSIGNMENT((#1033));
#1035=STYLED_ITEM('',(#1034),#1032);
#1036=DIRECTION('',(0.E0,-1.E0,0.E0));
#1037=VECTOR('',#1036,1.94E0);
#1038=CARTESIAN_POINT('',(1.347E1,0.E0,-2.54E0));
#1039=LINE('',#1038,#1037);
#1040=CURVE_STYLE('',#17,POSITIVE_LENGTH_MEASURE(2.E-2),#3);
#1041=PRESENTATION_STYLE_ASSIGNMENT((#1040));
#1042=STYLED_ITEM('',(#1041),#1039);
#1043=DIRECTION('',(-7.071067811865E-1,0.E0,-7.071067811866E-1));
#1044=VECTOR('',#1043,3.535533905933E-1);
#1045=CARTESIAN_POINT('',(1.372E1,-1.94E0,-2.29E0));
#1046=LINE('',#1045,#1044);
#1047=CURVE_STYLE('',#17,POSITIVE_LENGTH_MEASURE(2.E-2),#3);
#1048=PRESENTATION_STYLE_ASSIGNMENT((#1047));
#1049=STYLED_ITEM('',(#1048),#1046);
#1050=DIRECTION('',(0.E0,1.E0,0.E0));
#1051=VECTOR('',#1050,6.E-1);
#1052=CARTESIAN_POINT('',(1.193E1,-2.54E0,-2.54E0));
#1053=LINE('',#1052,#1051);
#1054=CURVE_STYLE('',#17,POSITIVE_LENGTH_MEASURE(2.E-2),#3);
#1055=PRESENTATION_STYLE_ASSIGNMENT((#1054));
#1056=STYLED_ITEM('',(#1055),#1053);
#1057=DIRECTION('',(0.E0,1.E0,0.E0));
#1058=VECTOR('',#1057,6.E-1);
#1059=CARTESIAN_POINT('',(1.347E1,-2.54E0,-2.54E0));
#1060=LINE('',#1059,#1058);
#1061=CURVE_STYLE('',#17,POSITIVE_LENGTH_MEASURE(2.E-2),#3);
#1062=PRESENTATION_STYLE_ASSIGNMENT((#1061));
#1063=STYLED_ITEM('',(#1062),#1060);
#1064=DIRECTION('',(0.E0,0.E0,-1.E0));
#1065=VECTOR('',#1064,5.E-1);
#1066=CARTESIAN_POINT('',(1.347E1,-2.54E0,2.54E0));
#1067=LINE('',#1066,#1065);
#1068=CURVE_STYLE('',#17,POSITIVE_LENGTH_MEASURE(2.E-2),#3);
#1069=PRESENTATION_STYLE_ASSIGNMENT((#1068));
#1070=STYLED_ITEM('',(#1069),#1067);
#1071=DIRECTION('',(-1.E0,0.E0,0.E0));
#1072=VECTOR('',#1071,1.54E0);
#1073=CARTESIAN_POINT('',(1.347E1,-2.54E0,2.04E0));
#1074=LINE('',#1073,#1072);
#1075=CURVE_STYLE('',#17,POSITIVE_LENGTH_MEASURE(2.E-2),#3);
#1076=PRESENTATION_STYLE_ASSIGNMENT((#1075));
#1077=STYLED_ITEM('',(#1076),#1074);
#1078=DIRECTION('',(0.E0,0.E0,-1.E0));
#1079=VECTOR('',#1078,5.E-1);
#1080=CARTESIAN_POINT('',(1.193E1,-2.54E0,2.54E0));
#1081=LINE('',#1080,#1079);
#1082=CURVE_STYLE('',#17,POSITIVE_LENGTH_MEASURE(2.E-2),#3);
#1083=PRESENTATION_STYLE_ASSIGNMENT((#1082));
#1084=STYLED_ITEM('',(#1083),#1081);
#1085=DIRECTION('',(-1.E0,0.E0,0.E0));
#1086=VECTOR('',#1085,1.54E0);
#1087=CARTESIAN_POINT('',(1.347E1,-2.54E0,2.54E0));
#1088=LINE('',#1087,#1086);
#1089=CURVE_STYLE('',#17,POSITIVE_LENGTH_MEASURE(2.E-2),#3);
#1090=PRESENTATION_STYLE_ASSIGNMENT((#1089));
#1091=STYLED_ITEM('',(#1090),#1088);
#1092=DIRECTION('',(0.E0,0.E0,1.E0));
#1093=VECTOR('',#1092,5.E-1);
#1094=CARTESIAN_POINT('',(1.193E1,-2.54E0,-2.54E0));
#1095=LINE('',#1094,#1093);
#1096=CURVE_STYLE('',#17,POSITIVE_LENGTH_MEASURE(2.E-2),#3);
#1097=PRESENTATION_STYLE_ASSIGNMENT((#1096));
#1098=STYLED_ITEM('',(#1097),#1095);
#1099=DIRECTION('',(1.E0,0.E0,0.E0));
#1100=VECTOR('',#1099,1.54E0);
#1101=CARTESIAN_POINT('',(1.193E1,-2.54E0,-2.04E0));
#1102=LINE('',#1101,#1100);
#1103=CURVE_STYLE('',#17,POSITIVE_LENGTH_MEASURE(2.E-2),#3);
#1104=PRESENTATION_STYLE_ASSIGNMENT((#1103));
#1105=STYLED_ITEM('',(#1104),#1102);
#1106=DIRECTION('',(0.E0,0.E0,1.E0));
#1107=VECTOR('',#1106,5.E-1);
#1108=CARTESIAN_POINT('',(1.347E1,-2.54E0,-2.54E0));
#1109=LINE('',#1108,#1107);
#1110=CURVE_STYLE('',#17,POSITIVE_LENGTH_MEASURE(2.E-2),#3);
#1111=PRESENTATION_STYLE_ASSIGNMENT((#1110));
#1112=STYLED_ITEM('',(#1111),#1109);
#1113=DIRECTION('',(1.E0,0.E0,0.E0));
#1114=VECTOR('',#1113,1.54E0);
#1115=CARTESIAN_POINT('',(1.193E1,-2.54E0,-2.54E0));
#1116=LINE('',#1115,#1114);
#1117=CURVE_STYLE('',#17,POSITIVE_LENGTH_MEASURE(2.E-2),#3);
#1118=PRESENTATION_STYLE_ASSIGNMENT((#1117));
#1119=STYLED_ITEM('',(#1118),#1116);
#1120=DIRECTION('',(0.E0,1.E0,0.E0));
#1121=VECTOR('',#1120,6.E-1);
#1122=CARTESIAN_POINT('',(1.347E1,-2.54E0,2.54E0));
#1123=LINE('',#1122,#1121);
#1124=CURVE_STYLE('',#17,POSITIVE_LENGTH_MEASURE(2.E-2),#3);
#1125=PRESENTATION_STYLE_ASSIGNMENT((#1124));
#1126=STYLED_ITEM('',(#1125),#1123);
#1127=DIRECTION('',(0.E0,1.E0,0.E0));
#1128=VECTOR('',#1127,6.E-1);
#1129=CARTESIAN_POINT('',(1.193E1,-2.54E0,2.54E0));
#1130=LINE('',#1129,#1128);
#1131=CURVE_STYLE('',#17,POSITIVE_LENGTH_MEASURE(2.E-2),#3);
#1132=PRESENTATION_STYLE_ASSIGNMENT((#1131));
#1133=STYLED_ITEM('',(#1132),#1130);
#1134=DIRECTION('',(0.E0,1.E0,0.E0));
#1135=VECTOR('',#1134,6.E-1);
#1136=CARTESIAN_POINT('',(1.193E1,-2.54E0,2.04E0));
#1137=LINE('',#1136,#1135);
#1138=CURVE_STYLE('',#17,POSITIVE_LENGTH_MEASURE(2.E-2),#3);
#1139=PRESENTATION_STYLE_ASSIGNMENT((#1138));
#1140=STYLED_ITEM('',(#1139),#1137);
#1141=DIRECTION('',(0.E0,1.E0,0.E0));
#1142=VECTOR('',#1141,6.E-1);
#1143=CARTESIAN_POINT('',(1.347E1,-2.54E0,2.04E0));
#1144=LINE('',#1143,#1142);
#1145=CURVE_STYLE('',#17,POSITIVE_LENGTH_MEASURE(2.E-2),#3);
#1146=PRESENTATION_STYLE_ASSIGNMENT((#1145));
#1147=STYLED_ITEM('',(#1146),#1144);
#1148=DIRECTION('',(0.E0,0.E0,-1.E0));
#1149=VECTOR('',#1148,5.E-1);
#1150=CARTESIAN_POINT('',(1.347E1,-1.94E0,-2.04E0));
#1151=LINE('',#1150,#1149);
#1152=CURVE_STYLE('',#17,POSITIVE_LENGTH_MEASURE(2.E-2),#3);
#1153=PRESENTATION_STYLE_ASSIGNMENT((#1152));
#1154=STYLED_ITEM('',(#1153),#1151);
#1155=DIRECTION('',(1.E0,0.E0,0.E0));
#1156=VECTOR('',#1155,1.54E0);
#1157=CARTESIAN_POINT('',(1.193E1,-1.94E0,-2.04E0));
#1158=LINE('',#1157,#1156);
#1159=CURVE_STYLE('',#17,POSITIVE_LENGTH_MEASURE(2.E-2),#3);
#1160=PRESENTATION_STYLE_ASSIGNMENT((#1159));
#1161=STYLED_ITEM('',(#1160),#1158);
#1162=DIRECTION('',(0.E0,0.E0,1.E0));
#1163=VECTOR('',#1162,5.E-1);
#1164=CARTESIAN_POINT('',(1.193E1,-1.94E0,-2.54E0));
#1165=LINE('',#1164,#1163);
#1166=CURVE_STYLE('',#17,POSITIVE_LENGTH_MEASURE(2.E-2),#3);
#1167=PRESENTATION_STYLE_ASSIGNMENT((#1166));
#1168=STYLED_ITEM('',(#1167),#1165);
#1169=DIRECTION('',(0.E0,0.E0,1.E0));
#1170=VECTOR('',#1169,5.E-1);
#1171=CARTESIAN_POINT('',(1.193E1,-1.94E0,2.04E0));
#1172=LINE('',#1171,#1170);
#1173=CURVE_STYLE('',#17,POSITIVE_LENGTH_MEASURE(2.E-2),#3);
#1174=PRESENTATION_STYLE_ASSIGNMENT((#1173));
#1175=STYLED_ITEM('',(#1174),#1172);
#1176=DIRECTION('',(-1.E0,0.E0,0.E0));
#1177=VECTOR('',#1176,1.54E0);
#1178=CARTESIAN_POINT('',(1.347E1,-1.94E0,2.04E0));
#1179=LINE('',#1178,#1177);
#1180=CURVE_STYLE('',#17,POSITIVE_LENGTH_MEASURE(2.E-2),#3);
#1181=PRESENTATION_STYLE_ASSIGNMENT((#1180));
#1182=STYLED_ITEM('',(#1181),#1179);
#1183=DIRECTION('',(0.E0,0.E0,-1.E0));
#1184=VECTOR('',#1183,5.E-1);
#1185=CARTESIAN_POINT('',(1.347E1,-1.94E0,2.54E0));
#1186=LINE('',#1185,#1184);
#1187=CURVE_STYLE('',#17,POSITIVE_LENGTH_MEASURE(2.E-2),#3);
#1188=PRESENTATION_STYLE_ASSIGNMENT((#1187));
#1189=STYLED_ITEM('',(#1188),#1186);
#1190=DIRECTION('',(1.E0,0.E0,0.E0));
#1191=VECTOR('',#1190,6.4E-1);
#1192=CARTESIAN_POINT('',(1.238E1,-1.94E0,1.59E0));
#1193=LINE('',#1192,#1191);
#1194=CURVE_STYLE('',#17,POSITIVE_LENGTH_MEASURE(2.E-2),#3);
#1195=PRESENTATION_STYLE_ASSIGNMENT((#1194));
#1196=STYLED_ITEM('',(#1195),#1193);
#1197=DIRECTION('',(0.E0,0.E0,1.E0));
#1198=VECTOR('',#1197,6.4E-1);
#1199=CARTESIAN_POINT('',(1.238E1,-1.94E0,9.5E-1));
#1200=LINE('',#1199,#1198);
#1201=CURVE_STYLE('',#17,POSITIVE_LENGTH_MEASURE(2.E-2),#3);
#1202=PRESENTATION_STYLE_ASSIGNMENT((#1201));
#1203=STYLED_ITEM('',(#1202),#1200);
#1204=DIRECTION('',(-1.E0,0.E0,0.E0));
#1205=VECTOR('',#1204,6.4E-1);
#1206=CARTESIAN_POINT('',(1.302E1,-1.94E0,9.5E-1));
#1207=LINE('',#1206,#1205);
#1208=CURVE_STYLE('',#17,POSITIVE_LENGTH_MEASURE(2.E-2),#3);
#1209=PRESENTATION_STYLE_ASSIGNMENT((#1208));
#1210=STYLED_ITEM('',(#1209),#1207);
#1211=DIRECTION('',(0.E0,0.E0,-1.E0));
#1212=VECTOR('',#1211,6.4E-1);
#1213=CARTESIAN_POINT('',(1.302E1,-1.94E0,1.59E0));
#1214=LINE('',#1213,#1212);
#1215=CURVE_STYLE('',#17,POSITIVE_LENGTH_MEASURE(2.E-2),#3);
#1216=PRESENTATION_STYLE_ASSIGNMENT((#1215));
#1217=STYLED_ITEM('',(#1216),#1214);
#1218=DIRECTION('',(0.E0,0.E0,-1.E0));
#1219=VECTOR('',#1218,6.4E-1);
#1220=CARTESIAN_POINT('',(1.302E1,-1.94E0,-9.5E-1));
#1221=LINE('',#1220,#1219);
#1222=CURVE_STYLE('',#17,POSITIVE_LENGTH_MEASURE(2.E-2),#3);
#1223=PRESENTATION_STYLE_ASSIGNMENT((#1222));
#1224=STYLED_ITEM('',(#1223),#1221);
#1225=DIRECTION('',(1.E0,0.E0,0.E0));
#1226=VECTOR('',#1225,6.4E-1);
#1227=CARTESIAN_POINT('',(1.238E1,-1.94E0,-9.5E-1));
#1228=LINE('',#1227,#1226);
#1229=CURVE_STYLE('',#17,POSITIVE_LENGTH_MEASURE(2.E-2),#3);
#1230=PRESENTATION_STYLE_ASSIGNMENT((#1229));
#1231=STYLED_ITEM('',(#1230),#1228);
#1232=DIRECTION('',(0.E0,0.E0,1.E0));
#1233=VECTOR('',#1232,6.4E-1);
#1234=CARTESIAN_POINT('',(1.238E1,-1.94E0,-1.59E0));
#1235=LINE('',#1234,#1233);
#1236=CURVE_STYLE('',#17,POSITIVE_LENGTH_MEASURE(2.E-2),#3);
#1237=PRESENTATION_STYLE_ASSIGNMENT((#1236));
#1238=STYLED_ITEM('',(#1237),#1235);
#1239=DIRECTION('',(-1.E0,0.E0,0.E0));
#1240=VECTOR('',#1239,6.4E-1);
#1241=CARTESIAN_POINT('',(1.302E1,-1.94E0,-1.59E0));
#1242=LINE('',#1241,#1240);
#1243=CURVE_STYLE('',#17,POSITIVE_LENGTH_MEASURE(2.E-2),#3);
#1244=PRESENTATION_STYLE_ASSIGNMENT((#1243));
#1245=STYLED_ITEM('',(#1244),#1242);
#1246=DIRECTION('',(-5.773502691896E-1,-5.773502691896E-1,-5.773502691896E-1));
#1247=VECTOR('',#1246,4.330127018922E-1);
#1248=CARTESIAN_POINT('',(1.397E1,-1.69E0,-2.04E0));
#1249=LINE('',#1248,#1247);
#1250=CURVE_STYLE('',#17,POSITIVE_LENGTH_MEASURE(2.E-2),#3);
#1251=PRESENTATION_STYLE_ASSIGNMENT((#1250));
#1252=STYLED_ITEM('',(#1251),#1249);
#1253=DIRECTION('',(0.E0,0.E0,1.E0));
#1254=VECTOR('',#1253,4.58E0);
#1255=CARTESIAN_POINT('',(1.372E1,-1.94E0,-2.29E0));
#1256=LINE('',#1255,#1254);
#1257=CURVE_STYLE('',#17,POSITIVE_LENGTH_MEASURE(2.E-2),#3);
#1258=PRESENTATION_STYLE_ASSIGNMENT((#1257));
#1259=STYLED_ITEM('',(#1258),#1256);
#1260=DIRECTION('',(-5.773502691896E-1,-5.773502691896E-1,5.773502691896E-1));
#1261=VECTOR('',#1260,4.330127018922E-1);
#1262=CARTESIAN_POINT('',(1.397E1,-1.69E0,2.04E0));
#1263=LINE('',#1262,#1261);
#1264=CURVE_STYLE('',#17,POSITIVE_LENGTH_MEASURE(2.E-2),#3);
#1265=PRESENTATION_STYLE_ASSIGNMENT((#1264));
#1266=STYLED_ITEM('',(#1265),#1263);
#1267=DIRECTION('',(0.E0,0.E0,-1.E0));
#1268=VECTOR('',#1267,4.08E0);
#1269=CARTESIAN_POINT('',(1.397E1,-1.69E0,2.04E0));
#1270=LINE('',#1269,#1268);
#1271=CURVE_STYLE('',#17,POSITIVE_LENGTH_MEASURE(2.E-2),#3);
#1272=PRESENTATION_STYLE_ASSIGNMENT((#1271));
#1273=STYLED_ITEM('',(#1272),#1270);
#1274=DIRECTION('',(5.773502691896E-1,-5.773502691896E-1,5.773502691896E-1));
#1275=VECTOR('',#1274,4.330127018922E-1);
#1276=CARTESIAN_POINT('',(1.397E1,-1.69E0,2.04E0));
#1277=LINE('',#1276,#1275);
#1278=CURVE_STYLE('',#17,POSITIVE_LENGTH_MEASURE(2.E-2),#3);
#1279=PRESENTATION_STYLE_ASSIGNMENT((#1278));
#1280=STYLED_ITEM('',(#1279),#1277);
#1281=DIRECTION('',(0.E0,0.E0,-1.E0));
#1282=VECTOR('',#1281,4.58E0);
#1283=CARTESIAN_POINT('',(1.422E1,-1.94E0,2.29E0));
#1284=LINE('',#1283,#1282);
#1285=CURVE_STYLE('',#17,POSITIVE_LENGTH_MEASURE(2.E-2),#3);
#1286=PRESENTATION_STYLE_ASSIGNMENT((#1285));
#1287=STYLED_ITEM('',(#1286),#1284);
#1288=DIRECTION('',(5.773502691896E-1,-5.773502691896E-1,-5.773502691896E-1));
#1289=VECTOR('',#1288,4.330127018922E-1);
#1290=CARTESIAN_POINT('',(1.397E1,-1.69E0,-2.04E0));
#1291=LINE('',#1290,#1289);
#1292=CURVE_STYLE('',#17,POSITIVE_LENGTH_MEASURE(2.E-2),#3);
#1293=PRESENTATION_STYLE_ASSIGNMENT((#1292));
#1294=STYLED_ITEM('',(#1293),#1291);
#1295=DIRECTION('',(7.071067811865E-1,0.E0,7.071067811865E-1));
#1296=VECTOR('',#1295,3.535533905933E-1);
#1297=CARTESIAN_POINT('',(1.422E1,-1.94E0,2.29E0));
#1298=LINE('',#1297,#1296);
#1299=CURVE_STYLE('',#17,POSITIVE_LENGTH_MEASURE(2.E-2),#3);
#1300=PRESENTATION_STYLE_ASSIGNMENT((#1299));
#1301=STYLED_ITEM('',(#1300),#1298);
#1302=DIRECTION('',(0.E0,-1.E0,0.E0));
#1303=VECTOR('',#1302,1.44E0);
#1304=CARTESIAN_POINT('',(1.397E1,-2.5E-1,2.04E0));
#1305=LINE('',#1304,#1303);
#1306=CURVE_STYLE('',#17,POSITIVE_LENGTH_MEASURE(2.E-2),#3);
#1307=PRESENTATION_STYLE_ASSIGNMENT((#1306));
#1308=STYLED_ITEM('',(#1307),#1305);
#1309=DIRECTION('',(7.071067811865E-1,0.E0,7.071067811865E-1));
#1310=VECTOR('',#1309,3.535533905933E-1);
#1311=CARTESIAN_POINT('',(1.422E1,0.E0,2.29E0));
#1312=LINE('',#1311,#1310);
#1313=CURVE_STYLE('',#17,POSITIVE_LENGTH_MEASURE(2.E-2),#3);
#1314=PRESENTATION_STYLE_ASSIGNMENT((#1313));
#1315=STYLED_ITEM('',(#1314),#1312);
#1316=DIRECTION('',(0.E0,-1.E0,0.E0));
#1317=VECTOR('',#1316,1.94E0);
#1318=CARTESIAN_POINT('',(1.447E1,0.E0,2.54E0));
#1319=LINE('',#1318,#1317);
#1320=CURVE_STYLE('',#17,POSITIVE_LENGTH_MEASURE(2.E-2),#3);
#1321=PRESENTATION_STYLE_ASSIGNMENT((#1320));
#1322=STYLED_ITEM('',(#1321),#1319);
#1323=DIRECTION('',(7.071067811865E-1,0.E0,-7.071067811865E-1));
#1324=VECTOR('',#1323,3.535533905933E-1);
#1325=CARTESIAN_POINT('',(1.347E1,-1.94E0,2.54E0));
#1326=LINE('',#1325,#1324);
#1327=CURVE_STYLE('',#17,POSITIVE_LENGTH_MEASURE(2.E-2),#3);
#1328=PRESENTATION_STYLE_ASSIGNMENT((#1327));
#1329=STYLED_ITEM('',(#1328),#1326);
#1330=DIRECTION('',(0.E0,-1.E0,0.E0));
#1331=VECTOR('',#1330,1.94E0);
#1332=CARTESIAN_POINT('',(1.347E1,0.E0,2.54E0));
#1333=LINE('',#1332,#1331);
#1334=CURVE_STYLE('',#17,POSITIVE_LENGTH_MEASURE(2.E-2),#3);
#1335=PRESENTATION_STYLE_ASSIGNMENT((#1334));
#1336=STYLED_ITEM('',(#1335),#1333);
#1337=DIRECTION('',(7.071067811865E-1,0.E0,-7.071067811865E-1));
#1338=VECTOR('',#1337,3.535533905933E-1);
#1339=CARTESIAN_POINT('',(1.347E1,0.E0,2.54E0));
#1340=LINE('',#1339,#1338);
#1341=CURVE_STYLE('',#17,POSITIVE_LENGTH_MEASURE(2.E-2),#3);
#1342=PRESENTATION_STYLE_ASSIGNMENT((#1341));
#1343=STYLED_ITEM('',(#1342),#1340);
#1344=DIRECTION('',(0.E0,1.E0,0.E0));
#1345=VECTOR('',#1344,6.E-1);
#1346=CARTESIAN_POINT('',(1.347E1,-2.54E0,-2.04E0));
#1347=LINE('',#1346,#1345);
#1348=CURVE_STYLE('',#17,POSITIVE_LENGTH_MEASURE(2.E-2),#3);
#1349=PRESENTATION_STYLE_ASSIGNMENT((#1348));
#1350=STYLED_ITEM('',(#1349),#1347);
#1351=DIRECTION('',(0.E0,1.E0,0.E0));
#1352=VECTOR('',#1351,6.E-1);
#1353=CARTESIAN_POINT('',(1.193E1,-2.54E0,-2.04E0));
#1354=LINE('',#1353,#1352);
#1355=CURVE_STYLE('',#17,POSITIVE_LENGTH_MEASURE(2.E-2),#3);
#1356=PRESENTATION_STYLE_ASSIGNMENT((#1355));
#1357=STYLED_ITEM('',(#1356),#1354);
#1358=DIRECTION('',(-7.071067811865E-1,0.E0,7.071067811865E-1));
#1359=VECTOR('',#1358,3.535533905933E-1);
#1360=CARTESIAN_POINT('',(1.193E1,-1.94E0,-2.54E0));
#1361=LINE('',#1360,#1359);
#1362=CURVE_STYLE('',#17,POSITIVE_LENGTH_MEASURE(2.E-2),#3);
#1363=PRESENTATION_STYLE_ASSIGNMENT((#1362));
#1364=STYLED_ITEM('',(#1363),#1361);
#1365=DIRECTION('',(0.E0,-1.E0,0.E0));
#1366=VECTOR('',#1365,1.94E0);
#1367=CARTESIAN_POINT('',(1.193E1,0.E0,-2.54E0));
#1368=LINE('',#1367,#1366);
#1369=CURVE_STYLE('',#17,POSITIVE_LENGTH_MEASURE(2.E-2),#3);
#1370=PRESENTATION_STYLE_ASSIGNMENT((#1369));
#1371=STYLED_ITEM('',(#1370),#1368);
#1372=DIRECTION('',(-7.071067811865E-1,0.E0,7.071067811865E-1));
#1373=VECTOR('',#1372,3.535533905933E-1);
#1374=CARTESIAN_POINT('',(1.193E1,0.E0,-2.54E0));
#1375=LINE('',#1374,#1373);
#1376=CURVE_STYLE('',#17,POSITIVE_LENGTH_MEASURE(2.E-2),#3);
#1377=PRESENTATION_STYLE_ASSIGNMENT((#1376));
#1378=STYLED_ITEM('',(#1377),#1375);
#1379=DIRECTION('',(0.E0,-1.E0,0.E0));
#1380=VECTOR('',#1379,1.44E0);
#1381=CARTESIAN_POINT('',(1.143E1,-2.5E-1,-2.04E0));
#1382=LINE('',#1381,#1380);
#1383=CURVE_STYLE('',#17,POSITIVE_LENGTH_MEASURE(2.E-2),#3);
#1384=PRESENTATION_STYLE_ASSIGNMENT((#1383));
#1385=STYLED_ITEM('',(#1384),#1382);
#1386=DIRECTION('',(-7.071067811865E-1,0.E0,-7.071067811865E-1));
#1387=VECTOR('',#1386,3.535533905933E-1);
#1388=CARTESIAN_POINT('',(1.118E1,0.E0,-2.29E0));
#1389=LINE('',#1388,#1387);
#1390=CURVE_STYLE('',#17,POSITIVE_LENGTH_MEASURE(2.E-2),#3);
#1391=PRESENTATION_STYLE_ASSIGNMENT((#1390));
#1392=STYLED_ITEM('',(#1391),#1389);
#1393=DIRECTION('',(0.E0,-1.E0,0.E0));
#1394=VECTOR('',#1393,1.94E0);
#1395=CARTESIAN_POINT('',(1.093E1,0.E0,-2.54E0));
#1396=LINE('',#1395,#1394);
#1397=CURVE_STYLE('',#17,POSITIVE_LENGTH_MEASURE(2.E-2),#3);
#1398=PRESENTATION_STYLE_ASSIGNMENT((#1397));
#1399=STYLED_ITEM('',(#1398),#1396);
#1400=DIRECTION('',(-7.071067811865E-1,0.E0,-7.071067811866E-1));
#1401=VECTOR('',#1400,3.535533905933E-1);
#1402=CARTESIAN_POINT('',(1.118E1,-1.94E0,-2.29E0));
#1403=LINE('',#1402,#1401);
#1404=CURVE_STYLE('',#17,POSITIVE_LENGTH_MEASURE(2.E-2),#3);
#1405=PRESENTATION_STYLE_ASSIGNMENT((#1404));
#1406=STYLED_ITEM('',(#1405),#1403);
#1407=DIRECTION('',(0.E0,1.E0,0.E0));
#1408=VECTOR('',#1407,6.E-1);
#1409=CARTESIAN_POINT('',(9.39E0,-2.54E0,-2.54E0));
#1410=LINE('',#1409,#1408);
#1411=CURVE_STYLE('',#17,POSITIVE_LENGTH_MEASURE(2.E-2),#3);
#1412=PRESENTATION_STYLE_ASSIGNMENT((#1411));
#1413=STYLED_ITEM('',(#1412),#1410);
#1414=DIRECTION('',(0.E0,1.E0,0.E0));
#1415=VECTOR('',#1414,6.E-1);
#1416=CARTESIAN_POINT('',(1.093E1,-2.54E0,-2.54E0));
#1417=LINE('',#1416,#1415);
#1418=CURVE_STYLE('',#17,POSITIVE_LENGTH_MEASURE(2.E-2),#3);
#1419=PRESENTATION_STYLE_ASSIGNMENT((#1418));
#1420=STYLED_ITEM('',(#1419),#1417);
#1421=DIRECTION('',(0.E0,0.E0,-1.E0));
#1422=VECTOR('',#1421,5.E-1);
#1423=CARTESIAN_POINT('',(1.093E1,-2.54E0,2.54E0));
#1424=LINE('',#1423,#1422);
#1425=CURVE_STYLE('',#17,POSITIVE_LENGTH_MEASURE(2.E-2),#3);
#1426=PRESENTATION_STYLE_ASSIGNMENT((#1425));
#1427=STYLED_ITEM('',(#1426),#1424);
#1428=DIRECTION('',(-1.E0,0.E0,0.E0));
#1429=VECTOR('',#1428,1.54E0);
#1430=CARTESIAN_POINT('',(1.093E1,-2.54E0,2.04E0));
#1431=LINE('',#1430,#1429);
#1432=CURVE_STYLE('',#17,POSITIVE_LENGTH_MEASURE(2.E-2),#3);
#1433=PRESENTATION_STYLE_ASSIGNMENT((#1432));
#1434=STYLED_ITEM('',(#1433),#1431);
#1435=DIRECTION('',(0.E0,0.E0,-1.E0));
#1436=VECTOR('',#1435,5.E-1);
#1437=CARTESIAN_POINT('',(9.39E0,-2.54E0,2.54E0));
#1438=LINE('',#1437,#1436);
#1439=CURVE_STYLE('',#17,POSITIVE_LENGTH_MEASURE(2.E-2),#3);
#1440=PRESENTATION_STYLE_ASSIGNMENT((#1439));
#1441=STYLED_ITEM('',(#1440),#1438);
#1442=DIRECTION('',(-1.E0,0.E0,0.E0));
#1443=VECTOR('',#1442,1.54E0);
#1444=CARTESIAN_POINT('',(1.093E1,-2.54E0,2.54E0));
#1445=LINE('',#1444,#1443);
#1446=CURVE_STYLE('',#17,POSITIVE_LENGTH_MEASURE(2.E-2),#3);
#1447=PRESENTATION_STYLE_ASSIGNMENT((#1446));
#1448=STYLED_ITEM('',(#1447),#1445);
#1449=DIRECTION('',(0.E0,0.E0,1.E0));
#1450=VECTOR('',#1449,5.E-1);
#1451=CARTESIAN_POINT('',(9.39E0,-2.54E0,-2.54E0));
#1452=LINE('',#1451,#1450);
#1453=CURVE_STYLE('',#17,POSITIVE_LENGTH_MEASURE(2.E-2),#3);
#1454=PRESENTATION_STYLE_ASSIGNMENT((#1453));
#1455=STYLED_ITEM('',(#1454),#1452);
#1456=DIRECTION('',(1.E0,0.E0,0.E0));
#1457=VECTOR('',#1456,1.54E0);
#1458=CARTESIAN_POINT('',(9.39E0,-2.54E0,-2.04E0));
#1459=LINE('',#1458,#1457);
#1460=CURVE_STYLE('',#17,POSITIVE_LENGTH_MEASURE(2.E-2),#3);
#1461=PRESENTATION_STYLE_ASSIGNMENT((#1460));
#1462=STYLED_ITEM('',(#1461),#1459);
#1463=DIRECTION('',(0.E0,0.E0,1.E0));
#1464=VECTOR('',#1463,5.E-1);
#1465=CARTESIAN_POINT('',(1.093E1,-2.54E0,-2.54E0));
#1466=LINE('',#1465,#1464);
#1467=CURVE_STYLE('',#17,POSITIVE_LENGTH_MEASURE(2.E-2),#3);
#1468=PRESENTATION_STYLE_ASSIGNMENT((#1467));
#1469=STYLED_ITEM('',(#1468),#1466);
#1470=DIRECTION('',(1.E0,0.E0,0.E0));
#1471=VECTOR('',#1470,1.54E0);
#1472=CARTESIAN_POINT('',(9.39E0,-2.54E0,-2.54E0));
#1473=LINE('',#1472,#1471);
#1474=CURVE_STYLE('',#17,POSITIVE_LENGTH_MEASURE(2.E-2),#3);
#1475=PRESENTATION_STYLE_ASSIGNMENT((#1474));
#1476=STYLED_ITEM('',(#1475),#1473);
#1477=DIRECTION('',(0.E0,1.E0,0.E0));
#1478=VECTOR('',#1477,6.E-1);
#1479=CARTESIAN_POINT('',(1.093E1,-2.54E0,2.54E0));
#1480=LINE('',#1479,#1478);
#1481=CURVE_STYLE('',#17,POSITIVE_LENGTH_MEASURE(2.E-2),#3);
#1482=PRESENTATION_STYLE_ASSIGNMENT((#1481));
#1483=STYLED_ITEM('',(#1482),#1480);
#1484=DIRECTION('',(0.E0,1.E0,0.E0));
#1485=VECTOR('',#1484,6.E-1);
#1486=CARTESIAN_POINT('',(9.39E0,-2.54E0,2.54E0));
#1487=LINE('',#1486,#1485);
#1488=CURVE_STYLE('',#17,POSITIVE_LENGTH_MEASURE(2.E-2),#3);
#1489=PRESENTATION_STYLE_ASSIGNMENT((#1488));
#1490=STYLED_ITEM('',(#1489),#1487);
#1491=DIRECTION('',(0.E0,1.E0,0.E0));
#1492=VECTOR('',#1491,6.E-1);
#1493=CARTESIAN_POINT('',(9.39E0,-2.54E0,2.04E0));
#1494=LINE('',#1493,#1492);
#1495=CURVE_STYLE('',#17,POSITIVE_LENGTH_MEASURE(2.E-2),#3);
#1496=PRESENTATION_STYLE_ASSIGNMENT((#1495));
#1497=STYLED_ITEM('',(#1496),#1494);
#1498=DIRECTION('',(0.E0,1.E0,0.E0));
#1499=VECTOR('',#1498,6.E-1);
#1500=CARTESIAN_POINT('',(1.093E1,-2.54E0,2.04E0));
#1501=LINE('',#1500,#1499);
#1502=CURVE_STYLE('',#17,POSITIVE_LENGTH_MEASURE(2.E-2),#3);
#1503=PRESENTATION_STYLE_ASSIGNMENT((#1502));
#1504=STYLED_ITEM('',(#1503),#1501);
#1505=DIRECTION('',(0.E0,0.E0,-1.E0));
#1506=VECTOR('',#1505,5.E-1);
#1507=CARTESIAN_POINT('',(1.093E1,-1.94E0,-2.04E0));
#1508=LINE('',#1507,#1506);
#1509=CURVE_STYLE('',#17,POSITIVE_LENGTH_MEASURE(2.E-2),#3);
#1510=PRESENTATION_STYLE_ASSIGNMENT((#1509));
#1511=STYLED_ITEM('',(#1510),#1508);
#1512=DIRECTION('',(1.E0,0.E0,0.E0));
#1513=VECTOR('',#1512,1.54E0);
#1514=CARTESIAN_POINT('',(9.39E0,-1.94E0,-2.04E0));
#1515=LINE('',#1514,#1513);
#1516=CURVE_STYLE('',#17,POSITIVE_LENGTH_MEASURE(2.E-2),#3);
#1517=PRESENTATION_STYLE_ASSIGNMENT((#1516));
#1518=STYLED_ITEM('',(#1517),#1515);
#1519=DIRECTION('',(0.E0,0.E0,1.E0));
#1520=VECTOR('',#1519,5.E-1);
#1521=CARTESIAN_POINT('',(9.39E0,-1.94E0,-2.54E0));
#1522=LINE('',#1521,#1520);
#1523=CURVE_STYLE('',#17,POSITIVE_LENGTH_MEASURE(2.E-2),#3);
#1524=PRESENTATION_STYLE_ASSIGNMENT((#1523));
#1525=STYLED_ITEM('',(#1524),#1522);
#1526=DIRECTION('',(0.E0,0.E0,1.E0));
#1527=VECTOR('',#1526,5.E-1);
#1528=CARTESIAN_POINT('',(9.39E0,-1.94E0,2.04E0));
#1529=LINE('',#1528,#1527);
#1530=CURVE_STYLE('',#17,POSITIVE_LENGTH_MEASURE(2.E-2),#3);
#1531=PRESENTATION_STYLE_ASSIGNMENT((#1530));
#1532=STYLED_ITEM('',(#1531),#1529);
#1533=DIRECTION('',(-1.E0,0.E0,0.E0));
#1534=VECTOR('',#1533,1.54E0);
#1535=CARTESIAN_POINT('',(1.093E1,-1.94E0,2.04E0));
#1536=LINE('',#1535,#1534);
#1537=CURVE_STYLE('',#17,POSITIVE_LENGTH_MEASURE(2.E-2),#3);
#1538=PRESENTATION_STYLE_ASSIGNMENT((#1537));
#1539=STYLED_ITEM('',(#1538),#1536);
#1540=DIRECTION('',(0.E0,0.E0,-1.E0));
#1541=VECTOR('',#1540,5.E-1);
#1542=CARTESIAN_POINT('',(1.093E1,-1.94E0,2.54E0));
#1543=LINE('',#1542,#1541);
#1544=CURVE_STYLE('',#17,POSITIVE_LENGTH_MEASURE(2.E-2),#3);
#1545=PRESENTATION_STYLE_ASSIGNMENT((#1544));
#1546=STYLED_ITEM('',(#1545),#1543);
#1547=DIRECTION('',(1.E0,0.E0,0.E0));
#1548=VECTOR('',#1547,6.4E-1);
#1549=CARTESIAN_POINT('',(9.84E0,-1.94E0,1.59E0));
#1550=LINE('',#1549,#1548);
#1551=CURVE_STYLE('',#17,POSITIVE_LENGTH_MEASURE(2.E-2),#3);
#1552=PRESENTATION_STYLE_ASSIGNMENT((#1551));
#1553=STYLED_ITEM('',(#1552),#1550);
#1554=DIRECTION('',(0.E0,0.E0,1.E0));
#1555=VECTOR('',#1554,6.4E-1);
#1556=CARTESIAN_POINT('',(9.84E0,-1.94E0,9.5E-1));
#1557=LINE('',#1556,#1555);
#1558=CURVE_STYLE('',#17,POSITIVE_LENGTH_MEASURE(2.E-2),#3);
#1559=PRESENTATION_STYLE_ASSIGNMENT((#1558));
#1560=STYLED_ITEM('',(#1559),#1557);
#1561=DIRECTION('',(-1.E0,0.E0,0.E0));
#1562=VECTOR('',#1561,6.4E-1);
#1563=CARTESIAN_POINT('',(1.048E1,-1.94E0,9.5E-1));
#1564=LINE('',#1563,#1562);
#1565=CURVE_STYLE('',#17,POSITIVE_LENGTH_MEASURE(2.E-2),#3);
#1566=PRESENTATION_STYLE_ASSIGNMENT((#1565));
#1567=STYLED_ITEM('',(#1566),#1564);
#1568=DIRECTION('',(0.E0,0.E0,-1.E0));
#1569=VECTOR('',#1568,6.4E-1);
#1570=CARTESIAN_POINT('',(1.048E1,-1.94E0,1.59E0));
#1571=LINE('',#1570,#1569);
#1572=CURVE_STYLE('',#17,POSITIVE_LENGTH_MEASURE(2.E-2),#3);
#1573=PRESENTATION_STYLE_ASSIGNMENT((#1572));
#1574=STYLED_ITEM('',(#1573),#1571);
#1575=DIRECTION('',(0.E0,0.E0,-1.E0));
#1576=VECTOR('',#1575,6.4E-1);
#1577=CARTESIAN_POINT('',(1.048E1,-1.94E0,-9.5E-1));
#1578=LINE('',#1577,#1576);
#1579=CURVE_STYLE('',#17,POSITIVE_LENGTH_MEASURE(2.E-2),#3);
#1580=PRESENTATION_STYLE_ASSIGNMENT((#1579));
#1581=STYLED_ITEM('',(#1580),#1578);
#1582=DIRECTION('',(1.E0,0.E0,0.E0));
#1583=VECTOR('',#1582,6.4E-1);
#1584=CARTESIAN_POINT('',(9.84E0,-1.94E0,-9.5E-1));
#1585=LINE('',#1584,#1583);
#1586=CURVE_STYLE('',#17,POSITIVE_LENGTH_MEASURE(2.E-2),#3);
#1587=PRESENTATION_STYLE_ASSIGNMENT((#1586));
#1588=STYLED_ITEM('',(#1587),#1585);
#1589=DIRECTION('',(0.E0,0.E0,1.E0));
#1590=VECTOR('',#1589,6.4E-1);
#1591=CARTESIAN_POINT('',(9.84E0,-1.94E0,-1.59E0));
#1592=LINE('',#1591,#1590);
#1593=CURVE_STYLE('',#17,POSITIVE_LENGTH_MEASURE(2.E-2),#3);
#1594=PRESENTATION_STYLE_ASSIGNMENT((#1593));
#1595=STYLED_ITEM('',(#1594),#1592);
#1596=DIRECTION('',(-1.E0,0.E0,0.E0));
#1597=VECTOR('',#1596,6.4E-1);
#1598=CARTESIAN_POINT('',(1.048E1,-1.94E0,-1.59E0));
#1599=LINE('',#1598,#1597);
#1600=CURVE_STYLE('',#17,POSITIVE_LENGTH_MEASURE(2.E-2),#3);
#1601=PRESENTATION_STYLE_ASSIGNMENT((#1600));
#1602=STYLED_ITEM('',(#1601),#1599);
#1603=DIRECTION('',(-5.773502691896E-1,-5.773502691896E-1,-5.773502691896E-1));
#1604=VECTOR('',#1603,4.330127018922E-1);
#1605=CARTESIAN_POINT('',(1.143E1,-1.69E0,-2.04E0));
#1606=LINE('',#1605,#1604);
#1607=CURVE_STYLE('',#17,POSITIVE_LENGTH_MEASURE(2.E-2),#3);
#1608=PRESENTATION_STYLE_ASSIGNMENT((#1607));
#1609=STYLED_ITEM('',(#1608),#1606);
#1610=DIRECTION('',(0.E0,0.E0,1.E0));
#1611=VECTOR('',#1610,4.58E0);
#1612=CARTESIAN_POINT('',(1.118E1,-1.94E0,-2.29E0));
#1613=LINE('',#1612,#1611);
#1614=CURVE_STYLE('',#17,POSITIVE_LENGTH_MEASURE(2.E-2),#3);
#1615=PRESENTATION_STYLE_ASSIGNMENT((#1614));
#1616=STYLED_ITEM('',(#1615),#1613);
#1617=DIRECTION('',(-5.773502691896E-1,-5.773502691896E-1,5.773502691896E-1));
#1618=VECTOR('',#1617,4.330127018922E-1);
#1619=CARTESIAN_POINT('',(1.143E1,-1.69E0,2.04E0));
#1620=LINE('',#1619,#1618);
#1621=CURVE_STYLE('',#17,POSITIVE_LENGTH_MEASURE(2.E-2),#3);
#1622=PRESENTATION_STYLE_ASSIGNMENT((#1621));
#1623=STYLED_ITEM('',(#1622),#1620);
#1624=DIRECTION('',(0.E0,0.E0,-1.E0));
#1625=VECTOR('',#1624,4.08E0);
#1626=CARTESIAN_POINT('',(1.143E1,-1.69E0,2.04E0));
#1627=LINE('',#1626,#1625);
#1628=CURVE_STYLE('',#17,POSITIVE_LENGTH_MEASURE(2.E-2),#3);
#1629=PRESENTATION_STYLE_ASSIGNMENT((#1628));
#1630=STYLED_ITEM('',(#1629),#1627);
#1631=DIRECTION('',(5.773502691896E-1,-5.773502691896E-1,5.773502691896E-1));
#1632=VECTOR('',#1631,4.330127018922E-1);
#1633=CARTESIAN_POINT('',(1.143E1,-1.69E0,2.04E0));
#1634=LINE('',#1633,#1632);
#1635=CURVE_STYLE('',#17,POSITIVE_LENGTH_MEASURE(2.E-2),#3);
#1636=PRESENTATION_STYLE_ASSIGNMENT((#1635));
#1637=STYLED_ITEM('',(#1636),#1634);
#1638=DIRECTION('',(0.E0,0.E0,-1.E0));
#1639=VECTOR('',#1638,4.58E0);
#1640=CARTESIAN_POINT('',(1.168E1,-1.94E0,2.29E0));
#1641=LINE('',#1640,#1639);
#1642=CURVE_STYLE('',#17,POSITIVE_LENGTH_MEASURE(2.E-2),#3);
#1643=PRESENTATION_STYLE_ASSIGNMENT((#1642));
#1644=STYLED_ITEM('',(#1643),#1641);
#1645=DIRECTION('',(5.773502691896E-1,-5.773502691896E-1,-5.773502691896E-1));
#1646=VECTOR('',#1645,4.330127018922E-1);
#1647=CARTESIAN_POINT('',(1.143E1,-1.69E0,-2.04E0));
#1648=LINE('',#1647,#1646);
#1649=CURVE_STYLE('',#17,POSITIVE_LENGTH_MEASURE(2.E-2),#3);
#1650=PRESENTATION_STYLE_ASSIGNMENT((#1649));
#1651=STYLED_ITEM('',(#1650),#1648);
#1652=DIRECTION('',(7.071067811865E-1,0.E0,7.071067811865E-1));
#1653=VECTOR('',#1652,3.535533905933E-1);
#1654=CARTESIAN_POINT('',(1.168E1,-1.94E0,2.29E0));
#1655=LINE('',#1654,#1653);
#1656=CURVE_STYLE('',#17,POSITIVE_LENGTH_MEASURE(2.E-2),#3);
#1657=PRESENTATION_STYLE_ASSIGNMENT((#1656));
#1658=STYLED_ITEM('',(#1657),#1655);
#1659=DIRECTION('',(0.E0,-1.E0,0.E0));
#1660=VECTOR('',#1659,1.44E0);
#1661=CARTESIAN_POINT('',(1.143E1,-2.5E-1,2.04E0));
#1662=LINE('',#1661,#1660);
#1663=CURVE_STYLE('',#17,POSITIVE_LENGTH_MEASURE(2.E-2),#3);
#1664=PRESENTATION_STYLE_ASSIGNMENT((#1663));
#1665=STYLED_ITEM('',(#1664),#1662);
#1666=DIRECTION('',(7.071067811865E-1,0.E0,7.071067811865E-1));
#1667=VECTOR('',#1666,3.535533905933E-1);
#1668=CARTESIAN_POINT('',(1.168E1,0.E0,2.29E0));
#1669=LINE('',#1668,#1667);
#1670=CURVE_STYLE('',#17,POSITIVE_LENGTH_MEASURE(2.E-2),#3);
#1671=PRESENTATION_STYLE_ASSIGNMENT((#1670));
#1672=STYLED_ITEM('',(#1671),#1669);
#1673=DIRECTION('',(0.E0,-1.E0,0.E0));
#1674=VECTOR('',#1673,1.94E0);
#1675=CARTESIAN_POINT('',(1.193E1,0.E0,2.54E0));
#1676=LINE('',#1675,#1674);
#1677=CURVE_STYLE('',#17,POSITIVE_LENGTH_MEASURE(2.E-2),#3);
#1678=PRESENTATION_STYLE_ASSIGNMENT((#1677));
#1679=STYLED_ITEM('',(#1678),#1676);
#1680=DIRECTION('',(7.071067811865E-1,0.E0,-7.071067811865E-1));
#1681=VECTOR('',#1680,3.535533905933E-1);
#1682=CARTESIAN_POINT('',(1.093E1,-1.94E0,2.54E0));
#1683=LINE('',#1682,#1681);
#1684=CURVE_STYLE('',#17,POSITIVE_LENGTH_MEASURE(2.E-2),#3);
#1685=PRESENTATION_STYLE_ASSIGNMENT((#1684));
#1686=STYLED_ITEM('',(#1685),#1683);
#1687=DIRECTION('',(0.E0,-1.E0,0.E0));
#1688=VECTOR('',#1687,1.94E0);
#1689=CARTESIAN_POINT('',(1.093E1,0.E0,2.54E0));
#1690=LINE('',#1689,#1688);
#1691=CURVE_STYLE('',#17,POSITIVE_LENGTH_MEASURE(2.E-2),#3);
#1692=PRESENTATION_STYLE_ASSIGNMENT((#1691));
#1693=STYLED_ITEM('',(#1692),#1690);
#1694=DIRECTION('',(7.071067811865E-1,0.E0,-7.071067811865E-1));
#1695=VECTOR('',#1694,3.535533905933E-1);
#1696=CARTESIAN_POINT('',(1.093E1,0.E0,2.54E0));
#1697=LINE('',#1696,#1695);
#1698=CURVE_STYLE('',#17,POSITIVE_LENGTH_MEASURE(2.E-2),#3);
#1699=PRESENTATION_STYLE_ASSIGNMENT((#1698));
#1700=STYLED_ITEM('',(#1699),#1697);
#1701=DIRECTION('',(0.E0,1.E0,0.E0));
#1702=VECTOR('',#1701,6.E-1);
#1703=CARTESIAN_POINT('',(1.093E1,-2.54E0,-2.04E0));
#1704=LINE('',#1703,#1702);
#1705=CURVE_STYLE('',#17,POSITIVE_LENGTH_MEASURE(2.E-2),#3);
#1706=PRESENTATION_STYLE_ASSIGNMENT((#1705));
#1707=STYLED_ITEM('',(#1706),#1704);
#1708=DIRECTION('',(0.E0,1.E0,0.E0));
#1709=VECTOR('',#1708,6.E-1);
#1710=CARTESIAN_POINT('',(9.39E0,-2.54E0,-2.04E0));
#1711=LINE('',#1710,#1709);
#1712=CURVE_STYLE('',#17,POSITIVE_LENGTH_MEASURE(2.E-2),#3);
#1713=PRESENTATION_STYLE_ASSIGNMENT((#1712));
#1714=STYLED_ITEM('',(#1713),#1711);
#1715=DIRECTION('',(-7.071067811865E-1,0.E0,7.071067811865E-1));
#1716=VECTOR('',#1715,3.535533905933E-1);
#1717=CARTESIAN_POINT('',(9.39E0,-1.94E0,-2.54E0));
#1718=LINE('',#1717,#1716);
#1719=CURVE_STYLE('',#17,POSITIVE_LENGTH_MEASURE(2.E-2),#3);
#1720=PRESENTATION_STYLE_ASSIGNMENT((#1719));
#1721=STYLED_ITEM('',(#1720),#1718);
#1722=DIRECTION('',(0.E0,-1.E0,0.E0));
#1723=VECTOR('',#1722,1.94E0);
#1724=CARTESIAN_POINT('',(9.39E0,0.E0,-2.54E0));
#1725=LINE('',#1724,#1723);
#1726=CURVE_STYLE('',#17,POSITIVE_LENGTH_MEASURE(2.E-2),#3);
#1727=PRESENTATION_STYLE_ASSIGNMENT((#1726));
#1728=STYLED_ITEM('',(#1727),#1725);
#1729=DIRECTION('',(-7.071067811865E-1,0.E0,7.071067811865E-1));
#1730=VECTOR('',#1729,3.535533905933E-1);
#1731=CARTESIAN_POINT('',(9.39E0,0.E0,-2.54E0));
#1732=LINE('',#1731,#1730);
#1733=CURVE_STYLE('',#17,POSITIVE_LENGTH_MEASURE(2.E-2),#3);
#1734=PRESENTATION_STYLE_ASSIGNMENT((#1733));
#1735=STYLED_ITEM('',(#1734),#1732);
#1736=DIRECTION('',(0.E0,-1.E0,0.E0));
#1737=VECTOR('',#1736,1.44E0);
#1738=CARTESIAN_POINT('',(8.89E0,-2.5E-1,-2.04E0));
#1739=LINE('',#1738,#1737);
#1740=CURVE_STYLE('',#17,POSITIVE_LENGTH_MEASURE(2.E-2),#3);
#1741=PRESENTATION_STYLE_ASSIGNMENT((#1740));
#1742=STYLED_ITEM('',(#1741),#1739);
#1743=DIRECTION('',(-7.071067811865E-1,0.E0,-7.071067811865E-1));
#1744=VECTOR('',#1743,3.535533905933E-1);
#1745=CARTESIAN_POINT('',(8.64E0,0.E0,-2.29E0));
#1746=LINE('',#1745,#1744);
#1747=CURVE_STYLE('',#17,POSITIVE_LENGTH_MEASURE(2.E-2),#3);
#1748=PRESENTATION_STYLE_ASSIGNMENT((#1747));
#1749=STYLED_ITEM('',(#1748),#1746);
#1750=DIRECTION('',(0.E0,-1.E0,0.E0));
#1751=VECTOR('',#1750,1.94E0);
#1752=CARTESIAN_POINT('',(8.39E0,0.E0,-2.54E0));
#1753=LINE('',#1752,#1751);
#1754=CURVE_STYLE('',#17,POSITIVE_LENGTH_MEASURE(2.E-2),#3);
#1755=PRESENTATION_STYLE_ASSIGNMENT((#1754));
#1756=STYLED_ITEM('',(#1755),#1753);
#1757=DIRECTION('',(-7.071067811865E-1,0.E0,-7.071067811865E-1));
#1758=VECTOR('',#1757,3.535533905933E-1);
#1759=CARTESIAN_POINT('',(8.64E0,-1.94E0,-2.29E0));
#1760=LINE('',#1759,#1758);
#1761=CURVE_STYLE('',#17,POSITIVE_LENGTH_MEASURE(2.E-2),#3);
#1762=PRESENTATION_STYLE_ASSIGNMENT((#1761));
#1763=STYLED_ITEM('',(#1762),#1760);
#1764=DIRECTION('',(0.E0,1.E0,0.E0));
#1765=VECTOR('',#1764,6.E-1);
#1766=CARTESIAN_POINT('',(6.85E0,-2.54E0,-2.54E0));
#1767=LINE('',#1766,#1765);
#1768=CURVE_STYLE('',#17,POSITIVE_LENGTH_MEASURE(2.E-2),#3);
#1769=PRESENTATION_STYLE_ASSIGNMENT((#1768));
#1770=STYLED_ITEM('',(#1769),#1767);
#1771=DIRECTION('',(0.E0,1.E0,0.E0));
#1772=VECTOR('',#1771,6.E-1);
#1773=CARTESIAN_POINT('',(8.39E0,-2.54E0,-2.54E0));
#1774=LINE('',#1773,#1772);
#1775=CURVE_STYLE('',#17,POSITIVE_LENGTH_MEASURE(2.E-2),#3);
#1776=PRESENTATION_STYLE_ASSIGNMENT((#1775));
#1777=STYLED_ITEM('',(#1776),#1774);
#1778=DIRECTION('',(0.E0,0.E0,-1.E0));
#1779=VECTOR('',#1778,5.E-1);
#1780=CARTESIAN_POINT('',(8.39E0,-2.54E0,2.54E0));
#1781=LINE('',#1780,#1779);
#1782=CURVE_STYLE('',#17,POSITIVE_LENGTH_MEASURE(2.E-2),#3);
#1783=PRESENTATION_STYLE_ASSIGNMENT((#1782));
#1784=STYLED_ITEM('',(#1783),#1781);
#1785=DIRECTION('',(-1.E0,0.E0,0.E0));
#1786=VECTOR('',#1785,1.54E0);
#1787=CARTESIAN_POINT('',(8.39E0,-2.54E0,2.04E0));
#1788=LINE('',#1787,#1786);
#1789=CURVE_STYLE('',#17,POSITIVE_LENGTH_MEASURE(2.E-2),#3);
#1790=PRESENTATION_STYLE_ASSIGNMENT((#1789));
#1791=STYLED_ITEM('',(#1790),#1788);
#1792=DIRECTION('',(0.E0,0.E0,-1.E0));
#1793=VECTOR('',#1792,5.E-1);
#1794=CARTESIAN_POINT('',(6.85E0,-2.54E0,2.54E0));
#1795=LINE('',#1794,#1793);
#1796=CURVE_STYLE('',#17,POSITIVE_LENGTH_MEASURE(2.E-2),#3);
#1797=PRESENTATION_STYLE_ASSIGNMENT((#1796));
#1798=STYLED_ITEM('',(#1797),#1795);
#1799=DIRECTION('',(-1.E0,0.E0,0.E0));
#1800=VECTOR('',#1799,1.54E0);
#1801=CARTESIAN_POINT('',(8.39E0,-2.54E0,2.54E0));
#1802=LINE('',#1801,#1800);
#1803=CURVE_STYLE('',#17,POSITIVE_LENGTH_MEASURE(2.E-2),#3);
#1804=PRESENTATION_STYLE_ASSIGNMENT((#1803));
#1805=STYLED_ITEM('',(#1804),#1802);
#1806=DIRECTION('',(0.E0,0.E0,1.E0));
#1807=VECTOR('',#1806,5.E-1);
#1808=CARTESIAN_POINT('',(6.85E0,-2.54E0,-2.54E0));
#1809=LINE('',#1808,#1807);
#1810=CURVE_STYLE('',#17,POSITIVE_LENGTH_MEASURE(2.E-2),#3);
#1811=PRESENTATION_STYLE_ASSIGNMENT((#1810));
#1812=STYLED_ITEM('',(#1811),#1809);
#1813=DIRECTION('',(1.E0,0.E0,0.E0));
#1814=VECTOR('',#1813,1.54E0);
#1815=CARTESIAN_POINT('',(6.85E0,-2.54E0,-2.04E0));
#1816=LINE('',#1815,#1814);
#1817=CURVE_STYLE('',#17,POSITIVE_LENGTH_MEASURE(2.E-2),#3);
#1818=PRESENTATION_STYLE_ASSIGNMENT((#1817));
#1819=STYLED_ITEM('',(#1818),#1816);
#1820=DIRECTION('',(0.E0,0.E0,1.E0));
#1821=VECTOR('',#1820,5.E-1);
#1822=CARTESIAN_POINT('',(8.39E0,-2.54E0,-2.54E0));
#1823=LINE('',#1822,#1821);
#1824=CURVE_STYLE('',#17,POSITIVE_LENGTH_MEASURE(2.E-2),#3);
#1825=PRESENTATION_STYLE_ASSIGNMENT((#1824));
#1826=STYLED_ITEM('',(#1825),#1823);
#1827=DIRECTION('',(1.E0,0.E0,0.E0));
#1828=VECTOR('',#1827,1.54E0);
#1829=CARTESIAN_POINT('',(6.85E0,-2.54E0,-2.54E0));
#1830=LINE('',#1829,#1828);
#1831=CURVE_STYLE('',#17,POSITIVE_LENGTH_MEASURE(2.E-2),#3);
#1832=PRESENTATION_STYLE_ASSIGNMENT((#1831));
#1833=STYLED_ITEM('',(#1832),#1830);
#1834=DIRECTION('',(0.E0,1.E0,0.E0));
#1835=VECTOR('',#1834,6.E-1);
#1836=CARTESIAN_POINT('',(8.39E0,-2.54E0,2.54E0));
#1837=LINE('',#1836,#1835);
#1838=CURVE_STYLE('',#17,POSITIVE_LENGTH_MEASURE(2.E-2),#3);
#1839=PRESENTATION_STYLE_ASSIGNMENT((#1838));
#1840=STYLED_ITEM('',(#1839),#1837);
#1841=DIRECTION('',(0.E0,1.E0,0.E0));
#1842=VECTOR('',#1841,6.E-1);
#1843=CARTESIAN_POINT('',(6.85E0,-2.54E0,2.54E0));
#1844=LINE('',#1843,#1842);
#1845=CURVE_STYLE('',#17,POSITIVE_LENGTH_MEASURE(2.E-2),#3);
#1846=PRESENTATION_STYLE_ASSIGNMENT((#1845));
#1847=STYLED_ITEM('',(#1846),#1844);
#1848=DIRECTION('',(0.E0,1.E0,0.E0));
#1849=VECTOR('',#1848,6.E-1);
#1850=CARTESIAN_POINT('',(6.85E0,-2.54E0,2.04E0));
#1851=LINE('',#1850,#1849);
#1852=CURVE_STYLE('',#17,POSITIVE_LENGTH_MEASURE(2.E-2),#3);
#1853=PRESENTATION_STYLE_ASSIGNMENT((#1852));
#1854=STYLED_ITEM('',(#1853),#1851);
#1855=DIRECTION('',(0.E0,1.E0,0.E0));
#1856=VECTOR('',#1855,6.E-1);
#1857=CARTESIAN_POINT('',(8.39E0,-2.54E0,2.04E0));
#1858=LINE('',#1857,#1856);
#1859=CURVE_STYLE('',#17,POSITIVE_LENGTH_MEASURE(2.E-2),#3);
#1860=PRESENTATION_STYLE_ASSIGNMENT((#1859));
#1861=STYLED_ITEM('',(#1860),#1858);
#1862=DIRECTION('',(0.E0,0.E0,-1.E0));
#1863=VECTOR('',#1862,5.E-1);
#1864=CARTESIAN_POINT('',(8.39E0,-1.94E0,-2.04E0));
#1865=LINE('',#1864,#1863);
#1866=CURVE_STYLE('',#17,POSITIVE_LENGTH_MEASURE(2.E-2),#3);
#1867=PRESENTATION_STYLE_ASSIGNMENT((#1866));
#1868=STYLED_ITEM('',(#1867),#1865);
#1869=DIRECTION('',(1.E0,0.E0,0.E0));
#1870=VECTOR('',#1869,1.54E0);
#1871=CARTESIAN_POINT('',(6.85E0,-1.94E0,-2.04E0));
#1872=LINE('',#1871,#1870);
#1873=CURVE_STYLE('',#17,POSITIVE_LENGTH_MEASURE(2.E-2),#3);
#1874=PRESENTATION_STYLE_ASSIGNMENT((#1873));
#1875=STYLED_ITEM('',(#1874),#1872);
#1876=DIRECTION('',(0.E0,0.E0,1.E0));
#1877=VECTOR('',#1876,5.E-1);
#1878=CARTESIAN_POINT('',(6.85E0,-1.94E0,-2.54E0));
#1879=LINE('',#1878,#1877);
#1880=CURVE_STYLE('',#17,POSITIVE_LENGTH_MEASURE(2.E-2),#3);
#1881=PRESENTATION_STYLE_ASSIGNMENT((#1880));
#1882=STYLED_ITEM('',(#1881),#1879);
#1883=DIRECTION('',(0.E0,0.E0,1.E0));
#1884=VECTOR('',#1883,5.E-1);
#1885=CARTESIAN_POINT('',(6.85E0,-1.94E0,2.04E0));
#1886=LINE('',#1885,#1884);
#1887=CURVE_STYLE('',#17,POSITIVE_LENGTH_MEASURE(2.E-2),#3);
#1888=PRESENTATION_STYLE_ASSIGNMENT((#1887));
#1889=STYLED_ITEM('',(#1888),#1886);
#1890=DIRECTION('',(-1.E0,0.E0,0.E0));
#1891=VECTOR('',#1890,1.54E0);
#1892=CARTESIAN_POINT('',(8.39E0,-1.94E0,2.04E0));
#1893=LINE('',#1892,#1891);
#1894=CURVE_STYLE('',#17,POSITIVE_LENGTH_MEASURE(2.E-2),#3);
#1895=PRESENTATION_STYLE_ASSIGNMENT((#1894));
#1896=STYLED_ITEM('',(#1895),#1893);
#1897=DIRECTION('',(0.E0,0.E0,-1.E0));
#1898=VECTOR('',#1897,5.E-1);
#1899=CARTESIAN_POINT('',(8.39E0,-1.94E0,2.54E0));
#1900=LINE('',#1899,#1898);
#1901=CURVE_STYLE('',#17,POSITIVE_LENGTH_MEASURE(2.E-2),#3);
#1902=PRESENTATION_STYLE_ASSIGNMENT((#1901));
#1903=STYLED_ITEM('',(#1902),#1900);
#1904=DIRECTION('',(1.E0,0.E0,0.E0));
#1905=VECTOR('',#1904,6.4E-1);
#1906=CARTESIAN_POINT('',(7.3E0,-1.94E0,1.59E0));
#1907=LINE('',#1906,#1905);
#1908=CURVE_STYLE('',#17,POSITIVE_LENGTH_MEASURE(2.E-2),#3);
#1909=PRESENTATION_STYLE_ASSIGNMENT((#1908));
#1910=STYLED_ITEM('',(#1909),#1907);
#1911=DIRECTION('',(0.E0,0.E0,1.E0));
#1912=VECTOR('',#1911,6.4E-1);
#1913=CARTESIAN_POINT('',(7.3E0,-1.94E0,9.5E-1));
#1914=LINE('',#1913,#1912);
#1915=CURVE_STYLE('',#17,POSITIVE_LENGTH_MEASURE(2.E-2),#3);
#1916=PRESENTATION_STYLE_ASSIGNMENT((#1915));
#1917=STYLED_ITEM('',(#1916),#1914);
#1918=DIRECTION('',(-1.E0,0.E0,0.E0));
#1919=VECTOR('',#1918,6.4E-1);
#1920=CARTESIAN_POINT('',(7.94E0,-1.94E0,9.5E-1));
#1921=LINE('',#1920,#1919);
#1922=CURVE_STYLE('',#17,POSITIVE_LENGTH_MEASURE(2.E-2),#3);
#1923=PRESENTATION_STYLE_ASSIGNMENT((#1922));
#1924=STYLED_ITEM('',(#1923),#1921);
#1925=DIRECTION('',(0.E0,0.E0,-1.E0));
#1926=VECTOR('',#1925,6.4E-1);
#1927=CARTESIAN_POINT('',(7.94E0,-1.94E0,1.59E0));
#1928=LINE('',#1927,#1926);
#1929=CURVE_STYLE('',#17,POSITIVE_LENGTH_MEASURE(2.E-2),#3);
#1930=PRESENTATION_STYLE_ASSIGNMENT((#1929));
#1931=STYLED_ITEM('',(#1930),#1928);
#1932=DIRECTION('',(0.E0,0.E0,-1.E0));
#1933=VECTOR('',#1932,6.4E-1);
#1934=CARTESIAN_POINT('',(7.94E0,-1.94E0,-9.5E-1));
#1935=LINE('',#1934,#1933);
#1936=CURVE_STYLE('',#17,POSITIVE_LENGTH_MEASURE(2.E-2),#3);
#1937=PRESENTATION_STYLE_ASSIGNMENT((#1936));
#1938=STYLED_ITEM('',(#1937),#1935);
#1939=DIRECTION('',(1.E0,0.E0,0.E0));
#1940=VECTOR('',#1939,6.4E-1);
#1941=CARTESIAN_POINT('',(7.3E0,-1.94E0,-9.5E-1));
#1942=LINE('',#1941,#1940);
#1943=CURVE_STYLE('',#17,POSITIVE_LENGTH_MEASURE(2.E-2),#3);
#1944=PRESENTATION_STYLE_ASSIGNMENT((#1943));
#1945=STYLED_ITEM('',(#1944),#1942);
#1946=DIRECTION('',(0.E0,0.E0,1.E0));
#1947=VECTOR('',#1946,6.4E-1);
#1948=CARTESIAN_POINT('',(7.3E0,-1.94E0,-1.59E0));
#1949=LINE('',#1948,#1947);
#1950=CURVE_STYLE('',#17,POSITIVE_LENGTH_MEASURE(2.E-2),#3);
#1951=PRESENTATION_STYLE_ASSIGNMENT((#1950));
#1952=STYLED_ITEM('',(#1951),#1949);
#1953=DIRECTION('',(-1.E0,0.E0,0.E0));
#1954=VECTOR('',#1953,6.4E-1);
#1955=CARTESIAN_POINT('',(7.94E0,-1.94E0,-1.59E0));
#1956=LINE('',#1955,#1954);
#1957=CURVE_STYLE('',#17,POSITIVE_LENGTH_MEASURE(2.E-2),#3);
#1958=PRESENTATION_STYLE_ASSIGNMENT((#1957));
#1959=STYLED_ITEM('',(#1958),#1956);
#1960=DIRECTION('',(-5.773502691896E-1,-5.773502691896E-1,-5.773502691896E-1));
#1961=VECTOR('',#1960,4.330127018922E-1);
#1962=CARTESIAN_POINT('',(8.89E0,-1.69E0,-2.04E0));
#1963=LINE('',#1962,#1961);
#1964=CURVE_STYLE('',#17,POSITIVE_LENGTH_MEASURE(2.E-2),#3);
#1965=PRESENTATION_STYLE_ASSIGNMENT((#1964));
#1966=STYLED_ITEM('',(#1965),#1963);
#1967=DIRECTION('',(0.E0,0.E0,1.E0));
#1968=VECTOR('',#1967,4.58E0);
#1969=CARTESIAN_POINT('',(8.64E0,-1.94E0,-2.29E0));
#1970=LINE('',#1969,#1968);
#1971=CURVE_STYLE('',#17,POSITIVE_LENGTH_MEASURE(2.E-2),#3);
#1972=PRESENTATION_STYLE_ASSIGNMENT((#1971));
#1973=STYLED_ITEM('',(#1972),#1970);
#1974=DIRECTION('',(-5.773502691896E-1,-5.773502691896E-1,5.773502691896E-1));
#1975=VECTOR('',#1974,4.330127018922E-1);
#1976=CARTESIAN_POINT('',(8.89E0,-1.69E0,2.04E0));
#1977=LINE('',#1976,#1975);
#1978=CURVE_STYLE('',#17,POSITIVE_LENGTH_MEASURE(2.E-2),#3);
#1979=PRESENTATION_STYLE_ASSIGNMENT((#1978));
#1980=STYLED_ITEM('',(#1979),#1977);
#1981=DIRECTION('',(0.E0,0.E0,-1.E0));
#1982=VECTOR('',#1981,4.08E0);
#1983=CARTESIAN_POINT('',(8.89E0,-1.69E0,2.04E0));
#1984=LINE('',#1983,#1982);
#1985=CURVE_STYLE('',#17,POSITIVE_LENGTH_MEASURE(2.E-2),#3);
#1986=PRESENTATION_STYLE_ASSIGNMENT((#1985));
#1987=STYLED_ITEM('',(#1986),#1984);
#1988=DIRECTION('',(5.773502691896E-1,-5.773502691896E-1,5.773502691896E-1));
#1989=VECTOR('',#1988,4.330127018922E-1);
#1990=CARTESIAN_POINT('',(8.89E0,-1.69E0,2.04E0));
#1991=LINE('',#1990,#1989);
#1992=CURVE_STYLE('',#17,POSITIVE_LENGTH_MEASURE(2.E-2),#3);
#1993=PRESENTATION_STYLE_ASSIGNMENT((#1992));
#1994=STYLED_ITEM('',(#1993),#1991);
#1995=DIRECTION('',(0.E0,0.E0,-1.E0));
#1996=VECTOR('',#1995,4.58E0);
#1997=CARTESIAN_POINT('',(9.14E0,-1.94E0,2.29E0));
#1998=LINE('',#1997,#1996);
#1999=CURVE_STYLE('',#17,POSITIVE_LENGTH_MEASURE(2.E-2),#3);
#2000=PRESENTATION_STYLE_ASSIGNMENT((#1999));
#2001=STYLED_ITEM('',(#2000),#1998);
#2002=DIRECTION('',(5.773502691896E-1,-5.773502691896E-1,-5.773502691896E-1));
#2003=VECTOR('',#2002,4.330127018922E-1);
#2004=CARTESIAN_POINT('',(8.89E0,-1.69E0,-2.04E0));
#2005=LINE('',#2004,#2003);
#2006=CURVE_STYLE('',#17,POSITIVE_LENGTH_MEASURE(2.E-2),#3);
#2007=PRESENTATION_STYLE_ASSIGNMENT((#2006));
#2008=STYLED_ITEM('',(#2007),#2005);
#2009=DIRECTION('',(7.071067811865E-1,0.E0,7.071067811865E-1));
#2010=VECTOR('',#2009,3.535533905933E-1);
#2011=CARTESIAN_POINT('',(9.14E0,-1.94E0,2.29E0));
#2012=LINE('',#2011,#2010);
#2013=CURVE_STYLE('',#17,POSITIVE_LENGTH_MEASURE(2.E-2),#3);
#2014=PRESENTATION_STYLE_ASSIGNMENT((#2013));
#2015=STYLED_ITEM('',(#2014),#2012);
#2016=DIRECTION('',(0.E0,-1.E0,0.E0));
#2017=VECTOR('',#2016,1.44E0);
#2018=CARTESIAN_POINT('',(8.89E0,-2.5E-1,2.04E0));
#2019=LINE('',#2018,#2017);
#2020=CURVE_STYLE('',#17,POSITIVE_LENGTH_MEASURE(2.E-2),#3);
#2021=PRESENTATION_STYLE_ASSIGNMENT((#2020));
#2022=STYLED_ITEM('',(#2021),#2019);
#2023=DIRECTION('',(7.071067811865E-1,0.E0,7.071067811865E-1));
#2024=VECTOR('',#2023,3.535533905933E-1);
#2025=CARTESIAN_POINT('',(9.14E0,0.E0,2.29E0));
#2026=LINE('',#2025,#2024);
#2027=CURVE_STYLE('',#17,POSITIVE_LENGTH_MEASURE(2.E-2),#3);
#2028=PRESENTATION_STYLE_ASSIGNMENT((#2027));
#2029=STYLED_ITEM('',(#2028),#2026);
#2030=DIRECTION('',(0.E0,-1.E0,0.E0));
#2031=VECTOR('',#2030,1.94E0);
#2032=CARTESIAN_POINT('',(9.39E0,0.E0,2.54E0));
#2033=LINE('',#2032,#2031);
#2034=CURVE_STYLE('',#17,POSITIVE_LENGTH_MEASURE(2.E-2),#3);
#2035=PRESENTATION_STYLE_ASSIGNMENT((#2034));
#2036=STYLED_ITEM('',(#2035),#2033);
#2037=DIRECTION('',(7.071067811865E-1,0.E0,-7.071067811865E-1));
#2038=VECTOR('',#2037,3.535533905933E-1);
#2039=CARTESIAN_POINT('',(8.39E0,-1.94E0,2.54E0));
#2040=LINE('',#2039,#2038);
#2041=CURVE_STYLE('',#17,POSITIVE_LENGTH_MEASURE(2.E-2),#3);
#2042=PRESENTATION_STYLE_ASSIGNMENT((#2041));
#2043=STYLED_ITEM('',(#2042),#2040);
#2044=DIRECTION('',(0.E0,-1.E0,0.E0));
#2045=VECTOR('',#2044,1.94E0);
#2046=CARTESIAN_POINT('',(8.39E0,0.E0,2.54E0));
#2047=LINE('',#2046,#2045);
#2048=CURVE_STYLE('',#17,POSITIVE_LENGTH_MEASURE(2.E-2),#3);
#2049=PRESENTATION_STYLE_ASSIGNMENT((#2048));
#2050=STYLED_ITEM('',(#2049),#2047);
#2051=DIRECTION('',(7.071067811865E-1,0.E0,-7.071067811865E-1));
#2052=VECTOR('',#2051,3.535533905933E-1);
#2053=CARTESIAN_POINT('',(8.39E0,0.E0,2.54E0));
#2054=LINE('',#2053,#2052);
#2055=CURVE_STYLE('',#17,POSITIVE_LENGTH_MEASURE(2.E-2),#3);
#2056=PRESENTATION_STYLE_ASSIGNMENT((#2055));
#2057=STYLED_ITEM('',(#2056),#2054);
#2058=DIRECTION('',(0.E0,1.E0,0.E0));
#2059=VECTOR('',#2058,6.E-1);
#2060=CARTESIAN_POINT('',(8.39E0,-2.54E0,-2.04E0));
#2061=LINE('',#2060,#2059);
#2062=CURVE_STYLE('',#17,POSITIVE_LENGTH_MEASURE(2.E-2),#3);
#2063=PRESENTATION_STYLE_ASSIGNMENT((#2062));
#2064=STYLED_ITEM('',(#2063),#2061);
#2065=DIRECTION('',(0.E0,1.E0,0.E0));
#2066=VECTOR('',#2065,6.E-1);
#2067=CARTESIAN_POINT('',(6.85E0,-2.54E0,-2.04E0));
#2068=LINE('',#2067,#2066);
#2069=CURVE_STYLE('',#17,POSITIVE_LENGTH_MEASURE(2.E-2),#3);
#2070=PRESENTATION_STYLE_ASSIGNMENT((#2069));
#2071=STYLED_ITEM('',(#2070),#2068);
#2072=DIRECTION('',(-7.071067811866E-1,0.E0,7.071067811865E-1));
#2073=VECTOR('',#2072,3.535533905933E-1);
#2074=CARTESIAN_POINT('',(6.85E0,-1.94E0,-2.54E0));
#2075=LINE('',#2074,#2073);
#2076=CURVE_STYLE('',#17,POSITIVE_LENGTH_MEASURE(2.E-2),#3);
#2077=PRESENTATION_STYLE_ASSIGNMENT((#2076));
#2078=STYLED_ITEM('',(#2077),#2075);
#2079=DIRECTION('',(0.E0,-1.E0,0.E0));
#2080=VECTOR('',#2079,1.94E0);
#2081=CARTESIAN_POINT('',(6.85E0,0.E0,-2.54E0));
#2082=LINE('',#2081,#2080);
#2083=CURVE_STYLE('',#17,POSITIVE_LENGTH_MEASURE(2.E-2),#3);
#2084=PRESENTATION_STYLE_ASSIGNMENT((#2083));
#2085=STYLED_ITEM('',(#2084),#2082);
#2086=DIRECTION('',(-7.071067811865E-1,0.E0,7.071067811865E-1));
#2087=VECTOR('',#2086,3.535533905933E-1);
#2088=CARTESIAN_POINT('',(6.85E0,0.E0,-2.54E0));
#2089=LINE('',#2088,#2087);
#2090=CURVE_STYLE('',#17,POSITIVE_LENGTH_MEASURE(2.E-2),#3);
#2091=PRESENTATION_STYLE_ASSIGNMENT((#2090));
#2092=STYLED_ITEM('',(#2091),#2089);
#2093=DIRECTION('',(0.E0,-1.E0,0.E0));
#2094=VECTOR('',#2093,1.44E0);
#2095=CARTESIAN_POINT('',(6.35E0,-2.5E-1,-2.04E0));
#2096=LINE('',#2095,#2094);
#2097=CURVE_STYLE('',#17,POSITIVE_LENGTH_MEASURE(2.E-2),#3);
#2098=PRESENTATION_STYLE_ASSIGNMENT((#2097));
#2099=STYLED_ITEM('',(#2098),#2096);
#2100=DIRECTION('',(-7.071067811865E-1,0.E0,-7.071067811865E-1));
#2101=VECTOR('',#2100,3.535533905933E-1);
#2102=CARTESIAN_POINT('',(6.1E0,0.E0,-2.29E0));
#2103=LINE('',#2102,#2101);
#2104=CURVE_STYLE('',#17,POSITIVE_LENGTH_MEASURE(2.E-2),#3);
#2105=PRESENTATION_STYLE_ASSIGNMENT((#2104));
#2106=STYLED_ITEM('',(#2105),#2103);
#2107=DIRECTION('',(0.E0,-1.E0,0.E0));
#2108=VECTOR('',#2107,1.94E0);
#2109=CARTESIAN_POINT('',(5.85E0,0.E0,-2.54E0));
#2110=LINE('',#2109,#2108);
#2111=CURVE_STYLE('',#17,POSITIVE_LENGTH_MEASURE(2.E-2),#3);
#2112=PRESENTATION_STYLE_ASSIGNMENT((#2111));
#2113=STYLED_ITEM('',(#2112),#2110);
#2114=DIRECTION('',(-7.071067811865E-1,0.E0,-7.071067811865E-1));
#2115=VECTOR('',#2114,3.535533905933E-1);
#2116=CARTESIAN_POINT('',(6.1E0,-1.94E0,-2.29E0));
#2117=LINE('',#2116,#2115);
#2118=CURVE_STYLE('',#17,POSITIVE_LENGTH_MEASURE(2.E-2),#3);
#2119=PRESENTATION_STYLE_ASSIGNMENT((#2118));
#2120=STYLED_ITEM('',(#2119),#2117);
#2121=DIRECTION('',(0.E0,1.E0,0.E0));
#2122=VECTOR('',#2121,6.E-1);
#2123=CARTESIAN_POINT('',(4.31E0,-2.54E0,-2.54E0));
#2124=LINE('',#2123,#2122);
#2125=CURVE_STYLE('',#17,POSITIVE_LENGTH_MEASURE(2.E-2),#3);
#2126=PRESENTATION_STYLE_ASSIGNMENT((#2125));
#2127=STYLED_ITEM('',(#2126),#2124);
#2128=DIRECTION('',(0.E0,1.E0,0.E0));
#2129=VECTOR('',#2128,6.E-1);
#2130=CARTESIAN_POINT('',(5.85E0,-2.54E0,-2.54E0));
#2131=LINE('',#2130,#2129);
#2132=CURVE_STYLE('',#17,POSITIVE_LENGTH_MEASURE(2.E-2),#3);
#2133=PRESENTATION_STYLE_ASSIGNMENT((#2132));
#2134=STYLED_ITEM('',(#2133),#2131);
#2135=DIRECTION('',(0.E0,0.E0,-1.E0));
#2136=VECTOR('',#2135,5.E-1);
#2137=CARTESIAN_POINT('',(5.85E0,-2.54E0,2.54E0));
#2138=LINE('',#2137,#2136);
#2139=CURVE_STYLE('',#17,POSITIVE_LENGTH_MEASURE(2.E-2),#3);
#2140=PRESENTATION_STYLE_ASSIGNMENT((#2139));
#2141=STYLED_ITEM('',(#2140),#2138);
#2142=DIRECTION('',(-1.E0,0.E0,0.E0));
#2143=VECTOR('',#2142,1.54E0);
#2144=CARTESIAN_POINT('',(5.85E0,-2.54E0,2.04E0));
#2145=LINE('',#2144,#2143);
#2146=CURVE_STYLE('',#17,POSITIVE_LENGTH_MEASURE(2.E-2),#3);
#2147=PRESENTATION_STYLE_ASSIGNMENT((#2146));
#2148=STYLED_ITEM('',(#2147),#2145);
#2149=DIRECTION('',(0.E0,0.E0,-1.E0));
#2150=VECTOR('',#2149,5.E-1);
#2151=CARTESIAN_POINT('',(4.31E0,-2.54E0,2.54E0));
#2152=LINE('',#2151,#2150);
#2153=CURVE_STYLE('',#17,POSITIVE_LENGTH_MEASURE(2.E-2),#3);
#2154=PRESENTATION_STYLE_ASSIGNMENT((#2153));
#2155=STYLED_ITEM('',(#2154),#2152);
#2156=DIRECTION('',(-1.E0,0.E0,0.E0));
#2157=VECTOR('',#2156,1.54E0);
#2158=CARTESIAN_POINT('',(5.85E0,-2.54E0,2.54E0));
#2159=LINE('',#2158,#2157);
#2160=CURVE_STYLE('',#17,POSITIVE_LENGTH_MEASURE(2.E-2),#3);
#2161=PRESENTATION_STYLE_ASSIGNMENT((#2160));
#2162=STYLED_ITEM('',(#2161),#2159);
#2163=DIRECTION('',(0.E0,0.E0,1.E0));
#2164=VECTOR('',#2163,5.E-1);
#2165=CARTESIAN_POINT('',(4.31E0,-2.54E0,-2.54E0));
#2166=LINE('',#2165,#2164);
#2167=CURVE_STYLE('',#17,POSITIVE_LENGTH_MEASURE(2.E-2),#3);
#2168=PRESENTATION_STYLE_ASSIGNMENT((#2167));
#2169=STYLED_ITEM('',(#2168),#2166);
#2170=DIRECTION('',(1.E0,0.E0,0.E0));
#2171=VECTOR('',#2170,1.54E0);
#2172=CARTESIAN_POINT('',(4.31E0,-2.54E0,-2.04E0));
#2173=LINE('',#2172,#2171);
#2174=CURVE_STYLE('',#17,POSITIVE_LENGTH_MEASURE(2.E-2),#3);
#2175=PRESENTATION_STYLE_ASSIGNMENT((#2174));
#2176=STYLED_ITEM('',(#2175),#2173);
#2177=DIRECTION('',(0.E0,0.E0,1.E0));
#2178=VECTOR('',#2177,5.E-1);
#2179=CARTESIAN_POINT('',(5.85E0,-2.54E0,-2.54E0));
#2180=LINE('',#2179,#2178);
#2181=CURVE_STYLE('',#17,POSITIVE_LENGTH_MEASURE(2.E-2),#3);
#2182=PRESENTATION_STYLE_ASSIGNMENT((#2181));
#2183=STYLED_ITEM('',(#2182),#2180);
#2184=DIRECTION('',(1.E0,0.E0,0.E0));
#2185=VECTOR('',#2184,1.54E0);
#2186=CARTESIAN_POINT('',(4.31E0,-2.54E0,-2.54E0));
#2187=LINE('',#2186,#2185);
#2188=CURVE_STYLE('',#17,POSITIVE_LENGTH_MEASURE(2.E-2),#3);
#2189=PRESENTATION_STYLE_ASSIGNMENT((#2188));
#2190=STYLED_ITEM('',(#2189),#2187);
#2191=DIRECTION('',(0.E0,1.E0,0.E0));
#2192=VECTOR('',#2191,6.E-1);
#2193=CARTESIAN_POINT('',(5.85E0,-2.54E0,2.54E0));
#2194=LINE('',#2193,#2192);
#2195=CURVE_STYLE('',#17,POSITIVE_LENGTH_MEASURE(2.E-2),#3);
#2196=PRESENTATION_STYLE_ASSIGNMENT((#2195));
#2197=STYLED_ITEM('',(#2196),#2194);
#2198=DIRECTION('',(0.E0,1.E0,0.E0));
#2199=VECTOR('',#2198,6.E-1);
#2200=CARTESIAN_POINT('',(4.31E0,-2.54E0,2.54E0));
#2201=LINE('',#2200,#2199);
#2202=CURVE_STYLE('',#17,POSITIVE_LENGTH_MEASURE(2.E-2),#3);
#2203=PRESENTATION_STYLE_ASSIGNMENT((#2202));
#2204=STYLED_ITEM('',(#2203),#2201);
#2205=DIRECTION('',(0.E0,1.E0,0.E0));
#2206=VECTOR('',#2205,6.E-1);
#2207=CARTESIAN_POINT('',(4.31E0,-2.54E0,2.04E0));
#2208=LINE('',#2207,#2206);
#2209=CURVE_STYLE('',#17,POSITIVE_LENGTH_MEASURE(2.E-2),#3);
#2210=PRESENTATION_STYLE_ASSIGNMENT((#2209));
#2211=STYLED_ITEM('',(#2210),#2208);
#2212=DIRECTION('',(0.E0,1.E0,0.E0));
#2213=VECTOR('',#2212,6.E-1);
#2214=CARTESIAN_POINT('',(5.85E0,-2.54E0,2.04E0));
#2215=LINE('',#2214,#2213);
#2216=CURVE_STYLE('',#17,POSITIVE_LENGTH_MEASURE(2.E-2),#3);
#2217=PRESENTATION_STYLE_ASSIGNMENT((#2216));
#2218=STYLED_ITEM('',(#2217),#2215);
#2219=DIRECTION('',(0.E0,0.E0,-1.E0));
#2220=VECTOR('',#2219,5.E-1);
#2221=CARTESIAN_POINT('',(5.85E0,-1.94E0,-2.04E0));
#2222=LINE('',#2221,#2220);
#2223=CURVE_STYLE('',#17,POSITIVE_LENGTH_MEASURE(2.E-2),#3);
#2224=PRESENTATION_STYLE_ASSIGNMENT((#2223));
#2225=STYLED_ITEM('',(#2224),#2222);
#2226=DIRECTION('',(1.E0,0.E0,0.E0));
#2227=VECTOR('',#2226,1.54E0);
#2228=CARTESIAN_POINT('',(4.31E0,-1.94E0,-2.04E0));
#2229=LINE('',#2228,#2227);
#2230=CURVE_STYLE('',#17,POSITIVE_LENGTH_MEASURE(2.E-2),#3);
#2231=PRESENTATION_STYLE_ASSIGNMENT((#2230));
#2232=STYLED_ITEM('',(#2231),#2229);
#2233=DIRECTION('',(0.E0,0.E0,1.E0));
#2234=VECTOR('',#2233,5.E-1);
#2235=CARTESIAN_POINT('',(4.31E0,-1.94E0,-2.54E0));
#2236=LINE('',#2235,#2234);
#2237=CURVE_STYLE('',#17,POSITIVE_LENGTH_MEASURE(2.E-2),#3);
#2238=PRESENTATION_STYLE_ASSIGNMENT((#2237));
#2239=STYLED_ITEM('',(#2238),#2236);
#2240=DIRECTION('',(0.E0,0.E0,1.E0));
#2241=VECTOR('',#2240,5.E-1);
#2242=CARTESIAN_POINT('',(4.31E0,-1.94E0,2.04E0));
#2243=LINE('',#2242,#2241);
#2244=CURVE_STYLE('',#17,POSITIVE_LENGTH_MEASURE(2.E-2),#3);
#2245=PRESENTATION_STYLE_ASSIGNMENT((#2244));
#2246=STYLED_ITEM('',(#2245),#2243);
#2247=DIRECTION('',(-1.E0,0.E0,0.E0));
#2248=VECTOR('',#2247,1.54E0);
#2249=CARTESIAN_POINT('',(5.85E0,-1.94E0,2.04E0));
#2250=LINE('',#2249,#2248);
#2251=CURVE_STYLE('',#17,POSITIVE_LENGTH_MEASURE(2.E-2),#3);
#2252=PRESENTATION_STYLE_ASSIGNMENT((#2251));
#2253=STYLED_ITEM('',(#2252),#2250);
#2254=DIRECTION('',(0.E0,0.E0,-1.E0));
#2255=VECTOR('',#2254,5.E-1);
#2256=CARTESIAN_POINT('',(5.85E0,-1.94E0,2.54E0));
#2257=LINE('',#2256,#2255);
#2258=CURVE_STYLE('',#17,POSITIVE_LENGTH_MEASURE(2.E-2),#3);
#2259=PRESENTATION_STYLE_ASSIGNMENT((#2258));
#2260=STYLED_ITEM('',(#2259),#2257);
#2261=DIRECTION('',(1.E0,0.E0,0.E0));
#2262=VECTOR('',#2261,6.4E-1);
#2263=CARTESIAN_POINT('',(4.76E0,-1.94E0,1.59E0));
#2264=LINE('',#2263,#2262);
#2265=CURVE_STYLE('',#17,POSITIVE_LENGTH_MEASURE(2.E-2),#3);
#2266=PRESENTATION_STYLE_ASSIGNMENT((#2265));
#2267=STYLED_ITEM('',(#2266),#2264);
#2268=DIRECTION('',(0.E0,0.E0,1.E0));
#2269=VECTOR('',#2268,6.4E-1);
#2270=CARTESIAN_POINT('',(4.76E0,-1.94E0,9.5E-1));
#2271=LINE('',#2270,#2269);
#2272=CURVE_STYLE('',#17,POSITIVE_LENGTH_MEASURE(2.E-2),#3);
#2273=PRESENTATION_STYLE_ASSIGNMENT((#2272));
#2274=STYLED_ITEM('',(#2273),#2271);
#2275=DIRECTION('',(-1.E0,0.E0,0.E0));
#2276=VECTOR('',#2275,6.4E-1);
#2277=CARTESIAN_POINT('',(5.4E0,-1.94E0,9.5E-1));
#2278=LINE('',#2277,#2276);
#2279=CURVE_STYLE('',#17,POSITIVE_LENGTH_MEASURE(2.E-2),#3);
#2280=PRESENTATION_STYLE_ASSIGNMENT((#2279));
#2281=STYLED_ITEM('',(#2280),#2278);
#2282=DIRECTION('',(0.E0,0.E0,-1.E0));
#2283=VECTOR('',#2282,6.4E-1);
#2284=CARTESIAN_POINT('',(5.4E0,-1.94E0,1.59E0));
#2285=LINE('',#2284,#2283);
#2286=CURVE_STYLE('',#17,POSITIVE_LENGTH_MEASURE(2.E-2),#3);
#2287=PRESENTATION_STYLE_ASSIGNMENT((#2286));
#2288=STYLED_ITEM('',(#2287),#2285);
#2289=DIRECTION('',(0.E0,0.E0,-1.E0));
#2290=VECTOR('',#2289,6.4E-1);
#2291=CARTESIAN_POINT('',(5.4E0,-1.94E0,-9.5E-1));
#2292=LINE('',#2291,#2290);
#2293=CURVE_STYLE('',#17,POSITIVE_LENGTH_MEASURE(2.E-2),#3);
#2294=PRESENTATION_STYLE_ASSIGNMENT((#2293));
#2295=STYLED_ITEM('',(#2294),#2292);
#2296=DIRECTION('',(1.E0,0.E0,0.E0));
#2297=VECTOR('',#2296,6.4E-1);
#2298=CARTESIAN_POINT('',(4.76E0,-1.94E0,-9.5E-1));
#2299=LINE('',#2298,#2297);
#2300=CURVE_STYLE('',#17,POSITIVE_LENGTH_MEASURE(2.E-2),#3);
#2301=PRESENTATION_STYLE_ASSIGNMENT((#2300));
#2302=STYLED_ITEM('',(#2301),#2299);
#2303=DIRECTION('',(0.E0,0.E0,1.E0));
#2304=VECTOR('',#2303,6.4E-1);
#2305=CARTESIAN_POINT('',(4.76E0,-1.94E0,-1.59E0));
#2306=LINE('',#2305,#2304);
#2307=CURVE_STYLE('',#17,POSITIVE_LENGTH_MEASURE(2.E-2),#3);
#2308=PRESENTATION_STYLE_ASSIGNMENT((#2307));
#2309=STYLED_ITEM('',(#2308),#2306);
#2310=DIRECTION('',(-1.E0,0.E0,0.E0));
#2311=VECTOR('',#2310,6.4E-1);
#2312=CARTESIAN_POINT('',(5.4E0,-1.94E0,-1.59E0));
#2313=LINE('',#2312,#2311);
#2314=CURVE_STYLE('',#17,POSITIVE_LENGTH_MEASURE(2.E-2),#3);
#2315=PRESENTATION_STYLE_ASSIGNMENT((#2314));
#2316=STYLED_ITEM('',(#2315),#2313);
#2317=DIRECTION('',(-5.773502691896E-1,-5.773502691896E-1,-5.773502691896E-1));
#2318=VECTOR('',#2317,4.330127018922E-1);
#2319=CARTESIAN_POINT('',(6.35E0,-1.69E0,-2.04E0));
#2320=LINE('',#2319,#2318);
#2321=CURVE_STYLE('',#17,POSITIVE_LENGTH_MEASURE(2.E-2),#3);
#2322=PRESENTATION_STYLE_ASSIGNMENT((#2321));
#2323=STYLED_ITEM('',(#2322),#2320);
#2324=DIRECTION('',(0.E0,0.E0,1.E0));
#2325=VECTOR('',#2324,4.58E0);
#2326=CARTESIAN_POINT('',(6.1E0,-1.94E0,-2.29E0));
#2327=LINE('',#2326,#2325);
#2328=CURVE_STYLE('',#17,POSITIVE_LENGTH_MEASURE(2.E-2),#3);
#2329=PRESENTATION_STYLE_ASSIGNMENT((#2328));
#2330=STYLED_ITEM('',(#2329),#2327);
#2331=DIRECTION('',(-5.773502691896E-1,-5.773502691896E-1,5.773502691896E-1));
#2332=VECTOR('',#2331,4.330127018922E-1);
#2333=CARTESIAN_POINT('',(6.35E0,-1.69E0,2.04E0));
#2334=LINE('',#2333,#2332);
#2335=CURVE_STYLE('',#17,POSITIVE_LENGTH_MEASURE(2.E-2),#3);
#2336=PRESENTATION_STYLE_ASSIGNMENT((#2335));
#2337=STYLED_ITEM('',(#2336),#2334);
#2338=DIRECTION('',(0.E0,0.E0,-1.E0));
#2339=VECTOR('',#2338,4.08E0);
#2340=CARTESIAN_POINT('',(6.35E0,-1.69E0,2.04E0));
#2341=LINE('',#2340,#2339);
#2342=CURVE_STYLE('',#17,POSITIVE_LENGTH_MEASURE(2.E-2),#3);
#2343=PRESENTATION_STYLE_ASSIGNMENT((#2342));
#2344=STYLED_ITEM('',(#2343),#2341);
#2345=DIRECTION('',(5.773502691896E-1,-5.773502691896E-1,5.773502691896E-1));
#2346=VECTOR('',#2345,4.330127018922E-1);
#2347=CARTESIAN_POINT('',(6.35E0,-1.69E0,2.04E0));
#2348=LINE('',#2347,#2346);
#2349=CURVE_STYLE('',#17,POSITIVE_LENGTH_MEASURE(2.E-2),#3);
#2350=PRESENTATION_STYLE_ASSIGNMENT((#2349));
#2351=STYLED_ITEM('',(#2350),#2348);
#2352=DIRECTION('',(0.E0,0.E0,-1.E0));
#2353=VECTOR('',#2352,4.58E0);
#2354=CARTESIAN_POINT('',(6.6E0,-1.94E0,2.29E0));
#2355=LINE('',#2354,#2353);
#2356=CURVE_STYLE('',#17,POSITIVE_LENGTH_MEASURE(2.E-2),#3);
#2357=PRESENTATION_STYLE_ASSIGNMENT((#2356));
#2358=STYLED_ITEM('',(#2357),#2355);
#2359=DIRECTION('',(5.773502691896E-1,-5.773502691896E-1,-5.773502691896E-1));
#2360=VECTOR('',#2359,4.330127018922E-1);
#2361=CARTESIAN_POINT('',(6.35E0,-1.69E0,-2.04E0));
#2362=LINE('',#2361,#2360);
#2363=CURVE_STYLE('',#17,POSITIVE_LENGTH_MEASURE(2.E-2),#3);
#2364=PRESENTATION_STYLE_ASSIGNMENT((#2363));
#2365=STYLED_ITEM('',(#2364),#2362);
#2366=DIRECTION('',(7.071067811865E-1,0.E0,7.071067811865E-1));
#2367=VECTOR('',#2366,3.535533905933E-1);
#2368=CARTESIAN_POINT('',(6.6E0,-1.94E0,2.29E0));
#2369=LINE('',#2368,#2367);
#2370=CURVE_STYLE('',#17,POSITIVE_LENGTH_MEASURE(2.E-2),#3);
#2371=PRESENTATION_STYLE_ASSIGNMENT((#2370));
#2372=STYLED_ITEM('',(#2371),#2369);
#2373=DIRECTION('',(0.E0,-1.E0,0.E0));
#2374=VECTOR('',#2373,1.44E0);
#2375=CARTESIAN_POINT('',(6.35E0,-2.5E-1,2.04E0));
#2376=LINE('',#2375,#2374);
#2377=CURVE_STYLE('',#17,POSITIVE_LENGTH_MEASURE(2.E-2),#3);
#2378=PRESENTATION_STYLE_ASSIGNMENT((#2377));
#2379=STYLED_ITEM('',(#2378),#2376);
#2380=DIRECTION('',(7.071067811865E-1,0.E0,7.071067811865E-1));
#2381=VECTOR('',#2380,3.535533905933E-1);
#2382=CARTESIAN_POINT('',(6.6E0,0.E0,2.29E0));
#2383=LINE('',#2382,#2381);
#2384=CURVE_STYLE('',#17,POSITIVE_LENGTH_MEASURE(2.E-2),#3);
#2385=PRESENTATION_STYLE_ASSIGNMENT((#2384));
#2386=STYLED_ITEM('',(#2385),#2383);
#2387=DIRECTION('',(0.E0,-1.E0,0.E0));
#2388=VECTOR('',#2387,1.94E0);
#2389=CARTESIAN_POINT('',(6.85E0,0.E0,2.54E0));
#2390=LINE('',#2389,#2388);
#2391=CURVE_STYLE('',#17,POSITIVE_LENGTH_MEASURE(2.E-2),#3);
#2392=PRESENTATION_STYLE_ASSIGNMENT((#2391));
#2393=STYLED_ITEM('',(#2392),#2390);
#2394=DIRECTION('',(7.071067811865E-1,0.E0,-7.071067811865E-1));
#2395=VECTOR('',#2394,3.535533905933E-1);
#2396=CARTESIAN_POINT('',(5.85E0,-1.94E0,2.54E0));
#2397=LINE('',#2396,#2395);
#2398=CURVE_STYLE('',#17,POSITIVE_LENGTH_MEASURE(2.E-2),#3);
#2399=PRESENTATION_STYLE_ASSIGNMENT((#2398));
#2400=STYLED_ITEM('',(#2399),#2397);
#2401=DIRECTION('',(0.E0,-1.E0,0.E0));
#2402=VECTOR('',#2401,1.94E0);
#2403=CARTESIAN_POINT('',(5.85E0,0.E0,2.54E0));
#2404=LINE('',#2403,#2402);
#2405=CURVE_STYLE('',#17,POSITIVE_LENGTH_MEASURE(2.E-2),#3);
#2406=PRESENTATION_STYLE_ASSIGNMENT((#2405));
#2407=STYLED_ITEM('',(#2406),#2404);
#2408=DIRECTION('',(7.071067811865E-1,0.E0,-7.071067811865E-1));
#2409=VECTOR('',#2408,3.535533905933E-1);
#2410=CARTESIAN_POINT('',(5.85E0,0.E0,2.54E0));
#2411=LINE('',#2410,#2409);
#2412=CURVE_STYLE('',#17,POSITIVE_LENGTH_MEASURE(2.E-2),#3);
#2413=PRESENTATION_STYLE_ASSIGNMENT((#2412));
#2414=STYLED_ITEM('',(#2413),#2411);
#2415=DIRECTION('',(0.E0,1.E0,0.E0));
#2416=VECTOR('',#2415,6.E-1);
#2417=CARTESIAN_POINT('',(5.85E0,-2.54E0,-2.04E0));
#2418=LINE('',#2417,#2416);
#2419=CURVE_STYLE('',#17,POSITIVE_LENGTH_MEASURE(2.E-2),#3);
#2420=PRESENTATION_STYLE_ASSIGNMENT((#2419));
#2421=STYLED_ITEM('',(#2420),#2418);
#2422=DIRECTION('',(0.E0,1.E0,0.E0));
#2423=VECTOR('',#2422,6.E-1);
#2424=CARTESIAN_POINT('',(4.31E0,-2.54E0,-2.04E0));
#2425=LINE('',#2424,#2423);
#2426=CURVE_STYLE('',#17,POSITIVE_LENGTH_MEASURE(2.E-2),#3);
#2427=PRESENTATION_STYLE_ASSIGNMENT((#2426));
#2428=STYLED_ITEM('',(#2427),#2425);
#2429=DIRECTION('',(-7.071067811865E-1,0.E0,7.071067811865E-1));
#2430=VECTOR('',#2429,3.535533905933E-1);
#2431=CARTESIAN_POINT('',(4.31E0,-1.94E0,-2.54E0));
#2432=LINE('',#2431,#2430);
#2433=CURVE_STYLE('',#17,POSITIVE_LENGTH_MEASURE(2.E-2),#3);
#2434=PRESENTATION_STYLE_ASSIGNMENT((#2433));
#2435=STYLED_ITEM('',(#2434),#2432);
#2436=DIRECTION('',(0.E0,-1.E0,0.E0));
#2437=VECTOR('',#2436,1.94E0);
#2438=CARTESIAN_POINT('',(4.31E0,0.E0,-2.54E0));
#2439=LINE('',#2438,#2437);
#2440=CURVE_STYLE('',#17,POSITIVE_LENGTH_MEASURE(2.E-2),#3);
#2441=PRESENTATION_STYLE_ASSIGNMENT((#2440));
#2442=STYLED_ITEM('',(#2441),#2439);
#2443=DIRECTION('',(-7.071067811865E-1,0.E0,7.071067811865E-1));
#2444=VECTOR('',#2443,3.535533905933E-1);
#2445=CARTESIAN_POINT('',(4.31E0,0.E0,-2.54E0));
#2446=LINE('',#2445,#2444);
#2447=CURVE_STYLE('',#17,POSITIVE_LENGTH_MEASURE(2.E-2),#3);
#2448=PRESENTATION_STYLE_ASSIGNMENT((#2447));
#2449=STYLED_ITEM('',(#2448),#2446);
#2450=DIRECTION('',(0.E0,-1.E0,0.E0));
#2451=VECTOR('',#2450,1.44E0);
#2452=CARTESIAN_POINT('',(3.81E0,-2.5E-1,-2.04E0));
#2453=LINE('',#2452,#2451);
#2454=CURVE_STYLE('',#17,POSITIVE_LENGTH_MEASURE(2.E-2),#3);
#2455=PRESENTATION_STYLE_ASSIGNMENT((#2454));
#2456=STYLED_ITEM('',(#2455),#2453);
#2457=DIRECTION('',(-7.071067811865E-1,0.E0,-7.071067811865E-1));
#2458=VECTOR('',#2457,3.535533905933E-1);
#2459=CARTESIAN_POINT('',(3.56E0,0.E0,-2.29E0));
#2460=LINE('',#2459,#2458);
#2461=CURVE_STYLE('',#17,POSITIVE_LENGTH_MEASURE(2.E-2),#3);
#2462=PRESENTATION_STYLE_ASSIGNMENT((#2461));
#2463=STYLED_ITEM('',(#2462),#2460);
#2464=DIRECTION('',(0.E0,-1.E0,0.E0));
#2465=VECTOR('',#2464,1.94E0);
#2466=CARTESIAN_POINT('',(3.31E0,0.E0,-2.54E0));
#2467=LINE('',#2466,#2465);
#2468=CURVE_STYLE('',#17,POSITIVE_LENGTH_MEASURE(2.E-2),#3);
#2469=PRESENTATION_STYLE_ASSIGNMENT((#2468));
#2470=STYLED_ITEM('',(#2469),#2467);
#2471=DIRECTION('',(-7.071067811865E-1,0.E0,-7.071067811865E-1));
#2472=VECTOR('',#2471,3.535533905933E-1);
#2473=CARTESIAN_POINT('',(3.56E0,-1.94E0,-2.29E0));
#2474=LINE('',#2473,#2472);
#2475=CURVE_STYLE('',#17,POSITIVE_LENGTH_MEASURE(2.E-2),#3);
#2476=PRESENTATION_STYLE_ASSIGNMENT((#2475));
#2477=STYLED_ITEM('',(#2476),#2474);
#2478=DIRECTION('',(0.E0,1.E0,0.E0));
#2479=VECTOR('',#2478,6.E-1);
#2480=CARTESIAN_POINT('',(1.77E0,-2.54E0,-2.54E0));
#2481=LINE('',#2480,#2479);
#2482=CURVE_STYLE('',#17,POSITIVE_LENGTH_MEASURE(2.E-2),#3);
#2483=PRESENTATION_STYLE_ASSIGNMENT((#2482));
#2484=STYLED_ITEM('',(#2483),#2481);
#2485=DIRECTION('',(0.E0,1.E0,0.E0));
#2486=VECTOR('',#2485,6.E-1);
#2487=CARTESIAN_POINT('',(3.31E0,-2.54E0,-2.54E0));
#2488=LINE('',#2487,#2486);
#2489=CURVE_STYLE('',#17,POSITIVE_LENGTH_MEASURE(2.E-2),#3);
#2490=PRESENTATION_STYLE_ASSIGNMENT((#2489));
#2491=STYLED_ITEM('',(#2490),#2488);
#2492=DIRECTION('',(0.E0,0.E0,-1.E0));
#2493=VECTOR('',#2492,5.E-1);
#2494=CARTESIAN_POINT('',(3.31E0,-2.54E0,2.54E0));
#2495=LINE('',#2494,#2493);
#2496=CURVE_STYLE('',#17,POSITIVE_LENGTH_MEASURE(2.E-2),#3);
#2497=PRESENTATION_STYLE_ASSIGNMENT((#2496));
#2498=STYLED_ITEM('',(#2497),#2495);
#2499=DIRECTION('',(-1.E0,0.E0,0.E0));
#2500=VECTOR('',#2499,1.54E0);
#2501=CARTESIAN_POINT('',(3.31E0,-2.54E0,2.04E0));
#2502=LINE('',#2501,#2500);
#2503=CURVE_STYLE('',#17,POSITIVE_LENGTH_MEASURE(2.E-2),#3);
#2504=PRESENTATION_STYLE_ASSIGNMENT((#2503));
#2505=STYLED_ITEM('',(#2504),#2502);
#2506=DIRECTION('',(0.E0,0.E0,-1.E0));
#2507=VECTOR('',#2506,5.E-1);
#2508=CARTESIAN_POINT('',(1.77E0,-2.54E0,2.54E0));
#2509=LINE('',#2508,#2507);
#2510=CURVE_STYLE('',#17,POSITIVE_LENGTH_MEASURE(2.E-2),#3);
#2511=PRESENTATION_STYLE_ASSIGNMENT((#2510));
#2512=STYLED_ITEM('',(#2511),#2509);
#2513=DIRECTION('',(-1.E0,0.E0,0.E0));
#2514=VECTOR('',#2513,1.54E0);
#2515=CARTESIAN_POINT('',(3.31E0,-2.54E0,2.54E0));
#2516=LINE('',#2515,#2514);
#2517=CURVE_STYLE('',#17,POSITIVE_LENGTH_MEASURE(2.E-2),#3);
#2518=PRESENTATION_STYLE_ASSIGNMENT((#2517));
#2519=STYLED_ITEM('',(#2518),#2516);
#2520=DIRECTION('',(0.E0,0.E0,1.E0));
#2521=VECTOR('',#2520,5.E-1);
#2522=CARTESIAN_POINT('',(1.77E0,-2.54E0,-2.54E0));
#2523=LINE('',#2522,#2521);
#2524=CURVE_STYLE('',#17,POSITIVE_LENGTH_MEASURE(2.E-2),#3);
#2525=PRESENTATION_STYLE_ASSIGNMENT((#2524));
#2526=STYLED_ITEM('',(#2525),#2523);
#2527=DIRECTION('',(1.E0,0.E0,0.E0));
#2528=VECTOR('',#2527,1.54E0);
#2529=CARTESIAN_POINT('',(1.77E0,-2.54E0,-2.04E0));
#2530=LINE('',#2529,#2528);
#2531=CURVE_STYLE('',#17,POSITIVE_LENGTH_MEASURE(2.E-2),#3);
#2532=PRESENTATION_STYLE_ASSIGNMENT((#2531));
#2533=STYLED_ITEM('',(#2532),#2530);
#2534=DIRECTION('',(0.E0,0.E0,1.E0));
#2535=VECTOR('',#2534,5.E-1);
#2536=CARTESIAN_POINT('',(3.31E0,-2.54E0,-2.54E0));
#2537=LINE('',#2536,#2535);
#2538=CURVE_STYLE('',#17,POSITIVE_LENGTH_MEASURE(2.E-2),#3);
#2539=PRESENTATION_STYLE_ASSIGNMENT((#2538));
#2540=STYLED_ITEM('',(#2539),#2537);
#2541=DIRECTION('',(1.E0,0.E0,0.E0));
#2542=VECTOR('',#2541,1.54E0);
#2543=CARTESIAN_POINT('',(1.77E0,-2.54E0,-2.54E0));
#2544=LINE('',#2543,#2542);
#2545=CURVE_STYLE('',#17,POSITIVE_LENGTH_MEASURE(2.E-2),#3);
#2546=PRESENTATION_STYLE_ASSIGNMENT((#2545));
#2547=STYLED_ITEM('',(#2546),#2544);
#2548=DIRECTION('',(0.E0,1.E0,0.E0));
#2549=VECTOR('',#2548,6.E-1);
#2550=CARTESIAN_POINT('',(3.31E0,-2.54E0,2.54E0));
#2551=LINE('',#2550,#2549);
#2552=CURVE_STYLE('',#17,POSITIVE_LENGTH_MEASURE(2.E-2),#3);
#2553=PRESENTATION_STYLE_ASSIGNMENT((#2552));
#2554=STYLED_ITEM('',(#2553),#2551);
#2555=DIRECTION('',(0.E0,1.E0,0.E0));
#2556=VECTOR('',#2555,6.E-1);
#2557=CARTESIAN_POINT('',(1.77E0,-2.54E0,2.54E0));
#2558=LINE('',#2557,#2556);
#2559=CURVE_STYLE('',#17,POSITIVE_LENGTH_MEASURE(2.E-2),#3);
#2560=PRESENTATION_STYLE_ASSIGNMENT((#2559));
#2561=STYLED_ITEM('',(#2560),#2558);
#2562=DIRECTION('',(0.E0,1.E0,0.E0));
#2563=VECTOR('',#2562,6.E-1);
#2564=CARTESIAN_POINT('',(1.77E0,-2.54E0,2.04E0));
#2565=LINE('',#2564,#2563);
#2566=CURVE_STYLE('',#17,POSITIVE_LENGTH_MEASURE(2.E-2),#3);
#2567=PRESENTATION_STYLE_ASSIGNMENT((#2566));
#2568=STYLED_ITEM('',(#2567),#2565);
#2569=DIRECTION('',(0.E0,1.E0,0.E0));
#2570=VECTOR('',#2569,6.E-1);
#2571=CARTESIAN_POINT('',(3.31E0,-2.54E0,2.04E0));
#2572=LINE('',#2571,#2570);
#2573=CURVE_STYLE('',#17,POSITIVE_LENGTH_MEASURE(2.E-2),#3);
#2574=PRESENTATION_STYLE_ASSIGNMENT((#2573));
#2575=STYLED_ITEM('',(#2574),#2572);
#2576=DIRECTION('',(0.E0,0.E0,-1.E0));
#2577=VECTOR('',#2576,5.E-1);
#2578=CARTESIAN_POINT('',(3.31E0,-1.94E0,-2.04E0));
#2579=LINE('',#2578,#2577);
#2580=CURVE_STYLE('',#17,POSITIVE_LENGTH_MEASURE(2.E-2),#3);
#2581=PRESENTATION_STYLE_ASSIGNMENT((#2580));
#2582=STYLED_ITEM('',(#2581),#2579);
#2583=DIRECTION('',(1.E0,0.E0,0.E0));
#2584=VECTOR('',#2583,1.54E0);
#2585=CARTESIAN_POINT('',(1.77E0,-1.94E0,-2.04E0));
#2586=LINE('',#2585,#2584);
#2587=CURVE_STYLE('',#17,POSITIVE_LENGTH_MEASURE(2.E-2),#3);
#2588=PRESENTATION_STYLE_ASSIGNMENT((#2587));
#2589=STYLED_ITEM('',(#2588),#2586);
#2590=DIRECTION('',(0.E0,0.E0,1.E0));
#2591=VECTOR('',#2590,5.E-1);
#2592=CARTESIAN_POINT('',(1.77E0,-1.94E0,-2.54E0));
#2593=LINE('',#2592,#2591);
#2594=CURVE_STYLE('',#17,POSITIVE_LENGTH_MEASURE(2.E-2),#3);
#2595=PRESENTATION_STYLE_ASSIGNMENT((#2594));
#2596=STYLED_ITEM('',(#2595),#2593);
#2597=DIRECTION('',(0.E0,0.E0,1.E0));
#2598=VECTOR('',#2597,5.E-1);
#2599=CARTESIAN_POINT('',(1.77E0,-1.94E0,2.04E0));
#2600=LINE('',#2599,#2598);
#2601=CURVE_STYLE('',#17,POSITIVE_LENGTH_MEASURE(2.E-2),#3);
#2602=PRESENTATION_STYLE_ASSIGNMENT((#2601));
#2603=STYLED_ITEM('',(#2602),#2600);
#2604=DIRECTION('',(-1.E0,0.E0,0.E0));
#2605=VECTOR('',#2604,1.54E0);
#2606=CARTESIAN_POINT('',(3.31E0,-1.94E0,2.04E0));
#2607=LINE('',#2606,#2605);
#2608=CURVE_STYLE('',#17,POSITIVE_LENGTH_MEASURE(2.E-2),#3);
#2609=PRESENTATION_STYLE_ASSIGNMENT((#2608));
#2610=STYLED_ITEM('',(#2609),#2607);
#2611=DIRECTION('',(0.E0,0.E0,-1.E0));
#2612=VECTOR('',#2611,5.E-1);
#2613=CARTESIAN_POINT('',(3.31E0,-1.94E0,2.54E0));
#2614=LINE('',#2613,#2612);
#2615=CURVE_STYLE('',#17,POSITIVE_LENGTH_MEASURE(2.E-2),#3);
#2616=PRESENTATION_STYLE_ASSIGNMENT((#2615));
#2617=STYLED_ITEM('',(#2616),#2614);
#2618=DIRECTION('',(1.E0,0.E0,0.E0));
#2619=VECTOR('',#2618,6.4E-1);
#2620=CARTESIAN_POINT('',(2.22E0,-1.94E0,1.59E0));
#2621=LINE('',#2620,#2619);
#2622=CURVE_STYLE('',#17,POSITIVE_LENGTH_MEASURE(2.E-2),#3);
#2623=PRESENTATION_STYLE_ASSIGNMENT((#2622));
#2624=STYLED_ITEM('',(#2623),#2621);
#2625=DIRECTION('',(0.E0,0.E0,1.E0));
#2626=VECTOR('',#2625,6.4E-1);
#2627=CARTESIAN_POINT('',(2.22E0,-1.94E0,9.5E-1));
#2628=LINE('',#2627,#2626);
#2629=CURVE_STYLE('',#17,POSITIVE_LENGTH_MEASURE(2.E-2),#3);
#2630=PRESENTATION_STYLE_ASSIGNMENT((#2629));
#2631=STYLED_ITEM('',(#2630),#2628);
#2632=DIRECTION('',(-1.E0,0.E0,0.E0));
#2633=VECTOR('',#2632,6.4E-1);
#2634=CARTESIAN_POINT('',(2.86E0,-1.94E0,9.5E-1));
#2635=LINE('',#2634,#2633);
#2636=CURVE_STYLE('',#17,POSITIVE_LENGTH_MEASURE(2.E-2),#3);
#2637=PRESENTATION_STYLE_ASSIGNMENT((#2636));
#2638=STYLED_ITEM('',(#2637),#2635);
#2639=DIRECTION('',(0.E0,0.E0,-1.E0));
#2640=VECTOR('',#2639,6.4E-1);
#2641=CARTESIAN_POINT('',(2.86E0,-1.94E0,1.59E0));
#2642=LINE('',#2641,#2640);
#2643=CURVE_STYLE('',#17,POSITIVE_LENGTH_MEASURE(2.E-2),#3);
#2644=PRESENTATION_STYLE_ASSIGNMENT((#2643));
#2645=STYLED_ITEM('',(#2644),#2642);
#2646=DIRECTION('',(0.E0,0.E0,-1.E0));
#2647=VECTOR('',#2646,6.4E-1);
#2648=CARTESIAN_POINT('',(2.86E0,-1.94E0,-9.5E-1));
#2649=LINE('',#2648,#2647);
#2650=CURVE_STYLE('',#17,POSITIVE_LENGTH_MEASURE(2.E-2),#3);
#2651=PRESENTATION_STYLE_ASSIGNMENT((#2650));
#2652=STYLED_ITEM('',(#2651),#2649);
#2653=DIRECTION('',(1.E0,0.E0,0.E0));
#2654=VECTOR('',#2653,6.4E-1);
#2655=CARTESIAN_POINT('',(2.22E0,-1.94E0,-9.5E-1));
#2656=LINE('',#2655,#2654);
#2657=CURVE_STYLE('',#17,POSITIVE_LENGTH_MEASURE(2.E-2),#3);
#2658=PRESENTATION_STYLE_ASSIGNMENT((#2657));
#2659=STYLED_ITEM('',(#2658),#2656);
#2660=DIRECTION('',(0.E0,0.E0,1.E0));
#2661=VECTOR('',#2660,6.4E-1);
#2662=CARTESIAN_POINT('',(2.22E0,-1.94E0,-1.59E0));
#2663=LINE('',#2662,#2661);
#2664=CURVE_STYLE('',#17,POSITIVE_LENGTH_MEASURE(2.E-2),#3);
#2665=PRESENTATION_STYLE_ASSIGNMENT((#2664));
#2666=STYLED_ITEM('',(#2665),#2663);
#2667=DIRECTION('',(-1.E0,0.E0,0.E0));
#2668=VECTOR('',#2667,6.4E-1);
#2669=CARTESIAN_POINT('',(2.86E0,-1.94E0,-1.59E0));
#2670=LINE('',#2669,#2668);
#2671=CURVE_STYLE('',#17,POSITIVE_LENGTH_MEASURE(2.E-2),#3);
#2672=PRESENTATION_STYLE_ASSIGNMENT((#2671));
#2673=STYLED_ITEM('',(#2672),#2670);
#2674=DIRECTION('',(-5.773502691896E-1,-5.773502691896E-1,-5.773502691896E-1));
#2675=VECTOR('',#2674,4.330127018922E-1);
#2676=CARTESIAN_POINT('',(3.81E0,-1.69E0,-2.04E0));
#2677=LINE('',#2676,#2675);
#2678=CURVE_STYLE('',#17,POSITIVE_LENGTH_MEASURE(2.E-2),#3);
#2679=PRESENTATION_STYLE_ASSIGNMENT((#2678));
#2680=STYLED_ITEM('',(#2679),#2677);
#2681=DIRECTION('',(0.E0,0.E0,1.E0));
#2682=VECTOR('',#2681,4.58E0);
#2683=CARTESIAN_POINT('',(3.56E0,-1.94E0,-2.29E0));
#2684=LINE('',#2683,#2682);
#2685=CURVE_STYLE('',#17,POSITIVE_LENGTH_MEASURE(2.E-2),#3);
#2686=PRESENTATION_STYLE_ASSIGNMENT((#2685));
#2687=STYLED_ITEM('',(#2686),#2684);
#2688=DIRECTION('',(-5.773502691896E-1,-5.773502691896E-1,5.773502691896E-1));
#2689=VECTOR('',#2688,4.330127018922E-1);
#2690=CARTESIAN_POINT('',(3.81E0,-1.69E0,2.04E0));
#2691=LINE('',#2690,#2689);
#2692=CURVE_STYLE('',#17,POSITIVE_LENGTH_MEASURE(2.E-2),#3);
#2693=PRESENTATION_STYLE_ASSIGNMENT((#2692));
#2694=STYLED_ITEM('',(#2693),#2691);
#2695=DIRECTION('',(0.E0,0.E0,-1.E0));
#2696=VECTOR('',#2695,4.08E0);
#2697=CARTESIAN_POINT('',(3.81E0,-1.69E0,2.04E0));
#2698=LINE('',#2697,#2696);
#2699=CURVE_STYLE('',#17,POSITIVE_LENGTH_MEASURE(2.E-2),#3);
#2700=PRESENTATION_STYLE_ASSIGNMENT((#2699));
#2701=STYLED_ITEM('',(#2700),#2698);
#2702=DIRECTION('',(5.773502691896E-1,-5.773502691896E-1,5.773502691896E-1));
#2703=VECTOR('',#2702,4.330127018922E-1);
#2704=CARTESIAN_POINT('',(3.81E0,-1.69E0,2.04E0));
#2705=LINE('',#2704,#2703);
#2706=CURVE_STYLE('',#17,POSITIVE_LENGTH_MEASURE(2.E-2),#3);
#2707=PRESENTATION_STYLE_ASSIGNMENT((#2706));
#2708=STYLED_ITEM('',(#2707),#2705);
#2709=DIRECTION('',(0.E0,0.E0,-1.E0));
#2710=VECTOR('',#2709,4.58E0);
#2711=CARTESIAN_POINT('',(4.06E0,-1.94E0,2.29E0));
#2712=LINE('',#2711,#2710);
#2713=CURVE_STYLE('',#17,POSITIVE_LENGTH_MEASURE(2.E-2),#3);
#2714=PRESENTATION_STYLE_ASSIGNMENT((#2713));
#2715=STYLED_ITEM('',(#2714),#2712);
#2716=DIRECTION('',(5.773502691896E-1,-5.773502691896E-1,-5.773502691896E-1));
#2717=VECTOR('',#2716,4.330127018922E-1);
#2718=CARTESIAN_POINT('',(3.81E0,-1.69E0,-2.04E0));
#2719=LINE('',#2718,#2717);
#2720=CURVE_STYLE('',#17,POSITIVE_LENGTH_MEASURE(2.E-2),#3);
#2721=PRESENTATION_STYLE_ASSIGNMENT((#2720));
#2722=STYLED_ITEM('',(#2721),#2719);
#2723=DIRECTION('',(7.071067811865E-1,0.E0,7.071067811865E-1));
#2724=VECTOR('',#2723,3.535533905933E-1);
#2725=CARTESIAN_POINT('',(4.06E0,-1.94E0,2.29E0));
#2726=LINE('',#2725,#2724);
#2727=CURVE_STYLE('',#17,POSITIVE_LENGTH_MEASURE(2.E-2),#3);
#2728=PRESENTATION_STYLE_ASSIGNMENT((#2727));
#2729=STYLED_ITEM('',(#2728),#2726);
#2730=DIRECTION('',(0.E0,-1.E0,0.E0));
#2731=VECTOR('',#2730,1.44E0);
#2732=CARTESIAN_POINT('',(3.81E0,-2.5E-1,2.04E0));
#2733=LINE('',#2732,#2731);
#2734=CURVE_STYLE('',#17,POSITIVE_LENGTH_MEASURE(2.E-2),#3);
#2735=PRESENTATION_STYLE_ASSIGNMENT((#2734));
#2736=STYLED_ITEM('',(#2735),#2733);
#2737=DIRECTION('',(7.071067811865E-1,0.E0,7.071067811865E-1));
#2738=VECTOR('',#2737,3.535533905933E-1);
#2739=CARTESIAN_POINT('',(4.06E0,0.E0,2.29E0));
#2740=LINE('',#2739,#2738);
#2741=CURVE_STYLE('',#17,POSITIVE_LENGTH_MEASURE(2.E-2),#3);
#2742=PRESENTATION_STYLE_ASSIGNMENT((#2741));
#2743=STYLED_ITEM('',(#2742),#2740);
#2744=DIRECTION('',(0.E0,-1.E0,0.E0));
#2745=VECTOR('',#2744,1.94E0);
#2746=CARTESIAN_POINT('',(4.31E0,0.E0,2.54E0));
#2747=LINE('',#2746,#2745);
#2748=CURVE_STYLE('',#17,POSITIVE_LENGTH_MEASURE(2.E-2),#3);
#2749=PRESENTATION_STYLE_ASSIGNMENT((#2748));
#2750=STYLED_ITEM('',(#2749),#2747);
#2751=DIRECTION('',(7.071067811865E-1,0.E0,-7.071067811865E-1));
#2752=VECTOR('',#2751,3.535533905933E-1);
#2753=CARTESIAN_POINT('',(3.31E0,-1.94E0,2.54E0));
#2754=LINE('',#2753,#2752);
#2755=CURVE_STYLE('',#17,POSITIVE_LENGTH_MEASURE(2.E-2),#3);
#2756=PRESENTATION_STYLE_ASSIGNMENT((#2755));
#2757=STYLED_ITEM('',(#2756),#2754);
#2758=DIRECTION('',(0.E0,-1.E0,0.E0));
#2759=VECTOR('',#2758,1.94E0);
#2760=CARTESIAN_POINT('',(3.31E0,0.E0,2.54E0));
#2761=LINE('',#2760,#2759);
#2762=CURVE_STYLE('',#17,POSITIVE_LENGTH_MEASURE(2.E-2),#3);
#2763=PRESENTATION_STYLE_ASSIGNMENT((#2762));
#2764=STYLED_ITEM('',(#2763),#2761);
#2765=DIRECTION('',(7.071067811865E-1,0.E0,-7.071067811865E-1));
#2766=VECTOR('',#2765,3.535533905933E-1);
#2767=CARTESIAN_POINT('',(3.31E0,0.E0,2.54E0));
#2768=LINE('',#2767,#2766);
#2769=CURVE_STYLE('',#17,POSITIVE_LENGTH_MEASURE(2.E-2),#3);
#2770=PRESENTATION_STYLE_ASSIGNMENT((#2769));
#2771=STYLED_ITEM('',(#2770),#2768);
#2772=DIRECTION('',(0.E0,1.E0,0.E0));
#2773=VECTOR('',#2772,6.E-1);
#2774=CARTESIAN_POINT('',(3.31E0,-2.54E0,-2.04E0));
#2775=LINE('',#2774,#2773);
#2776=CURVE_STYLE('',#17,POSITIVE_LENGTH_MEASURE(2.E-2),#3);
#2777=PRESENTATION_STYLE_ASSIGNMENT((#2776));
#2778=STYLED_ITEM('',(#2777),#2775);
#2779=DIRECTION('',(0.E0,1.E0,0.E0));
#2780=VECTOR('',#2779,6.E-1);
#2781=CARTESIAN_POINT('',(1.77E0,-2.54E0,-2.04E0));
#2782=LINE('',#2781,#2780);
#2783=CURVE_STYLE('',#17,POSITIVE_LENGTH_MEASURE(2.E-2),#3);
#2784=PRESENTATION_STYLE_ASSIGNMENT((#2783));
#2785=STYLED_ITEM('',(#2784),#2782);
#2786=DIRECTION('',(-7.071067811865E-1,0.E0,7.071067811865E-1));
#2787=VECTOR('',#2786,3.535533905933E-1);
#2788=CARTESIAN_POINT('',(1.77E0,-1.94E0,-2.54E0));
#2789=LINE('',#2788,#2787);
#2790=CURVE_STYLE('',#17,POSITIVE_LENGTH_MEASURE(2.E-2),#3);
#2791=PRESENTATION_STYLE_ASSIGNMENT((#2790));
#2792=STYLED_ITEM('',(#2791),#2789);
#2793=DIRECTION('',(0.E0,-1.E0,0.E0));
#2794=VECTOR('',#2793,1.94E0);
#2795=CARTESIAN_POINT('',(1.77E0,0.E0,-2.54E0));
#2796=LINE('',#2795,#2794);
#2797=CURVE_STYLE('',#17,POSITIVE_LENGTH_MEASURE(2.E-2),#3);
#2798=PRESENTATION_STYLE_ASSIGNMENT((#2797));
#2799=STYLED_ITEM('',(#2798),#2796);
#2800=DIRECTION('',(-7.071067811865E-1,0.E0,7.071067811865E-1));
#2801=VECTOR('',#2800,3.535533905933E-1);
#2802=CARTESIAN_POINT('',(1.77E0,0.E0,-2.54E0));
#2803=LINE('',#2802,#2801);
#2804=CURVE_STYLE('',#17,POSITIVE_LENGTH_MEASURE(2.E-2),#3);
#2805=PRESENTATION_STYLE_ASSIGNMENT((#2804));
#2806=STYLED_ITEM('',(#2805),#2803);
#2807=DIRECTION('',(0.E0,-1.E0,0.E0));
#2808=VECTOR('',#2807,1.44E0);
#2809=CARTESIAN_POINT('',(1.27E0,-2.5E-1,-2.04E0));
#2810=LINE('',#2809,#2808);
#2811=CURVE_STYLE('',#17,POSITIVE_LENGTH_MEASURE(2.E-2),#3);
#2812=PRESENTATION_STYLE_ASSIGNMENT((#2811));
#2813=STYLED_ITEM('',(#2812),#2810);
#2814=DIRECTION('',(0.E0,0.E0,-1.E0));
#2815=VECTOR('',#2814,4.58E0);
#2816=CARTESIAN_POINT('',(1.52E0,0.E0,2.29E0));
#2817=LINE('',#2816,#2815);
#2818=CURVE_STYLE('',#17,POSITIVE_LENGTH_MEASURE(2.E-2),#3);
#2819=PRESENTATION_STYLE_ASSIGNMENT((#2818));
#2820=STYLED_ITEM('',(#2819),#2817);
#2821=DIRECTION('',(-5.773502691896E-1,-5.773502691896E-1,-5.773502691896E-1));
#2822=VECTOR('',#2821,4.330127018922E-1);
#2823=CARTESIAN_POINT('',(1.52E0,0.E0,2.29E0));
#2824=LINE('',#2823,#2822);
#2825=CURVE_STYLE('',#17,POSITIVE_LENGTH_MEASURE(2.E-2),#3);
#2826=PRESENTATION_STYLE_ASSIGNMENT((#2825));
#2827=STYLED_ITEM('',(#2826),#2824);
#2828=DIRECTION('',(0.E0,0.E0,-1.E0));
#2829=VECTOR('',#2828,4.08E0);
#2830=CARTESIAN_POINT('',(1.27E0,-2.5E-1,2.04E0));
#2831=LINE('',#2830,#2829);
#2832=CURVE_STYLE('',#17,POSITIVE_LENGTH_MEASURE(2.E-2),#3);
#2833=PRESENTATION_STYLE_ASSIGNMENT((#2832));
#2834=STYLED_ITEM('',(#2833),#2831);
#2835=DIRECTION('',(-5.773502691896E-1,-5.773502691896E-1,5.773502691896E-1));
#2836=VECTOR('',#2835,4.330127018922E-1);
#2837=CARTESIAN_POINT('',(1.52E0,0.E0,-2.29E0));
#2838=LINE('',#2837,#2836);
#2839=CURVE_STYLE('',#17,POSITIVE_LENGTH_MEASURE(2.E-2),#3);
#2840=PRESENTATION_STYLE_ASSIGNMENT((#2839));
#2841=STYLED_ITEM('',(#2840),#2838);
#2842=DIRECTION('',(7.071067811865E-1,0.E0,7.071067811865E-1));
#2843=VECTOR('',#2842,3.535533905933E-1);
#2844=CARTESIAN_POINT('',(1.52E0,-1.94E0,2.29E0));
#2845=LINE('',#2844,#2843);
#2846=CURVE_STYLE('',#17,POSITIVE_LENGTH_MEASURE(2.E-2),#3);
#2847=PRESENTATION_STYLE_ASSIGNMENT((#2846));
#2848=STYLED_ITEM('',(#2847),#2845);
#2849=DIRECTION('',(0.E0,-1.E0,0.E0));
#2850=VECTOR('',#2849,1.44E0);
#2851=CARTESIAN_POINT('',(1.27E0,-2.5E-1,2.04E0));
#2852=LINE('',#2851,#2850);
#2853=CURVE_STYLE('',#17,POSITIVE_LENGTH_MEASURE(2.E-2),#3);
#2854=PRESENTATION_STYLE_ASSIGNMENT((#2853));
#2855=STYLED_ITEM('',(#2854),#2852);
#2856=DIRECTION('',(7.071067811865E-1,0.E0,7.071067811865E-1));
#2857=VECTOR('',#2856,3.535533905933E-1);
#2858=CARTESIAN_POINT('',(1.52E0,0.E0,2.29E0));
#2859=LINE('',#2858,#2857);
#2860=CURVE_STYLE('',#17,POSITIVE_LENGTH_MEASURE(2.E-2),#3);
#2861=PRESENTATION_STYLE_ASSIGNMENT((#2860));
#2862=STYLED_ITEM('',(#2861),#2859);
#2863=DIRECTION('',(0.E0,-1.E0,0.E0));
#2864=VECTOR('',#2863,1.94E0);
#2865=CARTESIAN_POINT('',(1.77E0,0.E0,2.54E0));
#2866=LINE('',#2865,#2864);
#2867=CURVE_STYLE('',#17,POSITIVE_LENGTH_MEASURE(2.E-2),#3);
#2868=PRESENTATION_STYLE_ASSIGNMENT((#2867));
#2869=STYLED_ITEM('',(#2868),#2866);
#2870=DIRECTION('',(0.E0,0.E0,-1.E0));
#2871=VECTOR('',#2870,4.08E0);
#2872=CARTESIAN_POINT('',(1.27E0,-1.69E0,2.04E0));
#2873=LINE('',#2872,#2871);
#2874=CURVE_STYLE('',#17,POSITIVE_LENGTH_MEASURE(2.E-2),#3);
#2875=PRESENTATION_STYLE_ASSIGNMENT((#2874));
#2876=STYLED_ITEM('',(#2875),#2873);
#2877=DIRECTION('',(5.773502691896E-1,-5.773502691896E-1,5.773502691896E-1));
#2878=VECTOR('',#2877,4.330127018922E-1);
#2879=CARTESIAN_POINT('',(1.27E0,-1.69E0,2.04E0));
#2880=LINE('',#2879,#2878);
#2881=CURVE_STYLE('',#17,POSITIVE_LENGTH_MEASURE(2.E-2),#3);
#2882=PRESENTATION_STYLE_ASSIGNMENT((#2881));
#2883=STYLED_ITEM('',(#2882),#2880);
#2884=DIRECTION('',(0.E0,0.E0,-1.E0));
#2885=VECTOR('',#2884,4.58E0);
#2886=CARTESIAN_POINT('',(1.52E0,-1.94E0,2.29E0));
#2887=LINE('',#2886,#2885);
#2888=CURVE_STYLE('',#17,POSITIVE_LENGTH_MEASURE(2.E-2),#3);
#2889=PRESENTATION_STYLE_ASSIGNMENT((#2888));
#2890=STYLED_ITEM('',(#2889),#2887);
#2891=DIRECTION('',(5.773502691896E-1,-5.773502691896E-1,-5.773502691896E-1));
#2892=VECTOR('',#2891,4.330127018922E-1);
#2893=CARTESIAN_POINT('',(1.27E0,-1.69E0,-2.04E0));
#2894=LINE('',#2893,#2892);
#2895=CURVE_STYLE('',#17,POSITIVE_LENGTH_MEASURE(2.E-2),#3);
#2896=PRESENTATION_STYLE_ASSIGNMENT((#2895));
#2897=STYLED_ITEM('',(#2896),#2894);
#2898=DIRECTION('',(0.E0,-1.E0,0.E0));
#2899=VECTOR('',#2898,1.94E0);
#2900=CARTESIAN_POINT('',(2.22E0,0.E0,1.59E0));
#2901=LINE('',#2900,#2899);
#2902=CURVE_STYLE('',#17,POSITIVE_LENGTH_MEASURE(2.E-2),#3);
#2903=PRESENTATION_STYLE_ASSIGNMENT((#2902));
#2904=STYLED_ITEM('',(#2903),#2901);
#2905=DIRECTION('',(0.E0,-1.E0,0.E0));
#2906=VECTOR('',#2905,1.94E0);
#2907=CARTESIAN_POINT('',(2.22E0,0.E0,9.5E-1));
#2908=LINE('',#2907,#2906);
#2909=CURVE_STYLE('',#17,POSITIVE_LENGTH_MEASURE(2.E-2),#3);
#2910=PRESENTATION_STYLE_ASSIGNMENT((#2909));
#2911=STYLED_ITEM('',(#2910),#2908);
#2912=DIRECTION('',(0.E0,-1.E0,0.E0));
#2913=VECTOR('',#2912,1.94E0);
#2914=CARTESIAN_POINT('',(2.86E0,0.E0,9.5E-1));
#2915=LINE('',#2914,#2913);
#2916=CURVE_STYLE('',#17,POSITIVE_LENGTH_MEASURE(2.E-2),#3);
#2917=PRESENTATION_STYLE_ASSIGNMENT((#2916));
#2918=STYLED_ITEM('',(#2917),#2915);
#2919=DIRECTION('',(0.E0,-1.E0,0.E0));
#2920=VECTOR('',#2919,1.94E0);
#2921=CARTESIAN_POINT('',(2.86E0,0.E0,1.59E0));
#2922=LINE('',#2921,#2920);
#2923=CURVE_STYLE('',#17,POSITIVE_LENGTH_MEASURE(2.E-2),#3);
#2924=PRESENTATION_STYLE_ASSIGNMENT((#2923));
#2925=STYLED_ITEM('',(#2924),#2922);
#2926=DIRECTION('',(0.E0,-1.E0,0.E0));
#2927=VECTOR('',#2926,1.94E0);
#2928=CARTESIAN_POINT('',(2.86E0,0.E0,-9.5E-1));
#2929=LINE('',#2928,#2927);
#2930=CURVE_STYLE('',#17,POSITIVE_LENGTH_MEASURE(2.E-2),#3);
#2931=PRESENTATION_STYLE_ASSIGNMENT((#2930));
#2932=STYLED_ITEM('',(#2931),#2929);
#2933=DIRECTION('',(0.E0,-1.E0,0.E0));
#2934=VECTOR('',#2933,1.94E0);
#2935=CARTESIAN_POINT('',(2.22E0,0.E0,-9.5E-1));
#2936=LINE('',#2935,#2934);
#2937=CURVE_STYLE('',#17,POSITIVE_LENGTH_MEASURE(2.E-2),#3);
#2938=PRESENTATION_STYLE_ASSIGNMENT((#2937));
#2939=STYLED_ITEM('',(#2938),#2936);
#2940=DIRECTION('',(0.E0,-1.E0,0.E0));
#2941=VECTOR('',#2940,1.94E0);
#2942=CARTESIAN_POINT('',(2.22E0,0.E0,-1.59E0));
#2943=LINE('',#2942,#2941);
#2944=CURVE_STYLE('',#17,POSITIVE_LENGTH_MEASURE(2.E-2),#3);
#2945=PRESENTATION_STYLE_ASSIGNMENT((#2944));
#2946=STYLED_ITEM('',(#2945),#2943);
#2947=DIRECTION('',(0.E0,-1.E0,0.E0));
#2948=VECTOR('',#2947,1.94E0);
#2949=CARTESIAN_POINT('',(2.86E0,0.E0,-1.59E0));
#2950=LINE('',#2949,#2948);
#2951=CURVE_STYLE('',#17,POSITIVE_LENGTH_MEASURE(2.E-2),#3);
#2952=PRESENTATION_STYLE_ASSIGNMENT((#2951));
#2953=STYLED_ITEM('',(#2952),#2950);
#2954=DIRECTION('',(0.E0,-1.E0,0.E0));
#2955=VECTOR('',#2954,1.94E0);
#2956=CARTESIAN_POINT('',(4.76E0,0.E0,1.59E0));
#2957=LINE('',#2956,#2955);
#2958=CURVE_STYLE('',#17,POSITIVE_LENGTH_MEASURE(2.E-2),#3);
#2959=PRESENTATION_STYLE_ASSIGNMENT((#2958));
#2960=STYLED_ITEM('',(#2959),#2957);
#2961=DIRECTION('',(0.E0,-1.E0,0.E0));
#2962=VECTOR('',#2961,1.94E0);
#2963=CARTESIAN_POINT('',(4.76E0,0.E0,9.5E-1));
#2964=LINE('',#2963,#2962);
#2965=CURVE_STYLE('',#17,POSITIVE_LENGTH_MEASURE(2.E-2),#3);
#2966=PRESENTATION_STYLE_ASSIGNMENT((#2965));
#2967=STYLED_ITEM('',(#2966),#2964);
#2968=DIRECTION('',(0.E0,-1.E0,0.E0));
#2969=VECTOR('',#2968,1.94E0);
#2970=CARTESIAN_POINT('',(5.4E0,0.E0,9.5E-1));
#2971=LINE('',#2970,#2969);
#2972=CURVE_STYLE('',#17,POSITIVE_LENGTH_MEASURE(2.E-2),#3);
#2973=PRESENTATION_STYLE_ASSIGNMENT((#2972));
#2974=STYLED_ITEM('',(#2973),#2971);
#2975=DIRECTION('',(0.E0,-1.E0,0.E0));
#2976=VECTOR('',#2975,1.94E0);
#2977=CARTESIAN_POINT('',(5.4E0,0.E0,1.59E0));
#2978=LINE('',#2977,#2976);
#2979=CURVE_STYLE('',#17,POSITIVE_LENGTH_MEASURE(2.E-2),#3);
#2980=PRESENTATION_STYLE_ASSIGNMENT((#2979));
#2981=STYLED_ITEM('',(#2980),#2978);
#2982=DIRECTION('',(0.E0,-1.E0,0.E0));
#2983=VECTOR('',#2982,1.94E0);
#2984=CARTESIAN_POINT('',(5.4E0,0.E0,-9.5E-1));
#2985=LINE('',#2984,#2983);
#2986=CURVE_STYLE('',#17,POSITIVE_LENGTH_MEASURE(2.E-2),#3);
#2987=PRESENTATION_STYLE_ASSIGNMENT((#2986));
#2988=STYLED_ITEM('',(#2987),#2985);
#2989=DIRECTION('',(0.E0,-1.E0,0.E0));
#2990=VECTOR('',#2989,1.94E0);
#2991=CARTESIAN_POINT('',(4.76E0,0.E0,-9.5E-1));
#2992=LINE('',#2991,#2990);
#2993=CURVE_STYLE('',#17,POSITIVE_LENGTH_MEASURE(2.E-2),#3);
#2994=PRESENTATION_STYLE_ASSIGNMENT((#2993));
#2995=STYLED_ITEM('',(#2994),#2992);
#2996=DIRECTION('',(0.E0,-1.E0,0.E0));
#2997=VECTOR('',#2996,1.94E0);
#2998=CARTESIAN_POINT('',(4.76E0,0.E0,-1.59E0));
#2999=LINE('',#2998,#2997);
#3000=CURVE_STYLE('',#17,POSITIVE_LENGTH_MEASURE(2.E-2),#3);
#3001=PRESENTATION_STYLE_ASSIGNMENT((#3000));
#3002=STYLED_ITEM('',(#3001),#2999);
#3003=DIRECTION('',(0.E0,-1.E0,0.E0));
#3004=VECTOR('',#3003,1.94E0);
#3005=CARTESIAN_POINT('',(5.4E0,0.E0,-1.59E0));
#3006=LINE('',#3005,#3004);
#3007=CURVE_STYLE('',#17,POSITIVE_LENGTH_MEASURE(2.E-2),#3);
#3008=PRESENTATION_STYLE_ASSIGNMENT((#3007));
#3009=STYLED_ITEM('',(#3008),#3006);
#3010=DIRECTION('',(0.E0,-1.E0,0.E0));
#3011=VECTOR('',#3010,1.94E0);
#3012=CARTESIAN_POINT('',(7.3E0,0.E0,1.59E0));
#3013=LINE('',#3012,#3011);
#3014=CURVE_STYLE('',#17,POSITIVE_LENGTH_MEASURE(2.E-2),#3);
#3015=PRESENTATION_STYLE_ASSIGNMENT((#3014));
#3016=STYLED_ITEM('',(#3015),#3013);
#3017=DIRECTION('',(0.E0,-1.E0,0.E0));
#3018=VECTOR('',#3017,1.94E0);
#3019=CARTESIAN_POINT('',(7.3E0,0.E0,9.5E-1));
#3020=LINE('',#3019,#3018);
#3021=CURVE_STYLE('',#17,POSITIVE_LENGTH_MEASURE(2.E-2),#3);
#3022=PRESENTATION_STYLE_ASSIGNMENT((#3021));
#3023=STYLED_ITEM('',(#3022),#3020);
#3024=DIRECTION('',(0.E0,-1.E0,0.E0));
#3025=VECTOR('',#3024,1.94E0);
#3026=CARTESIAN_POINT('',(7.94E0,0.E0,9.5E-1));
#3027=LINE('',#3026,#3025);
#3028=CURVE_STYLE('',#17,POSITIVE_LENGTH_MEASURE(2.E-2),#3);
#3029=PRESENTATION_STYLE_ASSIGNMENT((#3028));
#3030=STYLED_ITEM('',(#3029),#3027);
#3031=DIRECTION('',(0.E0,-1.E0,0.E0));
#3032=VECTOR('',#3031,1.94E0);
#3033=CARTESIAN_POINT('',(7.94E0,0.E0,1.59E0));
#3034=LINE('',#3033,#3032);
#3035=CURVE_STYLE('',#17,POSITIVE_LENGTH_MEASURE(2.E-2),#3);
#3036=PRESENTATION_STYLE_ASSIGNMENT((#3035));
#3037=STYLED_ITEM('',(#3036),#3034);
#3038=DIRECTION('',(0.E0,-1.E0,0.E0));
#3039=VECTOR('',#3038,1.94E0);
#3040=CARTESIAN_POINT('',(7.94E0,0.E0,-9.5E-1));
#3041=LINE('',#3040,#3039);
#3042=CURVE_STYLE('',#17,POSITIVE_LENGTH_MEASURE(2.E-2),#3);
#3043=PRESENTATION_STYLE_ASSIGNMENT((#3042));
#3044=STYLED_ITEM('',(#3043),#3041);
#3045=DIRECTION('',(0.E0,-1.E0,0.E0));
#3046=VECTOR('',#3045,1.94E0);
#3047=CARTESIAN_POINT('',(7.3E0,0.E0,-9.5E-1));
#3048=LINE('',#3047,#3046);
#3049=CURVE_STYLE('',#17,POSITIVE_LENGTH_MEASURE(2.E-2),#3);
#3050=PRESENTATION_STYLE_ASSIGNMENT((#3049));
#3051=STYLED_ITEM('',(#3050),#3048);
#3052=DIRECTION('',(0.E0,-1.E0,0.E0));
#3053=VECTOR('',#3052,1.94E0);
#3054=CARTESIAN_POINT('',(7.3E0,0.E0,-1.59E0));
#3055=LINE('',#3054,#3053);
#3056=CURVE_STYLE('',#17,POSITIVE_LENGTH_MEASURE(2.E-2),#3);
#3057=PRESENTATION_STYLE_ASSIGNMENT((#3056));
#3058=STYLED_ITEM('',(#3057),#3055);
#3059=DIRECTION('',(0.E0,-1.E0,0.E0));
#3060=VECTOR('',#3059,1.94E0);
#3061=CARTESIAN_POINT('',(7.94E0,0.E0,-1.59E0));
#3062=LINE('',#3061,#3060);
#3063=CURVE_STYLE('',#17,POSITIVE_LENGTH_MEASURE(2.E-2),#3);
#3064=PRESENTATION_STYLE_ASSIGNMENT((#3063));
#3065=STYLED_ITEM('',(#3064),#3062);
#3066=DIRECTION('',(0.E0,-1.E0,0.E0));
#3067=VECTOR('',#3066,1.94E0);
#3068=CARTESIAN_POINT('',(9.84E0,0.E0,1.59E0));
#3069=LINE('',#3068,#3067);
#3070=CURVE_STYLE('',#17,POSITIVE_LENGTH_MEASURE(2.E-2),#3);
#3071=PRESENTATION_STYLE_ASSIGNMENT((#3070));
#3072=STYLED_ITEM('',(#3071),#3069);
#3073=DIRECTION('',(0.E0,-1.E0,0.E0));
#3074=VECTOR('',#3073,1.94E0);
#3075=CARTESIAN_POINT('',(9.84E0,0.E0,9.5E-1));
#3076=LINE('',#3075,#3074);
#3077=CURVE_STYLE('',#17,POSITIVE_LENGTH_MEASURE(2.E-2),#3);
#3078=PRESENTATION_STYLE_ASSIGNMENT((#3077));
#3079=STYLED_ITEM('',(#3078),#3076);
#3080=DIRECTION('',(0.E0,-1.E0,0.E0));
#3081=VECTOR('',#3080,1.94E0);
#3082=CARTESIAN_POINT('',(1.048E1,0.E0,9.5E-1));
#3083=LINE('',#3082,#3081);
#3084=CURVE_STYLE('',#17,POSITIVE_LENGTH_MEASURE(2.E-2),#3);
#3085=PRESENTATION_STYLE_ASSIGNMENT((#3084));
#3086=STYLED_ITEM('',(#3085),#3083);
#3087=DIRECTION('',(0.E0,-1.E0,0.E0));
#3088=VECTOR('',#3087,1.94E0);
#3089=CARTESIAN_POINT('',(1.048E1,0.E0,1.59E0));
#3090=LINE('',#3089,#3088);
#3091=CURVE_STYLE('',#17,POSITIVE_LENGTH_MEASURE(2.E-2),#3);
#3092=PRESENTATION_STYLE_ASSIGNMENT((#3091));
#3093=STYLED_ITEM('',(#3092),#3090);
#3094=DIRECTION('',(0.E0,-1.E0,0.E0));
#3095=VECTOR('',#3094,1.94E0);
#3096=CARTESIAN_POINT('',(1.048E1,0.E0,-9.5E-1));
#3097=LINE('',#3096,#3095);
#3098=CURVE_STYLE('',#17,POSITIVE_LENGTH_MEASURE(2.E-2),#3);
#3099=PRESENTATION_STYLE_ASSIGNMENT((#3098));
#3100=STYLED_ITEM('',(#3099),#3097);
#3101=DIRECTION('',(0.E0,-1.E0,0.E0));
#3102=VECTOR('',#3101,1.94E0);
#3103=CARTESIAN_POINT('',(9.84E0,0.E0,-9.5E-1));
#3104=LINE('',#3103,#3102);
#3105=CURVE_STYLE('',#17,POSITIVE_LENGTH_MEASURE(2.E-2),#3);
#3106=PRESENTATION_STYLE_ASSIGNMENT((#3105));
#3107=STYLED_ITEM('',(#3106),#3104);
#3108=DIRECTION('',(0.E0,-1.E0,0.E0));
#3109=VECTOR('',#3108,1.94E0);
#3110=CARTESIAN_POINT('',(9.84E0,0.E0,-1.59E0));
#3111=LINE('',#3110,#3109);
#3112=CURVE_STYLE('',#17,POSITIVE_LENGTH_MEASURE(2.E-2),#3);
#3113=PRESENTATION_STYLE_ASSIGNMENT((#3112));
#3114=STYLED_ITEM('',(#3113),#3111);
#3115=DIRECTION('',(0.E0,-1.E0,0.E0));
#3116=VECTOR('',#3115,1.94E0);
#3117=CARTESIAN_POINT('',(1.048E1,0.E0,-1.59E0));
#3118=LINE('',#3117,#3116);
#3119=CURVE_STYLE('',#17,POSITIVE_LENGTH_MEASURE(2.E-2),#3);
#3120=PRESENTATION_STYLE_ASSIGNMENT((#3119));
#3121=STYLED_ITEM('',(#3120),#3118);
#3122=DIRECTION('',(0.E0,-1.E0,0.E0));
#3123=VECTOR('',#3122,1.94E0);
#3124=CARTESIAN_POINT('',(1.238E1,0.E0,1.59E0));
#3125=LINE('',#3124,#3123);
#3126=CURVE_STYLE('',#17,POSITIVE_LENGTH_MEASURE(2.E-2),#3);
#3127=PRESENTATION_STYLE_ASSIGNMENT((#3126));
#3128=STYLED_ITEM('',(#3127),#3125);
#3129=DIRECTION('',(0.E0,-1.E0,0.E0));
#3130=VECTOR('',#3129,1.94E0);
#3131=CARTESIAN_POINT('',(1.238E1,0.E0,9.5E-1));
#3132=LINE('',#3131,#3130);
#3133=CURVE_STYLE('',#17,POSITIVE_LENGTH_MEASURE(2.E-2),#3);
#3134=PRESENTATION_STYLE_ASSIGNMENT((#3133));
#3135=STYLED_ITEM('',(#3134),#3132);
#3136=DIRECTION('',(0.E0,-1.E0,0.E0));
#3137=VECTOR('',#3136,1.94E0);
#3138=CARTESIAN_POINT('',(1.302E1,0.E0,9.5E-1));
#3139=LINE('',#3138,#3137);
#3140=CURVE_STYLE('',#17,POSITIVE_LENGTH_MEASURE(2.E-2),#3);
#3141=PRESENTATION_STYLE_ASSIGNMENT((#3140));
#3142=STYLED_ITEM('',(#3141),#3139);
#3143=DIRECTION('',(0.E0,-1.E0,0.E0));
#3144=VECTOR('',#3143,1.94E0);
#3145=CARTESIAN_POINT('',(1.302E1,0.E0,1.59E0));
#3146=LINE('',#3145,#3144);
#3147=CURVE_STYLE('',#17,POSITIVE_LENGTH_MEASURE(2.E-2),#3);
#3148=PRESENTATION_STYLE_ASSIGNMENT((#3147));
#3149=STYLED_ITEM('',(#3148),#3146);
#3150=DIRECTION('',(0.E0,-1.E0,0.E0));
#3151=VECTOR('',#3150,1.94E0);
#3152=CARTESIAN_POINT('',(1.302E1,0.E0,-9.5E-1));
#3153=LINE('',#3152,#3151);
#3154=CURVE_STYLE('',#17,POSITIVE_LENGTH_MEASURE(2.E-2),#3);
#3155=PRESENTATION_STYLE_ASSIGNMENT((#3154));
#3156=STYLED_ITEM('',(#3155),#3153);
#3157=DIRECTION('',(0.E0,-1.E0,0.E0));
#3158=VECTOR('',#3157,1.94E0);
#3159=CARTESIAN_POINT('',(1.238E1,0.E0,-9.5E-1));
#3160=LINE('',#3159,#3158);
#3161=CURVE_STYLE('',#17,POSITIVE_LENGTH_MEASURE(2.E-2),#3);
#3162=PRESENTATION_STYLE_ASSIGNMENT((#3161));
#3163=STYLED_ITEM('',(#3162),#3160);
#3164=DIRECTION('',(0.E0,-1.E0,0.E0));
#3165=VECTOR('',#3164,1.94E0);
#3166=CARTESIAN_POINT('',(1.238E1,0.E0,-1.59E0));
#3167=LINE('',#3166,#3165);
#3168=CURVE_STYLE('',#17,POSITIVE_LENGTH_MEASURE(2.E-2),#3);
#3169=PRESENTATION_STYLE_ASSIGNMENT((#3168));
#3170=STYLED_ITEM('',(#3169),#3167);
#3171=DIRECTION('',(0.E0,-1.E0,0.E0));
#3172=VECTOR('',#3171,1.94E0);
#3173=CARTESIAN_POINT('',(1.302E1,0.E0,-1.59E0));
#3174=LINE('',#3173,#3172);
#3175=CURVE_STYLE('',#17,POSITIVE_LENGTH_MEASURE(2.E-2),#3);
#3176=PRESENTATION_STYLE_ASSIGNMENT((#3175));
#3177=STYLED_ITEM('',(#3176),#3174);
#3178=DIRECTION('',(0.E0,-1.E0,0.E0));
#3179=VECTOR('',#3178,1.94E0);
#3180=CARTESIAN_POINT('',(1.492E1,0.E0,1.59E0));
#3181=LINE('',#3180,#3179);
#3182=CURVE_STYLE('',#17,POSITIVE_LENGTH_MEASURE(2.E-2),#3);
#3183=PRESENTATION_STYLE_ASSIGNMENT((#3182));
#3184=STYLED_ITEM('',(#3183),#3181);
#3185=DIRECTION('',(0.E0,-1.E0,0.E0));
#3186=VECTOR('',#3185,1.94E0);
#3187=CARTESIAN_POINT('',(1.492E1,0.E0,9.5E-1));
#3188=LINE('',#3187,#3186);
#3189=CURVE_STYLE('',#17,POSITIVE_LENGTH_MEASURE(2.E-2),#3);
#3190=PRESENTATION_STYLE_ASSIGNMENT((#3189));
#3191=STYLED_ITEM('',(#3190),#3188);
#3192=DIRECTION('',(0.E0,-1.E0,0.E0));
#3193=VECTOR('',#3192,1.94E0);
#3194=CARTESIAN_POINT('',(1.556E1,0.E0,9.5E-1));
#3195=LINE('',#3194,#3193);
#3196=CURVE_STYLE('',#17,POSITIVE_LENGTH_MEASURE(2.E-2),#3);
#3197=PRESENTATION_STYLE_ASSIGNMENT((#3196));
#3198=STYLED_ITEM('',(#3197),#3195);
#3199=DIRECTION('',(0.E0,-1.E0,0.E0));
#3200=VECTOR('',#3199,1.94E0);
#3201=CARTESIAN_POINT('',(1.556E1,0.E0,1.59E0));
#3202=LINE('',#3201,#3200);
#3203=CURVE_STYLE('',#17,POSITIVE_LENGTH_MEASURE(2.E-2),#3);
#3204=PRESENTATION_STYLE_ASSIGNMENT((#3203));
#3205=STYLED_ITEM('',(#3204),#3202);
#3206=DIRECTION('',(0.E0,-1.E0,0.E0));
#3207=VECTOR('',#3206,1.94E0);
#3208=CARTESIAN_POINT('',(1.556E1,0.E0,-9.5E-1));
#3209=LINE('',#3208,#3207);
#3210=CURVE_STYLE('',#17,POSITIVE_LENGTH_MEASURE(2.E-2),#3);
#3211=PRESENTATION_STYLE_ASSIGNMENT((#3210));
#3212=STYLED_ITEM('',(#3211),#3209);
#3213=DIRECTION('',(0.E0,-1.E0,0.E0));
#3214=VECTOR('',#3213,1.94E0);
#3215=CARTESIAN_POINT('',(1.492E1,0.E0,-9.5E-1));
#3216=LINE('',#3215,#3214);
#3217=CURVE_STYLE('',#17,POSITIVE_LENGTH_MEASURE(2.E-2),#3);
#3218=PRESENTATION_STYLE_ASSIGNMENT((#3217));
#3219=STYLED_ITEM('',(#3218),#3216);
#3220=DIRECTION('',(0.E0,-1.E0,0.E0));
#3221=VECTOR('',#3220,1.94E0);
#3222=CARTESIAN_POINT('',(1.492E1,0.E0,-1.59E0));
#3223=LINE('',#3222,#3221);
#3224=CURVE_STYLE('',#17,POSITIVE_LENGTH_MEASURE(2.E-2),#3);
#3225=PRESENTATION_STYLE_ASSIGNMENT((#3224));
#3226=STYLED_ITEM('',(#3225),#3223);
#3227=DIRECTION('',(0.E0,-1.E0,0.E0));
#3228=VECTOR('',#3227,1.94E0);
#3229=CARTESIAN_POINT('',(1.556E1,0.E0,-1.59E0));
#3230=LINE('',#3229,#3228);
#3231=CURVE_STYLE('',#17,POSITIVE_LENGTH_MEASURE(2.E-2),#3);
#3232=PRESENTATION_STYLE_ASSIGNMENT((#3231));
#3233=STYLED_ITEM('',(#3232),#3230);
#3234=CARTESIAN_POINT('',(1.77E0,0.E0,-2.54E0));
#3235=CARTESIAN_POINT('',(3.31E0,0.E0,-2.54E0));
#3236=VERTEX_POINT('',#3234);
#3237=VERTEX_POINT('',#3235);
#3238=CARTESIAN_POINT('',(3.31E0,0.E0,2.54E0));
#3239=CARTESIAN_POINT('',(1.77E0,0.E0,2.54E0));
#3240=VERTEX_POINT('',#3238);
#3241=VERTEX_POINT('',#3239);
#3242=CARTESIAN_POINT('',(3.31E0,-1.94E0,2.04E0));
#3243=CARTESIAN_POINT('',(1.77E0,-1.94E0,2.04E0));
#3244=VERTEX_POINT('',#3242);
#3245=VERTEX_POINT('',#3243);
#3246=CARTESIAN_POINT('',(1.77E0,-1.94E0,-2.04E0));
#3247=CARTESIAN_POINT('',(3.31E0,-1.94E0,-2.04E0));
#3248=VERTEX_POINT('',#3246);
#3249=VERTEX_POINT('',#3247);
#3250=CARTESIAN_POINT('',(3.31E0,-2.54E0,2.54E0));
#3251=CARTESIAN_POINT('',(3.31E0,-2.54E0,2.04E0));
#3252=VERTEX_POINT('',#3250);
#3253=VERTEX_POINT('',#3251);
#3254=CARTESIAN_POINT('',(1.77E0,-2.54E0,2.04E0));
#3255=VERTEX_POINT('',#3254);
#3256=CARTESIAN_POINT('',(1.77E0,-2.54E0,2.54E0));
#3257=VERTEX_POINT('',#3256);
#3258=CARTESIAN_POINT('',(1.77E0,-2.54E0,-2.54E0));
#3259=CARTESIAN_POINT('',(1.77E0,-2.54E0,-2.04E0));
#3260=VERTEX_POINT('',#3258);
#3261=VERTEX_POINT('',#3259);
#3262=CARTESIAN_POINT('',(3.31E0,-2.54E0,-2.04E0));
#3263=VERTEX_POINT('',#3262);
#3264=CARTESIAN_POINT('',(3.31E0,-2.54E0,-2.54E0));
#3265=VERTEX_POINT('',#3264);
#3266=CARTESIAN_POINT('',(3.31E0,-1.94E0,2.54E0));
#3267=VERTEX_POINT('',#3266);
#3268=CARTESIAN_POINT('',(1.77E0,-1.94E0,2.54E0));
#3269=VERTEX_POINT('',#3268);
#3270=CARTESIAN_POINT('',(1.77E0,-1.94E0,-2.54E0));
#3271=VERTEX_POINT('',#3270);
#3272=CARTESIAN_POINT('',(3.31E0,-1.94E0,-2.54E0));
#3273=VERTEX_POINT('',#3272);
#3274=CARTESIAN_POINT('',(3.56E0,0.E0,-2.29E0));
#3275=CARTESIAN_POINT('',(3.56E0,0.E0,2.29E0));
#3276=VERTEX_POINT('',#3274);
#3277=VERTEX_POINT('',#3275);
#3278=CARTESIAN_POINT('',(3.56E0,-1.94E0,-2.29E0));
#3279=CARTESIAN_POINT('',(3.56E0,-1.94E0,2.29E0));
#3280=VERTEX_POINT('',#3278);
#3281=VERTEX_POINT('',#3279);
#3282=CARTESIAN_POINT('',(1.52E0,0.E0,2.29E0));
#3283=CARTESIAN_POINT('',(1.52E0,0.E0,-2.29E0));
#3284=VERTEX_POINT('',#3282);
#3285=VERTEX_POINT('',#3283);
#3286=CARTESIAN_POINT('',(1.27E0,-2.5E-1,2.04E0));
#3287=CARTESIAN_POINT('',(1.27E0,-2.5E-1,-2.04E0));
#3288=VERTEX_POINT('',#3286);
#3289=VERTEX_POINT('',#3287);
#3290=CARTESIAN_POINT('',(1.27E0,-1.69E0,2.04E0));
#3291=CARTESIAN_POINT('',(1.27E0,-1.69E0,-2.04E0));
#3292=VERTEX_POINT('',#3290);
#3293=VERTEX_POINT('',#3291);
#3294=CARTESIAN_POINT('',(1.52E0,-1.94E0,2.29E0));
#3295=CARTESIAN_POINT('',(1.52E0,-1.94E0,-2.29E0));
#3296=VERTEX_POINT('',#3294);
#3297=VERTEX_POINT('',#3295);
#3298=CARTESIAN_POINT('',(2.22E0,0.E0,1.59E0));
#3299=CARTESIAN_POINT('',(2.86E0,0.E0,1.59E0));
#3300=VERTEX_POINT('',#3298);
#3301=VERTEX_POINT('',#3299);
#3302=CARTESIAN_POINT('',(2.86E0,0.E0,9.5E-1));
#3303=VERTEX_POINT('',#3302);
#3304=CARTESIAN_POINT('',(2.22E0,0.E0,9.5E-1));
#3305=VERTEX_POINT('',#3304);
#3306=CARTESIAN_POINT('',(2.86E0,0.E0,-9.5E-1));
#3307=CARTESIAN_POINT('',(2.86E0,0.E0,-1.59E0));
#3308=VERTEX_POINT('',#3306);
#3309=VERTEX_POINT('',#3307);
#3310=CARTESIAN_POINT('',(2.22E0,0.E0,-1.59E0));
#3311=VERTEX_POINT('',#3310);
#3312=CARTESIAN_POINT('',(2.22E0,0.E0,-9.5E-1));
#3313=VERTEX_POINT('',#3312);
#3314=CARTESIAN_POINT('',(2.22E0,-1.94E0,1.59E0));
#3315=CARTESIAN_POINT('',(2.86E0,-1.94E0,1.59E0));
#3316=VERTEX_POINT('',#3314);
#3317=VERTEX_POINT('',#3315);
#3318=CARTESIAN_POINT('',(2.86E0,-1.94E0,9.5E-1));
#3319=VERTEX_POINT('',#3318);
#3320=CARTESIAN_POINT('',(2.22E0,-1.94E0,9.5E-1));
#3321=VERTEX_POINT('',#3320);
#3322=CARTESIAN_POINT('',(2.86E0,-1.94E0,-9.5E-1));
#3323=CARTESIAN_POINT('',(2.86E0,-1.94E0,-1.59E0));
#3324=VERTEX_POINT('',#3322);
#3325=VERTEX_POINT('',#3323);
#3326=CARTESIAN_POINT('',(2.22E0,-1.94E0,-1.59E0));
#3327=VERTEX_POINT('',#3326);
#3328=CARTESIAN_POINT('',(2.22E0,-1.94E0,-9.5E-1));
#3329=VERTEX_POINT('',#3328);
#3330=CARTESIAN_POINT('',(3.81E0,-2.5E-1,-2.04E0));
#3331=VERTEX_POINT('',#3330);
#3332=CARTESIAN_POINT('',(3.81E0,-2.5E-1,2.04E0));
#3333=VERTEX_POINT('',#3332);
#3334=CARTESIAN_POINT('',(3.81E0,-1.69E0,-2.04E0));
#3335=VERTEX_POINT('',#3334);
#3336=CARTESIAN_POINT('',(3.81E0,-1.69E0,2.04E0));
#3337=VERTEX_POINT('',#3336);
#3338=CARTESIAN_POINT('',(4.31E0,0.E0,-2.54E0));
#3339=CARTESIAN_POINT('',(5.85E0,0.E0,-2.54E0));
#3340=VERTEX_POINT('',#3338);
#3341=VERTEX_POINT('',#3339);
#3342=CARTESIAN_POINT('',(5.85E0,0.E0,2.54E0));
#3343=CARTESIAN_POINT('',(4.31E0,0.E0,2.54E0));
#3344=VERTEX_POINT('',#3342);
#3345=VERTEX_POINT('',#3343);
#3346=CARTESIAN_POINT('',(5.85E0,-1.94E0,2.04E0));
#3347=CARTESIAN_POINT('',(4.31E0,-1.94E0,2.04E0));
#3348=VERTEX_POINT('',#3346);
#3349=VERTEX_POINT('',#3347);
#3350=CARTESIAN_POINT('',(4.31E0,-1.94E0,-2.04E0));
#3351=CARTESIAN_POINT('',(5.85E0,-1.94E0,-2.04E0));
#3352=VERTEX_POINT('',#3350);
#3353=VERTEX_POINT('',#3351);
#3354=CARTESIAN_POINT('',(5.85E0,-2.54E0,2.54E0));
#3355=CARTESIAN_POINT('',(5.85E0,-2.54E0,2.04E0));
#3356=VERTEX_POINT('',#3354);
#3357=VERTEX_POINT('',#3355);
#3358=CARTESIAN_POINT('',(4.31E0,-2.54E0,2.04E0));
#3359=VERTEX_POINT('',#3358);
#3360=CARTESIAN_POINT('',(4.31E0,-2.54E0,2.54E0));
#3361=VERTEX_POINT('',#3360);
#3362=CARTESIAN_POINT('',(4.31E0,-2.54E0,-2.54E0));
#3363=CARTESIAN_POINT('',(4.31E0,-2.54E0,-2.04E0));
#3364=VERTEX_POINT('',#3362);
#3365=VERTEX_POINT('',#3363);
#3366=CARTESIAN_POINT('',(5.85E0,-2.54E0,-2.04E0));
#3367=VERTEX_POINT('',#3366);
#3368=CARTESIAN_POINT('',(5.85E0,-2.54E0,-2.54E0));
#3369=VERTEX_POINT('',#3368);
#3370=CARTESIAN_POINT('',(5.85E0,-1.94E0,2.54E0));
#3371=VERTEX_POINT('',#3370);
#3372=CARTESIAN_POINT('',(4.31E0,-1.94E0,2.54E0));
#3373=VERTEX_POINT('',#3372);
#3374=CARTESIAN_POINT('',(4.31E0,-1.94E0,-2.54E0));
#3375=VERTEX_POINT('',#3374);
#3376=CARTESIAN_POINT('',(5.85E0,-1.94E0,-2.54E0));
#3377=VERTEX_POINT('',#3376);
#3378=CARTESIAN_POINT('',(6.1E0,0.E0,-2.29E0));
#3379=CARTESIAN_POINT('',(6.1E0,0.E0,2.29E0));
#3380=VERTEX_POINT('',#3378);
#3381=VERTEX_POINT('',#3379);
#3382=CARTESIAN_POINT('',(6.1E0,-1.94E0,-2.29E0));
#3383=CARTESIAN_POINT('',(6.1E0,-1.94E0,2.29E0));
#3384=VERTEX_POINT('',#3382);
#3385=VERTEX_POINT('',#3383);
#3386=CARTESIAN_POINT('',(4.06E0,0.E0,2.29E0));
#3387=CARTESIAN_POINT('',(4.06E0,0.E0,-2.29E0));
#3388=VERTEX_POINT('',#3386);
#3389=VERTEX_POINT('',#3387);
#3390=CARTESIAN_POINT('',(4.06E0,-1.94E0,2.29E0));
#3391=CARTESIAN_POINT('',(4.06E0,-1.94E0,-2.29E0));
#3392=VERTEX_POINT('',#3390);
#3393=VERTEX_POINT('',#3391);
#3394=CARTESIAN_POINT('',(4.76E0,0.E0,1.59E0));
#3395=CARTESIAN_POINT('',(5.4E0,0.E0,1.59E0));
#3396=VERTEX_POINT('',#3394);
#3397=VERTEX_POINT('',#3395);
#3398=CARTESIAN_POINT('',(5.4E0,0.E0,9.5E-1));
#3399=VERTEX_POINT('',#3398);
#3400=CARTESIAN_POINT('',(4.76E0,0.E0,9.5E-1));
#3401=VERTEX_POINT('',#3400);
#3402=CARTESIAN_POINT('',(5.4E0,0.E0,-9.5E-1));
#3403=CARTESIAN_POINT('',(5.4E0,0.E0,-1.59E0));
#3404=VERTEX_POINT('',#3402);
#3405=VERTEX_POINT('',#3403);
#3406=CARTESIAN_POINT('',(4.76E0,0.E0,-1.59E0));
#3407=VERTEX_POINT('',#3406);
#3408=CARTESIAN_POINT('',(4.76E0,0.E0,-9.5E-1));
#3409=VERTEX_POINT('',#3408);
#3410=CARTESIAN_POINT('',(4.76E0,-1.94E0,1.59E0));
#3411=CARTESIAN_POINT('',(5.4E0,-1.94E0,1.59E0));
#3412=VERTEX_POINT('',#3410);
#3413=VERTEX_POINT('',#3411);
#3414=CARTESIAN_POINT('',(5.4E0,-1.94E0,9.5E-1));
#3415=VERTEX_POINT('',#3414);
#3416=CARTESIAN_POINT('',(4.76E0,-1.94E0,9.5E-1));
#3417=VERTEX_POINT('',#3416);
#3418=CARTESIAN_POINT('',(5.4E0,-1.94E0,-9.5E-1));
#3419=CARTESIAN_POINT('',(5.4E0,-1.94E0,-1.59E0));
#3420=VERTEX_POINT('',#3418);
#3421=VERTEX_POINT('',#3419);
#3422=CARTESIAN_POINT('',(4.76E0,-1.94E0,-1.59E0));
#3423=VERTEX_POINT('',#3422);
#3424=CARTESIAN_POINT('',(4.76E0,-1.94E0,-9.5E-1));
#3425=VERTEX_POINT('',#3424);
#3426=CARTESIAN_POINT('',(6.35E0,-2.5E-1,-2.04E0));
#3427=VERTEX_POINT('',#3426);
#3428=CARTESIAN_POINT('',(6.35E0,-2.5E-1,2.04E0));
#3429=VERTEX_POINT('',#3428);
#3430=CARTESIAN_POINT('',(6.35E0,-1.69E0,-2.04E0));
#3431=VERTEX_POINT('',#3430);
#3432=CARTESIAN_POINT('',(6.35E0,-1.69E0,2.04E0));
#3433=VERTEX_POINT('',#3432);
#3434=CARTESIAN_POINT('',(6.85E0,0.E0,-2.54E0));
#3435=CARTESIAN_POINT('',(8.39E0,0.E0,-2.54E0));
#3436=VERTEX_POINT('',#3434);
#3437=VERTEX_POINT('',#3435);
#3438=CARTESIAN_POINT('',(8.39E0,0.E0,2.54E0));
#3439=CARTESIAN_POINT('',(6.85E0,0.E0,2.54E0));
#3440=VERTEX_POINT('',#3438);
#3441=VERTEX_POINT('',#3439);
#3442=CARTESIAN_POINT('',(8.39E0,-1.94E0,2.04E0));
#3443=CARTESIAN_POINT('',(6.85E0,-1.94E0,2.04E0));
#3444=VERTEX_POINT('',#3442);
#3445=VERTEX_POINT('',#3443);
#3446=CARTESIAN_POINT('',(6.85E0,-1.94E0,-2.04E0));
#3447=CARTESIAN_POINT('',(8.39E0,-1.94E0,-2.04E0));
#3448=VERTEX_POINT('',#3446);
#3449=VERTEX_POINT('',#3447);
#3450=CARTESIAN_POINT('',(8.39E0,-2.54E0,2.54E0));
#3451=CARTESIAN_POINT('',(8.39E0,-2.54E0,2.04E0));
#3452=VERTEX_POINT('',#3450);
#3453=VERTEX_POINT('',#3451);
#3454=CARTESIAN_POINT('',(6.85E0,-2.54E0,2.04E0));
#3455=VERTEX_POINT('',#3454);
#3456=CARTESIAN_POINT('',(6.85E0,-2.54E0,2.54E0));
#3457=VERTEX_POINT('',#3456);
#3458=CARTESIAN_POINT('',(6.85E0,-2.54E0,-2.54E0));
#3459=CARTESIAN_POINT('',(6.85E0,-2.54E0,-2.04E0));
#3460=VERTEX_POINT('',#3458);
#3461=VERTEX_POINT('',#3459);
#3462=CARTESIAN_POINT('',(8.39E0,-2.54E0,-2.04E0));
#3463=VERTEX_POINT('',#3462);
#3464=CARTESIAN_POINT('',(8.39E0,-2.54E0,-2.54E0));
#3465=VERTEX_POINT('',#3464);
#3466=CARTESIAN_POINT('',(8.39E0,-1.94E0,2.54E0));
#3467=VERTEX_POINT('',#3466);
#3468=CARTESIAN_POINT('',(6.85E0,-1.94E0,2.54E0));
#3469=VERTEX_POINT('',#3468);
#3470=CARTESIAN_POINT('',(6.85E0,-1.94E0,-2.54E0));
#3471=VERTEX_POINT('',#3470);
#3472=CARTESIAN_POINT('',(8.39E0,-1.94E0,-2.54E0));
#3473=VERTEX_POINT('',#3472);
#3474=CARTESIAN_POINT('',(8.64E0,0.E0,-2.29E0));
#3475=CARTESIAN_POINT('',(8.64E0,0.E0,2.29E0));
#3476=VERTEX_POINT('',#3474);
#3477=VERTEX_POINT('',#3475);
#3478=CARTESIAN_POINT('',(8.64E0,-1.94E0,-2.29E0));
#3479=CARTESIAN_POINT('',(8.64E0,-1.94E0,2.29E0));
#3480=VERTEX_POINT('',#3478);
#3481=VERTEX_POINT('',#3479);
#3482=CARTESIAN_POINT('',(6.6E0,0.E0,2.29E0));
#3483=CARTESIAN_POINT('',(6.6E0,0.E0,-2.29E0));
#3484=VERTEX_POINT('',#3482);
#3485=VERTEX_POINT('',#3483);
#3486=CARTESIAN_POINT('',(6.6E0,-1.94E0,2.29E0));
#3487=CARTESIAN_POINT('',(6.6E0,-1.94E0,-2.29E0));
#3488=VERTEX_POINT('',#3486);
#3489=VERTEX_POINT('',#3487);
#3490=CARTESIAN_POINT('',(7.3E0,0.E0,1.59E0));
#3491=CARTESIAN_POINT('',(7.94E0,0.E0,1.59E0));
#3492=VERTEX_POINT('',#3490);
#3493=VERTEX_POINT('',#3491);
#3494=CARTESIAN_POINT('',(7.94E0,0.E0,9.5E-1));
#3495=VERTEX_POINT('',#3494);
#3496=CARTESIAN_POINT('',(7.3E0,0.E0,9.5E-1));
#3497=VERTEX_POINT('',#3496);
#3498=CARTESIAN_POINT('',(7.94E0,0.E0,-9.5E-1));
#3499=CARTESIAN_POINT('',(7.94E0,0.E0,-1.59E0));
#3500=VERTEX_POINT('',#3498);
#3501=VERTEX_POINT('',#3499);
#3502=CARTESIAN_POINT('',(7.3E0,0.E0,-1.59E0));
#3503=VERTEX_POINT('',#3502);
#3504=CARTESIAN_POINT('',(7.3E0,0.E0,-9.5E-1));
#3505=VERTEX_POINT('',#3504);
#3506=CARTESIAN_POINT('',(7.3E0,-1.94E0,1.59E0));
#3507=CARTESIAN_POINT('',(7.94E0,-1.94E0,1.59E0));
#3508=VERTEX_POINT('',#3506);
#3509=VERTEX_POINT('',#3507);
#3510=CARTESIAN_POINT('',(7.94E0,-1.94E0,9.5E-1));
#3511=VERTEX_POINT('',#3510);
#3512=CARTESIAN_POINT('',(7.3E0,-1.94E0,9.5E-1));
#3513=VERTEX_POINT('',#3512);
#3514=CARTESIAN_POINT('',(7.94E0,-1.94E0,-9.5E-1));
#3515=CARTESIAN_POINT('',(7.94E0,-1.94E0,-1.59E0));
#3516=VERTEX_POINT('',#3514);
#3517=VERTEX_POINT('',#3515);
#3518=CARTESIAN_POINT('',(7.3E0,-1.94E0,-1.59E0));
#3519=VERTEX_POINT('',#3518);
#3520=CARTESIAN_POINT('',(7.3E0,-1.94E0,-9.5E-1));
#3521=VERTEX_POINT('',#3520);
#3522=CARTESIAN_POINT('',(8.89E0,-2.5E-1,-2.04E0));
#3523=VERTEX_POINT('',#3522);
#3524=CARTESIAN_POINT('',(8.89E0,-2.5E-1,2.04E0));
#3525=VERTEX_POINT('',#3524);
#3526=CARTESIAN_POINT('',(8.89E0,-1.69E0,-2.04E0));
#3527=VERTEX_POINT('',#3526);
#3528=CARTESIAN_POINT('',(8.89E0,-1.69E0,2.04E0));
#3529=VERTEX_POINT('',#3528);
#3530=CARTESIAN_POINT('',(9.39E0,0.E0,-2.54E0));
#3531=CARTESIAN_POINT('',(1.093E1,0.E0,-2.54E0));
#3532=VERTEX_POINT('',#3530);
#3533=VERTEX_POINT('',#3531);
#3534=CARTESIAN_POINT('',(1.093E1,0.E0,2.54E0));
#3535=CARTESIAN_POINT('',(9.39E0,0.E0,2.54E0));
#3536=VERTEX_POINT('',#3534);
#3537=VERTEX_POINT('',#3535);
#3538=CARTESIAN_POINT('',(1.093E1,-1.94E0,2.04E0));
#3539=CARTESIAN_POINT('',(9.39E0,-1.94E0,2.04E0));
#3540=VERTEX_POINT('',#3538);
#3541=VERTEX_POINT('',#3539);
#3542=CARTESIAN_POINT('',(9.39E0,-1.94E0,-2.04E0));
#3543=CARTESIAN_POINT('',(1.093E1,-1.94E0,-2.04E0));
#3544=VERTEX_POINT('',#3542);
#3545=VERTEX_POINT('',#3543);
#3546=CARTESIAN_POINT('',(1.093E1,-2.54E0,2.54E0));
#3547=CARTESIAN_POINT('',(1.093E1,-2.54E0,2.04E0));
#3548=VERTEX_POINT('',#3546);
#3549=VERTEX_POINT('',#3547);
#3550=CARTESIAN_POINT('',(9.39E0,-2.54E0,2.04E0));
#3551=VERTEX_POINT('',#3550);
#3552=CARTESIAN_POINT('',(9.39E0,-2.54E0,2.54E0));
#3553=VERTEX_POINT('',#3552);
#3554=CARTESIAN_POINT('',(9.39E0,-2.54E0,-2.54E0));
#3555=CARTESIAN_POINT('',(9.39E0,-2.54E0,-2.04E0));
#3556=VERTEX_POINT('',#3554);
#3557=VERTEX_POINT('',#3555);
#3558=CARTESIAN_POINT('',(1.093E1,-2.54E0,-2.04E0));
#3559=VERTEX_POINT('',#3558);
#3560=CARTESIAN_POINT('',(1.093E1,-2.54E0,-2.54E0));
#3561=VERTEX_POINT('',#3560);
#3562=CARTESIAN_POINT('',(1.093E1,-1.94E0,2.54E0));
#3563=VERTEX_POINT('',#3562);
#3564=CARTESIAN_POINT('',(9.39E0,-1.94E0,2.54E0));
#3565=VERTEX_POINT('',#3564);
#3566=CARTESIAN_POINT('',(9.39E0,-1.94E0,-2.54E0));
#3567=VERTEX_POINT('',#3566);
#3568=CARTESIAN_POINT('',(1.093E1,-1.94E0,-2.54E0));
#3569=VERTEX_POINT('',#3568);
#3570=CARTESIAN_POINT('',(1.118E1,0.E0,-2.29E0));
#3571=CARTESIAN_POINT('',(1.118E1,0.E0,2.29E0));
#3572=VERTEX_POINT('',#3570);
#3573=VERTEX_POINT('',#3571);
#3574=CARTESIAN_POINT('',(1.118E1,-1.94E0,-2.29E0));
#3575=CARTESIAN_POINT('',(1.118E1,-1.94E0,2.29E0));
#3576=VERTEX_POINT('',#3574);
#3577=VERTEX_POINT('',#3575);
#3578=CARTESIAN_POINT('',(9.14E0,0.E0,2.29E0));
#3579=CARTESIAN_POINT('',(9.14E0,0.E0,-2.29E0));
#3580=VERTEX_POINT('',#3578);
#3581=VERTEX_POINT('',#3579);
#3582=CARTESIAN_POINT('',(9.14E0,-1.94E0,2.29E0));
#3583=CARTESIAN_POINT('',(9.14E0,-1.94E0,-2.29E0));
#3584=VERTEX_POINT('',#3582);
#3585=VERTEX_POINT('',#3583);
#3586=CARTESIAN_POINT('',(9.84E0,0.E0,1.59E0));
#3587=CARTESIAN_POINT('',(1.048E1,0.E0,1.59E0));
#3588=VERTEX_POINT('',#3586);
#3589=VERTEX_POINT('',#3587);
#3590=CARTESIAN_POINT('',(1.048E1,0.E0,9.5E-1));
#3591=VERTEX_POINT('',#3590);
#3592=CARTESIAN_POINT('',(9.84E0,0.E0,9.5E-1));
#3593=VERTEX_POINT('',#3592);
#3594=CARTESIAN_POINT('',(1.048E1,0.E0,-9.5E-1));
#3595=CARTESIAN_POINT('',(1.048E1,0.E0,-1.59E0));
#3596=VERTEX_POINT('',#3594);
#3597=VERTEX_POINT('',#3595);
#3598=CARTESIAN_POINT('',(9.84E0,0.E0,-1.59E0));
#3599=VERTEX_POINT('',#3598);
#3600=CARTESIAN_POINT('',(9.84E0,0.E0,-9.5E-1));
#3601=VERTEX_POINT('',#3600);
#3602=CARTESIAN_POINT('',(9.84E0,-1.94E0,1.59E0));
#3603=CARTESIAN_POINT('',(1.048E1,-1.94E0,1.59E0));
#3604=VERTEX_POINT('',#3602);
#3605=VERTEX_POINT('',#3603);
#3606=CARTESIAN_POINT('',(1.048E1,-1.94E0,9.5E-1));
#3607=VERTEX_POINT('',#3606);
#3608=CARTESIAN_POINT('',(9.84E0,-1.94E0,9.5E-1));
#3609=VERTEX_POINT('',#3608);
#3610=CARTESIAN_POINT('',(1.048E1,-1.94E0,-9.5E-1));
#3611=CARTESIAN_POINT('',(1.048E1,-1.94E0,-1.59E0));
#3612=VERTEX_POINT('',#3610);
#3613=VERTEX_POINT('',#3611);
#3614=CARTESIAN_POINT('',(9.84E0,-1.94E0,-1.59E0));
#3615=VERTEX_POINT('',#3614);
#3616=CARTESIAN_POINT('',(9.84E0,-1.94E0,-9.5E-1));
#3617=VERTEX_POINT('',#3616);
#3618=CARTESIAN_POINT('',(1.143E1,-2.5E-1,-2.04E0));
#3619=VERTEX_POINT('',#3618);
#3620=CARTESIAN_POINT('',(1.143E1,-2.5E-1,2.04E0));
#3621=VERTEX_POINT('',#3620);
#3622=CARTESIAN_POINT('',(1.143E1,-1.69E0,-2.04E0));
#3623=VERTEX_POINT('',#3622);
#3624=CARTESIAN_POINT('',(1.143E1,-1.69E0,2.04E0));
#3625=VERTEX_POINT('',#3624);
#3626=CARTESIAN_POINT('',(1.193E1,0.E0,-2.54E0));
#3627=CARTESIAN_POINT('',(1.347E1,0.E0,-2.54E0));
#3628=VERTEX_POINT('',#3626);
#3629=VERTEX_POINT('',#3627);
#3630=CARTESIAN_POINT('',(1.347E1,0.E0,2.54E0));
#3631=CARTESIAN_POINT('',(1.193E1,0.E0,2.54E0));
#3632=VERTEX_POINT('',#3630);
#3633=VERTEX_POINT('',#3631);
#3634=CARTESIAN_POINT('',(1.347E1,-1.94E0,2.04E0));
#3635=CARTESIAN_POINT('',(1.193E1,-1.94E0,2.04E0));
#3636=VERTEX_POINT('',#3634);
#3637=VERTEX_POINT('',#3635);
#3638=CARTESIAN_POINT('',(1.193E1,-1.94E0,-2.04E0));
#3639=CARTESIAN_POINT('',(1.347E1,-1.94E0,-2.04E0));
#3640=VERTEX_POINT('',#3638);
#3641=VERTEX_POINT('',#3639);
#3642=CARTESIAN_POINT('',(1.347E1,-2.54E0,2.54E0));
#3643=CARTESIAN_POINT('',(1.347E1,-2.54E0,2.04E0));
#3644=VERTEX_POINT('',#3642);
#3645=VERTEX_POINT('',#3643);
#3646=CARTESIAN_POINT('',(1.193E1,-2.54E0,2.04E0));
#3647=VERTEX_POINT('',#3646);
#3648=CARTESIAN_POINT('',(1.193E1,-2.54E0,2.54E0));
#3649=VERTEX_POINT('',#3648);
#3650=CARTESIAN_POINT('',(1.193E1,-2.54E0,-2.54E0));
#3651=CARTESIAN_POINT('',(1.193E1,-2.54E0,-2.04E0));
#3652=VERTEX_POINT('',#3650);
#3653=VERTEX_POINT('',#3651);
#3654=CARTESIAN_POINT('',(1.347E1,-2.54E0,-2.04E0));
#3655=VERTEX_POINT('',#3654);
#3656=CARTESIAN_POINT('',(1.347E1,-2.54E0,-2.54E0));
#3657=VERTEX_POINT('',#3656);
#3658=CARTESIAN_POINT('',(1.347E1,-1.94E0,2.54E0));
#3659=VERTEX_POINT('',#3658);
#3660=CARTESIAN_POINT('',(1.193E1,-1.94E0,2.54E0));
#3661=VERTEX_POINT('',#3660);
#3662=CARTESIAN_POINT('',(1.193E1,-1.94E0,-2.54E0));
#3663=VERTEX_POINT('',#3662);
#3664=CARTESIAN_POINT('',(1.347E1,-1.94E0,-2.54E0));
#3665=VERTEX_POINT('',#3664);
#3666=CARTESIAN_POINT('',(1.372E1,0.E0,-2.29E0));
#3667=CARTESIAN_POINT('',(1.372E1,0.E0,2.29E0));
#3668=VERTEX_POINT('',#3666);
#3669=VERTEX_POINT('',#3667);
#3670=CARTESIAN_POINT('',(1.372E1,-1.94E0,-2.29E0));
#3671=CARTESIAN_POINT('',(1.372E1,-1.94E0,2.29E0));
#3672=VERTEX_POINT('',#3670);
#3673=VERTEX_POINT('',#3671);
#3674=CARTESIAN_POINT('',(1.168E1,0.E0,2.29E0));
#3675=CARTESIAN_POINT('',(1.168E1,0.E0,-2.29E0));
#3676=VERTEX_POINT('',#3674);
#3677=VERTEX_POINT('',#3675);
#3678=CARTESIAN_POINT('',(1.168E1,-1.94E0,2.29E0));
#3679=CARTESIAN_POINT('',(1.168E1,-1.94E0,-2.29E0));
#3680=VERTEX_POINT('',#3678);
#3681=VERTEX_POINT('',#3679);
#3682=CARTESIAN_POINT('',(1.238E1,0.E0,1.59E0));
#3683=CARTESIAN_POINT('',(1.302E1,0.E0,1.59E0));
#3684=VERTEX_POINT('',#3682);
#3685=VERTEX_POINT('',#3683);
#3686=CARTESIAN_POINT('',(1.302E1,0.E0,9.5E-1));
#3687=VERTEX_POINT('',#3686);
#3688=CARTESIAN_POINT('',(1.238E1,0.E0,9.5E-1));
#3689=VERTEX_POINT('',#3688);
#3690=CARTESIAN_POINT('',(1.302E1,0.E0,-9.5E-1));
#3691=CARTESIAN_POINT('',(1.302E1,0.E0,-1.59E0));
#3692=VERTEX_POINT('',#3690);
#3693=VERTEX_POINT('',#3691);
#3694=CARTESIAN_POINT('',(1.238E1,0.E0,-1.59E0));
#3695=VERTEX_POINT('',#3694);
#3696=CARTESIAN_POINT('',(1.238E1,0.E0,-9.5E-1));
#3697=VERTEX_POINT('',#3696);
#3698=CARTESIAN_POINT('',(1.238E1,-1.94E0,1.59E0));
#3699=CARTESIAN_POINT('',(1.302E1,-1.94E0,1.59E0));
#3700=VERTEX_POINT('',#3698);
#3701=VERTEX_POINT('',#3699);
#3702=CARTESIAN_POINT('',(1.302E1,-1.94E0,9.5E-1));
#3703=VERTEX_POINT('',#3702);
#3704=CARTESIAN_POINT('',(1.238E1,-1.94E0,9.5E-1));
#3705=VERTEX_POINT('',#3704);
#3706=CARTESIAN_POINT('',(1.302E1,-1.94E0,-9.5E-1));
#3707=CARTESIAN_POINT('',(1.302E1,-1.94E0,-1.59E0));
#3708=VERTEX_POINT('',#3706);
#3709=VERTEX_POINT('',#3707);
#3710=CARTESIAN_POINT('',(1.238E1,-1.94E0,-1.59E0));
#3711=VERTEX_POINT('',#3710);
#3712=CARTESIAN_POINT('',(1.238E1,-1.94E0,-9.5E-1));
#3713=VERTEX_POINT('',#3712);
#3714=CARTESIAN_POINT('',(1.397E1,-2.5E-1,-2.04E0));
#3715=VERTEX_POINT('',#3714);
#3716=CARTESIAN_POINT('',(1.397E1,-2.5E-1,2.04E0));
#3717=VERTEX_POINT('',#3716);
#3718=CARTESIAN_POINT('',(1.397E1,-1.69E0,-2.04E0));
#3719=VERTEX_POINT('',#3718);
#3720=CARTESIAN_POINT('',(1.397E1,-1.69E0,2.04E0));
#3721=VERTEX_POINT('',#3720);
#3722=CARTESIAN_POINT('',(1.447E1,0.E0,-2.54E0));
#3723=CARTESIAN_POINT('',(1.601E1,0.E0,-2.54E0));
#3724=VERTEX_POINT('',#3722);
#3725=VERTEX_POINT('',#3723);
#3726=CARTESIAN_POINT('',(1.601E1,0.E0,2.54E0));
#3727=CARTESIAN_POINT('',(1.447E1,0.E0,2.54E0));
#3728=VERTEX_POINT('',#3726);
#3729=VERTEX_POINT('',#3727);
#3730=CARTESIAN_POINT('',(1.601E1,-1.94E0,2.04E0));
#3731=CARTESIAN_POINT('',(1.447E1,-1.94E0,2.04E0));
#3732=VERTEX_POINT('',#3730);
#3733=VERTEX_POINT('',#3731);
#3734=CARTESIAN_POINT('',(1.447E1,-1.94E0,-2.04E0));
#3735=CARTESIAN_POINT('',(1.601E1,-1.94E0,-2.04E0));
#3736=VERTEX_POINT('',#3734);
#3737=VERTEX_POINT('',#3735);
#3738=CARTESIAN_POINT('',(1.601E1,-2.54E0,2.54E0));
#3739=CARTESIAN_POINT('',(1.601E1,-2.54E0,2.04E0));
#3740=VERTEX_POINT('',#3738);
#3741=VERTEX_POINT('',#3739);
#3742=CARTESIAN_POINT('',(1.447E1,-2.54E0,2.04E0));
#3743=VERTEX_POINT('',#3742);
#3744=CARTESIAN_POINT('',(1.447E1,-2.54E0,2.54E0));
#3745=VERTEX_POINT('',#3744);
#3746=CARTESIAN_POINT('',(1.447E1,-2.54E0,-2.54E0));
#3747=CARTESIAN_POINT('',(1.447E1,-2.54E0,-2.04E0));
#3748=VERTEX_POINT('',#3746);
#3749=VERTEX_POINT('',#3747);
#3750=CARTESIAN_POINT('',(1.601E1,-2.54E0,-2.04E0));
#3751=VERTEX_POINT('',#3750);
#3752=CARTESIAN_POINT('',(1.601E1,-2.54E0,-2.54E0));
#3753=VERTEX_POINT('',#3752);
#3754=CARTESIAN_POINT('',(1.601E1,-1.94E0,2.54E0));
#3755=VERTEX_POINT('',#3754);
#3756=CARTESIAN_POINT('',(1.447E1,-1.94E0,2.54E0));
#3757=VERTEX_POINT('',#3756);
#3758=CARTESIAN_POINT('',(1.447E1,-1.94E0,-2.54E0));
#3759=VERTEX_POINT('',#3758);
#3760=CARTESIAN_POINT('',(1.601E1,-1.94E0,-2.54E0));
#3761=VERTEX_POINT('',#3760);
#3762=CARTESIAN_POINT('',(1.626E1,0.E0,-2.29E0));
#3763=CARTESIAN_POINT('',(1.626E1,0.E0,2.29E0));
#3764=VERTEX_POINT('',#3762);
#3765=VERTEX_POINT('',#3763);
#3766=CARTESIAN_POINT('',(1.651E1,-2.5E-1,-2.04E0));
#3767=CARTESIAN_POINT('',(1.651E1,-2.5E-1,2.04E0));
#3768=VERTEX_POINT('',#3766);
#3769=VERTEX_POINT('',#3767);
#3770=CARTESIAN_POINT('',(1.651E1,-1.69E0,-2.04E0));
#3771=CARTESIAN_POINT('',(1.651E1,-1.69E0,2.04E0));
#3772=VERTEX_POINT('',#3770);
#3773=VERTEX_POINT('',#3771);
#3774=CARTESIAN_POINT('',(1.626E1,-1.94E0,-2.29E0));
#3775=CARTESIAN_POINT('',(1.626E1,-1.94E0,2.29E0));
#3776=VERTEX_POINT('',#3774);
#3777=VERTEX_POINT('',#3775);
#3778=CARTESIAN_POINT('',(1.422E1,0.E0,2.29E0));
#3779=CARTESIAN_POINT('',(1.422E1,0.E0,-2.29E0));
#3780=VERTEX_POINT('',#3778);
#3781=VERTEX_POINT('',#3779);
#3782=CARTESIAN_POINT('',(1.422E1,-1.94E0,2.29E0));
#3783=CARTESIAN_POINT('',(1.422E1,-1.94E0,-2.29E0));
#3784=VERTEX_POINT('',#3782);
#3785=VERTEX_POINT('',#3783);
#3786=CARTESIAN_POINT('',(1.492E1,0.E0,1.59E0));
#3787=CARTESIAN_POINT('',(1.556E1,0.E0,1.59E0));
#3788=VERTEX_POINT('',#3786);
#3789=VERTEX_POINT('',#3787);
#3790=CARTESIAN_POINT('',(1.556E1,0.E0,9.5E-1));
#3791=VERTEX_POINT('',#3790);
#3792=CARTESIAN_POINT('',(1.492E1,0.E0,9.5E-1));
#3793=VERTEX_POINT('',#3792);
#3794=CARTESIAN_POINT('',(1.556E1,0.E0,-9.5E-1));
#3795=CARTESIAN_POINT('',(1.556E1,0.E0,-1.59E0));
#3796=VERTEX_POINT('',#3794);
#3797=VERTEX_POINT('',#3795);
#3798=CARTESIAN_POINT('',(1.492E1,0.E0,-1.59E0));
#3799=VERTEX_POINT('',#3798);
#3800=CARTESIAN_POINT('',(1.492E1,0.E0,-9.5E-1));
#3801=VERTEX_POINT('',#3800);
#3802=CARTESIAN_POINT('',(1.492E1,-1.94E0,1.59E0));
#3803=CARTESIAN_POINT('',(1.556E1,-1.94E0,1.59E0));
#3804=VERTEX_POINT('',#3802);
#3805=VERTEX_POINT('',#3803);
#3806=CARTESIAN_POINT('',(1.556E1,-1.94E0,9.5E-1));
#3807=VERTEX_POINT('',#3806);
#3808=CARTESIAN_POINT('',(1.492E1,-1.94E0,9.5E-1));
#3809=VERTEX_POINT('',#3808);
#3810=CARTESIAN_POINT('',(1.556E1,-1.94E0,-9.5E-1));
#3811=CARTESIAN_POINT('',(1.556E1,-1.94E0,-1.59E0));
#3812=VERTEX_POINT('',#3810);
#3813=VERTEX_POINT('',#3811);
#3814=CARTESIAN_POINT('',(1.492E1,-1.94E0,-1.59E0));
#3815=VERTEX_POINT('',#3814);
#3816=CARTESIAN_POINT('',(1.492E1,-1.94E0,-9.5E-1));
#3817=VERTEX_POINT('',#3816);
#3818=CARTESIAN_POINT('',(0.E0,0.E0,0.E0));
#3819=DIRECTION('',(0.E0,-1.E0,0.E0));
#3820=DIRECTION('',(-1.E0,0.E0,0.E0));
#3821=AXIS2_PLACEMENT_3D('',#3818,#3819,#3820);
#3822=PLANE('',#3821);
#3824=ORIENTED_EDGE('',*,*,#3823,.T.);
#3826=ORIENTED_EDGE('',*,*,#3825,.F.);
#3828=ORIENTED_EDGE('',*,*,#3827,.T.);
#3830=ORIENTED_EDGE('',*,*,#3829,.F.);
#3832=ORIENTED_EDGE('',*,*,#3831,.T.);
#3834=ORIENTED_EDGE('',*,*,#3833,.F.);
#3836=ORIENTED_EDGE('',*,*,#3835,.T.);
#3838=ORIENTED_EDGE('',*,*,#3837,.F.);
#3839=EDGE_LOOP('',(#3824,#3826,#3828,#3830,#3832,#3834,#3836,#3838));
#3840=FACE_OUTER_BOUND('',#3839,.F.);
#3842=ORIENTED_EDGE('',*,*,#3841,.T.);
#3844=ORIENTED_EDGE('',*,*,#3843,.T.);
#3846=ORIENTED_EDGE('',*,*,#3845,.T.);
#3848=ORIENTED_EDGE('',*,*,#3847,.T.);
#3849=EDGE_LOOP('',(#3842,#3844,#3846,#3848));
#3850=FACE_BOUND('',#3849,.F.);
#3852=ORIENTED_EDGE('',*,*,#3851,.T.);
#3854=ORIENTED_EDGE('',*,*,#3853,.T.);
#3856=ORIENTED_EDGE('',*,*,#3855,.T.);
#3858=ORIENTED_EDGE('',*,*,#3857,.T.);
#3859=EDGE_LOOP('',(#3852,#3854,#3856,#3858));
#3860=FACE_BOUND('',#3859,.F.);
#3861=ADVANCED_FACE('',(#3840,#3850,#3860),#3822,.F.);
#3862=CARTESIAN_POINT('',(3.56E0,0.E0,-2.29E0));
#3863=DIRECTION('',(7.071067811865E-1,7.071067811865E-1,0.E0));
#3864=DIRECTION('',(0.E0,0.E0,1.E0));
#3865=AXIS2_PLACEMENT_3D('',#3862,#3863,#3864);
#3866=PLANE('',#3865);
#3868=ORIENTED_EDGE('',*,*,#3867,.F.);
#3870=ORIENTED_EDGE('',*,*,#3869,.F.);
#3871=ORIENTED_EDGE('',*,*,#3823,.F.);
#3873=ORIENTED_EDGE('',*,*,#3872,.T.);
#3874=EDGE_LOOP('',(#3868,#3870,#3871,#3873));
#3875=FACE_OUTER_BOUND('',#3874,.F.);
#3876=ADVANCED_FACE('',(#3875),#3866,.T.);
#3877=CARTESIAN_POINT('',(4.06E0,0.E0,2.29E0));
#3878=DIRECTION('',(-7.071067811865E-1,7.071067811865E-1,0.E0));
#3879=DIRECTION('',(0.E0,0.E0,-1.E0));
#3880=AXIS2_PLACEMENT_3D('',#3877,#3878,#3879);
#3881=PLANE('',#3880);
#3883=ORIENTED_EDGE('',*,*,#3882,.F.);
#3885=ORIENTED_EDGE('',*,*,#3884,.T.);
#3886=ORIENTED_EDGE('',*,*,#3867,.T.);
#3888=ORIENTED_EDGE('',*,*,#3887,.F.);
#3889=EDGE_LOOP('',(#3883,#3885,#3886,#3888));
#3890=FACE_OUTER_BOUND('',#3889,.F.);
#3891=ADVANCED_FACE('',(#3890),#3881,.T.);
#3892=CARTESIAN_POINT('',(0.E0,0.E0,0.E0));
#3893=DIRECTION('',(0.E0,-1.E0,0.E0));
#3894=DIRECTION('',(-1.E0,0.E0,0.E0));
#3895=AXIS2_PLACEMENT_3D('',#3892,#3893,#3894);
#3896=PLANE('',#3895);
#3898=ORIENTED_EDGE('',*,*,#3897,.T.);
#3900=ORIENTED_EDGE('',*,*,#3899,.F.);
#3902=ORIENTED_EDGE('',*,*,#3901,.T.);
#3904=ORIENTED_EDGE('',*,*,#3903,.F.);
#3905=ORIENTED_EDGE('',*,*,#3882,.T.);
#3907=ORIENTED_EDGE('',*,*,#3906,.F.);
#3909=ORIENTED_EDGE('',*,*,#3908,.T.);
#3911=ORIENTED_EDGE('',*,*,#3910,.F.);
#3912=EDGE_LOOP('',(#3898,#3900,#3902,#3904,#3905,#3907,#3909,#3911));
#3913=FACE_OUTER_BOUND('',#3912,.F.);
#3915=ORIENTED_EDGE('',*,*,#3914,.T.);
#3917=ORIENTED_EDGE('',*,*,#3916,.T.);
#3919=ORIENTED_EDGE('',*,*,#3918,.T.);
#3921=ORIENTED_EDGE('',*,*,#3920,.T.);
#3922=EDGE_LOOP('',(#3915,#3917,#3919,#3921));
#3923=FACE_BOUND('',#3922,.F.);
#3925=ORIENTED_EDGE('',*,*,#3924,.T.);
#3927=ORIENTED_EDGE('',*,*,#3926,.T.);
#3929=ORIENTED_EDGE('',*,*,#3928,.T.);
#3931=ORIENTED_EDGE('',*,*,#3930,.T.);
#3932=EDGE_LOOP('',(#3925,#3927,#3929,#3931));
#3933=FACE_BOUND('',#3932,.F.);
#3934=ADVANCED_FACE('',(#3913,#3923,#3933),#3896,.F.);
#3935=CARTESIAN_POINT('',(6.1E0,0.E0,-2.29E0));
#3936=DIRECTION('',(7.071067811865E-1,7.071067811865E-1,0.E0));
#3937=DIRECTION('',(0.E0,0.E0,1.E0));
#3938=AXIS2_PLACEMENT_3D('',#3935,#3936,#3937);
#3939=PLANE('',#3938);
#3941=ORIENTED_EDGE('',*,*,#3940,.F.);
#3943=ORIENTED_EDGE('',*,*,#3942,.F.);
#3944=ORIENTED_EDGE('',*,*,#3897,.F.);
#3946=ORIENTED_EDGE('',*,*,#3945,.T.);
#3947=EDGE_LOOP('',(#3941,#3943,#3944,#3946));
#3948=FACE_OUTER_BOUND('',#3947,.F.);
#3949=ADVANCED_FACE('',(#3948),#3939,.T.);
#3950=CARTESIAN_POINT('',(6.6E0,0.E0,2.29E0));
#3951=DIRECTION('',(-7.071067811865E-1,7.071067811865E-1,0.E0));
#3952=DIRECTION('',(0.E0,0.E0,-1.E0));
#3953=AXIS2_PLACEMENT_3D('',#3950,#3951,#3952);
#3954=PLANE('',#3953);
#3956=ORIENTED_EDGE('',*,*,#3955,.F.);
#3958=ORIENTED_EDGE('',*,*,#3957,.T.);
#3959=ORIENTED_EDGE('',*,*,#3940,.T.);
#3961=ORIENTED_EDGE('',*,*,#3960,.F.);
#3962=EDGE_LOOP('',(#3956,#3958,#3959,#3961));
#3963=FACE_OUTER_BOUND('',#3962,.F.);
#3964=ADVANCED_FACE('',(#3963),#3954,.T.);
#3965=CARTESIAN_POINT('',(0.E0,0.E0,0.E0));
#3966=DIRECTION('',(0.E0,-1.E0,0.E0));
#3967=DIRECTION('',(-1.E0,0.E0,0.E0));
#3968=AXIS2_PLACEMENT_3D('',#3965,#3966,#3967);
#3969=PLANE('',#3968);
#3971=ORIENTED_EDGE('',*,*,#3970,.T.);
#3973=ORIENTED_EDGE('',*,*,#3972,.F.);
#3975=ORIENTED_EDGE('',*,*,#3974,.T.);
#3977=ORIENTED_EDGE('',*,*,#3976,.F.);
#3978=ORIENTED_EDGE('',*,*,#3955,.T.);
#3980=ORIENTED_EDGE('',*,*,#3979,.F.);
#3982=ORIENTED_EDGE('',*,*,#3981,.T.);
#3984=ORIENTED_EDGE('',*,*,#3983,.F.);
#3985=EDGE_LOOP('',(#3971,#3973,#3975,#3977,#3978,#3980,#3982,#3984));
#3986=FACE_OUTER_BOUND('',#3985,.F.);
#3988=ORIENTED_EDGE('',*,*,#3987,.T.);
#3990=ORIENTED_EDGE('',*,*,#3989,.T.);
#3992=ORIENTED_EDGE('',*,*,#3991,.T.);
#3994=ORIENTED_EDGE('',*,*,#3993,.T.);
#3995=EDGE_LOOP('',(#3988,#3990,#3992,#3994));
#3996=FACE_BOUND('',#3995,.F.);
#3998=ORIENTED_EDGE('',*,*,#3997,.T.);
#4000=ORIENTED_EDGE('',*,*,#3999,.T.);
#4002=ORIENTED_EDGE('',*,*,#4001,.T.);
#4004=ORIENTED_EDGE('',*,*,#4003,.T.);
#4005=EDGE_LOOP('',(#3998,#4000,#4002,#4004));
#4006=FACE_BOUND('',#4005,.F.);
#4007=ADVANCED_FACE('',(#3986,#3996,#4006),#3969,.F.);
#4008=CARTESIAN_POINT('',(8.64E0,0.E0,-2.29E0));
#4009=DIRECTION('',(7.071067811865E-1,7.071067811865E-1,0.E0));
#4010=DIRECTION('',(0.E0,0.E0,1.E0));
#4011=AXIS2_PLACEMENT_3D('',#4008,#4009,#4010);
#4012=PLANE('',#4011);
#4014=ORIENTED_EDGE('',*,*,#4013,.F.);
#4016=ORIENTED_EDGE('',*,*,#4015,.F.);
#4017=ORIENTED_EDGE('',*,*,#3970,.F.);
#4019=ORIENTED_EDGE('',*,*,#4018,.T.);
#4020=EDGE_LOOP('',(#4014,#4016,#4017,#4019));
#4021=FACE_OUTER_BOUND('',#4020,.F.);
#4022=ADVANCED_FACE('',(#4021),#4012,.T.);
#4023=CARTESIAN_POINT('',(9.14E0,0.E0,2.29E0));
#4024=DIRECTION('',(-7.071067811865E-1,7.071067811865E-1,0.E0));
#4025=DIRECTION('',(0.E0,0.E0,-1.E0));
#4026=AXIS2_PLACEMENT_3D('',#4023,#4024,#4025);
#4027=PLANE('',#4026);
#4029=ORIENTED_EDGE('',*,*,#4028,.F.);
#4031=ORIENTED_EDGE('',*,*,#4030,.T.);
#4032=ORIENTED_EDGE('',*,*,#4013,.T.);
#4034=ORIENTED_EDGE('',*,*,#4033,.F.);
#4035=EDGE_LOOP('',(#4029,#4031,#4032,#4034));
#4036=FACE_OUTER_BOUND('',#4035,.F.);
#4037=ADVANCED_FACE('',(#4036),#4027,.T.);
#4038=CARTESIAN_POINT('',(0.E0,0.E0,0.E0));
#4039=DIRECTION('',(0.E0,-1.E0,0.E0));
#4040=DIRECTION('',(-1.E0,0.E0,0.E0));
#4041=AXIS2_PLACEMENT_3D('',#4038,#4039,#4040);
#4042=PLANE('',#4041);
#4044=ORIENTED_EDGE('',*,*,#4043,.T.);
#4046=ORIENTED_EDGE('',*,*,#4045,.F.);
#4048=ORIENTED_EDGE('',*,*,#4047,.T.);
#4050=ORIENTED_EDGE('',*,*,#4049,.F.);
#4051=ORIENTED_EDGE('',*,*,#4028,.T.);
#4053=ORIENTED_EDGE('',*,*,#4052,.F.);
#4055=ORIENTED_EDGE('',*,*,#4054,.T.);
#4057=ORIENTED_EDGE('',*,*,#4056,.F.);
#4058=EDGE_LOOP('',(#4044,#4046,#4048,#4050,#4051,#4053,#4055,#4057));
#4059=FACE_OUTER_BOUND('',#4058,.F.);
#4061=ORIENTED_EDGE('',*,*,#4060,.T.);
#4063=ORIENTED_EDGE('',*,*,#4062,.T.);
#4065=ORIENTED_EDGE('',*,*,#4064,.T.);
#4067=ORIENTED_EDGE('',*,*,#4066,.T.);
#4068=EDGE_LOOP('',(#4061,#4063,#4065,#4067));
#4069=FACE_BOUND('',#4068,.F.);
#4071=ORIENTED_EDGE('',*,*,#4070,.T.);
#4073=ORIENTED_EDGE('',*,*,#4072,.T.);
#4075=ORIENTED_EDGE('',*,*,#4074,.T.);
#4077=ORIENTED_EDGE('',*,*,#4076,.T.);
#4078=EDGE_LOOP('',(#4071,#4073,#4075,#4077));
#4079=FACE_BOUND('',#4078,.F.);
#4080=ADVANCED_FACE('',(#4059,#4069,#4079),#4042,.F.);
#4081=CARTESIAN_POINT('',(1.118E1,0.E0,-2.29E0));
#4082=DIRECTION('',(7.071067811865E-1,7.071067811865E-1,0.E0));
#4083=DIRECTION('',(0.E0,0.E0,1.E0));
#4084=AXIS2_PLACEMENT_3D('',#4081,#4082,#4083);
#4085=PLANE('',#4084);
#4087=ORIENTED_EDGE('',*,*,#4086,.F.);
#4089=ORIENTED_EDGE('',*,*,#4088,.F.);
#4090=ORIENTED_EDGE('',*,*,#4043,.F.);
#4092=ORIENTED_EDGE('',*,*,#4091,.T.);
#4093=EDGE_LOOP('',(#4087,#4089,#4090,#4092));
#4094=FACE_OUTER_BOUND('',#4093,.F.);
#4095=ADVANCED_FACE('',(#4094),#4085,.T.);
#4096=CARTESIAN_POINT('',(1.168E1,0.E0,2.29E0));
#4097=DIRECTION('',(-7.071067811865E-1,7.071067811865E-1,0.E0));
#4098=DIRECTION('',(0.E0,0.E0,-1.E0));
#4099=AXIS2_PLACEMENT_3D('',#4096,#4097,#4098);
#4100=PLANE('',#4099);
#4102=ORIENTED_EDGE('',*,*,#4101,.F.);
#4104=ORIENTED_EDGE('',*,*,#4103,.T.);
#4105=ORIENTED_EDGE('',*,*,#4086,.T.);
#4107=ORIENTED_EDGE('',*,*,#4106,.F.);
#4108=EDGE_LOOP('',(#4102,#4104,#4105,#4107));
#4109=FACE_OUTER_BOUND('',#4108,.F.);
#4110=ADVANCED_FACE('',(#4109),#4100,.T.);
#4111=CARTESIAN_POINT('',(0.E0,0.E0,0.E0));
#4112=DIRECTION('',(0.E0,-1.E0,0.E0));
#4113=DIRECTION('',(-1.E0,0.E0,0.E0));
#4114=AXIS2_PLACEMENT_3D('',#4111,#4112,#4113);
#4115=PLANE('',#4114);
#4117=ORIENTED_EDGE('',*,*,#4116,.T.);
#4119=ORIENTED_EDGE('',*,*,#4118,.F.);
#4121=ORIENTED_EDGE('',*,*,#4120,.T.);
#4123=ORIENTED_EDGE('',*,*,#4122,.F.);
#4124=ORIENTED_EDGE('',*,*,#4101,.T.);
#4126=ORIENTED_EDGE('',*,*,#4125,.F.);
#4128=ORIENTED_EDGE('',*,*,#4127,.T.);
#4130=ORIENTED_EDGE('',*,*,#4129,.F.);
#4131=EDGE_LOOP('',(#4117,#4119,#4121,#4123,#4124,#4126,#4128,#4130));
#4132=FACE_OUTER_BOUND('',#4131,.F.);
#4134=ORIENTED_EDGE('',*,*,#4133,.T.);
#4136=ORIENTED_EDGE('',*,*,#4135,.T.);
#4138=ORIENTED_EDGE('',*,*,#4137,.T.);
#4140=ORIENTED_EDGE('',*,*,#4139,.T.);
#4141=EDGE_LOOP('',(#4134,#4136,#4138,#4140));
#4142=FACE_BOUND('',#4141,.F.);
#4144=ORIENTED_EDGE('',*,*,#4143,.T.);
#4146=ORIENTED_EDGE('',*,*,#4145,.T.);
#4148=ORIENTED_EDGE('',*,*,#4147,.T.);
#4150=ORIENTED_EDGE('',*,*,#4149,.T.);
#4151=EDGE_LOOP('',(#4144,#4146,#4148,#4150));
#4152=FACE_BOUND('',#4151,.F.);
#4153=ADVANCED_FACE('',(#4132,#4142,#4152),#4115,.F.);
#4154=CARTESIAN_POINT('',(1.372E1,0.E0,-2.29E0));
#4155=DIRECTION('',(7.071067811865E-1,7.071067811865E-1,0.E0));
#4156=DIRECTION('',(0.E0,0.E0,1.E0));
#4157=AXIS2_PLACEMENT_3D('',#4154,#4155,#4156);
#4158=PLANE('',#4157);
#4160=ORIENTED_EDGE('',*,*,#4159,.F.);
#4162=ORIENTED_EDGE('',*,*,#4161,.F.);
#4163=ORIENTED_EDGE('',*,*,#4116,.F.);
#4165=ORIENTED_EDGE('',*,*,#4164,.T.);
#4166=EDGE_LOOP('',(#4160,#4162,#4163,#4165));
#4167=FACE_OUTER_BOUND('',#4166,.F.);
#4168=ADVANCED_FACE('',(#4167),#4158,.T.);
#4169=CARTESIAN_POINT('',(1.422E1,0.E0,2.29E0));
#4170=DIRECTION('',(-7.071067811865E-1,7.071067811865E-1,0.E0));
#4171=DIRECTION('',(0.E0,0.E0,-1.E0));
#4172=AXIS2_PLACEMENT_3D('',#4169,#4170,#4171);
#4173=PLANE('',#4172);
#4175=ORIENTED_EDGE('',*,*,#4174,.F.);
#4177=ORIENTED_EDGE('',*,*,#4176,.T.);
#4178=ORIENTED_EDGE('',*,*,#4159,.T.);
#4180=ORIENTED_EDGE('',*,*,#4179,.F.);
#4181=EDGE_LOOP('',(#4175,#4177,#4178,#4180));
#4182=FACE_OUTER_BOUND('',#4181,.F.);
#4183=ADVANCED_FACE('',(#4182),#4173,.T.);
#4184=CARTESIAN_POINT('',(0.E0,0.E0,0.E0));
#4185=DIRECTION('',(0.E0,-1.E0,0.E0));
#4186=DIRECTION('',(-1.E0,0.E0,0.E0));
#4187=AXIS2_PLACEMENT_3D('',#4184,#4185,#4186);
#4188=PLANE('',#4187);
#4190=ORIENTED_EDGE('',*,*,#4189,.T.);
#4192=ORIENTED_EDGE('',*,*,#4191,.F.);
#4194=ORIENTED_EDGE('',*,*,#4193,.T.);
#4196=ORIENTED_EDGE('',*,*,#4195,.F.);
#4197=ORIENTED_EDGE('',*,*,#4174,.T.);
#4199=ORIENTED_EDGE('',*,*,#4198,.F.);
#4201=ORIENTED_EDGE('',*,*,#4200,.T.);
#4203=ORIENTED_EDGE('',*,*,#4202,.F.);
#4204=EDGE_LOOP('',(#4190,#4192,#4194,#4196,#4197,#4199,#4201,#4203));
#4205=FACE_OUTER_BOUND('',#4204,.F.);
#4207=ORIENTED_EDGE('',*,*,#4206,.T.);
#4209=ORIENTED_EDGE('',*,*,#4208,.T.);
#4211=ORIENTED_EDGE('',*,*,#4210,.T.);
#4213=ORIENTED_EDGE('',*,*,#4212,.T.);
#4214=EDGE_LOOP('',(#4207,#4209,#4211,#4213));
#4215=FACE_BOUND('',#4214,.F.);
#4217=ORIENTED_EDGE('',*,*,#4216,.T.);
#4219=ORIENTED_EDGE('',*,*,#4218,.T.);
#4221=ORIENTED_EDGE('',*,*,#4220,.T.);
#4223=ORIENTED_EDGE('',*,*,#4222,.T.);
#4224=EDGE_LOOP('',(#4217,#4219,#4221,#4223));
#4225=FACE_BOUND('',#4224,.F.);
#4226=ADVANCED_FACE('',(#4205,#4215,#4225),#4188,.F.);
#4227=CARTESIAN_POINT('',(1.626E1,0.E0,-2.29E0));
#4228=DIRECTION('',(7.071067811865E-1,7.071067811865E-1,0.E0));
#4229=DIRECTION('',(0.E0,0.E0,1.E0));
#4230=AXIS2_PLACEMENT_3D('',#4227,#4228,#4229);
#4231=PLANE('',#4230);
#4232=ORIENTED_EDGE('',*,*,#4189,.F.);
#4234=ORIENTED_EDGE('',*,*,#4233,.T.);
#4236=ORIENTED_EDGE('',*,*,#4235,.T.);
#4238=ORIENTED_EDGE('',*,*,#4237,.F.);
#4239=EDGE_LOOP('',(#4232,#4234,#4236,#4238));
#4240=FACE_OUTER_BOUND('',#4239,.F.);
#4241=ADVANCED_FACE('',(#4240),#4231,.T.);
#4242=CARTESIAN_POINT('',(1.651E1,0.E0,-2.04E0));
#4243=DIRECTION('',(7.071067811865E-1,0.E0,-7.071067811865E-1));
#4244=DIRECTION('',(0.E0,-1.E0,0.E0));
#4245=AXIS2_PLACEMENT_3D('',#4242,#4243,#4244);
#4246=PLANE('',#4245);
#4248=ORIENTED_EDGE('',*,*,#4247,.F.);
#4250=ORIENTED_EDGE('',*,*,#4249,.F.);
#4252=ORIENTED_EDGE('',*,*,#4251,.F.);
#4253=ORIENTED_EDGE('',*,*,#4233,.F.);
#4254=ORIENTED_EDGE('',*,*,#4202,.T.);
#4256=ORIENTED_EDGE('',*,*,#4255,.T.);
#4257=EDGE_LOOP('',(#4248,#4250,#4252,#4253,#4254,#4256));
#4258=FACE_OUTER_BOUND('',#4257,.F.);
#4259=ADVANCED_FACE('',(#4258),#4246,.T.);
#4260=CARTESIAN_POINT('',(0.E0,-1.94E0,0.E0));
#4261=DIRECTION('',(0.E0,-1.E0,0.E0));
#4262=DIRECTION('',(0.E0,0.E0,-1.E0));
#4263=AXIS2_PLACEMENT_3D('',#4260,#4261,#4262);
#4264=PLANE('',#4263);
#4266=ORIENTED_EDGE('',*,*,#4265,.F.);
#4267=ORIENTED_EDGE('',*,*,#4247,.T.);
#4269=ORIENTED_EDGE('',*,*,#4268,.F.);
#4271=ORIENTED_EDGE('',*,*,#4270,.F.);
#4273=ORIENTED_EDGE('',*,*,#4272,.F.);
#4275=ORIENTED_EDGE('',*,*,#4274,.T.);
#4277=ORIENTED_EDGE('',*,*,#4276,.F.);
#4279=ORIENTED_EDGE('',*,*,#4278,.T.);
#4281=ORIENTED_EDGE('',*,*,#4280,.F.);
#4283=ORIENTED_EDGE('',*,*,#4282,.F.);
#4285=ORIENTED_EDGE('',*,*,#4284,.F.);
#4287=ORIENTED_EDGE('',*,*,#4286,.T.);
#4288=EDGE_LOOP('',(#4266,#4267,#4269,#4271,#4273,#4275,#4277,#4279,#4281,#4283,
#4285,#4287));
#4289=FACE_OUTER_BOUND('',#4288,.F.);
#4291=ORIENTED_EDGE('',*,*,#4290,.F.);
#4293=ORIENTED_EDGE('',*,*,#4292,.F.);
#4295=ORIENTED_EDGE('',*,*,#4294,.F.);
#4297=ORIENTED_EDGE('',*,*,#4296,.F.);
#4298=EDGE_LOOP('',(#4291,#4293,#4295,#4297));
#4299=FACE_BOUND('',#4298,.F.);
#4301=ORIENTED_EDGE('',*,*,#4300,.F.);
#4303=ORIENTED_EDGE('',*,*,#4302,.F.);
#4305=ORIENTED_EDGE('',*,*,#4304,.F.);
#4307=ORIENTED_EDGE('',*,*,#4306,.F.);
#4308=EDGE_LOOP('',(#4301,#4303,#4305,#4307));
#4309=FACE_BOUND('',#4308,.F.);
#4310=ADVANCED_FACE('',(#4289,#4299,#4309),#4264,.T.);
#4311=CARTESIAN_POINT('',(1.651E1,-1.69E0,-2.04E0));
#4312=DIRECTION('',(7.071067811865E-1,-7.071067811865E-1,0.E0));
#4313=DIRECTION('',(0.E0,0.E0,1.E0));
#4314=AXIS2_PLACEMENT_3D('',#4311,#4312,#4313);
#4315=PLANE('',#4314);
#4317=ORIENTED_EDGE('',*,*,#4316,.F.);
#4318=ORIENTED_EDGE('',*,*,#4249,.T.);
#4319=ORIENTED_EDGE('',*,*,#4265,.T.);
#4321=ORIENTED_EDGE('',*,*,#4320,.F.);
#4322=EDGE_LOOP('',(#4317,#4318,#4319,#4321));
#4323=FACE_OUTER_BOUND('',#4322,.F.);
#4324=ADVANCED_FACE('',(#4323),#4315,.T.);
#4325=CARTESIAN_POINT('',(1.651E1,0.E0,-2.54E0));
#4326=DIRECTION('',(1.E0,0.E0,0.E0));
#4327=DIRECTION('',(0.E0,0.E0,1.E0));
#4328=AXIS2_PLACEMENT_3D('',#4325,#4326,#4327);
#4329=PLANE('',#4328);
#4330=ORIENTED_EDGE('',*,*,#4316,.T.);
#4332=ORIENTED_EDGE('',*,*,#4331,.F.);
#4333=ORIENTED_EDGE('',*,*,#4235,.F.);
#4334=ORIENTED_EDGE('',*,*,#4251,.T.);
#4335=EDGE_LOOP('',(#4330,#4332,#4333,#4334));
#4336=FACE_OUTER_BOUND('',#4335,.F.);
#4337=ADVANCED_FACE('',(#4336),#4329,.T.);
#4338=CARTESIAN_POINT('',(1.601E1,0.E0,2.54E0));
#4339=DIRECTION('',(7.071067811865E-1,0.E0,7.071067811865E-1));
#4340=DIRECTION('',(0.E0,-1.E0,0.E0));
#4341=AXIS2_PLACEMENT_3D('',#4338,#4339,#4340);
#4342=PLANE('',#4341);
#4343=ORIENTED_EDGE('',*,*,#4286,.F.);
#4345=ORIENTED_EDGE('',*,*,#4344,.F.);
#4346=ORIENTED_EDGE('',*,*,#4191,.T.);
#4347=ORIENTED_EDGE('',*,*,#4237,.T.);
#4348=ORIENTED_EDGE('',*,*,#4331,.T.);
#4349=ORIENTED_EDGE('',*,*,#4320,.T.);
#4350=EDGE_LOOP('',(#4343,#4345,#4346,#4347,#4348,#4349));
#4351=FACE_OUTER_BOUND('',#4350,.F.);
#4352=ADVANCED_FACE('',(#4351),#4342,.T.);
#4353=CARTESIAN_POINT('',(1.651E1,0.E0,2.54E0));
#4354=DIRECTION('',(0.E0,0.E0,1.E0));
#4355=DIRECTION('',(-1.E0,0.E0,0.E0));
#4356=AXIS2_PLACEMENT_3D('',#4353,#4354,#4355);
#4357=PLANE('',#4356);
#4359=ORIENTED_EDGE('',*,*,#4358,.F.);
#4361=ORIENTED_EDGE('',*,*,#4360,.T.);
#4363=ORIENTED_EDGE('',*,*,#4362,.T.);
#4365=ORIENTED_EDGE('',*,*,#4364,.F.);
#4366=ORIENTED_EDGE('',*,*,#4193,.F.);
#4367=ORIENTED_EDGE('',*,*,#4344,.T.);
#4368=EDGE_LOOP('',(#4359,#4361,#4363,#4365,#4366,#4367));
#4369=FACE_OUTER_BOUND('',#4368,.F.);
#4370=ADVANCED_FACE('',(#4369),#4357,.T.);
#4371=CARTESIAN_POINT('',(1.601E1,-2.54E0,2.54E0));
#4372=DIRECTION('',(-1.E0,0.E0,0.E0));
#4373=DIRECTION('',(0.E0,0.E0,-1.E0));
#4374=AXIS2_PLACEMENT_3D('',#4371,#4372,#4373);
#4375=PLANE('',#4374);
#4377=ORIENTED_EDGE('',*,*,#4376,.F.);
#4378=ORIENTED_EDGE('',*,*,#4358,.T.);
#4379=ORIENTED_EDGE('',*,*,#4284,.T.);
#4381=ORIENTED_EDGE('',*,*,#4380,.F.);
#4382=EDGE_LOOP('',(#4377,#4378,#4379,#4381));
#4383=FACE_OUTER_BOUND('',#4382,.F.);
#4384=ADVANCED_FACE('',(#4383),#4375,.F.);
#4385=CARTESIAN_POINT('',(0.E0,-2.54E0,0.E0));
#4386=DIRECTION('',(0.E0,-1.E0,0.E0));
#4387=DIRECTION('',(-1.E0,0.E0,0.E0));
#4388=AXIS2_PLACEMENT_3D('',#4385,#4386,#4387);
#4389=PLANE('',#4388);
#4390=ORIENTED_EDGE('',*,*,#4376,.T.);
#4392=ORIENTED_EDGE('',*,*,#4391,.T.);
#4394=ORIENTED_EDGE('',*,*,#4393,.F.);
#4395=ORIENTED_EDGE('',*,*,#4360,.F.);
#4396=EDGE_LOOP('',(#4390,#4392,#4394,#4395));
#4397=FACE_OUTER_BOUND('',#4396,.F.);
#4398=ADVANCED_FACE('',(#4397),#4389,.T.);
#4399=CARTESIAN_POINT('',(0.E0,-2.54E0,0.E0));
#4400=DIRECTION('',(0.E0,-1.E0,0.E0));
#4401=DIRECTION('',(-1.E0,0.E0,0.E0));
#4402=AXIS2_PLACEMENT_3D('',#4399,#4400,#4401);
#4403=PLANE('',#4402);
#4405=ORIENTED_EDGE('',*,*,#4404,.T.);
#4407=ORIENTED_EDGE('',*,*,#4406,.T.);
#4409=ORIENTED_EDGE('',*,*,#4408,.F.);
#4411=ORIENTED_EDGE('',*,*,#4410,.F.);
#4412=EDGE_LOOP('',(#4405,#4407,#4409,#4411));
#4413=FACE_OUTER_BOUND('',#4412,.F.);
#4414=ADVANCED_FACE('',(#4413),#4403,.T.);
#4415=CARTESIAN_POINT('',(1.601E1,-2.54E0,2.04E0));
#4416=DIRECTION('',(0.E0,0.E0,1.E0));
#4417=DIRECTION('',(-1.E0,0.E0,0.E0));
#4418=AXIS2_PLACEMENT_3D('',#4415,#4416,#4417);
#4419=PLANE('',#4418);
#4420=ORIENTED_EDGE('',*,*,#4391,.F.);
#4421=ORIENTED_EDGE('',*,*,#4380,.T.);
#4422=ORIENTED_EDGE('',*,*,#4282,.T.);
#4424=ORIENTED_EDGE('',*,*,#4423,.F.);
#4425=EDGE_LOOP('',(#4420,#4421,#4422,#4424));
#4426=FACE_OUTER_BOUND('',#4425,.F.);
#4427=ADVANCED_FACE('',(#4426),#4419,.F.);
#4428=CARTESIAN_POINT('',(1.447E1,-2.54E0,2.04E0));
#4429=DIRECTION('',(1.E0,0.E0,0.E0));
#4430=DIRECTION('',(0.E0,0.E0,1.E0));
#4431=AXIS2_PLACEMENT_3D('',#4428,#4429,#4430);
#4432=PLANE('',#4431);
#4433=ORIENTED_EDGE('',*,*,#4393,.T.);
#4434=ORIENTED_EDGE('',*,*,#4423,.T.);
#4435=ORIENTED_EDGE('',*,*,#4280,.T.);
#4436=ORIENTED_EDGE('',*,*,#4362,.F.);
#4437=EDGE_LOOP('',(#4433,#4434,#4435,#4436));
#4438=FACE_OUTER_BOUND('',#4437,.F.);
#4439=ADVANCED_FACE('',(#4438),#4432,.F.);
#4440=CARTESIAN_POINT('',(1.447E1,-2.54E0,-2.54E0));
#4441=DIRECTION('',(1.E0,0.E0,0.E0));
#4442=DIRECTION('',(0.E0,0.E0,1.E0));
#4443=AXIS2_PLACEMENT_3D('',#4440,#4441,#4442);
#4444=PLANE('',#4443);
#4445=ORIENTED_EDGE('',*,*,#4404,.F.);
#4447=ORIENTED_EDGE('',*,*,#4446,.T.);
#4448=ORIENTED_EDGE('',*,*,#4272,.T.);
#4450=ORIENTED_EDGE('',*,*,#4449,.F.);
#4451=EDGE_LOOP('',(#4445,#4447,#4448,#4450));
#4452=FACE_OUTER_BOUND('',#4451,.F.);
#4453=ADVANCED_FACE('',(#4452),#4444,.F.);
#4454=CARTESIAN_POINT('',(1.397E1,0.E0,-2.54E0));
#4455=DIRECTION('',(0.E0,0.E0,-1.E0));
#4456=DIRECTION('',(1.E0,0.E0,0.E0));
#4457=AXIS2_PLACEMENT_3D('',#4454,#4455,#4456);
#4458=PLANE('',#4457);
#4459=ORIENTED_EDGE('',*,*,#4446,.F.);
#4460=ORIENTED_EDGE('',*,*,#4410,.T.);
#4462=ORIENTED_EDGE('',*,*,#4461,.T.);
#4463=ORIENTED_EDGE('',*,*,#4255,.F.);
#4464=ORIENTED_EDGE('',*,*,#4200,.F.);
#4466=ORIENTED_EDGE('',*,*,#4465,.T.);
#4467=EDGE_LOOP('',(#4459,#4460,#4462,#4463,#4464,#4466));
#4468=FACE_OUTER_BOUND('',#4467,.F.);
#4469=ADVANCED_FACE('',(#4468),#4458,.T.);
#4470=CARTESIAN_POINT('',(1.601E1,-2.54E0,-2.04E0));
#4471=DIRECTION('',(-1.E0,0.E0,0.E0));
#4472=DIRECTION('',(0.E0,0.E0,-1.E0));
#4473=AXIS2_PLACEMENT_3D('',#4470,#4471,#4472);
#4474=PLANE('',#4473);
#4475=ORIENTED_EDGE('',*,*,#4408,.T.);
#4477=ORIENTED_EDGE('',*,*,#4476,.T.);
#4478=ORIENTED_EDGE('',*,*,#4268,.T.);
#4479=ORIENTED_EDGE('',*,*,#4461,.F.);
#4480=EDGE_LOOP('',(#4475,#4477,#4478,#4479));
#4481=FACE_OUTER_BOUND('',#4480,.F.);
#4482=ADVANCED_FACE('',(#4481),#4474,.F.);
#4483=CARTESIAN_POINT('',(1.447E1,-2.54E0,-2.04E0));
#4484=DIRECTION('',(0.E0,0.E0,-1.E0));
#4485=DIRECTION('',(1.E0,0.E0,0.E0));
#4486=AXIS2_PLACEMENT_3D('',#4483,#4484,#4485);
#4487=PLANE('',#4486);
#4488=ORIENTED_EDGE('',*,*,#4406,.F.);
#4489=ORIENTED_EDGE('',*,*,#4449,.T.);
#4490=ORIENTED_EDGE('',*,*,#4270,.T.);
#4491=ORIENTED_EDGE('',*,*,#4476,.F.);
#4492=EDGE_LOOP('',(#4488,#4489,#4490,#4491));
#4493=FACE_OUTER_BOUND('',#4492,.F.);
#4494=ADVANCED_FACE('',(#4493),#4487,.F.);
#4495=CARTESIAN_POINT('',(1.447E1,0.E0,-2.54E0));
#4496=DIRECTION('',(-7.071067811865E-1,0.E0,-7.071067811865E-1));
#4497=DIRECTION('',(0.E0,-1.E0,0.E0));
#4498=AXIS2_PLACEMENT_3D('',#4495,#4496,#4497);
#4499=PLANE('',#4498);
#4500=ORIENTED_EDGE('',*,*,#4274,.F.);
#4501=ORIENTED_EDGE('',*,*,#4465,.F.);
#4502=ORIENTED_EDGE('',*,*,#4198,.T.);
#4503=ORIENTED_EDGE('',*,*,#4179,.T.);
#4505=ORIENTED_EDGE('',*,*,#4504,.T.);
#4507=ORIENTED_EDGE('',*,*,#4506,.T.);
#4508=EDGE_LOOP('',(#4500,#4501,#4502,#4503,#4505,#4507));
#4509=FACE_OUTER_BOUND('',#4508,.F.);
#4510=ADVANCED_FACE('',(#4509),#4499,.T.);
#4511=CARTESIAN_POINT('',(1.397E1,0.E0,-2.04E0));
#4512=DIRECTION('',(7.071067811865E-1,0.E0,-7.071067811865E-1));
#4513=DIRECTION('',(0.E0,-1.E0,0.E0));
#4514=AXIS2_PLACEMENT_3D('',#4511,#4512,#4513);
#4515=PLANE('',#4514);
#4516=ORIENTED_EDGE('',*,*,#4504,.F.);
#4517=ORIENTED_EDGE('',*,*,#4164,.F.);
#4518=ORIENTED_EDGE('',*,*,#4129,.T.);
#4520=ORIENTED_EDGE('',*,*,#4519,.T.);
#4522=ORIENTED_EDGE('',*,*,#4521,.F.);
#4524=ORIENTED_EDGE('',*,*,#4523,.F.);
#4525=EDGE_LOOP('',(#4516,#4517,#4518,#4520,#4522,#4524));
#4526=FACE_OUTER_BOUND('',#4525,.F.);
#4527=ADVANCED_FACE('',(#4526),#4515,.T.);
#4528=CARTESIAN_POINT('',(1.143E1,0.E0,-2.54E0));
#4529=DIRECTION('',(0.E0,0.E0,-1.E0));
#4530=DIRECTION('',(1.E0,0.E0,0.E0));
#4531=AXIS2_PLACEMENT_3D('',#4528,#4529,#4530);
#4532=PLANE('',#4531);
#4534=ORIENTED_EDGE('',*,*,#4533,.F.);
#4536=ORIENTED_EDGE('',*,*,#4535,.T.);
#4538=ORIENTED_EDGE('',*,*,#4537,.T.);
#4539=ORIENTED_EDGE('',*,*,#4519,.F.);
#4540=ORIENTED_EDGE('',*,*,#4127,.F.);
#4542=ORIENTED_EDGE('',*,*,#4541,.T.);
#4543=EDGE_LOOP('',(#4534,#4536,#4538,#4539,#4540,#4542));
#4544=FACE_OUTER_BOUND('',#4543,.F.);
#4545=ADVANCED_FACE('',(#4544),#4532,.T.);
#4546=CARTESIAN_POINT('',(1.193E1,-2.54E0,-2.54E0));
#4547=DIRECTION('',(1.E0,0.E0,0.E0));
#4548=DIRECTION('',(0.E0,0.E0,1.E0));
#4549=AXIS2_PLACEMENT_3D('',#4546,#4547,#4548);
#4550=PLANE('',#4549);
#4552=ORIENTED_EDGE('',*,*,#4551,.F.);
#4553=ORIENTED_EDGE('',*,*,#4533,.T.);
#4555=ORIENTED_EDGE('',*,*,#4554,.T.);
#4557=ORIENTED_EDGE('',*,*,#4556,.F.);
#4558=EDGE_LOOP('',(#4552,#4553,#4555,#4557));
#4559=FACE_OUTER_BOUND('',#4558,.F.);
#4560=ADVANCED_FACE('',(#4559),#4550,.F.);
#4561=CARTESIAN_POINT('',(0.E0,-2.54E0,0.E0));
#4562=DIRECTION('',(0.E0,-1.E0,0.E0));
#4563=DIRECTION('',(-1.E0,0.E0,0.E0));
#4564=AXIS2_PLACEMENT_3D('',#4561,#4562,#4563);
#4565=PLANE('',#4564);
#4567=ORIENTED_EDGE('',*,*,#4566,.T.);
#4569=ORIENTED_EDGE('',*,*,#4568,.T.);
#4571=ORIENTED_EDGE('',*,*,#4570,.F.);
#4573=ORIENTED_EDGE('',*,*,#4572,.F.);
#4574=EDGE_LOOP('',(#4567,#4569,#4571,#4573));
#4575=FACE_OUTER_BOUND('',#4574,.F.);
#4576=ADVANCED_FACE('',(#4575),#4565,.T.);
#4577=CARTESIAN_POINT('',(0.E0,-2.54E0,0.E0));
#4578=DIRECTION('',(0.E0,-1.E0,0.E0));
#4579=DIRECTION('',(-1.E0,0.E0,0.E0));
#4580=AXIS2_PLACEMENT_3D('',#4577,#4578,#4579);
#4581=PLANE('',#4580);
#4582=ORIENTED_EDGE('',*,*,#4551,.T.);
#4584=ORIENTED_EDGE('',*,*,#4583,.T.);
#4586=ORIENTED_EDGE('',*,*,#4585,.F.);
#4587=ORIENTED_EDGE('',*,*,#4535,.F.);
#4588=EDGE_LOOP('',(#4582,#4584,#4586,#4587));
#4589=FACE_OUTER_BOUND('',#4588,.F.);
#4590=ADVANCED_FACE('',(#4589),#4581,.T.);
#4591=CARTESIAN_POINT('',(1.347E1,-2.54E0,2.54E0));
#4592=DIRECTION('',(-1.E0,0.E0,0.E0));
#4593=DIRECTION('',(0.E0,0.E0,-1.E0));
#4594=AXIS2_PLACEMENT_3D('',#4591,#4592,#4593);
#4595=PLANE('',#4594);
#4596=ORIENTED_EDGE('',*,*,#4566,.F.);
#4598=ORIENTED_EDGE('',*,*,#4597,.T.);
#4600=ORIENTED_EDGE('',*,*,#4599,.T.);
#4602=ORIENTED_EDGE('',*,*,#4601,.F.);
#4603=EDGE_LOOP('',(#4596,#4598,#4600,#4602));
#4604=FACE_OUTER_BOUND('',#4603,.F.);
#4605=ADVANCED_FACE('',(#4604),#4595,.F.);
#4606=CARTESIAN_POINT('',(1.397E1,0.E0,2.54E0));
#4607=DIRECTION('',(0.E0,0.E0,1.E0));
#4608=DIRECTION('',(-1.E0,0.E0,0.E0));
#4609=AXIS2_PLACEMENT_3D('',#4606,#4607,#4608);
#4610=PLANE('',#4609);
#4611=ORIENTED_EDGE('',*,*,#4597,.F.);
#4612=ORIENTED_EDGE('',*,*,#4572,.T.);
#4614=ORIENTED_EDGE('',*,*,#4613,.T.);
#4616=ORIENTED_EDGE('',*,*,#4615,.F.);
#4617=ORIENTED_EDGE('',*,*,#4120,.F.);
#4619=ORIENTED_EDGE('',*,*,#4618,.T.);
#4620=EDGE_LOOP('',(#4611,#4612,#4614,#4616,#4617,#4619));
#4621=FACE_OUTER_BOUND('',#4620,.F.);
#4622=ADVANCED_FACE('',(#4621),#4610,.T.);
#4623=CARTESIAN_POINT('',(1.193E1,-2.54E0,2.04E0));
#4624=DIRECTION('',(1.E0,0.E0,0.E0));
#4625=DIRECTION('',(0.E0,0.E0,1.E0));
#4626=AXIS2_PLACEMENT_3D('',#4623,#4624,#4625);
#4627=PLANE('',#4626);
#4628=ORIENTED_EDGE('',*,*,#4570,.T.);
#4630=ORIENTED_EDGE('',*,*,#4629,.T.);
#4632=ORIENTED_EDGE('',*,*,#4631,.T.);
#4633=ORIENTED_EDGE('',*,*,#4613,.F.);
#4634=EDGE_LOOP('',(#4628,#4630,#4632,#4633));
#4635=FACE_OUTER_BOUND('',#4634,.F.);
#4636=ADVANCED_FACE('',(#4635),#4627,.F.);
#4637=CARTESIAN_POINT('',(1.347E1,-2.54E0,2.04E0));
#4638=DIRECTION('',(0.E0,0.E0,1.E0));
#4639=DIRECTION('',(-1.E0,0.E0,0.E0));
#4640=AXIS2_PLACEMENT_3D('',#4637,#4638,#4639);
#4641=PLANE('',#4640);
#4642=ORIENTED_EDGE('',*,*,#4568,.F.);
#4643=ORIENTED_EDGE('',*,*,#4601,.T.);
#4645=ORIENTED_EDGE('',*,*,#4644,.T.);
#4646=ORIENTED_EDGE('',*,*,#4629,.F.);
#4647=EDGE_LOOP('',(#4642,#4643,#4645,#4646));
#4648=FACE_OUTER_BOUND('',#4647,.F.);
#4649=ADVANCED_FACE('',(#4648),#4641,.F.);
#4650=CARTESIAN_POINT('',(0.E0,-1.94E0,0.E0));
#4651=DIRECTION('',(0.E0,-1.E0,0.E0));
#4652=DIRECTION('',(0.E0,0.E0,-1.E0));
#4653=AXIS2_PLACEMENT_3D('',#4650,#4651,#4652);
#4654=PLANE('',#4653);
#4656=ORIENTED_EDGE('',*,*,#4655,.F.);
#4657=ORIENTED_EDGE('',*,*,#4521,.T.);
#4659=ORIENTED_EDGE('',*,*,#4658,.F.);
#4661=ORIENTED_EDGE('',*,*,#4660,.F.);
#4662=ORIENTED_EDGE('',*,*,#4554,.F.);
#4664=ORIENTED_EDGE('',*,*,#4663,.T.);
#4666=ORIENTED_EDGE('',*,*,#4665,.F.);
#4668=ORIENTED_EDGE('',*,*,#4667,.T.);
#4669=ORIENTED_EDGE('',*,*,#4631,.F.);
#4670=ORIENTED_EDGE('',*,*,#4644,.F.);
#4671=ORIENTED_EDGE('',*,*,#4599,.F.);
#4673=ORIENTED_EDGE('',*,*,#4672,.T.);
#4674=EDGE_LOOP('',(#4656,#4657,#4659,#4661,#4662,#4664,#4666,#4668,#4669,#4670,
#4671,#4673));
#4675=FACE_OUTER_BOUND('',#4674,.F.);
#4677=ORIENTED_EDGE('',*,*,#4676,.F.);
#4679=ORIENTED_EDGE('',*,*,#4678,.F.);
#4681=ORIENTED_EDGE('',*,*,#4680,.F.);
#4683=ORIENTED_EDGE('',*,*,#4682,.F.);
#4684=EDGE_LOOP('',(#4677,#4679,#4681,#4683));
#4685=FACE_BOUND('',#4684,.F.);
#4687=ORIENTED_EDGE('',*,*,#4686,.F.);
#4689=ORIENTED_EDGE('',*,*,#4688,.F.);
#4691=ORIENTED_EDGE('',*,*,#4690,.F.);
#4693=ORIENTED_EDGE('',*,*,#4692,.F.);
#4694=EDGE_LOOP('',(#4687,#4689,#4691,#4693));
#4695=FACE_BOUND('',#4694,.F.);
#4696=ADVANCED_FACE('',(#4675,#4685,#4695),#4654,.T.);
#4697=CARTESIAN_POINT('',(1.397E1,-1.69E0,-2.04E0));
#4698=DIRECTION('',(7.071067811865E-1,-7.071067811865E-1,0.E0));
#4699=DIRECTION('',(0.E0,0.E0,1.E0));
#4700=AXIS2_PLACEMENT_3D('',#4697,#4698,#4699);
#4701=PLANE('',#4700);
#4703=ORIENTED_EDGE('',*,*,#4702,.T.);
#4704=ORIENTED_EDGE('',*,*,#4523,.T.);
#4705=ORIENTED_EDGE('',*,*,#4655,.T.);
#4707=ORIENTED_EDGE('',*,*,#4706,.F.);
#4708=EDGE_LOOP('',(#4703,#4704,#4705,#4707));
#4709=FACE_OUTER_BOUND('',#4708,.F.);
#4710=ADVANCED_FACE('',(#4709),#4701,.T.);
#4711=CARTESIAN_POINT('',(1.397E1,-1.69E0,2.04E0));
#4712=DIRECTION('',(-7.071067811865E-1,-7.071067811865E-1,0.E0));
#4713=DIRECTION('',(0.E0,0.E0,-1.E0));
#4714=AXIS2_PLACEMENT_3D('',#4711,#4712,#4713);
#4715=PLANE('',#4714);
#4716=ORIENTED_EDGE('',*,*,#4702,.F.);
#4718=ORIENTED_EDGE('',*,*,#4717,.T.);
#4719=ORIENTED_EDGE('',*,*,#4276,.T.);
#4720=ORIENTED_EDGE('',*,*,#4506,.F.);
#4721=EDGE_LOOP('',(#4716,#4718,#4719,#4720));
#4722=FACE_OUTER_BOUND('',#4721,.F.);
#4723=ADVANCED_FACE('',(#4722),#4715,.T.);
#4724=CARTESIAN_POINT('',(1.397E1,0.E0,2.04E0));
#4725=DIRECTION('',(-7.071067811865E-1,0.E0,7.071067811865E-1));
#4726=DIRECTION('',(0.E0,-1.E0,0.E0));
#4727=AXIS2_PLACEMENT_3D('',#4724,#4725,#4726);
#4728=PLANE('',#4727);
#4729=ORIENTED_EDGE('',*,*,#4278,.F.);
#4730=ORIENTED_EDGE('',*,*,#4717,.F.);
#4732=ORIENTED_EDGE('',*,*,#4731,.F.);
#4733=ORIENTED_EDGE('',*,*,#4176,.F.);
#4734=ORIENTED_EDGE('',*,*,#4195,.T.);
#4735=ORIENTED_EDGE('',*,*,#4364,.T.);
#4736=EDGE_LOOP('',(#4729,#4730,#4732,#4733,#4734,#4735));
#4737=FACE_OUTER_BOUND('',#4736,.F.);
#4738=ADVANCED_FACE('',(#4737),#4728,.T.);
#4739=CARTESIAN_POINT('',(1.347E1,0.E0,2.54E0));
#4740=DIRECTION('',(7.071067811865E-1,0.E0,7.071067811865E-1));
#4741=DIRECTION('',(0.E0,-1.E0,0.E0));
#4742=AXIS2_PLACEMENT_3D('',#4739,#4740,#4741);
#4743=PLANE('',#4742);
#4744=ORIENTED_EDGE('',*,*,#4731,.T.);
#4745=ORIENTED_EDGE('',*,*,#4706,.T.);
#4746=ORIENTED_EDGE('',*,*,#4672,.F.);
#4747=ORIENTED_EDGE('',*,*,#4618,.F.);
#4748=ORIENTED_EDGE('',*,*,#4118,.T.);
#4749=ORIENTED_EDGE('',*,*,#4161,.T.);
#4750=EDGE_LOOP('',(#4744,#4745,#4746,#4747,#4748,#4749));
#4751=FACE_OUTER_BOUND('',#4750,.F.);
#4752=ADVANCED_FACE('',(#4751),#4743,.T.);
#4753=CARTESIAN_POINT('',(1.347E1,-2.54E0,-2.04E0));
#4754=DIRECTION('',(-1.E0,0.E0,0.E0));
#4755=DIRECTION('',(0.E0,0.E0,-1.E0));
#4756=AXIS2_PLACEMENT_3D('',#4753,#4754,#4755);
#4757=PLANE('',#4756);
#4758=ORIENTED_EDGE('',*,*,#4585,.T.);
#4760=ORIENTED_EDGE('',*,*,#4759,.T.);
#4761=ORIENTED_EDGE('',*,*,#4658,.T.);
#4762=ORIENTED_EDGE('',*,*,#4537,.F.);
#4763=EDGE_LOOP('',(#4758,#4760,#4761,#4762));
#4764=FACE_OUTER_BOUND('',#4763,.F.);
#4765=ADVANCED_FACE('',(#4764),#4757,.F.);
#4766=CARTESIAN_POINT('',(1.193E1,-2.54E0,-2.04E0));
#4767=DIRECTION('',(0.E0,0.E0,-1.E0));
#4768=DIRECTION('',(1.E0,0.E0,0.E0));
#4769=AXIS2_PLACEMENT_3D('',#4766,#4767,#4768);
#4770=PLANE('',#4769);
#4771=ORIENTED_EDGE('',*,*,#4583,.F.);
#4772=ORIENTED_EDGE('',*,*,#4556,.T.);
#4773=ORIENTED_EDGE('',*,*,#4660,.T.);
#4774=ORIENTED_EDGE('',*,*,#4759,.F.);
#4775=EDGE_LOOP('',(#4771,#4772,#4773,#4774));
#4776=FACE_OUTER_BOUND('',#4775,.F.);
#4777=ADVANCED_FACE('',(#4776),#4770,.F.);
#4778=CARTESIAN_POINT('',(1.193E1,0.E0,-2.54E0));
#4779=DIRECTION('',(-7.071067811865E-1,0.E0,-7.071067811865E-1));
#4780=DIRECTION('',(0.E0,-1.E0,0.E0));
#4781=AXIS2_PLACEMENT_3D('',#4778,#4779,#4780);
#4782=PLANE('',#4781);
#4783=ORIENTED_EDGE('',*,*,#4663,.F.);
#4784=ORIENTED_EDGE('',*,*,#4541,.F.);
#4785=ORIENTED_EDGE('',*,*,#4125,.T.);
#4786=ORIENTED_EDGE('',*,*,#4106,.T.);
#4788=ORIENTED_EDGE('',*,*,#4787,.T.);
#4790=ORIENTED_EDGE('',*,*,#4789,.T.);
#4791=EDGE_LOOP('',(#4783,#4784,#4785,#4786,#4788,#4790));
#4792=FACE_OUTER_BOUND('',#4791,.F.);
#4793=ADVANCED_FACE('',(#4792),#4782,.T.);
#4794=CARTESIAN_POINT('',(1.143E1,0.E0,-2.04E0));
#4795=DIRECTION('',(7.071067811865E-1,0.E0,-7.071067811865E-1));
#4796=DIRECTION('',(0.E0,-1.E0,0.E0));
#4797=AXIS2_PLACEMENT_3D('',#4794,#4795,#4796);
#4798=PLANE('',#4797);
#4799=ORIENTED_EDGE('',*,*,#4787,.F.);
#4800=ORIENTED_EDGE('',*,*,#4091,.F.);
#4801=ORIENTED_EDGE('',*,*,#4056,.T.);
#4803=ORIENTED_EDGE('',*,*,#4802,.T.);
#4805=ORIENTED_EDGE('',*,*,#4804,.F.);
#4807=ORIENTED_EDGE('',*,*,#4806,.F.);
#4808=EDGE_LOOP('',(#4799,#4800,#4801,#4803,#4805,#4807));
#4809=FACE_OUTER_BOUND('',#4808,.F.);
#4810=ADVANCED_FACE('',(#4809),#4798,.T.);
#4811=CARTESIAN_POINT('',(8.89E0,0.E0,-2.54E0));
#4812=DIRECTION('',(0.E0,0.E0,-1.E0));
#4813=DIRECTION('',(1.E0,0.E0,0.E0));
#4814=AXIS2_PLACEMENT_3D('',#4811,#4812,#4813);
#4815=PLANE('',#4814);
#4817=ORIENTED_EDGE('',*,*,#4816,.F.);
#4819=ORIENTED_EDGE('',*,*,#4818,.T.);
#4821=ORIENTED_EDGE('',*,*,#4820,.T.);
#4822=ORIENTED_EDGE('',*,*,#4802,.F.);
#4823=ORIENTED_EDGE('',*,*,#4054,.F.);
#4825=ORIENTED_EDGE('',*,*,#4824,.T.);
#4826=EDGE_LOOP('',(#4817,#4819,#4821,#4822,#4823,#4825));
#4827=FACE_OUTER_BOUND('',#4826,.F.);
#4828=ADVANCED_FACE('',(#4827),#4815,.T.);
#4829=CARTESIAN_POINT('',(9.39E0,-2.54E0,-2.54E0));
#4830=DIRECTION('',(1.E0,0.E0,0.E0));
#4831=DIRECTION('',(0.E0,0.E0,1.E0));
#4832=AXIS2_PLACEMENT_3D('',#4829,#4830,#4831);
#4833=PLANE('',#4832);
#4835=ORIENTED_EDGE('',*,*,#4834,.F.);
#4836=ORIENTED_EDGE('',*,*,#4816,.T.);
#4838=ORIENTED_EDGE('',*,*,#4837,.T.);
#4840=ORIENTED_EDGE('',*,*,#4839,.F.);
#4841=EDGE_LOOP('',(#4835,#4836,#4838,#4840));
#4842=FACE_OUTER_BOUND('',#4841,.F.);
#4843=ADVANCED_FACE('',(#4842),#4833,.F.);
#4844=CARTESIAN_POINT('',(0.E0,-2.54E0,0.E0));
#4845=DIRECTION('',(0.E0,-1.E0,0.E0));
#4846=DIRECTION('',(-1.E0,0.E0,0.E0));
#4847=AXIS2_PLACEMENT_3D('',#4844,#4845,#4846);
#4848=PLANE('',#4847);
#4850=ORIENTED_EDGE('',*,*,#4849,.T.);
#4852=ORIENTED_EDGE('',*,*,#4851,.T.);
#4854=ORIENTED_EDGE('',*,*,#4853,.F.);
#4856=ORIENTED_EDGE('',*,*,#4855,.F.);
#4857=EDGE_LOOP('',(#4850,#4852,#4854,#4856));
#4858=FACE_OUTER_BOUND('',#4857,.F.);
#4859=ADVANCED_FACE('',(#4858),#4848,.T.);
#4860=CARTESIAN_POINT('',(0.E0,-2.54E0,0.E0));
#4861=DIRECTION('',(0.E0,-1.E0,0.E0));
#4862=DIRECTION('',(-1.E0,0.E0,0.E0));
#4863=AXIS2_PLACEMENT_3D('',#4860,#4861,#4862);
#4864=PLANE('',#4863);
#4865=ORIENTED_EDGE('',*,*,#4834,.T.);
#4867=ORIENTED_EDGE('',*,*,#4866,.T.);
#4869=ORIENTED_EDGE('',*,*,#4868,.F.);
#4870=ORIENTED_EDGE('',*,*,#4818,.F.);
#4871=EDGE_LOOP('',(#4865,#4867,#4869,#4870));
#4872=FACE_OUTER_BOUND('',#4871,.F.);
#4873=ADVANCED_FACE('',(#4872),#4864,.T.);
#4874=CARTESIAN_POINT('',(1.093E1,-2.54E0,2.54E0));
#4875=DIRECTION('',(-1.E0,0.E0,0.E0));
#4876=DIRECTION('',(0.E0,0.E0,-1.E0));
#4877=AXIS2_PLACEMENT_3D('',#4874,#4875,#4876);
#4878=PLANE('',#4877);
#4879=ORIENTED_EDGE('',*,*,#4849,.F.);
#4881=ORIENTED_EDGE('',*,*,#4880,.T.);
#4883=ORIENTED_EDGE('',*,*,#4882,.T.);
#4885=ORIENTED_EDGE('',*,*,#4884,.F.);
#4886=EDGE_LOOP('',(#4879,#4881,#4883,#4885));
#4887=FACE_OUTER_BOUND('',#4886,.F.);
#4888=ADVANCED_FACE('',(#4887),#4878,.F.);
#4889=CARTESIAN_POINT('',(1.143E1,0.E0,2.54E0));
#4890=DIRECTION('',(0.E0,0.E0,1.E0));
#4891=DIRECTION('',(-1.E0,0.E0,0.E0));
#4892=AXIS2_PLACEMENT_3D('',#4889,#4890,#4891);
#4893=PLANE('',#4892);
#4894=ORIENTED_EDGE('',*,*,#4880,.F.);
#4895=ORIENTED_EDGE('',*,*,#4855,.T.);
#4897=ORIENTED_EDGE('',*,*,#4896,.T.);
#4899=ORIENTED_EDGE('',*,*,#4898,.F.);
#4900=ORIENTED_EDGE('',*,*,#4047,.F.);
#4902=ORIENTED_EDGE('',*,*,#4901,.T.);
#4903=EDGE_LOOP('',(#4894,#4895,#4897,#4899,#4900,#4902));
#4904=FACE_OUTER_BOUND('',#4903,.F.);
#4905=ADVANCED_FACE('',(#4904),#4893,.T.);
#4906=CARTESIAN_POINT('',(9.39E0,-2.54E0,2.04E0));
#4907=DIRECTION('',(1.E0,0.E0,0.E0));
#4908=DIRECTION('',(0.E0,0.E0,1.E0));
#4909=AXIS2_PLACEMENT_3D('',#4906,#4907,#4908);
#4910=PLANE('',#4909);
#4911=ORIENTED_EDGE('',*,*,#4853,.T.);
#4913=ORIENTED_EDGE('',*,*,#4912,.T.);
#4915=ORIENTED_EDGE('',*,*,#4914,.T.);
#4916=ORIENTED_EDGE('',*,*,#4896,.F.);
#4917=EDGE_LOOP('',(#4911,#4913,#4915,#4916));
#4918=FACE_OUTER_BOUND('',#4917,.F.);
#4919=ADVANCED_FACE('',(#4918),#4910,.F.);
#4920=CARTESIAN_POINT('',(1.093E1,-2.54E0,2.04E0));
#4921=DIRECTION('',(0.E0,0.E0,1.E0));
#4922=DIRECTION('',(-1.E0,0.E0,0.E0));
#4923=AXIS2_PLACEMENT_3D('',#4920,#4921,#4922);
#4924=PLANE('',#4923);
#4925=ORIENTED_EDGE('',*,*,#4851,.F.);
#4926=ORIENTED_EDGE('',*,*,#4884,.T.);
#4928=ORIENTED_EDGE('',*,*,#4927,.T.);
#4929=ORIENTED_EDGE('',*,*,#4912,.F.);
#4930=EDGE_LOOP('',(#4925,#4926,#4928,#4929));
#4931=FACE_OUTER_BOUND('',#4930,.F.);
#4932=ADVANCED_FACE('',(#4931),#4924,.F.);
#4933=CARTESIAN_POINT('',(0.E0,-1.94E0,0.E0));
#4934=DIRECTION('',(0.E0,-1.E0,0.E0));
#4935=DIRECTION('',(0.E0,0.E0,-1.E0));
#4936=AXIS2_PLACEMENT_3D('',#4933,#4934,#4935);
#4937=PLANE('',#4936);
#4939=ORIENTED_EDGE('',*,*,#4938,.F.);
#4940=ORIENTED_EDGE('',*,*,#4804,.T.);
#4942=ORIENTED_EDGE('',*,*,#4941,.F.);
#4944=ORIENTED_EDGE('',*,*,#4943,.F.);
#4945=ORIENTED_EDGE('',*,*,#4837,.F.);
#4947=ORIENTED_EDGE('',*,*,#4946,.T.);
#4949=ORIENTED_EDGE('',*,*,#4948,.F.);
#4951=ORIENTED_EDGE('',*,*,#4950,.T.);
#4952=ORIENTED_EDGE('',*,*,#4914,.F.);
#4953=ORIENTED_EDGE('',*,*,#4927,.F.);
#4954=ORIENTED_EDGE('',*,*,#4882,.F.);
#4956=ORIENTED_EDGE('',*,*,#4955,.T.);
#4957=EDGE_LOOP('',(#4939,#4940,#4942,#4944,#4945,#4947,#4949,#4951,#4952,#4953,
#4954,#4956));
#4958=FACE_OUTER_BOUND('',#4957,.F.);
#4960=ORIENTED_EDGE('',*,*,#4959,.F.);
#4962=ORIENTED_EDGE('',*,*,#4961,.F.);
#4964=ORIENTED_EDGE('',*,*,#4963,.F.);
#4966=ORIENTED_EDGE('',*,*,#4965,.F.);
#4967=EDGE_LOOP('',(#4960,#4962,#4964,#4966));
#4968=FACE_BOUND('',#4967,.F.);
#4970=ORIENTED_EDGE('',*,*,#4969,.F.);
#4972=ORIENTED_EDGE('',*,*,#4971,.F.);
#4974=ORIENTED_EDGE('',*,*,#4973,.F.);
#4976=ORIENTED_EDGE('',*,*,#4975,.F.);
#4977=EDGE_LOOP('',(#4970,#4972,#4974,#4976));
#4978=FACE_BOUND('',#4977,.F.);
#4979=ADVANCED_FACE('',(#4958,#4968,#4978),#4937,.T.);
#4980=CARTESIAN_POINT('',(1.143E1,-1.69E0,-2.04E0));
#4981=DIRECTION('',(7.071067811865E-1,-7.071067811865E-1,0.E0));
#4982=DIRECTION('',(0.E0,0.E0,1.E0));
#4983=AXIS2_PLACEMENT_3D('',#4980,#4981,#4982);
#4984=PLANE('',#4983);
#4986=ORIENTED_EDGE('',*,*,#4985,.T.);
#4987=ORIENTED_EDGE('',*,*,#4806,.T.);
#4988=ORIENTED_EDGE('',*,*,#4938,.T.);
#4990=ORIENTED_EDGE('',*,*,#4989,.F.);
#4991=EDGE_LOOP('',(#4986,#4987,#4988,#4990));
#4992=FACE_OUTER_BOUND('',#4991,.F.);
#4993=ADVANCED_FACE('',(#4992),#4984,.T.);
#4994=CARTESIAN_POINT('',(1.143E1,-1.69E0,2.04E0));
#4995=DIRECTION('',(-7.071067811865E-1,-7.071067811865E-1,0.E0));
#4996=DIRECTION('',(0.E0,0.E0,-1.E0));
#4997=AXIS2_PLACEMENT_3D('',#4994,#4995,#4996);
#4998=PLANE('',#4997);
#4999=ORIENTED_EDGE('',*,*,#4985,.F.);
#5001=ORIENTED_EDGE('',*,*,#5000,.T.);
#5002=ORIENTED_EDGE('',*,*,#4665,.T.);
#5003=ORIENTED_EDGE('',*,*,#4789,.F.);
#5004=EDGE_LOOP('',(#4999,#5001,#5002,#5003));
#5005=FACE_OUTER_BOUND('',#5004,.F.);
#5006=ADVANCED_FACE('',(#5005),#4998,.T.);
#5007=CARTESIAN_POINT('',(1.143E1,0.E0,2.04E0));
#5008=DIRECTION('',(-7.071067811865E-1,0.E0,7.071067811865E-1));
#5009=DIRECTION('',(0.E0,-1.E0,0.E0));
#5010=AXIS2_PLACEMENT_3D('',#5007,#5008,#5009);
#5011=PLANE('',#5010);
#5012=ORIENTED_EDGE('',*,*,#4667,.F.);
#5013=ORIENTED_EDGE('',*,*,#5000,.F.);
#5015=ORIENTED_EDGE('',*,*,#5014,.F.);
#5016=ORIENTED_EDGE('',*,*,#4103,.F.);
#5017=ORIENTED_EDGE('',*,*,#4122,.T.);
#5018=ORIENTED_EDGE('',*,*,#4615,.T.);
#5019=EDGE_LOOP('',(#5012,#5013,#5015,#5016,#5017,#5018));
#5020=FACE_OUTER_BOUND('',#5019,.F.);
#5021=ADVANCED_FACE('',(#5020),#5011,.T.);
#5022=CARTESIAN_POINT('',(1.093E1,0.E0,2.54E0));
#5023=DIRECTION('',(7.071067811865E-1,0.E0,7.071067811865E-1));
#5024=DIRECTION('',(0.E0,-1.E0,0.E0));
#5025=AXIS2_PLACEMENT_3D('',#5022,#5023,#5024);
#5026=PLANE('',#5025);
#5027=ORIENTED_EDGE('',*,*,#5014,.T.);
#5028=ORIENTED_EDGE('',*,*,#4989,.T.);
#5029=ORIENTED_EDGE('',*,*,#4955,.F.);
#5030=ORIENTED_EDGE('',*,*,#4901,.F.);
#5031=ORIENTED_EDGE('',*,*,#4045,.T.);
#5032=ORIENTED_EDGE('',*,*,#4088,.T.);
#5033=EDGE_LOOP('',(#5027,#5028,#5029,#5030,#5031,#5032));
#5034=FACE_OUTER_BOUND('',#5033,.F.);
#5035=ADVANCED_FACE('',(#5034),#5026,.T.);
#5036=CARTESIAN_POINT('',(1.093E1,-2.54E0,-2.04E0));
#5037=DIRECTION('',(-1.E0,0.E0,0.E0));
#5038=DIRECTION('',(0.E0,0.E0,-1.E0));
#5039=AXIS2_PLACEMENT_3D('',#5036,#5037,#5038);
#5040=PLANE('',#5039);
#5041=ORIENTED_EDGE('',*,*,#4868,.T.);
#5043=ORIENTED_EDGE('',*,*,#5042,.T.);
#5044=ORIENTED_EDGE('',*,*,#4941,.T.);
#5045=ORIENTED_EDGE('',*,*,#4820,.F.);
#5046=EDGE_LOOP('',(#5041,#5043,#5044,#5045));
#5047=FACE_OUTER_BOUND('',#5046,.F.);
#5048=ADVANCED_FACE('',(#5047),#5040,.F.);
#5049=CARTESIAN_POINT('',(9.39E0,-2.54E0,-2.04E0));
#5050=DIRECTION('',(0.E0,0.E0,-1.E0));
#5051=DIRECTION('',(1.E0,0.E0,0.E0));
#5052=AXIS2_PLACEMENT_3D('',#5049,#5050,#5051);
#5053=PLANE('',#5052);
#5054=ORIENTED_EDGE('',*,*,#4866,.F.);
#5055=ORIENTED_EDGE('',*,*,#4839,.T.);
#5056=ORIENTED_EDGE('',*,*,#4943,.T.);
#5057=ORIENTED_EDGE('',*,*,#5042,.F.);
#5058=EDGE_LOOP('',(#5054,#5055,#5056,#5057));
#5059=FACE_OUTER_BOUND('',#5058,.F.);
#5060=ADVANCED_FACE('',(#5059),#5053,.F.);
#5061=CARTESIAN_POINT('',(9.39E0,0.E0,-2.54E0));
#5062=DIRECTION('',(-7.071067811865E-1,0.E0,-7.071067811865E-1));
#5063=DIRECTION('',(0.E0,-1.E0,0.E0));
#5064=AXIS2_PLACEMENT_3D('',#5061,#5062,#5063);
#5065=PLANE('',#5064);
#5066=ORIENTED_EDGE('',*,*,#4946,.F.);
#5067=ORIENTED_EDGE('',*,*,#4824,.F.);
#5068=ORIENTED_EDGE('',*,*,#4052,.T.);
#5069=ORIENTED_EDGE('',*,*,#4033,.T.);
#5071=ORIENTED_EDGE('',*,*,#5070,.T.);
#5073=ORIENTED_EDGE('',*,*,#5072,.T.);
#5074=EDGE_LOOP('',(#5066,#5067,#5068,#5069,#5071,#5073));
#5075=FACE_OUTER_BOUND('',#5074,.F.);
#5076=ADVANCED_FACE('',(#5075),#5065,.T.);
#5077=CARTESIAN_POINT('',(8.89E0,0.E0,-2.04E0));
#5078=DIRECTION('',(7.071067811865E-1,0.E0,-7.071067811865E-1));
#5079=DIRECTION('',(0.E0,-1.E0,0.E0));
#5080=AXIS2_PLACEMENT_3D('',#5077,#5078,#5079);
#5081=PLANE('',#5080);
#5082=ORIENTED_EDGE('',*,*,#5070,.F.);
#5083=ORIENTED_EDGE('',*,*,#4018,.F.);
#5084=ORIENTED_EDGE('',*,*,#3983,.T.);
#5086=ORIENTED_EDGE('',*,*,#5085,.T.);
#5088=ORIENTED_EDGE('',*,*,#5087,.F.);
#5090=ORIENTED_EDGE('',*,*,#5089,.F.);
#5091=EDGE_LOOP('',(#5082,#5083,#5084,#5086,#5088,#5090));
#5092=FACE_OUTER_BOUND('',#5091,.F.);
#5093=ADVANCED_FACE('',(#5092),#5081,.T.);
#5094=CARTESIAN_POINT('',(6.35E0,0.E0,-2.54E0));
#5095=DIRECTION('',(0.E0,0.E0,-1.E0));
#5096=DIRECTION('',(1.E0,0.E0,0.E0));
#5097=AXIS2_PLACEMENT_3D('',#5094,#5095,#5096);
#5098=PLANE('',#5097);
#5100=ORIENTED_EDGE('',*,*,#5099,.F.);
#5102=ORIENTED_EDGE('',*,*,#5101,.T.);
#5104=ORIENTED_EDGE('',*,*,#5103,.T.);
#5105=ORIENTED_EDGE('',*,*,#5085,.F.);
#5106=ORIENTED_EDGE('',*,*,#3981,.F.);
#5108=ORIENTED_EDGE('',*,*,#5107,.T.);
#5109=EDGE_LOOP('',(#5100,#5102,#5104,#5105,#5106,#5108));
#5110=FACE_OUTER_BOUND('',#5109,.F.);
#5111=ADVANCED_FACE('',(#5110),#5098,.T.);
#5112=CARTESIAN_POINT('',(6.85E0,-2.54E0,-2.54E0));
#5113=DIRECTION('',(1.E0,0.E0,0.E0));
#5114=DIRECTION('',(0.E0,0.E0,1.E0));
#5115=AXIS2_PLACEMENT_3D('',#5112,#5113,#5114);
#5116=PLANE('',#5115);
#5118=ORIENTED_EDGE('',*,*,#5117,.F.);
#5119=ORIENTED_EDGE('',*,*,#5099,.T.);
#5121=ORIENTED_EDGE('',*,*,#5120,.T.);
#5123=ORIENTED_EDGE('',*,*,#5122,.F.);
#5124=EDGE_LOOP('',(#5118,#5119,#5121,#5123));
#5125=FACE_OUTER_BOUND('',#5124,.F.);
#5126=ADVANCED_FACE('',(#5125),#5116,.F.);
#5127=CARTESIAN_POINT('',(0.E0,-2.54E0,0.E0));
#5128=DIRECTION('',(0.E0,-1.E0,0.E0));
#5129=DIRECTION('',(-1.E0,0.E0,0.E0));
#5130=AXIS2_PLACEMENT_3D('',#5127,#5128,#5129);
#5131=PLANE('',#5130);
#5133=ORIENTED_EDGE('',*,*,#5132,.T.);
#5135=ORIENTED_EDGE('',*,*,#5134,.T.);
#5137=ORIENTED_EDGE('',*,*,#5136,.F.);
#5139=ORIENTED_EDGE('',*,*,#5138,.F.);
#5140=EDGE_LOOP('',(#5133,#5135,#5137,#5139));
#5141=FACE_OUTER_BOUND('',#5140,.F.);
#5142=ADVANCED_FACE('',(#5141),#5131,.T.);
#5143=CARTESIAN_POINT('',(0.E0,-2.54E0,0.E0));
#5144=DIRECTION('',(0.E0,-1.E0,0.E0));
#5145=DIRECTION('',(-1.E0,0.E0,0.E0));
#5146=AXIS2_PLACEMENT_3D('',#5143,#5144,#5145);
#5147=PLANE('',#5146);
#5148=ORIENTED_EDGE('',*,*,#5117,.T.);
#5150=ORIENTED_EDGE('',*,*,#5149,.T.);
#5152=ORIENTED_EDGE('',*,*,#5151,.F.);
#5153=ORIENTED_EDGE('',*,*,#5101,.F.);
#5154=EDGE_LOOP('',(#5148,#5150,#5152,#5153));
#5155=FACE_OUTER_BOUND('',#5154,.F.);
#5156=ADVANCED_FACE('',(#5155),#5147,.T.);
#5157=CARTESIAN_POINT('',(8.39E0,-2.54E0,2.54E0));
#5158=DIRECTION('',(-1.E0,0.E0,0.E0));
#5159=DIRECTION('',(0.E0,0.E0,-1.E0));
#5160=AXIS2_PLACEMENT_3D('',#5157,#5158,#5159);
#5161=PLANE('',#5160);
#5162=ORIENTED_EDGE('',*,*,#5132,.F.);
#5164=ORIENTED_EDGE('',*,*,#5163,.T.);
#5166=ORIENTED_EDGE('',*,*,#5165,.T.);
#5168=ORIENTED_EDGE('',*,*,#5167,.F.);
#5169=EDGE_LOOP('',(#5162,#5164,#5166,#5168));
#5170=FACE_OUTER_BOUND('',#5169,.F.);
#5171=ADVANCED_FACE('',(#5170),#5161,.F.);
#5172=CARTESIAN_POINT('',(8.89E0,0.E0,2.54E0));
#5173=DIRECTION('',(0.E0,0.E0,1.E0));
#5174=DIRECTION('',(-1.E0,0.E0,0.E0));
#5175=AXIS2_PLACEMENT_3D('',#5172,#5173,#5174);
#5176=PLANE('',#5175);
#5177=ORIENTED_EDGE('',*,*,#5163,.F.);
#5178=ORIENTED_EDGE('',*,*,#5138,.T.);
#5180=ORIENTED_EDGE('',*,*,#5179,.T.);
#5182=ORIENTED_EDGE('',*,*,#5181,.F.);
#5183=ORIENTED_EDGE('',*,*,#3974,.F.);
#5185=ORIENTED_EDGE('',*,*,#5184,.T.);
#5186=EDGE_LOOP('',(#5177,#5178,#5180,#5182,#5183,#5185));
#5187=FACE_OUTER_BOUND('',#5186,.F.);
#5188=ADVANCED_FACE('',(#5187),#5176,.T.);
#5189=CARTESIAN_POINT('',(6.85E0,-2.54E0,2.04E0));
#5190=DIRECTION('',(1.E0,0.E0,0.E0));
#5191=DIRECTION('',(0.E0,0.E0,1.E0));
#5192=AXIS2_PLACEMENT_3D('',#5189,#5190,#5191);
#5193=PLANE('',#5192);
#5194=ORIENTED_EDGE('',*,*,#5136,.T.);
#5196=ORIENTED_EDGE('',*,*,#5195,.T.);
#5198=ORIENTED_EDGE('',*,*,#5197,.T.);
#5199=ORIENTED_EDGE('',*,*,#5179,.F.);
#5200=EDGE_LOOP('',(#5194,#5196,#5198,#5199));
#5201=FACE_OUTER_BOUND('',#5200,.F.);
#5202=ADVANCED_FACE('',(#5201),#5193,.F.);
#5203=CARTESIAN_POINT('',(8.39E0,-2.54E0,2.04E0));
#5204=DIRECTION('',(0.E0,0.E0,1.E0));
#5205=DIRECTION('',(-1.E0,0.E0,0.E0));
#5206=AXIS2_PLACEMENT_3D('',#5203,#5204,#5205);
#5207=PLANE('',#5206);
#5208=ORIENTED_EDGE('',*,*,#5134,.F.);
#5209=ORIENTED_EDGE('',*,*,#5167,.T.);
#5211=ORIENTED_EDGE('',*,*,#5210,.T.);
#5212=ORIENTED_EDGE('',*,*,#5195,.F.);
#5213=EDGE_LOOP('',(#5208,#5209,#5211,#5212));
#5214=FACE_OUTER_BOUND('',#5213,.F.);
#5215=ADVANCED_FACE('',(#5214),#5207,.F.);
#5216=CARTESIAN_POINT('',(0.E0,-1.94E0,0.E0));
#5217=DIRECTION('',(0.E0,-1.E0,0.E0));
#5218=DIRECTION('',(0.E0,0.E0,-1.E0));
#5219=AXIS2_PLACEMENT_3D('',#5216,#5217,#5218);
#5220=PLANE('',#5219);
#5222=ORIENTED_EDGE('',*,*,#5221,.F.);
#5223=ORIENTED_EDGE('',*,*,#5087,.T.);
#5225=ORIENTED_EDGE('',*,*,#5224,.F.);
#5227=ORIENTED_EDGE('',*,*,#5226,.F.);
#5228=ORIENTED_EDGE('',*,*,#5120,.F.);
#5230=ORIENTED_EDGE('',*,*,#5229,.T.);
#5232=ORIENTED_EDGE('',*,*,#5231,.F.);
#5234=ORIENTED_EDGE('',*,*,#5233,.T.);
#5235=ORIENTED_EDGE('',*,*,#5197,.F.);
#5236=ORIENTED_EDGE('',*,*,#5210,.F.);
#5237=ORIENTED_EDGE('',*,*,#5165,.F.);
#5239=ORIENTED_EDGE('',*,*,#5238,.T.);
#5240=EDGE_LOOP('',(#5222,#5223,#5225,#5227,#5228,#5230,#5232,#5234,#5235,#5236,
#5237,#5239));
#5241=FACE_OUTER_BOUND('',#5240,.F.);
#5243=ORIENTED_EDGE('',*,*,#5242,.F.);
#5245=ORIENTED_EDGE('',*,*,#5244,.F.);
#5247=ORIENTED_EDGE('',*,*,#5246,.F.);
#5249=ORIENTED_EDGE('',*,*,#5248,.F.);
#5250=EDGE_LOOP('',(#5243,#5245,#5247,#5249));
#5251=FACE_BOUND('',#5250,.F.);
#5253=ORIENTED_EDGE('',*,*,#5252,.F.);
#5255=ORIENTED_EDGE('',*,*,#5254,.F.);
#5257=ORIENTED_EDGE('',*,*,#5256,.F.);
#5259=ORIENTED_EDGE('',*,*,#5258,.F.);
#5260=EDGE_LOOP('',(#5253,#5255,#5257,#5259));
#5261=FACE_BOUND('',#5260,.F.);
#5262=ADVANCED_FACE('',(#5241,#5251,#5261),#5220,.T.);
#5263=CARTESIAN_POINT('',(8.89E0,-1.69E0,-2.04E0));
#5264=DIRECTION('',(7.071067811865E-1,-7.071067811865E-1,0.E0));
#5265=DIRECTION('',(0.E0,0.E0,1.E0));
#5266=AXIS2_PLACEMENT_3D('',#5263,#5264,#5265);
#5267=PLANE('',#5266);
#5269=ORIENTED_EDGE('',*,*,#5268,.T.);
#5270=ORIENTED_EDGE('',*,*,#5089,.T.);
#5271=ORIENTED_EDGE('',*,*,#5221,.T.);
#5273=ORIENTED_EDGE('',*,*,#5272,.F.);
#5274=EDGE_LOOP('',(#5269,#5270,#5271,#5273));
#5275=FACE_OUTER_BOUND('',#5274,.F.);
#5276=ADVANCED_FACE('',(#5275),#5267,.T.);
#5277=CARTESIAN_POINT('',(8.89E0,-1.69E0,2.04E0));
#5278=DIRECTION('',(-7.071067811865E-1,-7.071067811865E-1,0.E0));
#5279=DIRECTION('',(0.E0,0.E0,-1.E0));
#5280=AXIS2_PLACEMENT_3D('',#5277,#5278,#5279);
#5281=PLANE('',#5280);
#5282=ORIENTED_EDGE('',*,*,#5268,.F.);
#5284=ORIENTED_EDGE('',*,*,#5283,.T.);
#5285=ORIENTED_EDGE('',*,*,#4948,.T.);
#5286=ORIENTED_EDGE('',*,*,#5072,.F.);
#5287=EDGE_LOOP('',(#5282,#5284,#5285,#5286));
#5288=FACE_OUTER_BOUND('',#5287,.F.);
#5289=ADVANCED_FACE('',(#5288),#5281,.T.);
#5290=CARTESIAN_POINT('',(8.89E0,0.E0,2.04E0));
#5291=DIRECTION('',(-7.071067811865E-1,0.E0,7.071067811865E-1));
#5292=DIRECTION('',(0.E0,-1.E0,0.E0));
#5293=AXIS2_PLACEMENT_3D('',#5290,#5291,#5292);
#5294=PLANE('',#5293);
#5295=ORIENTED_EDGE('',*,*,#4950,.F.);
#5296=ORIENTED_EDGE('',*,*,#5283,.F.);
#5298=ORIENTED_EDGE('',*,*,#5297,.F.);
#5299=ORIENTED_EDGE('',*,*,#4030,.F.);
#5300=ORIENTED_EDGE('',*,*,#4049,.T.);
#5301=ORIENTED_EDGE('',*,*,#4898,.T.);
#5302=EDGE_LOOP('',(#5295,#5296,#5298,#5299,#5300,#5301));
#5303=FACE_OUTER_BOUND('',#5302,.F.);
#5304=ADVANCED_FACE('',(#5303),#5294,.T.);
#5305=CARTESIAN_POINT('',(8.39E0,0.E0,2.54E0));
#5306=DIRECTION('',(7.071067811865E-1,0.E0,7.071067811865E-1));
#5307=DIRECTION('',(0.E0,-1.E0,0.E0));
#5308=AXIS2_PLACEMENT_3D('',#5305,#5306,#5307);
#5309=PLANE('',#5308);
#5310=ORIENTED_EDGE('',*,*,#5297,.T.);
#5311=ORIENTED_EDGE('',*,*,#5272,.T.);
#5312=ORIENTED_EDGE('',*,*,#5238,.F.);
#5313=ORIENTED_EDGE('',*,*,#5184,.F.);
#5314=ORIENTED_EDGE('',*,*,#3972,.T.);
#5315=ORIENTED_EDGE('',*,*,#4015,.T.);
#5316=EDGE_LOOP('',(#5310,#5311,#5312,#5313,#5314,#5315));
#5317=FACE_OUTER_BOUND('',#5316,.F.);
#5318=ADVANCED_FACE('',(#5317),#5309,.T.);
#5319=CARTESIAN_POINT('',(8.39E0,-2.54E0,-2.04E0));
#5320=DIRECTION('',(-1.E0,0.E0,0.E0));
#5321=DIRECTION('',(0.E0,0.E0,-1.E0));
#5322=AXIS2_PLACEMENT_3D('',#5319,#5320,#5321);
#5323=PLANE('',#5322);
#5324=ORIENTED_EDGE('',*,*,#5151,.T.);
#5326=ORIENTED_EDGE('',*,*,#5325,.T.);
#5327=ORIENTED_EDGE('',*,*,#5224,.T.);
#5328=ORIENTED_EDGE('',*,*,#5103,.F.);
#5329=EDGE_LOOP('',(#5324,#5326,#5327,#5328));
#5330=FACE_OUTER_BOUND('',#5329,.F.);
#5331=ADVANCED_FACE('',(#5330),#5323,.F.);
#5332=CARTESIAN_POINT('',(6.85E0,-2.54E0,-2.04E0));
#5333=DIRECTION('',(0.E0,0.E0,-1.E0));
#5334=DIRECTION('',(1.E0,0.E0,0.E0));
#5335=AXIS2_PLACEMENT_3D('',#5332,#5333,#5334);
#5336=PLANE('',#5335);
#5337=ORIENTED_EDGE('',*,*,#5149,.F.);
#5338=ORIENTED_EDGE('',*,*,#5122,.T.);
#5339=ORIENTED_EDGE('',*,*,#5226,.T.);
#5340=ORIENTED_EDGE('',*,*,#5325,.F.);
#5341=EDGE_LOOP('',(#5337,#5338,#5339,#5340));
#5342=FACE_OUTER_BOUND('',#5341,.F.);
#5343=ADVANCED_FACE('',(#5342),#5336,.F.);
#5344=CARTESIAN_POINT('',(6.85E0,0.E0,-2.54E0));
#5345=DIRECTION('',(-7.071067811865E-1,0.E0,-7.071067811865E-1));
#5346=DIRECTION('',(0.E0,-1.E0,0.E0));
#5347=AXIS2_PLACEMENT_3D('',#5344,#5345,#5346);
#5348=PLANE('',#5347);
#5349=ORIENTED_EDGE('',*,*,#5229,.F.);
#5350=ORIENTED_EDGE('',*,*,#5107,.F.);
#5351=ORIENTED_EDGE('',*,*,#3979,.T.);
#5352=ORIENTED_EDGE('',*,*,#3960,.T.);
#5354=ORIENTED_EDGE('',*,*,#5353,.T.);
#5356=ORIENTED_EDGE('',*,*,#5355,.T.);
#5357=EDGE_LOOP('',(#5349,#5350,#5351,#5352,#5354,#5356));
#5358=FACE_OUTER_BOUND('',#5357,.F.);
#5359=ADVANCED_FACE('',(#5358),#5348,.T.);
#5360=CARTESIAN_POINT('',(6.35E0,0.E0,-2.04E0));
#5361=DIRECTION('',(7.071067811865E-1,0.E0,-7.071067811865E-1));
#5362=DIRECTION('',(0.E0,-1.E0,0.E0));
#5363=AXIS2_PLACEMENT_3D('',#5360,#5361,#5362);
#5364=PLANE('',#5363);
#5365=ORIENTED_EDGE('',*,*,#5353,.F.);
#5366=ORIENTED_EDGE('',*,*,#3945,.F.);
#5367=ORIENTED_EDGE('',*,*,#3910,.T.);
#5369=ORIENTED_EDGE('',*,*,#5368,.T.);
#5371=ORIENTED_EDGE('',*,*,#5370,.F.);
#5373=ORIENTED_EDGE('',*,*,#5372,.F.);
#5374=EDGE_LOOP('',(#5365,#5366,#5367,#5369,#5371,#5373));
#5375=FACE_OUTER_BOUND('',#5374,.F.);
#5376=ADVANCED_FACE('',(#5375),#5364,.T.);
#5377=CARTESIAN_POINT('',(3.81E0,0.E0,-2.54E0));
#5378=DIRECTION('',(0.E0,0.E0,-1.E0));
#5379=DIRECTION('',(1.E0,0.E0,0.E0));
#5380=AXIS2_PLACEMENT_3D('',#5377,#5378,#5379);
#5381=PLANE('',#5380);
#5383=ORIENTED_EDGE('',*,*,#5382,.F.);
#5385=ORIENTED_EDGE('',*,*,#5384,.T.);
#5387=ORIENTED_EDGE('',*,*,#5386,.T.);
#5388=ORIENTED_EDGE('',*,*,#5368,.F.);
#5389=ORIENTED_EDGE('',*,*,#3908,.F.);
#5391=ORIENTED_EDGE('',*,*,#5390,.T.);
#5392=EDGE_LOOP('',(#5383,#5385,#5387,#5388,#5389,#5391));
#5393=FACE_OUTER_BOUND('',#5392,.F.);
#5394=ADVANCED_FACE('',(#5393),#5381,.T.);
#5395=CARTESIAN_POINT('',(4.31E0,-2.54E0,-2.54E0));
#5396=DIRECTION('',(1.E0,0.E0,0.E0));
#5397=DIRECTION('',(0.E0,0.E0,1.E0));
#5398=AXIS2_PLACEMENT_3D('',#5395,#5396,#5397);
#5399=PLANE('',#5398);
#5401=ORIENTED_EDGE('',*,*,#5400,.F.);
#5402=ORIENTED_EDGE('',*,*,#5382,.T.);
#5404=ORIENTED_EDGE('',*,*,#5403,.T.);
#5406=ORIENTED_EDGE('',*,*,#5405,.F.);
#5407=EDGE_LOOP('',(#5401,#5402,#5404,#5406));
#5408=FACE_OUTER_BOUND('',#5407,.F.);
#5409=ADVANCED_FACE('',(#5408),#5399,.F.);
#5410=CARTESIAN_POINT('',(0.E0,-2.54E0,0.E0));
#5411=DIRECTION('',(0.E0,-1.E0,0.E0));
#5412=DIRECTION('',(-1.E0,0.E0,0.E0));
#5413=AXIS2_PLACEMENT_3D('',#5410,#5411,#5412);
#5414=PLANE('',#5413);
#5416=ORIENTED_EDGE('',*,*,#5415,.T.);
#5418=ORIENTED_EDGE('',*,*,#5417,.T.);
#5420=ORIENTED_EDGE('',*,*,#5419,.F.);
#5422=ORIENTED_EDGE('',*,*,#5421,.F.);
#5423=EDGE_LOOP('',(#5416,#5418,#5420,#5422));
#5424=FACE_OUTER_BOUND('',#5423,.F.);
#5425=ADVANCED_FACE('',(#5424),#5414,.T.);
#5426=CARTESIAN_POINT('',(0.E0,-2.54E0,0.E0));
#5427=DIRECTION('',(0.E0,-1.E0,0.E0));
#5428=DIRECTION('',(-1.E0,0.E0,0.E0));
#5429=AXIS2_PLACEMENT_3D('',#5426,#5427,#5428);
#5430=PLANE('',#5429);
#5431=ORIENTED_EDGE('',*,*,#5400,.T.);
#5433=ORIENTED_EDGE('',*,*,#5432,.T.);
#5435=ORIENTED_EDGE('',*,*,#5434,.F.);
#5436=ORIENTED_EDGE('',*,*,#5384,.F.);
#5437=EDGE_LOOP('',(#5431,#5433,#5435,#5436));
#5438=FACE_OUTER_BOUND('',#5437,.F.);
#5439=ADVANCED_FACE('',(#5438),#5430,.T.);
#5440=CARTESIAN_POINT('',(5.85E0,-2.54E0,2.54E0));
#5441=DIRECTION('',(-1.E0,0.E0,0.E0));
#5442=DIRECTION('',(0.E0,0.E0,-1.E0));
#5443=AXIS2_PLACEMENT_3D('',#5440,#5441,#5442);
#5444=PLANE('',#5443);
#5445=ORIENTED_EDGE('',*,*,#5415,.F.);
#5447=ORIENTED_EDGE('',*,*,#5446,.T.);
#5449=ORIENTED_EDGE('',*,*,#5448,.T.);
#5451=ORIENTED_EDGE('',*,*,#5450,.F.);
#5452=EDGE_LOOP('',(#5445,#5447,#5449,#5451));
#5453=FACE_OUTER_BOUND('',#5452,.F.);
#5454=ADVANCED_FACE('',(#5453),#5444,.F.);
#5455=CARTESIAN_POINT('',(6.35E0,0.E0,2.54E0));
#5456=DIRECTION('',(0.E0,0.E0,1.E0));
#5457=DIRECTION('',(-1.E0,0.E0,0.E0));
#5458=AXIS2_PLACEMENT_3D('',#5455,#5456,#5457);
#5459=PLANE('',#5458);
#5460=ORIENTED_EDGE('',*,*,#5446,.F.);
#5461=ORIENTED_EDGE('',*,*,#5421,.T.);
#5463=ORIENTED_EDGE('',*,*,#5462,.T.);
#5465=ORIENTED_EDGE('',*,*,#5464,.F.);
#5466=ORIENTED_EDGE('',*,*,#3901,.F.);
#5468=ORIENTED_EDGE('',*,*,#5467,.T.);
#5469=EDGE_LOOP('',(#5460,#5461,#5463,#5465,#5466,#5468));
#5470=FACE_OUTER_BOUND('',#5469,.F.);
#5471=ADVANCED_FACE('',(#5470),#5459,.T.);
#5472=CARTESIAN_POINT('',(4.31E0,-2.54E0,2.04E0));
#5473=DIRECTION('',(1.E0,0.E0,0.E0));
#5474=DIRECTION('',(0.E0,0.E0,1.E0));
#5475=AXIS2_PLACEMENT_3D('',#5472,#5473,#5474);
#5476=PLANE('',#5475);
#5477=ORIENTED_EDGE('',*,*,#5419,.T.);
#5479=ORIENTED_EDGE('',*,*,#5478,.T.);
#5481=ORIENTED_EDGE('',*,*,#5480,.T.);
#5482=ORIENTED_EDGE('',*,*,#5462,.F.);
#5483=EDGE_LOOP('',(#5477,#5479,#5481,#5482));
#5484=FACE_OUTER_BOUND('',#5483,.F.);
#5485=ADVANCED_FACE('',(#5484),#5476,.F.);
#5486=CARTESIAN_POINT('',(5.85E0,-2.54E0,2.04E0));
#5487=DIRECTION('',(0.E0,0.E0,1.E0));
#5488=DIRECTION('',(-1.E0,0.E0,0.E0));
#5489=AXIS2_PLACEMENT_3D('',#5486,#5487,#5488);
#5490=PLANE('',#5489);
#5491=ORIENTED_EDGE('',*,*,#5417,.F.);
#5492=ORIENTED_EDGE('',*,*,#5450,.T.);
#5494=ORIENTED_EDGE('',*,*,#5493,.T.);
#5495=ORIENTED_EDGE('',*,*,#5478,.F.);
#5496=EDGE_LOOP('',(#5491,#5492,#5494,#5495));
#5497=FACE_OUTER_BOUND('',#5496,.F.);
#5498=ADVANCED_FACE('',(#5497),#5490,.F.);
#5499=CARTESIAN_POINT('',(0.E0,-1.94E0,0.E0));
#5500=DIRECTION('',(0.E0,-1.E0,0.E0));
#5501=DIRECTION('',(0.E0,0.E0,-1.E0));
#5502=AXIS2_PLACEMENT_3D('',#5499,#5500,#5501);
#5503=PLANE('',#5502);
#5505=ORIENTED_EDGE('',*,*,#5504,.F.);
#5506=ORIENTED_EDGE('',*,*,#5370,.T.);
#5508=ORIENTED_EDGE('',*,*,#5507,.F.);
#5510=ORIENTED_EDGE('',*,*,#5509,.F.);
#5511=ORIENTED_EDGE('',*,*,#5403,.F.);
#5513=ORIENTED_EDGE('',*,*,#5512,.T.);
#5515=ORIENTED_EDGE('',*,*,#5514,.F.);
#5517=ORIENTED_EDGE('',*,*,#5516,.T.);
#5518=ORIENTED_EDGE('',*,*,#5480,.F.);
#5519=ORIENTED_EDGE('',*,*,#5493,.F.);
#5520=ORIENTED_EDGE('',*,*,#5448,.F.);
#5522=ORIENTED_EDGE('',*,*,#5521,.T.);
#5523=EDGE_LOOP('',(#5505,#5506,#5508,#5510,#5511,#5513,#5515,#5517,#5518,#5519,
#5520,#5522));
#5524=FACE_OUTER_BOUND('',#5523,.F.);
#5526=ORIENTED_EDGE('',*,*,#5525,.F.);
#5528=ORIENTED_EDGE('',*,*,#5527,.F.);
#5530=ORIENTED_EDGE('',*,*,#5529,.F.);
#5532=ORIENTED_EDGE('',*,*,#5531,.F.);
#5533=EDGE_LOOP('',(#5526,#5528,#5530,#5532));
#5534=FACE_BOUND('',#5533,.F.);
#5536=ORIENTED_EDGE('',*,*,#5535,.F.);
#5538=ORIENTED_EDGE('',*,*,#5537,.F.);
#5540=ORIENTED_EDGE('',*,*,#5539,.F.);
#5542=ORIENTED_EDGE('',*,*,#5541,.F.);
#5543=EDGE_LOOP('',(#5536,#5538,#5540,#5542));
#5544=FACE_BOUND('',#5543,.F.);
#5545=ADVANCED_FACE('',(#5524,#5534,#5544),#5503,.T.);
#5546=CARTESIAN_POINT('',(6.35E0,-1.69E0,-2.04E0));
#5547=DIRECTION('',(7.071067811865E-1,-7.071067811865E-1,0.E0));
#5548=DIRECTION('',(0.E0,0.E0,1.E0));
#5549=AXIS2_PLACEMENT_3D('',#5546,#5547,#5548);
#5550=PLANE('',#5549);
#5552=ORIENTED_EDGE('',*,*,#5551,.T.);
#5553=ORIENTED_EDGE('',*,*,#5372,.T.);
#5554=ORIENTED_EDGE('',*,*,#5504,.T.);
#5556=ORIENTED_EDGE('',*,*,#5555,.F.);
#5557=EDGE_LOOP('',(#5552,#5553,#5554,#5556));
#5558=FACE_OUTER_BOUND('',#5557,.F.);
#5559=ADVANCED_FACE('',(#5558),#5550,.T.);
#5560=CARTESIAN_POINT('',(6.35E0,-1.69E0,2.04E0));
#5561=DIRECTION('',(-7.071067811865E-1,-7.071067811865E-1,0.E0));
#5562=DIRECTION('',(0.E0,0.E0,-1.E0));
#5563=AXIS2_PLACEMENT_3D('',#5560,#5561,#5562);
#5564=PLANE('',#5563);
#5565=ORIENTED_EDGE('',*,*,#5551,.F.);
#5567=ORIENTED_EDGE('',*,*,#5566,.T.);
#5568=ORIENTED_EDGE('',*,*,#5231,.T.);
#5569=ORIENTED_EDGE('',*,*,#5355,.F.);
#5570=EDGE_LOOP('',(#5565,#5567,#5568,#5569));
#5571=FACE_OUTER_BOUND('',#5570,.F.);
#5572=ADVANCED_FACE('',(#5571),#5564,.T.);
#5573=CARTESIAN_POINT('',(6.35E0,0.E0,2.04E0));
#5574=DIRECTION('',(-7.071067811865E-1,0.E0,7.071067811865E-1));
#5575=DIRECTION('',(0.E0,-1.E0,0.E0));
#5576=AXIS2_PLACEMENT_3D('',#5573,#5574,#5575);
#5577=PLANE('',#5576);
#5578=ORIENTED_EDGE('',*,*,#5233,.F.);
#5579=ORIENTED_EDGE('',*,*,#5566,.F.);
#5581=ORIENTED_EDGE('',*,*,#5580,.F.);
#5582=ORIENTED_EDGE('',*,*,#3957,.F.);
#5583=ORIENTED_EDGE('',*,*,#3976,.T.);
#5584=ORIENTED_EDGE('',*,*,#5181,.T.);
#5585=EDGE_LOOP('',(#5578,#5579,#5581,#5582,#5583,#5584));
#5586=FACE_OUTER_BOUND('',#5585,.F.);
#5587=ADVANCED_FACE('',(#5586),#5577,.T.);
#5588=CARTESIAN_POINT('',(5.85E0,0.E0,2.54E0));
#5589=DIRECTION('',(7.071067811865E-1,0.E0,7.071067811865E-1));
#5590=DIRECTION('',(0.E0,-1.E0,0.E0));
#5591=AXIS2_PLACEMENT_3D('',#5588,#5589,#5590);
#5592=PLANE('',#5591);
#5593=ORIENTED_EDGE('',*,*,#5580,.T.);
#5594=ORIENTED_EDGE('',*,*,#5555,.T.);
#5595=ORIENTED_EDGE('',*,*,#5521,.F.);
#5596=ORIENTED_EDGE('',*,*,#5467,.F.);
#5597=ORIENTED_EDGE('',*,*,#3899,.T.);
#5598=ORIENTED_EDGE('',*,*,#3942,.T.);
#5599=EDGE_LOOP('',(#5593,#5594,#5595,#5596,#5597,#5598));
#5600=FACE_OUTER_BOUND('',#5599,.F.);
#5601=ADVANCED_FACE('',(#5600),#5592,.T.);
#5602=CARTESIAN_POINT('',(5.85E0,-2.54E0,-2.04E0));
#5603=DIRECTION('',(-1.E0,0.E0,0.E0));
#5604=DIRECTION('',(0.E0,0.E0,-1.E0));
#5605=AXIS2_PLACEMENT_3D('',#5602,#5603,#5604);
#5606=PLANE('',#5605);
#5607=ORIENTED_EDGE('',*,*,#5434,.T.);
#5609=ORIENTED_EDGE('',*,*,#5608,.T.);
#5610=ORIENTED_EDGE('',*,*,#5507,.T.);
#5611=ORIENTED_EDGE('',*,*,#5386,.F.);
#5612=EDGE_LOOP('',(#5607,#5609,#5610,#5611));
#5613=FACE_OUTER_BOUND('',#5612,.F.);
#5614=ADVANCED_FACE('',(#5613),#5606,.F.);
#5615=CARTESIAN_POINT('',(4.31E0,-2.54E0,-2.04E0));
#5616=DIRECTION('',(0.E0,0.E0,-1.E0));
#5617=DIRECTION('',(1.E0,0.E0,0.E0));
#5618=AXIS2_PLACEMENT_3D('',#5615,#5616,#5617);
#5619=PLANE('',#5618);
#5620=ORIENTED_EDGE('',*,*,#5432,.F.);
#5621=ORIENTED_EDGE('',*,*,#5405,.T.);
#5622=ORIENTED_EDGE('',*,*,#5509,.T.);
#5623=ORIENTED_EDGE('',*,*,#5608,.F.);
#5624=EDGE_LOOP('',(#5620,#5621,#5622,#5623));
#5625=FACE_OUTER_BOUND('',#5624,.F.);
#5626=ADVANCED_FACE('',(#5625),#5619,.F.);
#5627=CARTESIAN_POINT('',(4.31E0,0.E0,-2.54E0));
#5628=DIRECTION('',(-7.071067811865E-1,0.E0,-7.071067811865E-1));
#5629=DIRECTION('',(0.E0,-1.E0,0.E0));
#5630=AXIS2_PLACEMENT_3D('',#5627,#5628,#5629);
#5631=PLANE('',#5630);
#5632=ORIENTED_EDGE('',*,*,#5512,.F.);
#5633=ORIENTED_EDGE('',*,*,#5390,.F.);
#5634=ORIENTED_EDGE('',*,*,#3906,.T.);
#5635=ORIENTED_EDGE('',*,*,#3887,.T.);
#5637=ORIENTED_EDGE('',*,*,#5636,.T.);
#5639=ORIENTED_EDGE('',*,*,#5638,.T.);
#5640=EDGE_LOOP('',(#5632,#5633,#5634,#5635,#5637,#5639));
#5641=FACE_OUTER_BOUND('',#5640,.F.);
#5642=ADVANCED_FACE('',(#5641),#5631,.T.);
#5643=CARTESIAN_POINT('',(3.81E0,0.E0,-2.04E0));
#5644=DIRECTION('',(7.071067811865E-1,0.E0,-7.071067811865E-1));
#5645=DIRECTION('',(0.E0,-1.E0,0.E0));
#5646=AXIS2_PLACEMENT_3D('',#5643,#5644,#5645);
#5647=PLANE('',#5646);
#5648=ORIENTED_EDGE('',*,*,#5636,.F.);
#5649=ORIENTED_EDGE('',*,*,#3872,.F.);
#5650=ORIENTED_EDGE('',*,*,#3837,.T.);
#5652=ORIENTED_EDGE('',*,*,#5651,.T.);
#5654=ORIENTED_EDGE('',*,*,#5653,.F.);
#5656=ORIENTED_EDGE('',*,*,#5655,.F.);
#5657=EDGE_LOOP('',(#5648,#5649,#5650,#5652,#5654,#5656));
#5658=FACE_OUTER_BOUND('',#5657,.F.);
#5659=ADVANCED_FACE('',(#5658),#5647,.T.);
#5660=CARTESIAN_POINT('',(1.27E0,0.E0,-2.54E0));
#5661=DIRECTION('',(0.E0,0.E0,-1.E0));
#5662=DIRECTION('',(1.E0,0.E0,0.E0));
#5663=AXIS2_PLACEMENT_3D('',#5660,#5661,#5662);
#5664=PLANE('',#5663);
#5666=ORIENTED_EDGE('',*,*,#5665,.F.);
#5668=ORIENTED_EDGE('',*,*,#5667,.T.);
#5670=ORIENTED_EDGE('',*,*,#5669,.T.);
#5671=ORIENTED_EDGE('',*,*,#5651,.F.);
#5672=ORIENTED_EDGE('',*,*,#3835,.F.);
#5674=ORIENTED_EDGE('',*,*,#5673,.T.);
#5675=EDGE_LOOP('',(#5666,#5668,#5670,#5671,#5672,#5674));
#5676=FACE_OUTER_BOUND('',#5675,.F.);
#5677=ADVANCED_FACE('',(#5676),#5664,.T.);
#5678=CARTESIAN_POINT('',(1.77E0,-2.54E0,-2.54E0));
#5679=DIRECTION('',(1.E0,0.E0,0.E0));
#5680=DIRECTION('',(0.E0,0.E0,1.E0));
#5681=AXIS2_PLACEMENT_3D('',#5678,#5679,#5680);
#5682=PLANE('',#5681);
#5684=ORIENTED_EDGE('',*,*,#5683,.F.);
#5685=ORIENTED_EDGE('',*,*,#5665,.T.);
#5687=ORIENTED_EDGE('',*,*,#5686,.T.);
#5689=ORIENTED_EDGE('',*,*,#5688,.F.);
#5690=EDGE_LOOP('',(#5684,#5685,#5687,#5689));
#5691=FACE_OUTER_BOUND('',#5690,.F.);
#5692=ADVANCED_FACE('',(#5691),#5682,.F.);
#5693=CARTESIAN_POINT('',(0.E0,-2.54E0,0.E0));
#5694=DIRECTION('',(0.E0,-1.E0,0.E0));
#5695=DIRECTION('',(-1.E0,0.E0,0.E0));
#5696=AXIS2_PLACEMENT_3D('',#5693,#5694,#5695);
#5697=PLANE('',#5696);
#5699=ORIENTED_EDGE('',*,*,#5698,.T.);
#5701=ORIENTED_EDGE('',*,*,#5700,.T.);
#5703=ORIENTED_EDGE('',*,*,#5702,.F.);
#5705=ORIENTED_EDGE('',*,*,#5704,.F.);
#5706=EDGE_LOOP('',(#5699,#5701,#5703,#5705));
#5707=FACE_OUTER_BOUND('',#5706,.F.);
#5708=ADVANCED_FACE('',(#5707),#5697,.T.);
#5709=CARTESIAN_POINT('',(0.E0,-2.54E0,0.E0));
#5710=DIRECTION('',(0.E0,-1.E0,0.E0));
#5711=DIRECTION('',(-1.E0,0.E0,0.E0));
#5712=AXIS2_PLACEMENT_3D('',#5709,#5710,#5711);
#5713=PLANE('',#5712);
#5714=ORIENTED_EDGE('',*,*,#5683,.T.);
#5716=ORIENTED_EDGE('',*,*,#5715,.T.);
#5718=ORIENTED_EDGE('',*,*,#5717,.F.);
#5719=ORIENTED_EDGE('',*,*,#5667,.F.);
#5720=EDGE_LOOP('',(#5714,#5716,#5718,#5719));
#5721=FACE_OUTER_BOUND('',#5720,.F.);
#5722=ADVANCED_FACE('',(#5721),#5713,.T.);
#5723=CARTESIAN_POINT('',(3.31E0,-2.54E0,2.54E0));
#5724=DIRECTION('',(-1.E0,0.E0,0.E0));
#5725=DIRECTION('',(0.E0,0.E0,-1.E0));
#5726=AXIS2_PLACEMENT_3D('',#5723,#5724,#5725);
#5727=PLANE('',#5726);
#5728=ORIENTED_EDGE('',*,*,#5698,.F.);
#5730=ORIENTED_EDGE('',*,*,#5729,.T.);
#5732=ORIENTED_EDGE('',*,*,#5731,.T.);
#5734=ORIENTED_EDGE('',*,*,#5733,.F.);
#5735=EDGE_LOOP('',(#5728,#5730,#5732,#5734));
#5736=FACE_OUTER_BOUND('',#5735,.F.);
#5737=ADVANCED_FACE('',(#5736),#5727,.F.);
#5738=CARTESIAN_POINT('',(3.81E0,0.E0,2.54E0));
#5739=DIRECTION('',(0.E0,0.E0,1.E0));
#5740=DIRECTION('',(-1.E0,0.E0,0.E0));
#5741=AXIS2_PLACEMENT_3D('',#5738,#5739,#5740);
#5742=PLANE('',#5741);
#5743=ORIENTED_EDGE('',*,*,#5729,.F.);
#5744=ORIENTED_EDGE('',*,*,#5704,.T.);
#5746=ORIENTED_EDGE('',*,*,#5745,.T.);
#5748=ORIENTED_EDGE('',*,*,#5747,.F.);
#5749=ORIENTED_EDGE('',*,*,#3827,.F.);
#5751=ORIENTED_EDGE('',*,*,#5750,.T.);
#5752=EDGE_LOOP('',(#5743,#5744,#5746,#5748,#5749,#5751));
#5753=FACE_OUTER_BOUND('',#5752,.F.);
#5754=ADVANCED_FACE('',(#5753),#5742,.T.);
#5755=CARTESIAN_POINT('',(1.77E0,-2.54E0,2.04E0));
#5756=DIRECTION('',(1.E0,0.E0,0.E0));
#5757=DIRECTION('',(0.E0,0.E0,1.E0));
#5758=AXIS2_PLACEMENT_3D('',#5755,#5756,#5757);
#5759=PLANE('',#5758);
#5760=ORIENTED_EDGE('',*,*,#5702,.T.);
#5762=ORIENTED_EDGE('',*,*,#5761,.T.);
#5764=ORIENTED_EDGE('',*,*,#5763,.T.);
#5765=ORIENTED_EDGE('',*,*,#5745,.F.);
#5766=EDGE_LOOP('',(#5760,#5762,#5764,#5765));
#5767=FACE_OUTER_BOUND('',#5766,.F.);
#5768=ADVANCED_FACE('',(#5767),#5759,.F.);
#5769=CARTESIAN_POINT('',(3.31E0,-2.54E0,2.04E0));
#5770=DIRECTION('',(0.E0,0.E0,1.E0));
#5771=DIRECTION('',(-1.E0,0.E0,0.E0));
#5772=AXIS2_PLACEMENT_3D('',#5769,#5770,#5771);
#5773=PLANE('',#5772);
#5774=ORIENTED_EDGE('',*,*,#5700,.F.);
#5775=ORIENTED_EDGE('',*,*,#5733,.T.);
#5777=ORIENTED_EDGE('',*,*,#5776,.T.);
#5778=ORIENTED_EDGE('',*,*,#5761,.F.);
#5779=EDGE_LOOP('',(#5774,#5775,#5777,#5778));
#5780=FACE_OUTER_BOUND('',#5779,.F.);
#5781=ADVANCED_FACE('',(#5780),#5773,.F.);
#5782=CARTESIAN_POINT('',(0.E0,-1.94E0,0.E0));
#5783=DIRECTION('',(0.E0,-1.E0,0.E0));
#5784=DIRECTION('',(0.E0,0.E0,-1.E0));
#5785=AXIS2_PLACEMENT_3D('',#5782,#5783,#5784);
#5786=PLANE('',#5785);
#5788=ORIENTED_EDGE('',*,*,#5787,.F.);
#5789=ORIENTED_EDGE('',*,*,#5653,.T.);
#5791=ORIENTED_EDGE('',*,*,#5790,.F.);
#5793=ORIENTED_EDGE('',*,*,#5792,.F.);
#5794=ORIENTED_EDGE('',*,*,#5686,.F.);
#5796=ORIENTED_EDGE('',*,*,#5795,.T.);
#5798=ORIENTED_EDGE('',*,*,#5797,.F.);
#5800=ORIENTED_EDGE('',*,*,#5799,.T.);
#5801=ORIENTED_EDGE('',*,*,#5763,.F.);
#5802=ORIENTED_EDGE('',*,*,#5776,.F.);
#5803=ORIENTED_EDGE('',*,*,#5731,.F.);
#5805=ORIENTED_EDGE('',*,*,#5804,.T.);
#5806=EDGE_LOOP('',(#5788,#5789,#5791,#5793,#5794,#5796,#5798,#5800,#5801,#5802,
#5803,#5805));
#5807=FACE_OUTER_BOUND('',#5806,.F.);
#5809=ORIENTED_EDGE('',*,*,#5808,.F.);
#5811=ORIENTED_EDGE('',*,*,#5810,.F.);
#5813=ORIENTED_EDGE('',*,*,#5812,.F.);
#5815=ORIENTED_EDGE('',*,*,#5814,.F.);
#5816=EDGE_LOOP('',(#5809,#5811,#5813,#5815));
#5817=FACE_BOUND('',#5816,.F.);
#5819=ORIENTED_EDGE('',*,*,#5818,.F.);
#5821=ORIENTED_EDGE('',*,*,#5820,.F.);
#5823=ORIENTED_EDGE('',*,*,#5822,.F.);
#5825=ORIENTED_EDGE('',*,*,#5824,.F.);
#5826=EDGE_LOOP('',(#5819,#5821,#5823,#5825));
#5827=FACE_BOUND('',#5826,.F.);
#5828=ADVANCED_FACE('',(#5807,#5817,#5827),#5786,.T.);
#5829=CARTESIAN_POINT('',(3.81E0,-1.69E0,-2.04E0));
#5830=DIRECTION('',(7.071067811865E-1,-7.071067811865E-1,0.E0));
#5831=DIRECTION('',(0.E0,0.E0,1.E0));
#5832=AXIS2_PLACEMENT_3D('',#5829,#5830,#5831);
#5833=PLANE('',#5832);
#5835=ORIENTED_EDGE('',*,*,#5834,.T.);
#5836=ORIENTED_EDGE('',*,*,#5655,.T.);
#5837=ORIENTED_EDGE('',*,*,#5787,.T.);
#5839=ORIENTED_EDGE('',*,*,#5838,.F.);
#5840=EDGE_LOOP('',(#5835,#5836,#5837,#5839));
#5841=FACE_OUTER_BOUND('',#5840,.F.);
#5842=ADVANCED_FACE('',(#5841),#5833,.T.);
#5843=CARTESIAN_POINT('',(3.81E0,-1.69E0,2.04E0));
#5844=DIRECTION('',(-7.071067811865E-1,-7.071067811865E-1,0.E0));
#5845=DIRECTION('',(0.E0,0.E0,-1.E0));
#5846=AXIS2_PLACEMENT_3D('',#5843,#5844,#5845);
#5847=PLANE('',#5846);
#5848=ORIENTED_EDGE('',*,*,#5834,.F.);
#5850=ORIENTED_EDGE('',*,*,#5849,.T.);
#5851=ORIENTED_EDGE('',*,*,#5514,.T.);
#5852=ORIENTED_EDGE('',*,*,#5638,.F.);
#5853=EDGE_LOOP('',(#5848,#5850,#5851,#5852));
#5854=FACE_OUTER_BOUND('',#5853,.F.);
#5855=ADVANCED_FACE('',(#5854),#5847,.T.);
#5856=CARTESIAN_POINT('',(3.81E0,0.E0,2.04E0));
#5857=DIRECTION('',(-7.071067811865E-1,0.E0,7.071067811865E-1));
#5858=DIRECTION('',(0.E0,-1.E0,0.E0));
#5859=AXIS2_PLACEMENT_3D('',#5856,#5857,#5858);
#5860=PLANE('',#5859);
#5861=ORIENTED_EDGE('',*,*,#5516,.F.);
#5862=ORIENTED_EDGE('',*,*,#5849,.F.);
#5864=ORIENTED_EDGE('',*,*,#5863,.F.);
#5865=ORIENTED_EDGE('',*,*,#3884,.F.);
#5866=ORIENTED_EDGE('',*,*,#3903,.T.);
#5867=ORIENTED_EDGE('',*,*,#5464,.T.);
#5868=EDGE_LOOP('',(#5861,#5862,#5864,#5865,#5866,#5867));
#5869=FACE_OUTER_BOUND('',#5868,.F.);
#5870=ADVANCED_FACE('',(#5869),#5860,.T.);
#5871=CARTESIAN_POINT('',(3.31E0,0.E0,2.54E0));
#5872=DIRECTION('',(7.071067811865E-1,0.E0,7.071067811865E-1));
#5873=DIRECTION('',(0.E0,-1.E0,0.E0));
#5874=AXIS2_PLACEMENT_3D('',#5871,#5872,#5873);
#5875=PLANE('',#5874);
#5876=ORIENTED_EDGE('',*,*,#5863,.T.);
#5877=ORIENTED_EDGE('',*,*,#5838,.T.);
#5878=ORIENTED_EDGE('',*,*,#5804,.F.);
#5879=ORIENTED_EDGE('',*,*,#5750,.F.);
#5880=ORIENTED_EDGE('',*,*,#3825,.T.);
#5881=ORIENTED_EDGE('',*,*,#3869,.T.);
#5882=EDGE_LOOP('',(#5876,#5877,#5878,#5879,#5880,#5881));
#5883=FACE_OUTER_BOUND('',#5882,.F.);
#5884=ADVANCED_FACE('',(#5883),#5875,.T.);
#5885=CARTESIAN_POINT('',(3.31E0,-2.54E0,-2.04E0));
#5886=DIRECTION('',(-1.E0,0.E0,0.E0));
#5887=DIRECTION('',(0.E0,0.E0,-1.E0));
#5888=AXIS2_PLACEMENT_3D('',#5885,#5886,#5887);
#5889=PLANE('',#5888);
#5890=ORIENTED_EDGE('',*,*,#5717,.T.);
#5892=ORIENTED_EDGE('',*,*,#5891,.T.);
#5893=ORIENTED_EDGE('',*,*,#5790,.T.);
#5894=ORIENTED_EDGE('',*,*,#5669,.F.);
#5895=EDGE_LOOP('',(#5890,#5892,#5893,#5894));
#5896=FACE_OUTER_BOUND('',#5895,.F.);
#5897=ADVANCED_FACE('',(#5896),#5889,.F.);
#5898=CARTESIAN_POINT('',(1.77E0,-2.54E0,-2.04E0));
#5899=DIRECTION('',(0.E0,0.E0,-1.E0));
#5900=DIRECTION('',(1.E0,0.E0,0.E0));
#5901=AXIS2_PLACEMENT_3D('',#5898,#5899,#5900);
#5902=PLANE('',#5901);
#5903=ORIENTED_EDGE('',*,*,#5715,.F.);
#5904=ORIENTED_EDGE('',*,*,#5688,.T.);
#5905=ORIENTED_EDGE('',*,*,#5792,.T.);
#5906=ORIENTED_EDGE('',*,*,#5891,.F.);
#5907=EDGE_LOOP('',(#5903,#5904,#5905,#5906));
#5908=FACE_OUTER_BOUND('',#5907,.F.);
#5909=ADVANCED_FACE('',(#5908),#5902,.F.);
#5910=CARTESIAN_POINT('',(1.77E0,0.E0,-2.54E0));
#5911=DIRECTION('',(-7.071067811865E-1,0.E0,-7.071067811865E-1));
#5912=DIRECTION('',(0.E0,-1.E0,0.E0));
#5913=AXIS2_PLACEMENT_3D('',#5910,#5911,#5912);
#5914=PLANE('',#5913);
#5915=ORIENTED_EDGE('',*,*,#5795,.F.);
#5916=ORIENTED_EDGE('',*,*,#5673,.F.);
#5917=ORIENTED_EDGE('',*,*,#3833,.T.);
#5919=ORIENTED_EDGE('',*,*,#5918,.T.);
#5921=ORIENTED_EDGE('',*,*,#5920,.T.);
#5923=ORIENTED_EDGE('',*,*,#5922,.T.);
#5924=EDGE_LOOP('',(#5915,#5916,#5917,#5919,#5921,#5923));
#5925=FACE_OUTER_BOUND('',#5924,.F.);
#5926=ADVANCED_FACE('',(#5925),#5914,.T.);
#5927=CARTESIAN_POINT('',(1.52E0,0.E0,2.29E0));
#5928=DIRECTION('',(-7.071067811865E-1,7.071067811865E-1,0.E0));
#5929=DIRECTION('',(0.E0,0.E0,-1.E0));
#5930=AXIS2_PLACEMENT_3D('',#5927,#5928,#5929);
#5931=PLANE('',#5930);
#5932=ORIENTED_EDGE('',*,*,#3831,.F.);
#5934=ORIENTED_EDGE('',*,*,#5933,.T.);
#5936=ORIENTED_EDGE('',*,*,#5935,.T.);
#5937=ORIENTED_EDGE('',*,*,#5918,.F.);
#5938=EDGE_LOOP('',(#5932,#5934,#5936,#5937));
#5939=FACE_OUTER_BOUND('',#5938,.F.);
#5940=ADVANCED_FACE('',(#5939),#5931,.T.);
#5941=CARTESIAN_POINT('',(1.27E0,0.E0,2.04E0));
#5942=DIRECTION('',(-7.071067811865E-1,0.E0,7.071067811865E-1));
#5943=DIRECTION('',(0.E0,-1.E0,0.E0));
#5944=AXIS2_PLACEMENT_3D('',#5941,#5942,#5943);
#5945=PLANE('',#5944);
#5946=ORIENTED_EDGE('',*,*,#5799,.F.);
#5948=ORIENTED_EDGE('',*,*,#5947,.F.);
#5950=ORIENTED_EDGE('',*,*,#5949,.F.);
#5951=ORIENTED_EDGE('',*,*,#5933,.F.);
#5952=ORIENTED_EDGE('',*,*,#3829,.T.);
#5953=ORIENTED_EDGE('',*,*,#5747,.T.);
#5954=EDGE_LOOP('',(#5946,#5948,#5950,#5951,#5952,#5953));
#5955=FACE_OUTER_BOUND('',#5954,.F.);
#5956=ADVANCED_FACE('',(#5955),#5945,.T.);
#5957=CARTESIAN_POINT('',(1.27E0,-1.69E0,2.04E0));
#5958=DIRECTION('',(-7.071067811865E-1,-7.071067811865E-1,0.E0));
#5959=DIRECTION('',(0.E0,0.E0,-1.E0));
#5960=AXIS2_PLACEMENT_3D('',#5957,#5958,#5959);
#5961=PLANE('',#5960);
#5963=ORIENTED_EDGE('',*,*,#5962,.F.);
#5964=ORIENTED_EDGE('',*,*,#5947,.T.);
#5965=ORIENTED_EDGE('',*,*,#5797,.T.);
#5966=ORIENTED_EDGE('',*,*,#5922,.F.);
#5967=EDGE_LOOP('',(#5963,#5964,#5965,#5966));
#5968=FACE_OUTER_BOUND('',#5967,.F.);
#5969=ADVANCED_FACE('',(#5968),#5961,.T.);
#5970=CARTESIAN_POINT('',(1.27E0,0.E0,2.54E0));
#5971=DIRECTION('',(-1.E0,0.E0,0.E0));
#5972=DIRECTION('',(0.E0,0.E0,-1.E0));
#5973=AXIS2_PLACEMENT_3D('',#5970,#5971,#5972);
#5974=PLANE('',#5973);
#5975=ORIENTED_EDGE('',*,*,#5962,.T.);
#5976=ORIENTED_EDGE('',*,*,#5920,.F.);
#5977=ORIENTED_EDGE('',*,*,#5935,.F.);
#5978=ORIENTED_EDGE('',*,*,#5949,.T.);
#5979=EDGE_LOOP('',(#5975,#5976,#5977,#5978));
#5980=FACE_OUTER_BOUND('',#5979,.F.);
#5981=ADVANCED_FACE('',(#5980),#5974,.T.);
#5982=CARTESIAN_POINT('',(2.22E0,0.E0,1.59E0));
#5983=DIRECTION('',(0.E0,0.E0,1.E0));
#5984=DIRECTION('',(1.E0,0.E0,0.E0));
#5985=AXIS2_PLACEMENT_3D('',#5982,#5983,#5984);
#5986=PLANE('',#5985);
#5987=ORIENTED_EDGE('',*,*,#3841,.F.);
#5989=ORIENTED_EDGE('',*,*,#5988,.T.);
#5990=ORIENTED_EDGE('',*,*,#5808,.T.);
#5992=ORIENTED_EDGE('',*,*,#5991,.F.);
#5993=EDGE_LOOP('',(#5987,#5989,#5990,#5992));
#5994=FACE_OUTER_BOUND('',#5993,.F.);
#5995=ADVANCED_FACE('',(#5994),#5986,.F.);
#5996=CARTESIAN_POINT('',(2.22E0,0.E0,9.5E-1));
#5997=DIRECTION('',(-1.E0,0.E0,0.E0));
#5998=DIRECTION('',(0.E0,0.E0,1.E0));
#5999=AXIS2_PLACEMENT_3D('',#5996,#5997,#5998);
#6000=PLANE('',#5999);
#6001=ORIENTED_EDGE('',*,*,#3847,.F.);
#6003=ORIENTED_EDGE('',*,*,#6002,.T.);
#6004=ORIENTED_EDGE('',*,*,#5810,.T.);
#6005=ORIENTED_EDGE('',*,*,#5988,.F.);
#6006=EDGE_LOOP('',(#6001,#6003,#6004,#6005));
#6007=FACE_OUTER_BOUND('',#6006,.F.);
#6008=ADVANCED_FACE('',(#6007),#6000,.F.);
#6009=CARTESIAN_POINT('',(2.86E0,0.E0,9.5E-1));
#6010=DIRECTION('',(0.E0,0.E0,-1.E0));
#6011=DIRECTION('',(-1.E0,0.E0,0.E0));
#6012=AXIS2_PLACEMENT_3D('',#6009,#6010,#6011);
#6013=PLANE('',#6012);
#6014=ORIENTED_EDGE('',*,*,#3845,.F.);
#6016=ORIENTED_EDGE('',*,*,#6015,.T.);
#6017=ORIENTED_EDGE('',*,*,#5812,.T.);
#6018=ORIENTED_EDGE('',*,*,#6002,.F.);
#6019=EDGE_LOOP('',(#6014,#6016,#6017,#6018));
#6020=FACE_OUTER_BOUND('',#6019,.F.);
#6021=ADVANCED_FACE('',(#6020),#6013,.F.);
#6022=CARTESIAN_POINT('',(2.86E0,0.E0,1.59E0));
#6023=DIRECTION('',(1.E0,0.E0,0.E0));
#6024=DIRECTION('',(0.E0,0.E0,-1.E0));
#6025=AXIS2_PLACEMENT_3D('',#6022,#6023,#6024);
#6026=PLANE('',#6025);
#6027=ORIENTED_EDGE('',*,*,#3843,.F.);
#6028=ORIENTED_EDGE('',*,*,#5991,.T.);
#6029=ORIENTED_EDGE('',*,*,#5814,.T.);
#6030=ORIENTED_EDGE('',*,*,#6015,.F.);
#6031=EDGE_LOOP('',(#6027,#6028,#6029,#6030));
#6032=FACE_OUTER_BOUND('',#6031,.F.);
#6033=ADVANCED_FACE('',(#6032),#6026,.F.);
#6034=CARTESIAN_POINT('',(2.86E0,0.E0,-9.5E-1));
#6035=DIRECTION('',(1.E0,0.E0,0.E0));
#6036=DIRECTION('',(0.E0,0.E0,-1.E0));
#6037=AXIS2_PLACEMENT_3D('',#6034,#6035,#6036);
#6038=PLANE('',#6037);
#6039=ORIENTED_EDGE('',*,*,#3851,.F.);
#6041=ORIENTED_EDGE('',*,*,#6040,.T.);
#6042=ORIENTED_EDGE('',*,*,#5818,.T.);
#6044=ORIENTED_EDGE('',*,*,#6043,.F.);
#6045=EDGE_LOOP('',(#6039,#6041,#6042,#6044));
#6046=FACE_OUTER_BOUND('',#6045,.F.);
#6047=ADVANCED_FACE('',(#6046),#6038,.F.);
#6048=CARTESIAN_POINT('',(2.22E0,0.E0,-9.5E-1));
#6049=DIRECTION('',(0.E0,0.E0,1.E0));
#6050=DIRECTION('',(1.E0,0.E0,0.E0));
#6051=AXIS2_PLACEMENT_3D('',#6048,#6049,#6050);
#6052=PLANE('',#6051);
#6053=ORIENTED_EDGE('',*,*,#3857,.F.);
#6055=ORIENTED_EDGE('',*,*,#6054,.T.);
#6056=ORIENTED_EDGE('',*,*,#5820,.T.);
#6057=ORIENTED_EDGE('',*,*,#6040,.F.);
#6058=EDGE_LOOP('',(#6053,#6055,#6056,#6057));
#6059=FACE_OUTER_BOUND('',#6058,.F.);
#6060=ADVANCED_FACE('',(#6059),#6052,.F.);
#6061=CARTESIAN_POINT('',(2.22E0,0.E0,-1.59E0));
#6062=DIRECTION('',(-1.E0,0.E0,0.E0));
#6063=DIRECTION('',(0.E0,0.E0,1.E0));
#6064=AXIS2_PLACEMENT_3D('',#6061,#6062,#6063);
#6065=PLANE('',#6064);
#6066=ORIENTED_EDGE('',*,*,#3855,.F.);
#6068=ORIENTED_EDGE('',*,*,#6067,.T.);
#6069=ORIENTED_EDGE('',*,*,#5822,.T.);
#6070=ORIENTED_EDGE('',*,*,#6054,.F.);
#6071=EDGE_LOOP('',(#6066,#6068,#6069,#6070));
#6072=FACE_OUTER_BOUND('',#6071,.F.);
#6073=ADVANCED_FACE('',(#6072),#6065,.F.);
#6074=CARTESIAN_POINT('',(2.86E0,0.E0,-1.59E0));
#6075=DIRECTION('',(0.E0,0.E0,-1.E0));
#6076=DIRECTION('',(-1.E0,0.E0,0.E0));
#6077=AXIS2_PLACEMENT_3D('',#6074,#6075,#6076);
#6078=PLANE('',#6077);
#6079=ORIENTED_EDGE('',*,*,#3853,.F.);
#6080=ORIENTED_EDGE('',*,*,#6043,.T.);
#6081=ORIENTED_EDGE('',*,*,#5824,.T.);
#6082=ORIENTED_EDGE('',*,*,#6067,.F.);
#6083=EDGE_LOOP('',(#6079,#6080,#6081,#6082));
#6084=FACE_OUTER_BOUND('',#6083,.F.);
#6085=ADVANCED_FACE('',(#6084),#6078,.F.);
#6086=CARTESIAN_POINT('',(4.76E0,0.E0,1.59E0));
#6087=DIRECTION('',(0.E0,0.E0,1.E0));
#6088=DIRECTION('',(1.E0,0.E0,0.E0));
#6089=AXIS2_PLACEMENT_3D('',#6086,#6087,#6088);
#6090=PLANE('',#6089);
#6091=ORIENTED_EDGE('',*,*,#3914,.F.);
#6093=ORIENTED_EDGE('',*,*,#6092,.T.);
#6094=ORIENTED_EDGE('',*,*,#5525,.T.);
#6096=ORIENTED_EDGE('',*,*,#6095,.F.);
#6097=EDGE_LOOP('',(#6091,#6093,#6094,#6096));
#6098=FACE_OUTER_BOUND('',#6097,.F.);
#6099=ADVANCED_FACE('',(#6098),#6090,.F.);
#6100=CARTESIAN_POINT('',(4.76E0,0.E0,9.5E-1));
#6101=DIRECTION('',(-1.E0,0.E0,0.E0));
#6102=DIRECTION('',(0.E0,0.E0,1.E0));
#6103=AXIS2_PLACEMENT_3D('',#6100,#6101,#6102);
#6104=PLANE('',#6103);
#6105=ORIENTED_EDGE('',*,*,#3920,.F.);
#6107=ORIENTED_EDGE('',*,*,#6106,.T.);
#6108=ORIENTED_EDGE('',*,*,#5527,.T.);
#6109=ORIENTED_EDGE('',*,*,#6092,.F.);
#6110=EDGE_LOOP('',(#6105,#6107,#6108,#6109));
#6111=FACE_OUTER_BOUND('',#6110,.F.);
#6112=ADVANCED_FACE('',(#6111),#6104,.F.);
#6113=CARTESIAN_POINT('',(5.4E0,0.E0,9.5E-1));
#6114=DIRECTION('',(0.E0,0.E0,-1.E0));
#6115=DIRECTION('',(-1.E0,0.E0,0.E0));
#6116=AXIS2_PLACEMENT_3D('',#6113,#6114,#6115);
#6117=PLANE('',#6116);
#6118=ORIENTED_EDGE('',*,*,#3918,.F.);
#6120=ORIENTED_EDGE('',*,*,#6119,.T.);
#6121=ORIENTED_EDGE('',*,*,#5529,.T.);
#6122=ORIENTED_EDGE('',*,*,#6106,.F.);
#6123=EDGE_LOOP('',(#6118,#6120,#6121,#6122));
#6124=FACE_OUTER_BOUND('',#6123,.F.);
#6125=ADVANCED_FACE('',(#6124),#6117,.F.);
#6126=CARTESIAN_POINT('',(5.4E0,0.E0,1.59E0));
#6127=DIRECTION('',(1.E0,0.E0,0.E0));
#6128=DIRECTION('',(0.E0,0.E0,-1.E0));
#6129=AXIS2_PLACEMENT_3D('',#6126,#6127,#6128);
#6130=PLANE('',#6129);
#6131=ORIENTED_EDGE('',*,*,#3916,.F.);
#6132=ORIENTED_EDGE('',*,*,#6095,.T.);
#6133=ORIENTED_EDGE('',*,*,#5531,.T.);
#6134=ORIENTED_EDGE('',*,*,#6119,.F.);
#6135=EDGE_LOOP('',(#6131,#6132,#6133,#6134));
#6136=FACE_OUTER_BOUND('',#6135,.F.);
#6137=ADVANCED_FACE('',(#6136),#6130,.F.);
#6138=CARTESIAN_POINT('',(5.4E0,0.E0,-9.5E-1));
#6139=DIRECTION('',(1.E0,0.E0,0.E0));
#6140=DIRECTION('',(0.E0,0.E0,-1.E0));
#6141=AXIS2_PLACEMENT_3D('',#6138,#6139,#6140);
#6142=PLANE('',#6141);
#6143=ORIENTED_EDGE('',*,*,#3924,.F.);
#6145=ORIENTED_EDGE('',*,*,#6144,.T.);
#6146=ORIENTED_EDGE('',*,*,#5535,.T.);
#6148=ORIENTED_EDGE('',*,*,#6147,.F.);
#6149=EDGE_LOOP('',(#6143,#6145,#6146,#6148));
#6150=FACE_OUTER_BOUND('',#6149,.F.);
#6151=ADVANCED_FACE('',(#6150),#6142,.F.);
#6152=CARTESIAN_POINT('',(4.76E0,0.E0,-9.5E-1));
#6153=DIRECTION('',(0.E0,0.E0,1.E0));
#6154=DIRECTION('',(1.E0,0.E0,0.E0));
#6155=AXIS2_PLACEMENT_3D('',#6152,#6153,#6154);
#6156=PLANE('',#6155);
#6157=ORIENTED_EDGE('',*,*,#3930,.F.);
#6159=ORIENTED_EDGE('',*,*,#6158,.T.);
#6160=ORIENTED_EDGE('',*,*,#5537,.T.);
#6161=ORIENTED_EDGE('',*,*,#6144,.F.);
#6162=EDGE_LOOP('',(#6157,#6159,#6160,#6161));
#6163=FACE_OUTER_BOUND('',#6162,.F.);
#6164=ADVANCED_FACE('',(#6163),#6156,.F.);
#6165=CARTESIAN_POINT('',(4.76E0,0.E0,-1.59E0));
#6166=DIRECTION('',(-1.E0,0.E0,0.E0));
#6167=DIRECTION('',(0.E0,0.E0,1.E0));
#6168=AXIS2_PLACEMENT_3D('',#6165,#6166,#6167);
#6169=PLANE('',#6168);
#6170=ORIENTED_EDGE('',*,*,#3928,.F.);
#6172=ORIENTED_EDGE('',*,*,#6171,.T.);
#6173=ORIENTED_EDGE('',*,*,#5539,.T.);
#6174=ORIENTED_EDGE('',*,*,#6158,.F.);
#6175=EDGE_LOOP('',(#6170,#6172,#6173,#6174));
#6176=FACE_OUTER_BOUND('',#6175,.F.);
#6177=ADVANCED_FACE('',(#6176),#6169,.F.);
#6178=CARTESIAN_POINT('',(5.4E0,0.E0,-1.59E0));
#6179=DIRECTION('',(0.E0,0.E0,-1.E0));
#6180=DIRECTION('',(-1.E0,0.E0,0.E0));
#6181=AXIS2_PLACEMENT_3D('',#6178,#6179,#6180);
#6182=PLANE('',#6181);
#6183=ORIENTED_EDGE('',*,*,#3926,.F.);
#6184=ORIENTED_EDGE('',*,*,#6147,.T.);
#6185=ORIENTED_EDGE('',*,*,#5541,.T.);
#6186=ORIENTED_EDGE('',*,*,#6171,.F.);
#6187=EDGE_LOOP('',(#6183,#6184,#6185,#6186));
#6188=FACE_OUTER_BOUND('',#6187,.F.);
#6189=ADVANCED_FACE('',(#6188),#6182,.F.);
#6190=CARTESIAN_POINT('',(7.3E0,0.E0,1.59E0));
#6191=DIRECTION('',(0.E0,0.E0,1.E0));
#6192=DIRECTION('',(1.E0,0.E0,0.E0));
#6193=AXIS2_PLACEMENT_3D('',#6190,#6191,#6192);
#6194=PLANE('',#6193);
#6195=ORIENTED_EDGE('',*,*,#3987,.F.);
#6197=ORIENTED_EDGE('',*,*,#6196,.T.);
#6198=ORIENTED_EDGE('',*,*,#5242,.T.);
#6200=ORIENTED_EDGE('',*,*,#6199,.F.);
#6201=EDGE_LOOP('',(#6195,#6197,#6198,#6200));
#6202=FACE_OUTER_BOUND('',#6201,.F.);
#6203=ADVANCED_FACE('',(#6202),#6194,.F.);
#6204=CARTESIAN_POINT('',(7.3E0,0.E0,9.5E-1));
#6205=DIRECTION('',(-1.E0,0.E0,0.E0));
#6206=DIRECTION('',(0.E0,0.E0,1.E0));
#6207=AXIS2_PLACEMENT_3D('',#6204,#6205,#6206);
#6208=PLANE('',#6207);
#6209=ORIENTED_EDGE('',*,*,#3993,.F.);
#6211=ORIENTED_EDGE('',*,*,#6210,.T.);
#6212=ORIENTED_EDGE('',*,*,#5244,.T.);
#6213=ORIENTED_EDGE('',*,*,#6196,.F.);
#6214=EDGE_LOOP('',(#6209,#6211,#6212,#6213));
#6215=FACE_OUTER_BOUND('',#6214,.F.);
#6216=ADVANCED_FACE('',(#6215),#6208,.F.);
#6217=CARTESIAN_POINT('',(7.94E0,0.E0,9.5E-1));
#6218=DIRECTION('',(0.E0,0.E0,-1.E0));
#6219=DIRECTION('',(-1.E0,0.E0,0.E0));
#6220=AXIS2_PLACEMENT_3D('',#6217,#6218,#6219);
#6221=PLANE('',#6220);
#6222=ORIENTED_EDGE('',*,*,#3991,.F.);
#6224=ORIENTED_EDGE('',*,*,#6223,.T.);
#6225=ORIENTED_EDGE('',*,*,#5246,.T.);
#6226=ORIENTED_EDGE('',*,*,#6210,.F.);
#6227=EDGE_LOOP('',(#6222,#6224,#6225,#6226));
#6228=FACE_OUTER_BOUND('',#6227,.F.);
#6229=ADVANCED_FACE('',(#6228),#6221,.F.);
#6230=CARTESIAN_POINT('',(7.94E0,0.E0,1.59E0));
#6231=DIRECTION('',(1.E0,0.E0,0.E0));
#6232=DIRECTION('',(0.E0,0.E0,-1.E0));
#6233=AXIS2_PLACEMENT_3D('',#6230,#6231,#6232);
#6234=PLANE('',#6233);
#6235=ORIENTED_EDGE('',*,*,#3989,.F.);
#6236=ORIENTED_EDGE('',*,*,#6199,.T.);
#6237=ORIENTED_EDGE('',*,*,#5248,.T.);
#6238=ORIENTED_EDGE('',*,*,#6223,.F.);
#6239=EDGE_LOOP('',(#6235,#6236,#6237,#6238));
#6240=FACE_OUTER_BOUND('',#6239,.F.);
#6241=ADVANCED_FACE('',(#6240),#6234,.F.);
#6242=CARTESIAN_POINT('',(7.94E0,0.E0,-9.5E-1));
#6243=DIRECTION('',(1.E0,0.E0,0.E0));
#6244=DIRECTION('',(0.E0,0.E0,-1.E0));
#6245=AXIS2_PLACEMENT_3D('',#6242,#6243,#6244);
#6246=PLANE('',#6245);
#6247=ORIENTED_EDGE('',*,*,#3997,.F.);
#6249=ORIENTED_EDGE('',*,*,#6248,.T.);
#6250=ORIENTED_EDGE('',*,*,#5252,.T.);
#6252=ORIENTED_EDGE('',*,*,#6251,.F.);
#6253=EDGE_LOOP('',(#6247,#6249,#6250,#6252));
#6254=FACE_OUTER_BOUND('',#6253,.F.);
#6255=ADVANCED_FACE('',(#6254),#6246,.F.);
#6256=CARTESIAN_POINT('',(7.3E0,0.E0,-9.5E-1));
#6257=DIRECTION('',(0.E0,0.E0,1.E0));
#6258=DIRECTION('',(1.E0,0.E0,0.E0));
#6259=AXIS2_PLACEMENT_3D('',#6256,#6257,#6258);
#6260=PLANE('',#6259);
#6261=ORIENTED_EDGE('',*,*,#4003,.F.);
#6263=ORIENTED_EDGE('',*,*,#6262,.T.);
#6264=ORIENTED_EDGE('',*,*,#5254,.T.);
#6265=ORIENTED_EDGE('',*,*,#6248,.F.);
#6266=EDGE_LOOP('',(#6261,#6263,#6264,#6265));
#6267=FACE_OUTER_BOUND('',#6266,.F.);
#6268=ADVANCED_FACE('',(#6267),#6260,.F.);
#6269=CARTESIAN_POINT('',(7.3E0,0.E0,-1.59E0));
#6270=DIRECTION('',(-1.E0,0.E0,0.E0));
#6271=DIRECTION('',(0.E0,0.E0,1.E0));
#6272=AXIS2_PLACEMENT_3D('',#6269,#6270,#6271);
#6273=PLANE('',#6272);
#6274=ORIENTED_EDGE('',*,*,#4001,.F.);
#6276=ORIENTED_EDGE('',*,*,#6275,.T.);
#6277=ORIENTED_EDGE('',*,*,#5256,.T.);
#6278=ORIENTED_EDGE('',*,*,#6262,.F.);
#6279=EDGE_LOOP('',(#6274,#6276,#6277,#6278));
#6280=FACE_OUTER_BOUND('',#6279,.F.);
#6281=ADVANCED_FACE('',(#6280),#6273,.F.);
#6282=CARTESIAN_POINT('',(7.94E0,0.E0,-1.59E0));
#6283=DIRECTION('',(0.E0,0.E0,-1.E0));
#6284=DIRECTION('',(-1.E0,0.E0,0.E0));
#6285=AXIS2_PLACEMENT_3D('',#6282,#6283,#6284);
#6286=PLANE('',#6285);
#6287=ORIENTED_EDGE('',*,*,#3999,.F.);
#6288=ORIENTED_EDGE('',*,*,#6251,.T.);
#6289=ORIENTED_EDGE('',*,*,#5258,.T.);
#6290=ORIENTED_EDGE('',*,*,#6275,.F.);
#6291=EDGE_LOOP('',(#6287,#6288,#6289,#6290));
#6292=FACE_OUTER_BOUND('',#6291,.F.);
#6293=ADVANCED_FACE('',(#6292),#6286,.F.);
#6294=CARTESIAN_POINT('',(9.84E0,0.E0,1.59E0));
#6295=DIRECTION('',(0.E0,0.E0,1.E0));
#6296=DIRECTION('',(1.E0,0.E0,0.E0));
#6297=AXIS2_PLACEMENT_3D('',#6294,#6295,#6296);
#6298=PLANE('',#6297);
#6299=ORIENTED_EDGE('',*,*,#4060,.F.);
#6301=ORIENTED_EDGE('',*,*,#6300,.T.);
#6302=ORIENTED_EDGE('',*,*,#4959,.T.);
#6304=ORIENTED_EDGE('',*,*,#6303,.F.);
#6305=EDGE_LOOP('',(#6299,#6301,#6302,#6304));
#6306=FACE_OUTER_BOUND('',#6305,.F.);
#6307=ADVANCED_FACE('',(#6306),#6298,.F.);
#6308=CARTESIAN_POINT('',(9.84E0,0.E0,9.5E-1));
#6309=DIRECTION('',(-1.E0,0.E0,0.E0));
#6310=DIRECTION('',(0.E0,0.E0,1.E0));
#6311=AXIS2_PLACEMENT_3D('',#6308,#6309,#6310);
#6312=PLANE('',#6311);
#6313=ORIENTED_EDGE('',*,*,#4066,.F.);
#6315=ORIENTED_EDGE('',*,*,#6314,.T.);
#6316=ORIENTED_EDGE('',*,*,#4961,.T.);
#6317=ORIENTED_EDGE('',*,*,#6300,.F.);
#6318=EDGE_LOOP('',(#6313,#6315,#6316,#6317));
#6319=FACE_OUTER_BOUND('',#6318,.F.);
#6320=ADVANCED_FACE('',(#6319),#6312,.F.);
#6321=CARTESIAN_POINT('',(1.048E1,0.E0,9.5E-1));
#6322=DIRECTION('',(0.E0,0.E0,-1.E0));
#6323=DIRECTION('',(-1.E0,0.E0,0.E0));
#6324=AXIS2_PLACEMENT_3D('',#6321,#6322,#6323);
#6325=PLANE('',#6324);
#6326=ORIENTED_EDGE('',*,*,#4064,.F.);
#6328=ORIENTED_EDGE('',*,*,#6327,.T.);
#6329=ORIENTED_EDGE('',*,*,#4963,.T.);
#6330=ORIENTED_EDGE('',*,*,#6314,.F.);
#6331=EDGE_LOOP('',(#6326,#6328,#6329,#6330));
#6332=FACE_OUTER_BOUND('',#6331,.F.);
#6333=ADVANCED_FACE('',(#6332),#6325,.F.);
#6334=CARTESIAN_POINT('',(1.048E1,0.E0,1.59E0));
#6335=DIRECTION('',(1.E0,0.E0,0.E0));
#6336=DIRECTION('',(0.E0,0.E0,-1.E0));
#6337=AXIS2_PLACEMENT_3D('',#6334,#6335,#6336);
#6338=PLANE('',#6337);
#6339=ORIENTED_EDGE('',*,*,#4062,.F.);
#6340=ORIENTED_EDGE('',*,*,#6303,.T.);
#6341=ORIENTED_EDGE('',*,*,#4965,.T.);
#6342=ORIENTED_EDGE('',*,*,#6327,.F.);
#6343=EDGE_LOOP('',(#6339,#6340,#6341,#6342));
#6344=FACE_OUTER_BOUND('',#6343,.F.);
#6345=ADVANCED_FACE('',(#6344),#6338,.F.);
#6346=CARTESIAN_POINT('',(1.048E1,0.E0,-9.5E-1));
#6347=DIRECTION('',(1.E0,0.E0,0.E0));
#6348=DIRECTION('',(0.E0,0.E0,-1.E0));
#6349=AXIS2_PLACEMENT_3D('',#6346,#6347,#6348);
#6350=PLANE('',#6349);
#6351=ORIENTED_EDGE('',*,*,#4070,.F.);
#6353=ORIENTED_EDGE('',*,*,#6352,.T.);
#6354=ORIENTED_EDGE('',*,*,#4969,.T.);
#6356=ORIENTED_EDGE('',*,*,#6355,.F.);
#6357=EDGE_LOOP('',(#6351,#6353,#6354,#6356));
#6358=FACE_OUTER_BOUND('',#6357,.F.);
#6359=ADVANCED_FACE('',(#6358),#6350,.F.);
#6360=CARTESIAN_POINT('',(9.84E0,0.E0,-9.5E-1));
#6361=DIRECTION('',(0.E0,0.E0,1.E0));
#6362=DIRECTION('',(1.E0,0.E0,0.E0));
#6363=AXIS2_PLACEMENT_3D('',#6360,#6361,#6362);
#6364=PLANE('',#6363);
#6365=ORIENTED_EDGE('',*,*,#4076,.F.);
#6367=ORIENTED_EDGE('',*,*,#6366,.T.);
#6368=ORIENTED_EDGE('',*,*,#4971,.T.);
#6369=ORIENTED_EDGE('',*,*,#6352,.F.);
#6370=EDGE_LOOP('',(#6365,#6367,#6368,#6369));
#6371=FACE_OUTER_BOUND('',#6370,.F.);
#6372=ADVANCED_FACE('',(#6371),#6364,.F.);
#6373=CARTESIAN_POINT('',(9.84E0,0.E0,-1.59E0));
#6374=DIRECTION('',(-1.E0,0.E0,0.E0));
#6375=DIRECTION('',(0.E0,0.E0,1.E0));
#6376=AXIS2_PLACEMENT_3D('',#6373,#6374,#6375);
#6377=PLANE('',#6376);
#6378=ORIENTED_EDGE('',*,*,#4074,.F.);
#6380=ORIENTED_EDGE('',*,*,#6379,.T.);
#6381=ORIENTED_EDGE('',*,*,#4973,.T.);
#6382=ORIENTED_EDGE('',*,*,#6366,.F.);
#6383=EDGE_LOOP('',(#6378,#6380,#6381,#6382));
#6384=FACE_OUTER_BOUND('',#6383,.F.);
#6385=ADVANCED_FACE('',(#6384),#6377,.F.);
#6386=CARTESIAN_POINT('',(1.048E1,0.E0,-1.59E0));
#6387=DIRECTION('',(0.E0,0.E0,-1.E0));
#6388=DIRECTION('',(-1.E0,0.E0,0.E0));
#6389=AXIS2_PLACEMENT_3D('',#6386,#6387,#6388);
#6390=PLANE('',#6389);
#6391=ORIENTED_EDGE('',*,*,#4072,.F.);
#6392=ORIENTED_EDGE('',*,*,#6355,.T.);
#6393=ORIENTED_EDGE('',*,*,#4975,.T.);
#6394=ORIENTED_EDGE('',*,*,#6379,.F.);
#6395=EDGE_LOOP('',(#6391,#6392,#6393,#6394));
#6396=FACE_OUTER_BOUND('',#6395,.F.);
#6397=ADVANCED_FACE('',(#6396),#6390,.F.);
#6398=CARTESIAN_POINT('',(1.238E1,0.E0,1.59E0));
#6399=DIRECTION('',(0.E0,0.E0,1.E0));
#6400=DIRECTION('',(1.E0,0.E0,0.E0));
#6401=AXIS2_PLACEMENT_3D('',#6398,#6399,#6400);
#6402=PLANE('',#6401);
#6403=ORIENTED_EDGE('',*,*,#4133,.F.);
#6405=ORIENTED_EDGE('',*,*,#6404,.T.);
#6406=ORIENTED_EDGE('',*,*,#4676,.T.);
#6408=ORIENTED_EDGE('',*,*,#6407,.F.);
#6409=EDGE_LOOP('',(#6403,#6405,#6406,#6408));
#6410=FACE_OUTER_BOUND('',#6409,.F.);
#6411=ADVANCED_FACE('',(#6410),#6402,.F.);
#6412=CARTESIAN_POINT('',(1.238E1,0.E0,9.5E-1));
#6413=DIRECTION('',(-1.E0,0.E0,0.E0));
#6414=DIRECTION('',(0.E0,0.E0,1.E0));
#6415=AXIS2_PLACEMENT_3D('',#6412,#6413,#6414);
#6416=PLANE('',#6415);
#6417=ORIENTED_EDGE('',*,*,#4139,.F.);
#6419=ORIENTED_EDGE('',*,*,#6418,.T.);
#6420=ORIENTED_EDGE('',*,*,#4678,.T.);
#6421=ORIENTED_EDGE('',*,*,#6404,.F.);
#6422=EDGE_LOOP('',(#6417,#6419,#6420,#6421));
#6423=FACE_OUTER_BOUND('',#6422,.F.);
#6424=ADVANCED_FACE('',(#6423),#6416,.F.);
#6425=CARTESIAN_POINT('',(1.302E1,0.E0,9.5E-1));
#6426=DIRECTION('',(0.E0,0.E0,-1.E0));
#6427=DIRECTION('',(-1.E0,0.E0,0.E0));
#6428=AXIS2_PLACEMENT_3D('',#6425,#6426,#6427);
#6429=PLANE('',#6428);
#6430=ORIENTED_EDGE('',*,*,#4137,.F.);
#6432=ORIENTED_EDGE('',*,*,#6431,.T.);
#6433=ORIENTED_EDGE('',*,*,#4680,.T.);
#6434=ORIENTED_EDGE('',*,*,#6418,.F.);
#6435=EDGE_LOOP('',(#6430,#6432,#6433,#6434));
#6436=FACE_OUTER_BOUND('',#6435,.F.);
#6437=ADVANCED_FACE('',(#6436),#6429,.F.);
#6438=CARTESIAN_POINT('',(1.302E1,0.E0,1.59E0));
#6439=DIRECTION('',(1.E0,0.E0,0.E0));
#6440=DIRECTION('',(0.E0,0.E0,-1.E0));
#6441=AXIS2_PLACEMENT_3D('',#6438,#6439,#6440);
#6442=PLANE('',#6441);
#6443=ORIENTED_EDGE('',*,*,#4135,.F.);
#6444=ORIENTED_EDGE('',*,*,#6407,.T.);
#6445=ORIENTED_EDGE('',*,*,#4682,.T.);
#6446=ORIENTED_EDGE('',*,*,#6431,.F.);
#6447=EDGE_LOOP('',(#6443,#6444,#6445,#6446));
#6448=FACE_OUTER_BOUND('',#6447,.F.);
#6449=ADVANCED_FACE('',(#6448),#6442,.F.);
#6450=CARTESIAN_POINT('',(1.302E1,0.E0,-9.5E-1));
#6451=DIRECTION('',(1.E0,0.E0,0.E0));
#6452=DIRECTION('',(0.E0,0.E0,-1.E0));
#6453=AXIS2_PLACEMENT_3D('',#6450,#6451,#6452);
#6454=PLANE('',#6453);
#6455=ORIENTED_EDGE('',*,*,#4143,.F.);
#6457=ORIENTED_EDGE('',*,*,#6456,.T.);
#6458=ORIENTED_EDGE('',*,*,#4686,.T.);
#6460=ORIENTED_EDGE('',*,*,#6459,.F.);
#6461=EDGE_LOOP('',(#6455,#6457,#6458,#6460));
#6462=FACE_OUTER_BOUND('',#6461,.F.);
#6463=ADVANCED_FACE('',(#6462),#6454,.F.);
#6464=CARTESIAN_POINT('',(1.238E1,0.E0,-9.5E-1));
#6465=DIRECTION('',(0.E0,0.E0,1.E0));
#6466=DIRECTION('',(1.E0,0.E0,0.E0));
#6467=AXIS2_PLACEMENT_3D('',#6464,#6465,#6466);
#6468=PLANE('',#6467);
#6469=ORIENTED_EDGE('',*,*,#4149,.F.);
#6471=ORIENTED_EDGE('',*,*,#6470,.T.);
#6472=ORIENTED_EDGE('',*,*,#4688,.T.);
#6473=ORIENTED_EDGE('',*,*,#6456,.F.);
#6474=EDGE_LOOP('',(#6469,#6471,#6472,#6473));
#6475=FACE_OUTER_BOUND('',#6474,.F.);
#6476=ADVANCED_FACE('',(#6475),#6468,.F.);
#6477=CARTESIAN_POINT('',(1.238E1,0.E0,-1.59E0));
#6478=DIRECTION('',(-1.E0,0.E0,0.E0));
#6479=DIRECTION('',(0.E0,0.E0,1.E0));
#6480=AXIS2_PLACEMENT_3D('',#6477,#6478,#6479);
#6481=PLANE('',#6480);
#6482=ORIENTED_EDGE('',*,*,#4147,.F.);
#6484=ORIENTED_EDGE('',*,*,#6483,.T.);
#6485=ORIENTED_EDGE('',*,*,#4690,.T.);
#6486=ORIENTED_EDGE('',*,*,#6470,.F.);
#6487=EDGE_LOOP('',(#6482,#6484,#6485,#6486));
#6488=FACE_OUTER_BOUND('',#6487,.F.);
#6489=ADVANCED_FACE('',(#6488),#6481,.F.);
#6490=CARTESIAN_POINT('',(1.302E1,0.E0,-1.59E0));
#6491=DIRECTION('',(0.E0,0.E0,-1.E0));
#6492=DIRECTION('',(-1.E0,0.E0,0.E0));
#6493=AXIS2_PLACEMENT_3D('',#6490,#6491,#6492);
#6494=PLANE('',#6493);
#6495=ORIENTED_EDGE('',*,*,#4145,.F.);
#6496=ORIENTED_EDGE('',*,*,#6459,.T.);
#6497=ORIENTED_EDGE('',*,*,#4692,.T.);
#6498=ORIENTED_EDGE('',*,*,#6483,.F.);
#6499=EDGE_LOOP('',(#6495,#6496,#6497,#6498));
#6500=FACE_OUTER_BOUND('',#6499,.F.);
#6501=ADVANCED_FACE('',(#6500),#6494,.F.);
#6502=CARTESIAN_POINT('',(1.492E1,0.E0,1.59E0));
#6503=DIRECTION('',(0.E0,0.E0,1.E0));
#6504=DIRECTION('',(1.E0,0.E0,0.E0));
#6505=AXIS2_PLACEMENT_3D('',#6502,#6503,#6504);
#6506=PLANE('',#6505);
#6507=ORIENTED_EDGE('',*,*,#4206,.F.);
#6509=ORIENTED_EDGE('',*,*,#6508,.T.);
#6510=ORIENTED_EDGE('',*,*,#4290,.T.);
#6512=ORIENTED_EDGE('',*,*,#6511,.F.);
#6513=EDGE_LOOP('',(#6507,#6509,#6510,#6512));
#6514=FACE_OUTER_BOUND('',#6513,.F.);
#6515=ADVANCED_FACE('',(#6514),#6506,.F.);
#6516=CARTESIAN_POINT('',(1.492E1,0.E0,9.5E-1));
#6517=DIRECTION('',(-1.E0,0.E0,0.E0));
#6518=DIRECTION('',(0.E0,0.E0,1.E0));
#6519=AXIS2_PLACEMENT_3D('',#6516,#6517,#6518);
#6520=PLANE('',#6519);
#6521=ORIENTED_EDGE('',*,*,#4212,.F.);
#6523=ORIENTED_EDGE('',*,*,#6522,.T.);
#6524=ORIENTED_EDGE('',*,*,#4292,.T.);
#6525=ORIENTED_EDGE('',*,*,#6508,.F.);
#6526=EDGE_LOOP('',(#6521,#6523,#6524,#6525));
#6527=FACE_OUTER_BOUND('',#6526,.F.);
#6528=ADVANCED_FACE('',(#6527),#6520,.F.);
#6529=CARTESIAN_POINT('',(1.556E1,0.E0,9.5E-1));
#6530=DIRECTION('',(0.E0,0.E0,-1.E0));
#6531=DIRECTION('',(-1.E0,0.E0,0.E0));
#6532=AXIS2_PLACEMENT_3D('',#6529,#6530,#6531);
#6533=PLANE('',#6532);
#6534=ORIENTED_EDGE('',*,*,#4210,.F.);
#6536=ORIENTED_EDGE('',*,*,#6535,.T.);
#6537=ORIENTED_EDGE('',*,*,#4294,.T.);
#6538=ORIENTED_EDGE('',*,*,#6522,.F.);
#6539=EDGE_LOOP('',(#6534,#6536,#6537,#6538));
#6540=FACE_OUTER_BOUND('',#6539,.F.);
#6541=ADVANCED_FACE('',(#6540),#6533,.F.);
#6542=CARTESIAN_POINT('',(1.556E1,0.E0,1.59E0));
#6543=DIRECTION('',(1.E0,0.E0,0.E0));
#6544=DIRECTION('',(0.E0,0.E0,-1.E0));
#6545=AXIS2_PLACEMENT_3D('',#6542,#6543,#6544);
#6546=PLANE('',#6545);
#6547=ORIENTED_EDGE('',*,*,#4208,.F.);
#6548=ORIENTED_EDGE('',*,*,#6511,.T.);
#6549=ORIENTED_EDGE('',*,*,#4296,.T.);
#6550=ORIENTED_EDGE('',*,*,#6535,.F.);
#6551=EDGE_LOOP('',(#6547,#6548,#6549,#6550));
#6552=FACE_OUTER_BOUND('',#6551,.F.);
#6553=ADVANCED_FACE('',(#6552),#6546,.F.);
#6554=CARTESIAN_POINT('',(1.556E1,0.E0,-9.5E-1));
#6555=DIRECTION('',(1.E0,0.E0,0.E0));
#6556=DIRECTION('',(0.E0,0.E0,-1.E0));
#6557=AXIS2_PLACEMENT_3D('',#6554,#6555,#6556);
#6558=PLANE('',#6557);
#6559=ORIENTED_EDGE('',*,*,#4216,.F.);
#6561=ORIENTED_EDGE('',*,*,#6560,.T.);
#6562=ORIENTED_EDGE('',*,*,#4300,.T.);
#6564=ORIENTED_EDGE('',*,*,#6563,.F.);
#6565=EDGE_LOOP('',(#6559,#6561,#6562,#6564));
#6566=FACE_OUTER_BOUND('',#6565,.F.);
#6567=ADVANCED_FACE('',(#6566),#6558,.F.);
#6568=CARTESIAN_POINT('',(1.492E1,0.E0,-9.5E-1));
#6569=DIRECTION('',(0.E0,0.E0,1.E0));
#6570=DIRECTION('',(1.E0,0.E0,0.E0));
#6571=AXIS2_PLACEMENT_3D('',#6568,#6569,#6570);
#6572=PLANE('',#6571);
#6573=ORIENTED_EDGE('',*,*,#4222,.F.);
#6575=ORIENTED_EDGE('',*,*,#6574,.T.);
#6576=ORIENTED_EDGE('',*,*,#4302,.T.);
#6577=ORIENTED_EDGE('',*,*,#6560,.F.);
#6578=EDGE_LOOP('',(#6573,#6575,#6576,#6577));
#6579=FACE_OUTER_BOUND('',#6578,.F.);
#6580=ADVANCED_FACE('',(#6579),#6572,.F.);
#6581=CARTESIAN_POINT('',(1.492E1,0.E0,-1.59E0));
#6582=DIRECTION('',(-1.E0,0.E0,0.E0));
#6583=DIRECTION('',(0.E0,0.E0,1.E0));
#6584=AXIS2_PLACEMENT_3D('',#6581,#6582,#6583);
#6585=PLANE('',#6584);
#6586=ORIENTED_EDGE('',*,*,#4220,.F.);
#6588=ORIENTED_EDGE('',*,*,#6587,.T.);
#6589=ORIENTED_EDGE('',*,*,#4304,.T.);
#6590=ORIENTED_EDGE('',*,*,#6574,.F.);
#6591=EDGE_LOOP('',(#6586,#6588,#6589,#6590));
#6592=FACE_OUTER_BOUND('',#6591,.F.);
#6593=ADVANCED_FACE('',(#6592),#6585,.F.);
#6594=CARTESIAN_POINT('',(1.556E1,0.E0,-1.59E0));
#6595=DIRECTION('',(0.E0,0.E0,-1.E0));
#6596=DIRECTION('',(-1.E0,0.E0,0.E0));
#6597=AXIS2_PLACEMENT_3D('',#6594,#6595,#6596);
#6598=PLANE('',#6597);
#6599=ORIENTED_EDGE('',*,*,#4218,.F.);
#6600=ORIENTED_EDGE('',*,*,#6563,.T.);
#6601=ORIENTED_EDGE('',*,*,#4306,.T.);
#6602=ORIENTED_EDGE('',*,*,#6587,.F.);
#6603=EDGE_LOOP('',(#6599,#6600,#6601,#6602));
#6604=FACE_OUTER_BOUND('',#6603,.F.);
#6605=ADVANCED_FACE('',(#6604),#6598,.F.);
#6606=CLOSED_SHELL('',(#3861,#3876,#3891,#3934,#3949,#3964,#4007,#4022,#4037,
#4080,#4095,#4110,#4153,#4168,#4183,#4226,#4241,#4259,#4310,#4324,#4337,#4352,
#4370,#4384,#4398,#4414,#4427,#4439,#4453,#4469,#4482,#4494,#4510,#4527,#4545,
#4560,#4576,#4590,#4605,#4622,#4636,#4649,#4696,#4710,#4723,#4738,#4752,#4765,
#4777,#4793,#4810,#4828,#4843,#4859,#4873,#4888,#4905,#4919,#4932,#4979,#4993,
#5006,#5021,#5035,#5048,#5060,#5076,#5093,#5111,#5126,#5142,#5156,#5171,#5188,
#5202,#5215,#5262,#5276,#5289,#5304,#5318,#5331,#5343,#5359,#5376,#5394,#5409,
#5425,#5439,#5454,#5471,#5485,#5498,#5545,#5559,#5572,#5587,#5601,#5614,#5626,
#5642,#5659,#5677,#5692,#5708,#5722,#5737,#5754,#5768,#5781,#5828,#5842,#5855,
#5870,#5884,#5897,#5909,#5926,#5940,#5956,#5969,#5981,#5995,#6008,#6021,#6033,
#6047,#6060,#6073,#6085,#6099,#6112,#6125,#6137,#6151,#6164,#6177,#6189,#6203,
#6216,#6229,#6241,#6255,#6268,#6281,#6293,#6307,#6320,#6333,#6345,#6359,#6372,
#6385,#6397,#6411,#6424,#6437,#6449,#6463,#6476,#6489,#6501,#6515,#6528,#6541,
#6553,#6567,#6580,#6593,#6605));
#6607=MANIFOLD_SOLID_BREP('',#6606);
#6608=FILL_AREA_STYLE_COLOUR('',#3);
#6609=FILL_AREA_STYLE('',(#6608));
#6610=SURFACE_STYLE_FILL_AREA(#6609);
#6611=SURFACE_SIDE_STYLE('',(#6610));
#6612=SURFACE_STYLE_USAGE(.BOTH.,#6611);
#6613=PRESENTATION_STYLE_ASSIGNMENT((#6612));
#12=STYLED_ITEM('',(#6613),#6607);
#6615=DIMENSIONAL_EXPONENTS(0.E0,0.E0,0.E0,0.E0,0.E0,0.E0,0.E0);
#6617=PLANE_ANGLE_MEASURE_WITH_UNIT(PLANE_ANGLE_MEASURE(1.745329251994E-2),
#6616);
#6618=(CONVERSION_BASED_UNIT('DEGREE',#6617)NAMED_UNIT(*)PLANE_ANGLE_UNIT());
#6620=UNCERTAINTY_MEASURE_WITH_UNIT(LENGTH_MEASURE(1.626328500566E-3),#6614,
'closure',
'Maximum model space distance between geometric entities at asserted connectivities');
#6621=(GEOMETRIC_REPRESENTATION_CONTEXT(3)GLOBAL_UNCERTAINTY_ASSIGNED_CONTEXT((
#6620))GLOBAL_UNIT_ASSIGNED_CONTEXT((#6614,#6618,#6619))REPRESENTATION_CONTEXT(
'ID1','3'));
#6622=CARTESIAN_POINT('',(0.E0,0.E0,0.E0));
#6623=DIRECTION('',(0.E0,0.E0,1.E0));
#6624=DIRECTION('',(1.E0,0.E0,0.E0));
#6627=APPLICATION_CONTEXT(
'CONFIGURATION CONTROLLED 3D DESIGNS OF MECHANICAL PARTS AND ASSEMBLIES');
#6628=APPLICATION_PROTOCOL_DEFINITION('international standard',
'config_control_design',1994,#6627);
#6629=DESIGN_CONTEXT('',#6627,'design');
#6630=MECHANICAL_CONTEXT('',#6627,'mechanical');
#6631=PRODUCT('M20-995-MOULD','M20-995-MOULD','NOT SPECIFIED',(#6630));
#6632=PRODUCT_DEFINITION_FORMATION_WITH_SPECIFIED_SOURCE('2','LAST_VERSION',
#6631,.MADE.);
#6641=CARTESIAN_POINT('',(0.E0,0.E0,0.E0));
#6642=DIRECTION('',(0.E0,0.E0,1.E0));
#6643=DIRECTION('',(1.E0,0.E0,0.E0));
#6644=AXIS2_PLACEMENT_3D('',#6641,#6642,#6643);
#6645=ITEM_DEFINED_TRANSFORMATION('','',#6625,#6644);
#6646=(REPRESENTATION_RELATIONSHIP('','',#6626,#6638)REPRESENTATION_RELATIONSHIP_WITH_TRANSFORMATION(#6645)SHAPE_REPRESENTATION_RELATIONSHIP());
#6647=CONTEXT_DEPENDENT_SHAPE_REPRESENTATION(#6646,#6640);
#6649=DIRECTION('',(-1.E0,0.E0,0.E0));
#6650=VECTOR('',#6649,3.9E-1);
#6651=CARTESIAN_POINT('',(1.95E-1,-1.95E-1,7.94E0));
#6652=LINE('',#6651,#6650);
#6653=CURVE_STYLE('',#17,POSITIVE_LENGTH_MEASURE(2.E-2),#10);
#6654=PRESENTATION_STYLE_ASSIGNMENT((#6653));
#6655=STYLED_ITEM('',(#6654),#6652);
#6656=DIRECTION('',(4.472135955E-1,-4.472135955E-1,-7.745966692415E-1));
#6657=VECTOR('',#6656,2.795084971875E-1);
#6658=CARTESIAN_POINT('',(1.95E-1,-1.95E-1,7.94E0));
#6659=LINE('',#6658,#6657);
#6660=CURVE_STYLE('',#17,POSITIVE_LENGTH_MEASURE(2.E-2),#10);
#6661=PRESENTATION_STYLE_ASSIGNMENT((#6660));
#6662=STYLED_ITEM('',(#6661),#6659);
#6663=DIRECTION('',(-1.E0,0.E0,0.E0));
#6664=VECTOR('',#6663,6.4E-1);
#6665=CARTESIAN_POINT('',(3.2E-1,-3.2E-1,7.723493649054E0));
#6666=LINE('',#6665,#6664);
#6667=CURVE_STYLE('',#17,POSITIVE_LENGTH_MEASURE(2.E-2),#10);
#6668=PRESENTATION_STYLE_ASSIGNMENT((#6667));
#6669=STYLED_ITEM('',(#6668),#6666);
#6670=DIRECTION('',(0.E0,-1.E0,0.E0));
#6671=VECTOR('',#6670,3.9E-1);
#6672=CARTESIAN_POINT('',(1.95E-1,1.95E-1,7.94E0));
#6673=LINE('',#6672,#6671);
#6674=CURVE_STYLE('',#17,POSITIVE_LENGTH_MEASURE(2.E-2),#10);
#6675=PRESENTATION_STYLE_ASSIGNMENT((#6674));
#6676=STYLED_ITEM('',(#6675),#6673);
#6677=DIRECTION('',(4.472135955E-1,4.472135955E-1,-7.745966692415E-1));
#6678=VECTOR('',#6677,2.795084971875E-1);
#6679=CARTESIAN_POINT('',(1.95E-1,1.95E-1,7.94E0));
#6680=LINE('',#6679,#6678);
#6681=CURVE_STYLE('',#17,POSITIVE_LENGTH_MEASURE(2.E-2),#10);
#6682=PRESENTATION_STYLE_ASSIGNMENT((#6681));
#6683=STYLED_ITEM('',(#6682),#6680);
#6684=DIRECTION('',(0.E0,-1.E0,0.E0));
#6685=VECTOR('',#6684,6.4E-1);
#6686=CARTESIAN_POINT('',(3.2E-1,3.2E-1,7.723493649054E0));
#6687=LINE('',#6686,#6685);
#6688=CURVE_STYLE('',#17,POSITIVE_LENGTH_MEASURE(2.E-2),#10);
#6689=PRESENTATION_STYLE_ASSIGNMENT((#6688));
#6690=STYLED_ITEM('',(#6689),#6687);
#6691=DIRECTION('',(1.E0,0.E0,0.E0));
#6692=VECTOR('',#6691,3.9E-1);
#6693=CARTESIAN_POINT('',(-1.95E-1,1.95E-1,7.94E0));
#6694=LINE('',#6693,#6692);
#6695=CURVE_STYLE('',#17,POSITIVE_LENGTH_MEASURE(2.E-2),#10);
#6696=PRESENTATION_STYLE_ASSIGNMENT((#6695));
#6697=STYLED_ITEM('',(#6696),#6694);
#6698=DIRECTION('',(1.E0,0.E0,0.E0));
#6699=VECTOR('',#6698,6.4E-1);
#6700=CARTESIAN_POINT('',(-3.2E-1,3.2E-1,7.723493649054E0));
#6701=LINE('',#6700,#6699);
#6702=CURVE_STYLE('',#17,POSITIVE_LENGTH_MEASURE(2.E-2),#10);
#6703=PRESENTATION_STYLE_ASSIGNMENT((#6702));
#6704=STYLED_ITEM('',(#6703),#6701);
#6705=DIRECTION('',(0.E0,1.E0,0.E0));
#6706=VECTOR('',#6705,3.9E-1);
#6707=CARTESIAN_POINT('',(-1.95E-1,-1.95E-1,7.94E0));
#6708=LINE('',#6707,#6706);
#6709=CURVE_STYLE('',#17,POSITIVE_LENGTH_MEASURE(2.E-2),#10);
#6710=PRESENTATION_STYLE_ASSIGNMENT((#6709));
#6711=STYLED_ITEM('',(#6710),#6708);
#6712=DIRECTION('',(-4.472135955E-1,-4.472135955E-1,-7.745966692415E-1));
#6713=VECTOR('',#6712,2.795084971875E-1);
#6714=CARTESIAN_POINT('',(-1.95E-1,-1.95E-1,7.94E0));
#6715=LINE('',#6714,#6713);
#6716=CURVE_STYLE('',#17,POSITIVE_LENGTH_MEASURE(2.E-2),#10);
#6717=PRESENTATION_STYLE_ASSIGNMENT((#6716));
#6718=STYLED_ITEM('',(#6717),#6715);
#6719=DIRECTION('',(0.E0,1.E0,0.E0));
#6720=VECTOR('',#6719,6.4E-1);
#6721=CARTESIAN_POINT('',(-3.2E-1,-3.2E-1,7.723493649054E0));
#6722=LINE('',#6721,#6720);
#6723=CURVE_STYLE('',#17,POSITIVE_LENGTH_MEASURE(2.E-2),#10);
#6724=PRESENTATION_STYLE_ASSIGNMENT((#6723));
#6725=STYLED_ITEM('',(#6724),#6722);
#6726=DIRECTION('',(-4.472135955E-1,4.472135955E-1,-7.745966692415E-1));
#6727=VECTOR('',#6726,2.795084971875E-1);
#6728=CARTESIAN_POINT('',(-1.95E-1,1.95E-1,7.94E0));
#6729=LINE('',#6728,#6727);
#6730=CURVE_STYLE('',#17,POSITIVE_LENGTH_MEASURE(2.E-2),#10);
#6731=PRESENTATION_STYLE_ASSIGNMENT((#6730));
#6732=STYLED_ITEM('',(#6731),#6729);
#6733=DIRECTION('',(0.E0,0.E0,-1.E0));
#6734=VECTOR('',#6733,9.363493649054E0);
#6735=CARTESIAN_POINT('',(-3.2E-1,-3.2E-1,7.723493649054E0));
#6736=LINE('',#6735,#6734);
#6737=CURVE_STYLE('',#17,POSITIVE_LENGTH_MEASURE(2.E-2),#10);
#6738=PRESENTATION_STYLE_ASSIGNMENT((#6737));
#6739=STYLED_ITEM('',(#6738),#6736);
#6740=CARTESIAN_POINT('',(-3.2E-1,-1.32E0,-1.64E0));
#6741=DIRECTION('',(-1.E0,0.E0,0.E0));
#6742=DIRECTION('',(0.E0,1.E0,0.E0));
#6743=AXIS2_PLACEMENT_3D('',#6740,#6741,#6742);
#6745=CURVE_STYLE('',#17,POSITIVE_LENGTH_MEASURE(2.E-2),#10);
#6746=PRESENTATION_STYLE_ASSIGNMENT((#6745));
#6747=STYLED_ITEM('',(#6746),#6744);
#6748=DIRECTION('',(0.E0,-1.E0,0.E0));
#6749=VECTOR('',#6748,2.733493649054E0);
#6750=CARTESIAN_POINT('',(-3.2E-1,-1.32E0,-2.64E0));
#6751=LINE('',#6750,#6749);
#6752=CURVE_STYLE('',#17,POSITIVE_LENGTH_MEASURE(2.E-2),#10);
#6753=PRESENTATION_STYLE_ASSIGNMENT((#6752));
#6754=STYLED_ITEM('',(#6753),#6751);
#6755=DIRECTION('',(0.E0,0.E0,-1.E0));
#6756=VECTOR('',#6755,9.363493649054E0);
#6757=CARTESIAN_POINT('',(3.2E-1,-3.2E-1,7.723493649054E0));
#6758=LINE('',#6757,#6756);
#6759=CURVE_STYLE('',#17,POSITIVE_LENGTH_MEASURE(2.E-2),#10);
#6760=PRESENTATION_STYLE_ASSIGNMENT((#6759));
#6761=STYLED_ITEM('',(#6760),#6758);
#6762=DIRECTION('',(0.E0,0.E0,-1.E0));
#6763=VECTOR('',#6762,9.363493649054E0);
#6764=CARTESIAN_POINT('',(3.2E-1,3.2E-1,7.723493649054E0));
#6765=LINE('',#6764,#6763);
#6766=CURVE_STYLE('',#17,POSITIVE_LENGTH_MEASURE(2.E-2),#10);
#6767=PRESENTATION_STYLE_ASSIGNMENT((#6766));
#6768=STYLED_ITEM('',(#6767),#6765);
#6769=CARTESIAN_POINT('',(3.2E-1,-1.32E0,-1.64E0));
#6770=DIRECTION('',(-1.E0,0.E0,0.E0));
#6771=DIRECTION('',(0.E0,1.E0,0.E0));
#6772=AXIS2_PLACEMENT_3D('',#6769,#6770,#6771);
#6774=CURVE_STYLE('',#17,POSITIVE_LENGTH_MEASURE(2.E-2),#10);
#6775=PRESENTATION_STYLE_ASSIGNMENT((#6774));
#6776=STYLED_ITEM('',(#6775),#6773);
#6777=DIRECTION('',(0.E0,-1.E0,0.E0));
#6778=VECTOR('',#6777,2.733493649054E0);
#6779=CARTESIAN_POINT('',(3.2E-1,-1.32E0,-3.28E0));
#6780=LINE('',#6779,#6778);
#6781=CURVE_STYLE('',#17,POSITIVE_LENGTH_MEASURE(2.E-2),#10);
#6782=PRESENTATION_STYLE_ASSIGNMENT((#6781));
#6783=STYLED_ITEM('',(#6782),#6780);
#6784=DIRECTION('',(0.E0,0.E0,-1.E0));
#6785=VECTOR('',#6784,9.363493649054E0);
#6786=CARTESIAN_POINT('',(-3.2E-1,3.2E-1,7.723493649054E0));
#6787=LINE('',#6786,#6785);
#6788=CURVE_STYLE('',#17,POSITIVE_LENGTH_MEASURE(2.E-2),#10);
#6789=PRESENTATION_STYLE_ASSIGNMENT((#6788));
#6790=STYLED_ITEM('',(#6789),#6787);
#6791=DIRECTION('',(1.E0,0.E0,0.E0));
#6792=VECTOR('',#6791,6.4E-1);
#6793=CARTESIAN_POINT('',(-3.2E-1,3.2E-1,-1.64E0));
#6794=LINE('',#6793,#6792);
#6795=CURVE_STYLE('',#17,POSITIVE_LENGTH_MEASURE(2.E-2),#10);
#6796=PRESENTATION_STYLE_ASSIGNMENT((#6795));
#6797=STYLED_ITEM('',(#6796),#6794);
#6798=CARTESIAN_POINT('',(-3.2E-1,-1.32E0,-1.64E0));
#6799=DIRECTION('',(-1.E0,0.E0,0.E0));
#6800=DIRECTION('',(0.E0,1.E0,0.E0));
#6801=AXIS2_PLACEMENT_3D('',#6798,#6799,#6800);
#6803=CURVE_STYLE('',#17,POSITIVE_LENGTH_MEASURE(2.E-2),#10);
#6804=PRESENTATION_STYLE_ASSIGNMENT((#6803));
#6805=STYLED_ITEM('',(#6804),#6802);
#6806=DIRECTION('',(1.E0,0.E0,0.E0));
#6807=VECTOR('',#6806,6.4E-1);
#6808=CARTESIAN_POINT('',(-3.2E-1,-1.32E0,-3.28E0));
#6809=LINE('',#6808,#6807);
#6810=CURVE_STYLE('',#17,POSITIVE_LENGTH_MEASURE(2.E-2),#10);
#6811=PRESENTATION_STYLE_ASSIGNMENT((#6810));
#6812=STYLED_ITEM('',(#6811),#6809);
#6813=DIRECTION('',(0.E0,-1.E0,0.E0));
#6814=VECTOR('',#6813,2.733493649054E0);
#6815=CARTESIAN_POINT('',(-3.2E-1,-1.32E0,-3.28E0));
#6816=LINE('',#6815,#6814);
#6817=CURVE_STYLE('',#17,POSITIVE_LENGTH_MEASURE(2.E-2),#10);
#6818=PRESENTATION_STYLE_ASSIGNMENT((#6817));
#6819=STYLED_ITEM('',(#6818),#6816);
#6820=DIRECTION('',(1.E0,0.E0,0.E0));
#6821=VECTOR('',#6820,3.9E-1);
#6822=CARTESIAN_POINT('',(-1.95E-1,-4.27E0,-3.155E0));
#6823=LINE('',#6822,#6821);
#6824=CURVE_STYLE('',#17,POSITIVE_LENGTH_MEASURE(2.E-2),#10);
#6825=PRESENTATION_STYLE_ASSIGNMENT((#6824));
#6826=STYLED_ITEM('',(#6825),#6823);
#6827=DIRECTION('',(4.472135955E-1,7.745966692415E-1,-4.472135955E-1));
#6828=VECTOR('',#6827,2.795084971875E-1);
#6829=CARTESIAN_POINT('',(1.95E-1,-4.27E0,-3.155E0));
#6830=LINE('',#6829,#6828);
#6831=CURVE_STYLE('',#17,POSITIVE_LENGTH_MEASURE(2.E-2),#10);
#6832=PRESENTATION_STYLE_ASSIGNMENT((#6831));
#6833=STYLED_ITEM('',(#6832),#6830);
#6834=DIRECTION('',(1.E0,0.E0,0.E0));
#6835=VECTOR('',#6834,6.4E-1);
#6836=CARTESIAN_POINT('',(-3.2E-1,-4.053493649054E0,-3.28E0));
#6837=LINE('',#6836,#6835);
#6838=CURVE_STYLE('',#17,POSITIVE_LENGTH_MEASURE(2.E-2),#10);
#6839=PRESENTATION_STYLE_ASSIGNMENT((#6838));
#6840=STYLED_ITEM('',(#6839),#6837);
#6841=DIRECTION('',(-1.E0,0.E0,0.E0));
#6842=VECTOR('',#6841,3.9E-1);
#6843=CARTESIAN_POINT('',(1.95E-1,-4.27E0,-2.765E0));
#6844=LINE('',#6843,#6842);
#6845=CURVE_STYLE('',#17,POSITIVE_LENGTH_MEASURE(2.E-2),#10);
#6846=PRESENTATION_STYLE_ASSIGNMENT((#6845));
#6847=STYLED_ITEM('',(#6846),#6844);
#6848=DIRECTION('',(-4.472135955E-1,7.745966692415E-1,4.472135955E-1));
#6849=VECTOR('',#6848,2.795084971875E-1);
#6850=CARTESIAN_POINT('',(-1.95E-1,-4.27E0,-2.765E0));
#6851=LINE('',#6850,#6849);
#6852=CURVE_STYLE('',#17,POSITIVE_LENGTH_MEASURE(2.E-2),#10);
#6853=PRESENTATION_STYLE_ASSIGNMENT((#6852));
#6854=STYLED_ITEM('',(#6853),#6851);
#6855=DIRECTION('',(-1.E0,0.E0,0.E0));
#6856=VECTOR('',#6855,6.4E-1);
#6857=CARTESIAN_POINT('',(3.2E-1,-4.053493649054E0,-2.64E0));
#6858=LINE('',#6857,#6856);
#6859=CURVE_STYLE('',#17,POSITIVE_LENGTH_MEASURE(2.E-2),#10);
#6860=PRESENTATION_STYLE_ASSIGNMENT((#6859));
#6861=STYLED_ITEM('',(#6860),#6858);
#6862=DIRECTION('',(4.472135955E-1,7.745966692415E-1,4.472135955E-1));
#6863=VECTOR('',#6862,2.795084971875E-1);
#6864=CARTESIAN_POINT('',(1.95E-1,-4.27E0,-2.765E0));
#6865=LINE('',#6864,#6863);
#6866=CURVE_STYLE('',#17,POSITIVE_LENGTH_MEASURE(2.E-2),#10);
#6867=PRESENTATION_STYLE_ASSIGNMENT((#6866));
#6868=STYLED_ITEM('',(#6867),#6865);
#6869=DIRECTION('',(0.E0,0.E0,-1.E0));
#6870=VECTOR('',#6869,3.9E-1);
#6871=CARTESIAN_POINT('',(-1.95E-1,-4.27E0,-2.765E0));
#6872=LINE('',#6871,#6870);
#6873=CURVE_STYLE('',#17,POSITIVE_LENGTH_MEASURE(2.E-2),#10);
#6874=PRESENTATION_STYLE_ASSIGNMENT((#6873));
#6875=STYLED_ITEM('',(#6874),#6872);
#6876=DIRECTION('',(-4.472135955E-1,7.745966692415E-1,-4.472135955E-1));
#6877=VECTOR('',#6876,2.795084971875E-1);
#6878=CARTESIAN_POINT('',(-1.95E-1,-4.27E0,-3.155E0));
#6879=LINE('',#6878,#6877);
#6880=CURVE_STYLE('',#17,POSITIVE_LENGTH_MEASURE(2.E-2),#10);
#6881=PRESENTATION_STYLE_ASSIGNMENT((#6880));
#6882=STYLED_ITEM('',(#6881),#6879);
#6883=DIRECTION('',(0.E0,0.E0,-1.E0));
#6884=VECTOR('',#6883,6.4E-1);
#6885=CARTESIAN_POINT('',(-3.2E-1,-4.053493649054E0,-2.64E0));
#6886=LINE('',#6885,#6884);
#6887=CURVE_STYLE('',#17,POSITIVE_LENGTH_MEASURE(2.E-2),#10);
#6888=PRESENTATION_STYLE_ASSIGNMENT((#6887));
#6889=STYLED_ITEM('',(#6888),#6886);
#6890=DIRECTION('',(-1.E0,0.E0,0.E0));
#6891=VECTOR('',#6890,6.4E-1);
#6892=CARTESIAN_POINT('',(3.2E-1,-1.32E0,-2.64E0));
#6893=LINE('',#6892,#6891);
#6894=CURVE_STYLE('',#17,POSITIVE_LENGTH_MEASURE(2.E-2),#10);
#6895=PRESENTATION_STYLE_ASSIGNMENT((#6894));
#6896=STYLED_ITEM('',(#6895),#6893);
#6897=DIRECTION('',(0.E0,-1.E0,0.E0));
#6898=VECTOR('',#6897,2.733493649054E0);
#6899=CARTESIAN_POINT('',(3.2E-1,-1.32E0,-2.64E0));
#6900=LINE('',#6899,#6898);
#6901=CURVE_STYLE('',#17,POSITIVE_LENGTH_MEASURE(2.E-2),#10);
#6902=PRESENTATION_STYLE_ASSIGNMENT((#6901));
#6903=STYLED_ITEM('',(#6902),#6900);
#6904=DIRECTION('',(-1.E0,0.E0,0.E0));
#6905=VECTOR('',#6904,6.4E-1);
#6906=CARTESIAN_POINT('',(3.2E-1,-3.2E-1,-1.64E0));
#6907=LINE('',#6906,#6905);
#6908=CURVE_STYLE('',#17,POSITIVE_LENGTH_MEASURE(2.E-2),#10);
#6909=PRESENTATION_STYLE_ASSIGNMENT((#6908));
#6910=STYLED_ITEM('',(#6909),#6907);
#6911=CARTESIAN_POINT('',(3.2E-1,-1.32E0,-1.64E0));
#6912=DIRECTION('',(-1.E0,0.E0,0.E0));
#6913=DIRECTION('',(0.E0,1.E0,0.E0));
#6914=AXIS2_PLACEMENT_3D('',#6911,#6912,#6913);
#6916=CURVE_STYLE('',#17,POSITIVE_LENGTH_MEASURE(2.E-2),#10);
#6917=PRESENTATION_STYLE_ASSIGNMENT((#6916));
#6918=STYLED_ITEM('',(#6917),#6915);
#6919=DIRECTION('',(0.E0,0.E0,1.E0));
#6920=VECTOR('',#6919,3.9E-1);
#6921=CARTESIAN_POINT('',(1.95E-1,-4.27E0,-3.155E0));
#6922=LINE('',#6921,#6920);
#6923=CURVE_STYLE('',#17,POSITIVE_LENGTH_MEASURE(2.E-2),#10);
#6924=PRESENTATION_STYLE_ASSIGNMENT((#6923));
#6925=STYLED_ITEM('',(#6924),#6922);
#6926=DIRECTION('',(0.E0,0.E0,1.E0));
#6927=VECTOR('',#6926,6.4E-1);
#6928=CARTESIAN_POINT('',(3.2E-1,-4.053493649054E0,-3.28E0));
#6929=LINE('',#6928,#6927);
#6930=CURVE_STYLE('',#17,POSITIVE_LENGTH_MEASURE(2.E-2),#10);
#6931=PRESENTATION_STYLE_ASSIGNMENT((#6930));
#6932=STYLED_ITEM('',(#6931),#6929);
#6933=CARTESIAN_POINT('',(3.2E-1,-3.2E-1,-1.64E0));
#6934=CARTESIAN_POINT('',(-3.2E-1,-3.2E-1,-1.64E0));
#6935=VERTEX_POINT('',#6933);
#6936=VERTEX_POINT('',#6934);
#6937=CARTESIAN_POINT('',(-3.2E-1,3.2E-1,-1.64E0));
#6938=CARTESIAN_POINT('',(3.2E-1,3.2E-1,-1.64E0));
#6939=VERTEX_POINT('',#6937);
#6940=VERTEX_POINT('',#6938);
#6941=CARTESIAN_POINT('',(3.2E-1,-1.32E0,-2.64E0));
#6942=CARTESIAN_POINT('',(-3.2E-1,-1.32E0,-2.64E0));
#6943=VERTEX_POINT('',#6941);
#6944=VERTEX_POINT('',#6942);
#6945=CARTESIAN_POINT('',(-3.2E-1,-1.32E0,-3.28E0));
#6946=CARTESIAN_POINT('',(3.2E-1,-1.32E0,-3.28E0));
#6947=VERTEX_POINT('',#6945);
#6948=VERTEX_POINT('',#6946);
#6949=CARTESIAN_POINT('',(-1.95E-1,1.95E-1,7.94E0));
#6950=CARTESIAN_POINT('',(1.95E-1,1.95E-1,7.94E0));
#6951=VERTEX_POINT('',#6949);
#6952=VERTEX_POINT('',#6950);
#6953=CARTESIAN_POINT('',(-3.2E-1,3.2E-1,7.723493649054E0));
#6954=CARTESIAN_POINT('',(3.2E-1,3.2E-1,7.723493649054E0));
#6955=VERTEX_POINT('',#6953);
#6956=VERTEX_POINT('',#6954);
#6957=CARTESIAN_POINT('',(1.95E-1,-1.95E-1,7.94E0));
#6958=VERTEX_POINT('',#6957);
#6959=CARTESIAN_POINT('',(3.2E-1,-3.2E-1,7.723493649054E0));
#6960=VERTEX_POINT('',#6959);
#6961=CARTESIAN_POINT('',(-1.95E-1,-1.95E-1,7.94E0));
#6962=VERTEX_POINT('',#6961);
#6963=CARTESIAN_POINT('',(-3.2E-1,-3.2E-1,7.723493649054E0));
#6964=VERTEX_POINT('',#6963);
#6965=CARTESIAN_POINT('',(1.95E-1,-4.27E0,-3.155E0));
#6966=CARTESIAN_POINT('',(1.95E-1,-4.27E0,-2.765E0));
#6967=VERTEX_POINT('',#6965);
#6968=VERTEX_POINT('',#6966);
#6969=CARTESIAN_POINT('',(3.2E-1,-4.053493649054E0,-3.28E0));
#6970=CARTESIAN_POINT('',(3.2E-1,-4.053493649054E0,-2.64E0));
#6971=VERTEX_POINT('',#6969);
#6972=VERTEX_POINT('',#6970);
#6973=CARTESIAN_POINT('',(-1.95E-1,-4.27E0,-3.155E0));
#6974=VERTEX_POINT('',#6973);
#6975=CARTESIAN_POINT('',(-3.2E-1,-4.053493649054E0,-3.28E0));
#6976=VERTEX_POINT('',#6975);
#6977=CARTESIAN_POINT('',(-1.95E-1,-4.27E0,-2.765E0));
#6978=VERTEX_POINT('',#6977);
#6979=CARTESIAN_POINT('',(-3.2E-1,-4.053493649054E0,-2.64E0));
#6980=VERTEX_POINT('',#6979);
#6981=CARTESIAN_POINT('',(0.E0,0.E0,7.94E0));
#6982=DIRECTION('',(0.E0,0.E0,-1.E0));
#6983=DIRECTION('',(0.E0,1.E0,0.E0));
#6984=AXIS2_PLACEMENT_3D('',#6981,#6982,#6983);
#6985=PLANE('',#6984);
#6987=ORIENTED_EDGE('',*,*,#6986,.T.);
#6989=ORIENTED_EDGE('',*,*,#6988,.T.);
#6991=ORIENTED_EDGE('',*,*,#6990,.T.);
#6993=ORIENTED_EDGE('',*,*,#6992,.T.);
#6994=EDGE_LOOP('',(#6987,#6989,#6991,#6993));
#6995=FACE_OUTER_BOUND('',#6994,.F.);
#6996=ADVANCED_FACE('',(#6995),#6985,.F.);
#6997=CARTESIAN_POINT('',(3.2E-1,-1.95E-1,7.94E0));
#6998=DIRECTION('',(0.E0,-8.660254037844E-1,5.E-1));
#6999=DIRECTION('',(-1.E0,0.E0,0.E0));
#7000=AXIS2_PLACEMENT_3D('',#6997,#6998,#6999);
#7001=PLANE('',#7000);
#7002=ORIENTED_EDGE('',*,*,#6986,.F.);
#7004=ORIENTED_EDGE('',*,*,#7003,.T.);
#7006=ORIENTED_EDGE('',*,*,#7005,.T.);
#7008=ORIENTED_EDGE('',*,*,#7007,.F.);
#7009=EDGE_LOOP('',(#7002,#7004,#7006,#7008));
#7010=FACE_OUTER_BOUND('',#7009,.F.);
#7011=ADVANCED_FACE('',(#7010),#7001,.T.);
#7012=CARTESIAN_POINT('',(1.95E-1,3.2E-1,7.94E0));
#7013=DIRECTION('',(8.660254037844E-1,0.E0,5.E-1));
#7014=DIRECTION('',(0.E0,-1.E0,0.E0));
#7015=AXIS2_PLACEMENT_3D('',#7012,#7013,#7014);
#7016=PLANE('',#7015);
#7017=ORIENTED_EDGE('',*,*,#6992,.F.);
#7019=ORIENTED_EDGE('',*,*,#7018,.T.);
#7021=ORIENTED_EDGE('',*,*,#7020,.T.);
#7022=ORIENTED_EDGE('',*,*,#7003,.F.);
#7023=EDGE_LOOP('',(#7017,#7019,#7021,#7022));
#7024=FACE_OUTER_BOUND('',#7023,.F.);
#7025=ADVANCED_FACE('',(#7024),#7016,.T.);
#7026=CARTESIAN_POINT('',(-3.2E-1,1.95E-1,7.94E0));
#7027=DIRECTION('',(0.E0,8.660254037844E-1,5.E-1));
#7028=DIRECTION('',(1.E0,0.E0,0.E0));
#7029=AXIS2_PLACEMENT_3D('',#7026,#7027,#7028);
#7030=PLANE('',#7029);
#7031=ORIENTED_EDGE('',*,*,#6990,.F.);
#7033=ORIENTED_EDGE('',*,*,#7032,.T.);
#7035=ORIENTED_EDGE('',*,*,#7034,.T.);
#7036=ORIENTED_EDGE('',*,*,#7018,.F.);
#7037=EDGE_LOOP('',(#7031,#7033,#7035,#7036));
#7038=FACE_OUTER_BOUND('',#7037,.F.);
#7039=ADVANCED_FACE('',(#7038),#7030,.T.);
#7040=CARTESIAN_POINT('',(-1.95E-1,-3.2E-1,7.94E0));
#7041=DIRECTION('',(-8.660254037844E-1,0.E0,5.E-1));
#7042=DIRECTION('',(0.E0,1.E0,0.E0));
#7043=AXIS2_PLACEMENT_3D('',#7040,#7041,#7042);
#7044=PLANE('',#7043);
#7045=ORIENTED_EDGE('',*,*,#6988,.F.);
#7046=ORIENTED_EDGE('',*,*,#7007,.T.);
#7048=ORIENTED_EDGE('',*,*,#7047,.T.);
#7049=ORIENTED_EDGE('',*,*,#7032,.F.);
#7050=EDGE_LOOP('',(#7045,#7046,#7048,#7049));
#7051=FACE_OUTER_BOUND('',#7050,.F.);
#7052=ADVANCED_FACE('',(#7051),#7044,.T.);
#7053=CARTESIAN_POINT('',(-3.2E-1,-3.2E-1,7.94E0));
#7054=DIRECTION('',(-1.E0,0.E0,0.E0));
#7055=DIRECTION('',(0.E0,1.E0,0.E0));
#7056=AXIS2_PLACEMENT_3D('',#7053,#7054,#7055);
#7057=PLANE('',#7056);
#7058=ORIENTED_EDGE('',*,*,#7047,.F.);
#7060=ORIENTED_EDGE('',*,*,#7059,.T.);
#7062=ORIENTED_EDGE('',*,*,#7061,.T.);
#7064=ORIENTED_EDGE('',*,*,#7063,.T.);
#7066=ORIENTED_EDGE('',*,*,#7065,.T.);
#7068=ORIENTED_EDGE('',*,*,#7067,.F.);
#7070=ORIENTED_EDGE('',*,*,#7069,.F.);
#7072=ORIENTED_EDGE('',*,*,#7071,.F.);
#7073=EDGE_LOOP('',(#7058,#7060,#7062,#7064,#7066,#7068,#7070,#7072));
#7074=FACE_OUTER_BOUND('',#7073,.F.);
#7075=ADVANCED_FACE('',(#7074),#7057,.T.);
#7076=CARTESIAN_POINT('',(3.2E-1,-3.2E-1,7.94E0));
#7077=DIRECTION('',(0.E0,-1.E0,0.E0));
#7078=DIRECTION('',(-1.E0,0.E0,0.E0));
#7079=AXIS2_PLACEMENT_3D('',#7076,#7077,#7078);
#7080=PLANE('',#7079);
#7081=ORIENTED_EDGE('',*,*,#7005,.F.);
#7083=ORIENTED_EDGE('',*,*,#7082,.T.);
#7085=ORIENTED_EDGE('',*,*,#7084,.T.);
#7086=ORIENTED_EDGE('',*,*,#7059,.F.);
#7087=EDGE_LOOP('',(#7081,#7083,#7085,#7086));
#7088=FACE_OUTER_BOUND('',#7087,.F.);
#7089=ADVANCED_FACE('',(#7088),#7080,.T.);
#7090=CARTESIAN_POINT('',(3.2E-1,3.2E-1,7.94E0));
#7091=DIRECTION('',(1.E0,0.E0,0.E0));
#7092=DIRECTION('',(0.E0,-1.E0,0.E0));
#7093=AXIS2_PLACEMENT_3D('',#7090,#7091,#7092);
#7094=PLANE('',#7093);
#7095=ORIENTED_EDGE('',*,*,#7020,.F.);
#7097=ORIENTED_EDGE('',*,*,#7096,.T.);
#7099=ORIENTED_EDGE('',*,*,#7098,.T.);
#7101=ORIENTED_EDGE('',*,*,#7100,.T.);
#7103=ORIENTED_EDGE('',*,*,#7102,.T.);
#7105=ORIENTED_EDGE('',*,*,#7104,.F.);
#7107=ORIENTED_EDGE('',*,*,#7106,.F.);
#7108=ORIENTED_EDGE('',*,*,#7082,.F.);
#7109=EDGE_LOOP('',(#7095,#7097,#7099,#7101,#7103,#7105,#7107,#7108));
#7110=FACE_OUTER_BOUND('',#7109,.F.);
#7111=ADVANCED_FACE('',(#7110),#7094,.T.);
#7112=CARTESIAN_POINT('',(-3.2E-1,3.2E-1,7.94E0));
#7113=DIRECTION('',(0.E0,1.E0,0.E0));
#7114=DIRECTION('',(1.E0,0.E0,0.E0));
#7115=AXIS2_PLACEMENT_3D('',#7112,#7113,#7114);
#7116=PLANE('',#7115);
#7117=ORIENTED_EDGE('',*,*,#7034,.F.);
#7118=ORIENTED_EDGE('',*,*,#7071,.T.);
#7120=ORIENTED_EDGE('',*,*,#7119,.T.);
#7121=ORIENTED_EDGE('',*,*,#7096,.F.);
#7122=EDGE_LOOP('',(#7117,#7118,#7120,#7121));
#7123=FACE_OUTER_BOUND('',#7122,.F.);
#7124=ADVANCED_FACE('',(#7123),#7116,.T.);
#7125=CARTESIAN_POINT('',(1.E0,-1.32E0,-1.64E0));
#7126=DIRECTION('',(-1.E0,0.E0,0.E0));
#7127=DIRECTION('',(0.E0,-1.E0,0.E0));
#7128=AXIS2_PLACEMENT_3D('',#7125,#7126,#7127);
#7129=CYLINDRICAL_SURFACE('',#7128,1.64E0);
#7130=ORIENTED_EDGE('',*,*,#7119,.F.);
#7131=ORIENTED_EDGE('',*,*,#7069,.T.);
#7133=ORIENTED_EDGE('',*,*,#7132,.T.);
#7134=ORIENTED_EDGE('',*,*,#7098,.F.);
#7135=EDGE_LOOP('',(#7130,#7131,#7133,#7134));
#7136=FACE_OUTER_BOUND('',#7135,.F.);
#7137=ADVANCED_FACE('',(#7136),#7129,.T.);
#7138=CARTESIAN_POINT('',(-3.2E-1,-1.32E0,-3.28E0));
#7139=DIRECTION('',(0.E0,0.E0,-1.E0));
#7140=DIRECTION('',(1.E0,0.E0,0.E0));
#7141=AXIS2_PLACEMENT_3D('',#7138,#7139,#7140);
#7142=PLANE('',#7141);
#7143=ORIENTED_EDGE('',*,*,#7132,.F.);
#7144=ORIENTED_EDGE('',*,*,#7067,.T.);
#7146=ORIENTED_EDGE('',*,*,#7145,.T.);
#7147=ORIENTED_EDGE('',*,*,#7100,.F.);
#7148=EDGE_LOOP('',(#7143,#7144,#7146,#7147));
#7149=FACE_OUTER_BOUND('',#7148,.F.);
#7150=ADVANCED_FACE('',(#7149),#7142,.T.);
#7151=CARTESIAN_POINT('',(-3.2E-1,-4.27E0,-3.155E0));
#7152=DIRECTION('',(0.E0,5.E-1,8.660254037844E-1));
#7153=DIRECTION('',(1.E0,0.E0,0.E0));
#7154=AXIS2_PLACEMENT_3D('',#7151,#7152,#7153);
#7155=PLANE('',#7154);
#7157=ORIENTED_EDGE('',*,*,#7156,.T.);
#7159=ORIENTED_EDGE('',*,*,#7158,.T.);
#7160=ORIENTED_EDGE('',*,*,#7145,.F.);
#7162=ORIENTED_EDGE('',*,*,#7161,.F.);
#7163=EDGE_LOOP('',(#7157,#7159,#7160,#7162));
#7164=FACE_OUTER_BOUND('',#7163,.F.);
#7165=ADVANCED_FACE('',(#7164),#7155,.F.);
#7166=CARTESIAN_POINT('',(0.E0,-4.27E0,-2.96E0));
#7167=DIRECTION('',(0.E0,-1.E0,0.E0));
#7168=DIRECTION('',(0.E0,0.E0,-1.E0));
#7169=AXIS2_PLACEMENT_3D('',#7166,#7167,#7168);
#7170=PLANE('',#7169);
#7172=ORIENTED_EDGE('',*,*,#7171,.F.);
#7174=ORIENTED_EDGE('',*,*,#7173,.F.);
#7175=ORIENTED_EDGE('',*,*,#7156,.F.);
#7177=ORIENTED_EDGE('',*,*,#7176,.F.);
#7178=EDGE_LOOP('',(#7172,#7174,#7175,#7177));
#7179=FACE_OUTER_BOUND('',#7178,.F.);
#7180=ADVANCED_FACE('',(#7179),#7170,.T.);
#7181=CARTESIAN_POINT('',(3.2E-1,-4.27E0,-2.765E0));
#7182=DIRECTION('',(0.E0,5.E-1,-8.660254037844E-1));
#7183=DIRECTION('',(-1.E0,0.E0,0.E0));
#7184=AXIS2_PLACEMENT_3D('',#7181,#7182,#7183);
#7185=PLANE('',#7184);
#7186=ORIENTED_EDGE('',*,*,#7171,.T.);
#7188=ORIENTED_EDGE('',*,*,#7187,.T.);
#7190=ORIENTED_EDGE('',*,*,#7189,.F.);
#7192=ORIENTED_EDGE('',*,*,#7191,.F.);
#7193=EDGE_LOOP('',(#7186,#7188,#7190,#7192));
#7194=FACE_OUTER_BOUND('',#7193,.F.);
#7195=ADVANCED_FACE('',(#7194),#7185,.F.);
#7196=CARTESIAN_POINT('',(-1.95E-1,-4.27E0,-2.64E0));
#7197=DIRECTION('',(8.660254037844E-1,5.E-1,0.E0));
#7198=DIRECTION('',(0.E0,0.E0,-1.E0));
#7199=AXIS2_PLACEMENT_3D('',#7196,#7197,#7198);
#7200=PLANE('',#7199);
#7201=ORIENTED_EDGE('',*,*,#7176,.T.);
#7202=ORIENTED_EDGE('',*,*,#7161,.T.);
#7203=ORIENTED_EDGE('',*,*,#7065,.F.);
#7204=ORIENTED_EDGE('',*,*,#7187,.F.);
#7205=EDGE_LOOP('',(#7201,#7202,#7203,#7204));
#7206=FACE_OUTER_BOUND('',#7205,.F.);
#7207=ADVANCED_FACE('',(#7206),#7200,.F.);
#7208=CARTESIAN_POINT('',(3.2E-1,-1.32E0,-2.64E0));
#7209=DIRECTION('',(0.E0,0.E0,1.E0));
#7210=DIRECTION('',(-1.E0,0.E0,0.E0));
#7211=AXIS2_PLACEMENT_3D('',#7208,#7209,#7210);
#7212=PLANE('',#7211);
#7214=ORIENTED_EDGE('',*,*,#7213,.F.);
#7215=ORIENTED_EDGE('',*,*,#7104,.T.);
#7216=ORIENTED_EDGE('',*,*,#7189,.T.);
#7217=ORIENTED_EDGE('',*,*,#7063,.F.);
#7218=EDGE_LOOP('',(#7214,#7215,#7216,#7217));
#7219=FACE_OUTER_BOUND('',#7218,.F.);
#7220=ADVANCED_FACE('',(#7219),#7212,.T.);
#7221=CARTESIAN_POINT('',(1.E0,-1.32E0,-1.64E0));
#7222=DIRECTION('',(-1.E0,0.E0,0.E0));
#7223=DIRECTION('',(0.E0,-1.E0,0.E0));
#7224=AXIS2_PLACEMENT_3D('',#7221,#7222,#7223);
#7225=CYLINDRICAL_SURFACE('',#7224,1.E0);
#7226=ORIENTED_EDGE('',*,*,#7084,.F.);
#7227=ORIENTED_EDGE('',*,*,#7106,.T.);
#7228=ORIENTED_EDGE('',*,*,#7213,.T.);
#7229=ORIENTED_EDGE('',*,*,#7061,.F.);
#7230=EDGE_LOOP('',(#7226,#7227,#7228,#7229));
#7231=FACE_OUTER_BOUND('',#7230,.F.);
#7232=ADVANCED_FACE('',(#7231),#7225,.F.);
#7233=CARTESIAN_POINT('',(1.95E-1,-4.27E0,-3.28E0));
#7234=DIRECTION('',(-8.660254037844E-1,5.E-1,0.E0));
#7235=DIRECTION('',(0.E0,0.E0,1.E0));
#7236=AXIS2_PLACEMENT_3D('',#7233,#7234,#7235);
#7237=PLANE('',#7236);
#7238=ORIENTED_EDGE('',*,*,#7173,.T.);
#7239=ORIENTED_EDGE('',*,*,#7191,.T.);
#7240=ORIENTED_EDGE('',*,*,#7102,.F.);
#7241=ORIENTED_EDGE('',*,*,#7158,.F.);
#7242=EDGE_LOOP('',(#7238,#7239,#7240,#7241));
#7243=FACE_OUTER_BOUND('',#7242,.F.);
#7244=ADVANCED_FACE('',(#7243),#7237,.F.);
#7245=CLOSED_SHELL('',(#6996,#7011,#7025,#7039,#7052,#7075,#7089,#7111,#7124,
#7137,#7150,#7165,#7180,#7195,#7207,#7220,#7232,#7244));
#7246=MANIFOLD_SOLID_BREP('',#7245);
#7247=FILL_AREA_STYLE_COLOUR('',#10);
#7248=FILL_AREA_STYLE('',(#7247));
#7249=SURFACE_STYLE_FILL_AREA(#7248);
#7250=SURFACE_SIDE_STYLE('',(#7249));
#7251=SURFACE_STYLE_USAGE(.BOTH.,#7250);
#7252=PRESENTATION_STYLE_ASSIGNMENT((#7251));
#6648=STYLED_ITEM('',(#7252),#7246);
#7254=DIMENSIONAL_EXPONENTS(0.E0,0.E0,0.E0,0.E0,0.E0,0.E0,0.E0);
#7256=PLANE_ANGLE_MEASURE_WITH_UNIT(PLANE_ANGLE_MEASURE(1.745329251994E-2),
#7255);
#7257=(CONVERSION_BASED_UNIT('DEGREE',#7256)NAMED_UNIT(*)PLANE_ANGLE_UNIT());
#7259=UNCERTAINTY_MEASURE_WITH_UNIT(LENGTH_MEASURE(1.272713796653E-3),#7253,
'closure',
'Maximum model space distance between geometric entities at asserted connectivities');
#7260=(GEOMETRIC_REPRESENTATION_CONTEXT(3)GLOBAL_UNCERTAINTY_ASSIGNED_CONTEXT((
#7259))GLOBAL_UNIT_ASSIGNED_CONTEXT((#7253,#7257,#7258))REPRESENTATION_CONTEXT(
'ID2','3'));
#7261=CARTESIAN_POINT('',(0.E0,0.E0,0.E0));
#7262=DIRECTION('',(0.E0,0.E0,1.E0));
#7263=DIRECTION('',(1.E0,0.E0,0.E0));
#7266=MECHANICAL_CONTEXT('',#6627,'mechanical');
#7267=PRODUCT('M20-995-PIN1','M20-995-PIN1','NOT SPECIFIED',(#7266));
#7268=PRODUCT_DEFINITION_FORMATION_WITH_SPECIFIED_SOURCE('6','LAST_VERSION',
#7267,.MADE.);
#7274=CARTESIAN_POINT('',(2.54E0,-1.84E0,-1.27E0));
#7275=DIRECTION('',(0.E0,1.E0,0.E0));
#7276=DIRECTION('',(-1.E0,0.E0,0.E0));
#7277=AXIS2_PLACEMENT_3D('',#7274,#7275,#7276);
#7278=ITEM_DEFINED_TRANSFORMATION('','',#7264,#7277);
#7279=(REPRESENTATION_RELATIONSHIP('','',#7265,#6638)REPRESENTATION_RELATIONSHIP_WITH_TRANSFORMATION(#7278)SHAPE_REPRESENTATION_RELATIONSHIP());
#7280=CONTEXT_DEPENDENT_SHAPE_REPRESENTATION(#7279,#7273);
#7283=CARTESIAN_POINT('',(5.08E0,-1.84E0,-1.27E0));
#7284=DIRECTION('',(0.E0,1.E0,0.E0));
#7285=DIRECTION('',(-1.E0,0.E0,0.E0));
#7286=AXIS2_PLACEMENT_3D('',#7283,#7284,#7285);
#7287=ITEM_DEFINED_TRANSFORMATION('','',#7264,#7286);
#7288=(REPRESENTATION_RELATIONSHIP('','',#7265,#6638)REPRESENTATION_RELATIONSHIP_WITH_TRANSFORMATION(#7287)SHAPE_REPRESENTATION_RELATIONSHIP());
#7289=CONTEXT_DEPENDENT_SHAPE_REPRESENTATION(#7288,#7282);
#7292=CARTESIAN_POINT('',(7.62E0,-1.84E0,-1.27E0));
#7293=DIRECTION('',(0.E0,1.E0,0.E0));
#7294=DIRECTION('',(-1.E0,0.E0,0.E0));
#7295=AXIS2_PLACEMENT_3D('',#7292,#7293,#7294);
#7296=ITEM_DEFINED_TRANSFORMATION('','',#7264,#7295);
#7297=(REPRESENTATION_RELATIONSHIP('','',#7265,#6638)REPRESENTATION_RELATIONSHIP_WITH_TRANSFORMATION(#7296)SHAPE_REPRESENTATION_RELATIONSHIP());
#7298=CONTEXT_DEPENDENT_SHAPE_REPRESENTATION(#7297,#7291);
#7301=CARTESIAN_POINT('',(1.016E1,-1.84E0,-1.27E0));
#7302=DIRECTION('',(0.E0,1.E0,0.E0));
#7303=DIRECTION('',(-1.E0,0.E0,0.E0));
#7304=AXIS2_PLACEMENT_3D('',#7301,#7302,#7303);
#7305=ITEM_DEFINED_TRANSFORMATION('','',#7264,#7304);
#7306=(REPRESENTATION_RELATIONSHIP('','',#7265,#6638)REPRESENTATION_RELATIONSHIP_WITH_TRANSFORMATION(#7305)SHAPE_REPRESENTATION_RELATIONSHIP());
#7307=CONTEXT_DEPENDENT_SHAPE_REPRESENTATION(#7306,#7300);
#7310=CARTESIAN_POINT('',(1.27E1,-1.84E0,-1.27E0));
#7311=DIRECTION('',(0.E0,1.E0,0.E0));
#7312=DIRECTION('',(-1.E0,0.E0,0.E0));
#7313=AXIS2_PLACEMENT_3D('',#7310,#7311,#7312);
#7314=ITEM_DEFINED_TRANSFORMATION('','',#7264,#7313);
#7315=(REPRESENTATION_RELATIONSHIP('','',#7265,#6638)REPRESENTATION_RELATIONSHIP_WITH_TRANSFORMATION(#7314)SHAPE_REPRESENTATION_RELATIONSHIP());
#7316=CONTEXT_DEPENDENT_SHAPE_REPRESENTATION(#7315,#7309);
#7319=CARTESIAN_POINT('',(1.524E1,-1.84E0,-1.27E0));
#7320=DIRECTION('',(0.E0,1.E0,0.E0));
#7321=DIRECTION('',(-1.E0,0.E0,0.E0));
#7322=AXIS2_PLACEMENT_3D('',#7319,#7320,#7321);
#7323=ITEM_DEFINED_TRANSFORMATION('','',#7264,#7322);
#7324=(REPRESENTATION_RELATIONSHIP('','',#7265,#6638)REPRESENTATION_RELATIONSHIP_WITH_TRANSFORMATION(#7323)SHAPE_REPRESENTATION_RELATIONSHIP());
#7325=CONTEXT_DEPENDENT_SHAPE_REPRESENTATION(#7324,#7318);
#7327=DIRECTION('',(-1.E0,0.E0,0.E0));
#7328=VECTOR('',#7327,3.9E-1);
#7329=CARTESIAN_POINT('',(1.95E-1,-1.95E-1,6.8E0));
#7330=LINE('',#7329,#7328);
#7331=CURVE_STYLE('',#17,POSITIVE_LENGTH_MEASURE(2.E-2),#10);
#7332=PRESENTATION_STYLE_ASSIGNMENT((#7331));
#7333=STYLED_ITEM('',(#7332),#7330);
#7334=DIRECTION('',(4.472135955E-1,-4.472135955E-1,-7.745966692415E-1));
#7335=VECTOR('',#7334,2.795084971875E-1);
#7336=CARTESIAN_POINT('',(1.95E-1,-1.95E-1,6.8E0));
#7337=LINE('',#7336,#7335);
#7338=CURVE_STYLE('',#17,POSITIVE_LENGTH_MEASURE(2.E-2),#10);
#7339=PRESENTATION_STYLE_ASSIGNMENT((#7338));
#7340=STYLED_ITEM('',(#7339),#7337);
#7341=DIRECTION('',(-1.E0,0.E0,0.E0));
#7342=VECTOR('',#7341,6.4E-1);
#7343=CARTESIAN_POINT('',(3.2E-1,-3.2E-1,6.583493649054E0));
#7344=LINE('',#7343,#7342);
#7345=CURVE_STYLE('',#17,POSITIVE_LENGTH_MEASURE(2.E-2),#10);
#7346=PRESENTATION_STYLE_ASSIGNMENT((#7345));
#7347=STYLED_ITEM('',(#7346),#7344);
#7348=DIRECTION('',(0.E0,-1.E0,0.E0));
#7349=VECTOR('',#7348,3.9E-1);
#7350=CARTESIAN_POINT('',(1.95E-1,1.95E-1,6.8E0));
#7351=LINE('',#7350,#7349);
#7352=CURVE_STYLE('',#17,POSITIVE_LENGTH_MEASURE(2.E-2),#10);
#7353=PRESENTATION_STYLE_ASSIGNMENT((#7352));
#7354=STYLED_ITEM('',(#7353),#7351);
#7355=DIRECTION('',(4.472135955E-1,4.472135955E-1,-7.745966692415E-1));
#7356=VECTOR('',#7355,2.795084971875E-1);
#7357=CARTESIAN_POINT('',(1.95E-1,1.95E-1,6.8E0));
#7358=LINE('',#7357,#7356);
#7359=CURVE_STYLE('',#17,POSITIVE_LENGTH_MEASURE(2.E-2),#10);
#7360=PRESENTATION_STYLE_ASSIGNMENT((#7359));
#7361=STYLED_ITEM('',(#7360),#7358);
#7362=DIRECTION('',(0.E0,-1.E0,0.E0));
#7363=VECTOR('',#7362,6.4E-1);
#7364=CARTESIAN_POINT('',(3.2E-1,3.2E-1,6.583493649054E0));
#7365=LINE('',#7364,#7363);
#7366=CURVE_STYLE('',#17,POSITIVE_LENGTH_MEASURE(2.E-2),#10);
#7367=PRESENTATION_STYLE_ASSIGNMENT((#7366));
#7368=STYLED_ITEM('',(#7367),#7365);
#7369=DIRECTION('',(1.E0,0.E0,0.E0));
#7370=VECTOR('',#7369,3.9E-1);
#7371=CARTESIAN_POINT('',(-1.95E-1,1.95E-1,6.8E0));
#7372=LINE('',#7371,#7370);
#7373=CURVE_STYLE('',#17,POSITIVE_LENGTH_MEASURE(2.E-2),#10);
#7374=PRESENTATION_STYLE_ASSIGNMENT((#7373));
#7375=STYLED_ITEM('',(#7374),#7372);
#7376=DIRECTION('',(1.E0,0.E0,0.E0));
#7377=VECTOR('',#7376,6.4E-1);
#7378=CARTESIAN_POINT('',(-3.2E-1,3.2E-1,6.583493649054E0));
#7379=LINE('',#7378,#7377);
#7380=CURVE_STYLE('',#17,POSITIVE_LENGTH_MEASURE(2.E-2),#10);
#7381=PRESENTATION_STYLE_ASSIGNMENT((#7380));
#7382=STYLED_ITEM('',(#7381),#7379);
#7383=DIRECTION('',(0.E0,1.E0,0.E0));
#7384=VECTOR('',#7383,3.9E-1);
#7385=CARTESIAN_POINT('',(-1.95E-1,-1.95E-1,6.8E0));
#7386=LINE('',#7385,#7384);
#7387=CURVE_STYLE('',#17,POSITIVE_LENGTH_MEASURE(2.E-2),#10);
#7388=PRESENTATION_STYLE_ASSIGNMENT((#7387));
#7389=STYLED_ITEM('',(#7388),#7386);
#7390=DIRECTION('',(-4.472135955E-1,-4.472135955E-1,-7.745966692415E-1));
#7391=VECTOR('',#7390,2.795084971875E-1);
#7392=CARTESIAN_POINT('',(-1.95E-1,-1.95E-1,6.8E0));
#7393=LINE('',#7392,#7391);
#7394=CURVE_STYLE('',#17,POSITIVE_LENGTH_MEASURE(2.E-2),#10);
#7395=PRESENTATION_STYLE_ASSIGNMENT((#7394));
#7396=STYLED_ITEM('',(#7395),#7393);
#7397=DIRECTION('',(0.E0,1.E0,0.E0));
#7398=VECTOR('',#7397,6.4E-1);
#7399=CARTESIAN_POINT('',(-3.2E-1,-3.2E-1,6.583493649054E0));
#7400=LINE('',#7399,#7398);
#7401=CURVE_STYLE('',#17,POSITIVE_LENGTH_MEASURE(2.E-2),#10);
#7402=PRESENTATION_STYLE_ASSIGNMENT((#7401));
#7403=STYLED_ITEM('',(#7402),#7400);
#7404=DIRECTION('',(-4.472135955E-1,4.472135955E-1,-7.745966692415E-1));
#7405=VECTOR('',#7404,2.795084971875E-1);
#7406=CARTESIAN_POINT('',(-1.95E-1,1.95E-1,6.8E0));
#7407=LINE('',#7406,#7405);
#7408=CURVE_STYLE('',#17,POSITIVE_LENGTH_MEASURE(2.E-2),#10);
#7409=PRESENTATION_STYLE_ASSIGNMENT((#7408));
#7410=STYLED_ITEM('',(#7409),#7407);
#7411=DIRECTION('',(0.E0,0.E0,-1.E0));
#7412=VECTOR('',#7411,1.190349364905E1);
#7413=CARTESIAN_POINT('',(-3.2E-1,-3.2E-1,6.583493649054E0));
#7414=LINE('',#7413,#7412);
#7415=CURVE_STYLE('',#17,POSITIVE_LENGTH_MEASURE(2.E-2),#10);
#7416=PRESENTATION_STYLE_ASSIGNMENT((#7415));
#7417=STYLED_ITEM('',(#7416),#7414);
#7418=CARTESIAN_POINT('',(-3.2E-1,-1.32E0,-5.32E0));
#7419=DIRECTION('',(-1.E0,0.E0,0.E0));
#7420=DIRECTION('',(0.E0,1.E0,0.E0));
#7421=AXIS2_PLACEMENT_3D('',#7418,#7419,#7420);
#7423=CURVE_STYLE('',#17,POSITIVE_LENGTH_MEASURE(2.E-2),#10);
#7424=PRESENTATION_STYLE_ASSIGNMENT((#7423));
#7425=STYLED_ITEM('',(#7424),#7422);
#7426=DIRECTION('',(0.E0,-1.E0,0.E0));
#7427=VECTOR('',#7426,5.273493649054E0);
#7428=CARTESIAN_POINT('',(-3.2E-1,-1.32E0,-6.32E0));
#7429=LINE('',#7428,#7427);
#7430=CURVE_STYLE('',#17,POSITIVE_LENGTH_MEASURE(2.E-2),#10);
#7431=PRESENTATION_STYLE_ASSIGNMENT((#7430));
#7432=STYLED_ITEM('',(#7431),#7429);
#7433=DIRECTION('',(0.E0,0.E0,-1.E0));
#7434=VECTOR('',#7433,1.190349364905E1);
#7435=CARTESIAN_POINT('',(3.2E-1,-3.2E-1,6.583493649054E0));
#7436=LINE('',#7435,#7434);
#7437=CURVE_STYLE('',#17,POSITIVE_LENGTH_MEASURE(2.E-2),#10);
#7438=PRESENTATION_STYLE_ASSIGNMENT((#7437));
#7439=STYLED_ITEM('',(#7438),#7436);
#7440=DIRECTION('',(0.E0,0.E0,-1.E0));
#7441=VECTOR('',#7440,1.190349364905E1);
#7442=CARTESIAN_POINT('',(3.2E-1,3.2E-1,6.583493649054E0));
#7443=LINE('',#7442,#7441);
#7444=CURVE_STYLE('',#17,POSITIVE_LENGTH_MEASURE(2.E-2),#10);
#7445=PRESENTATION_STYLE_ASSIGNMENT((#7444));
#7446=STYLED_ITEM('',(#7445),#7443);
#7447=CARTESIAN_POINT('',(3.2E-1,-1.32E0,-5.32E0));
#7448=DIRECTION('',(-1.E0,0.E0,0.E0));
#7449=DIRECTION('',(0.E0,1.E0,0.E0));
#7450=AXIS2_PLACEMENT_3D('',#7447,#7448,#7449);
#7452=CURVE_STYLE('',#17,POSITIVE_LENGTH_MEASURE(2.E-2),#10);
#7453=PRESENTATION_STYLE_ASSIGNMENT((#7452));
#7454=STYLED_ITEM('',(#7453),#7451);
#7455=DIRECTION('',(0.E0,-1.E0,0.E0));
#7456=VECTOR('',#7455,5.273493649054E0);
#7457=CARTESIAN_POINT('',(3.2E-1,-1.32E0,-6.96E0));
#7458=LINE('',#7457,#7456);
#7459=CURVE_STYLE('',#17,POSITIVE_LENGTH_MEASURE(2.E-2),#10);
#7460=PRESENTATION_STYLE_ASSIGNMENT((#7459));
#7461=STYLED_ITEM('',(#7460),#7458);
#7462=DIRECTION('',(0.E0,0.E0,-1.E0));
#7463=VECTOR('',#7462,1.190349364905E1);
#7464=CARTESIAN_POINT('',(-3.2E-1,3.2E-1,6.583493649054E0));
#7465=LINE('',#7464,#7463);
#7466=CURVE_STYLE('',#17,POSITIVE_LENGTH_MEASURE(2.E-2),#10);
#7467=PRESENTATION_STYLE_ASSIGNMENT((#7466));
#7468=STYLED_ITEM('',(#7467),#7465);
#7469=DIRECTION('',(1.E0,0.E0,0.E0));
#7470=VECTOR('',#7469,6.4E-1);
#7471=CARTESIAN_POINT('',(-3.2E-1,3.2E-1,-5.32E0));
#7472=LINE('',#7471,#7470);
#7473=CURVE_STYLE('',#17,POSITIVE_LENGTH_MEASURE(2.E-2),#10);
#7474=PRESENTATION_STYLE_ASSIGNMENT((#7473));
#7475=STYLED_ITEM('',(#7474),#7472);
#7476=CARTESIAN_POINT('',(-3.2E-1,-1.32E0,-5.32E0));
#7477=DIRECTION('',(-1.E0,0.E0,0.E0));
#7478=DIRECTION('',(0.E0,1.E0,0.E0));
#7479=AXIS2_PLACEMENT_3D('',#7476,#7477,#7478);
#7481=CURVE_STYLE('',#17,POSITIVE_LENGTH_MEASURE(2.E-2),#10);
#7482=PRESENTATION_STYLE_ASSIGNMENT((#7481));
#7483=STYLED_ITEM('',(#7482),#7480);
#7484=DIRECTION('',(1.E0,0.E0,0.E0));
#7485=VECTOR('',#7484,6.4E-1);
#7486=CARTESIAN_POINT('',(-3.2E-1,-1.32E0,-6.96E0));
#7487=LINE('',#7486,#7485);
#7488=CURVE_STYLE('',#17,POSITIVE_LENGTH_MEASURE(2.E-2),#10);
#7489=PRESENTATION_STYLE_ASSIGNMENT((#7488));
#7490=STYLED_ITEM('',(#7489),#7487);
#7491=DIRECTION('',(0.E0,-1.E0,0.E0));
#7492=VECTOR('',#7491,5.273493649054E0);
#7493=CARTESIAN_POINT('',(-3.2E-1,-1.32E0,-6.96E0));
#7494=LINE('',#7493,#7492);
#7495=CURVE_STYLE('',#17,POSITIVE_LENGTH_MEASURE(2.E-2),#10);
#7496=PRESENTATION_STYLE_ASSIGNMENT((#7495));
#7497=STYLED_ITEM('',(#7496),#7494);
#7498=DIRECTION('',(1.E0,0.E0,0.E0));
#7499=VECTOR('',#7498,3.9E-1);
#7500=CARTESIAN_POINT('',(-1.95E-1,-6.81E0,-6.835E0));
#7501=LINE('',#7500,#7499);
#7502=CURVE_STYLE('',#17,POSITIVE_LENGTH_MEASURE(2.E-2),#10);
#7503=PRESENTATION_STYLE_ASSIGNMENT((#7502));
#7504=STYLED_ITEM('',(#7503),#7501);
#7505=DIRECTION('',(4.472135955E-1,7.745966692415E-1,-4.472135955E-1));
#7506=VECTOR('',#7505,2.795084971875E-1);
#7507=CARTESIAN_POINT('',(1.95E-1,-6.81E0,-6.835E0));
#7508=LINE('',#7507,#7506);
#7509=CURVE_STYLE('',#17,POSITIVE_LENGTH_MEASURE(2.E-2),#10);
#7510=PRESENTATION_STYLE_ASSIGNMENT((#7509));
#7511=STYLED_ITEM('',(#7510),#7508);
#7512=DIRECTION('',(1.E0,0.E0,0.E0));
#7513=VECTOR('',#7512,6.4E-1);
#7514=CARTESIAN_POINT('',(-3.2E-1,-6.593493649054E0,-6.96E0));
#7515=LINE('',#7514,#7513);
#7516=CURVE_STYLE('',#17,POSITIVE_LENGTH_MEASURE(2.E-2),#10);
#7517=PRESENTATION_STYLE_ASSIGNMENT((#7516));
#7518=STYLED_ITEM('',(#7517),#7515);
#7519=DIRECTION('',(-1.E0,0.E0,0.E0));
#7520=VECTOR('',#7519,3.9E-1);
#7521=CARTESIAN_POINT('',(1.95E-1,-6.81E0,-6.445E0));
#7522=LINE('',#7521,#7520);
#7523=CURVE_STYLE('',#17,POSITIVE_LENGTH_MEASURE(2.E-2),#10);
#7524=PRESENTATION_STYLE_ASSIGNMENT((#7523));
#7525=STYLED_ITEM('',(#7524),#7522);
#7526=DIRECTION('',(-4.472135955E-1,7.745966692415E-1,4.472135955E-1));
#7527=VECTOR('',#7526,2.795084971875E-1);
#7528=CARTESIAN_POINT('',(-1.95E-1,-6.81E0,-6.445E0));
#7529=LINE('',#7528,#7527);
#7530=CURVE_STYLE('',#17,POSITIVE_LENGTH_MEASURE(2.E-2),#10);
#7531=PRESENTATION_STYLE_ASSIGNMENT((#7530));
#7532=STYLED_ITEM('',(#7531),#7529);
#7533=DIRECTION('',(-1.E0,0.E0,0.E0));
#7534=VECTOR('',#7533,6.4E-1);
#7535=CARTESIAN_POINT('',(3.2E-1,-6.593493649054E0,-6.32E0));
#7536=LINE('',#7535,#7534);
#7537=CURVE_STYLE('',#17,POSITIVE_LENGTH_MEASURE(2.E-2),#10);
#7538=PRESENTATION_STYLE_ASSIGNMENT((#7537));
#7539=STYLED_ITEM('',(#7538),#7536);
#7540=DIRECTION('',(4.472135955E-1,7.745966692415E-1,4.472135955E-1));
#7541=VECTOR('',#7540,2.795084971875E-1);
#7542=CARTESIAN_POINT('',(1.95E-1,-6.81E0,-6.445E0));
#7543=LINE('',#7542,#7541);
#7544=CURVE_STYLE('',#17,POSITIVE_LENGTH_MEASURE(2.E-2),#10);
#7545=PRESENTATION_STYLE_ASSIGNMENT((#7544));
#7546=STYLED_ITEM('',(#7545),#7543);
#7547=DIRECTION('',(0.E0,0.E0,-1.E0));
#7548=VECTOR('',#7547,3.9E-1);
#7549=CARTESIAN_POINT('',(-1.95E-1,-6.81E0,-6.445E0));
#7550=LINE('',#7549,#7548);
#7551=CURVE_STYLE('',#17,POSITIVE_LENGTH_MEASURE(2.E-2),#10);
#7552=PRESENTATION_STYLE_ASSIGNMENT((#7551));
#7553=STYLED_ITEM('',(#7552),#7550);
#7554=DIRECTION('',(-4.472135955E-1,7.745966692415E-1,-4.472135955E-1));
#7555=VECTOR('',#7554,2.795084971875E-1);
#7556=CARTESIAN_POINT('',(-1.95E-1,-6.81E0,-6.835E0));
#7557=LINE('',#7556,#7555);
#7558=CURVE_STYLE('',#17,POSITIVE_LENGTH_MEASURE(2.E-2),#10);
#7559=PRESENTATION_STYLE_ASSIGNMENT((#7558));
#7560=STYLED_ITEM('',(#7559),#7557);
#7561=DIRECTION('',(0.E0,0.E0,-1.E0));
#7562=VECTOR('',#7561,6.4E-1);
#7563=CARTESIAN_POINT('',(-3.2E-1,-6.593493649054E0,-6.32E0));
#7564=LINE('',#7563,#7562);
#7565=CURVE_STYLE('',#17,POSITIVE_LENGTH_MEASURE(2.E-2),#10);
#7566=PRESENTATION_STYLE_ASSIGNMENT((#7565));
#7567=STYLED_ITEM('',(#7566),#7564);
#7568=DIRECTION('',(-1.E0,0.E0,0.E0));
#7569=VECTOR('',#7568,6.4E-1);
#7570=CARTESIAN_POINT('',(3.2E-1,-1.32E0,-6.32E0));
#7571=LINE('',#7570,#7569);
#7572=CURVE_STYLE('',#17,POSITIVE_LENGTH_MEASURE(2.E-2),#10);
#7573=PRESENTATION_STYLE_ASSIGNMENT((#7572));
#7574=STYLED_ITEM('',(#7573),#7571);
#7575=DIRECTION('',(0.E0,-1.E0,0.E0));
#7576=VECTOR('',#7575,5.273493649054E0);
#7577=CARTESIAN_POINT('',(3.2E-1,-1.32E0,-6.32E0));
#7578=LINE('',#7577,#7576);
#7579=CURVE_STYLE('',#17,POSITIVE_LENGTH_MEASURE(2.E-2),#10);
#7580=PRESENTATION_STYLE_ASSIGNMENT((#7579));
#7581=STYLED_ITEM('',(#7580),#7578);
#7582=DIRECTION('',(-1.E0,0.E0,0.E0));
#7583=VECTOR('',#7582,6.4E-1);
#7584=CARTESIAN_POINT('',(3.2E-1,-3.2E-1,-5.32E0));
#7585=LINE('',#7584,#7583);
#7586=CURVE_STYLE('',#17,POSITIVE_LENGTH_MEASURE(2.E-2),#10);
#7587=PRESENTATION_STYLE_ASSIGNMENT((#7586));
#7588=STYLED_ITEM('',(#7587),#7585);
#7589=CARTESIAN_POINT('',(3.2E-1,-1.32E0,-5.32E0));
#7590=DIRECTION('',(-1.E0,0.E0,0.E0));
#7591=DIRECTION('',(0.E0,1.E0,0.E0));
#7592=AXIS2_PLACEMENT_3D('',#7589,#7590,#7591);
#7594=CURVE_STYLE('',#17,POSITIVE_LENGTH_MEASURE(2.E-2),#10);
#7595=PRESENTATION_STYLE_ASSIGNMENT((#7594));
#7596=STYLED_ITEM('',(#7595),#7593);
#7597=DIRECTION('',(0.E0,0.E0,1.E0));
#7598=VECTOR('',#7597,3.9E-1);
#7599=CARTESIAN_POINT('',(1.95E-1,-6.81E0,-6.835E0));
#7600=LINE('',#7599,#7598);
#7601=CURVE_STYLE('',#17,POSITIVE_LENGTH_MEASURE(2.E-2),#10);
#7602=PRESENTATION_STYLE_ASSIGNMENT((#7601));
#7603=STYLED_ITEM('',(#7602),#7600);
#7604=DIRECTION('',(0.E0,0.E0,1.E0));
#7605=VECTOR('',#7604,6.4E-1);
#7606=CARTESIAN_POINT('',(3.2E-1,-6.593493649054E0,-6.96E0));
#7607=LINE('',#7606,#7605);
#7608=CURVE_STYLE('',#17,POSITIVE_LENGTH_MEASURE(2.E-2),#10);
#7609=PRESENTATION_STYLE_ASSIGNMENT((#7608));
#7610=STYLED_ITEM('',(#7609),#7607);
#7611=CARTESIAN_POINT('',(3.2E-1,-3.2E-1,-5.32E0));
#7612=CARTESIAN_POINT('',(-3.2E-1,-3.2E-1,-5.32E0));
#7613=VERTEX_POINT('',#7611);
#7614=VERTEX_POINT('',#7612);
#7615=CARTESIAN_POINT('',(-3.2E-1,3.2E-1,-5.32E0));
#7616=CARTESIAN_POINT('',(3.2E-1,3.2E-1,-5.32E0));
#7617=VERTEX_POINT('',#7615);
#7618=VERTEX_POINT('',#7616);
#7619=CARTESIAN_POINT('',(3.2E-1,-1.32E0,-6.32E0));
#7620=CARTESIAN_POINT('',(-3.2E-1,-1.32E0,-6.32E0));
#7621=VERTEX_POINT('',#7619);
#7622=VERTEX_POINT('',#7620);
#7623=CARTESIAN_POINT('',(-3.2E-1,-1.32E0,-6.96E0));
#7624=CARTESIAN_POINT('',(3.2E-1,-1.32E0,-6.96E0));
#7625=VERTEX_POINT('',#7623);
#7626=VERTEX_POINT('',#7624);
#7627=CARTESIAN_POINT('',(-1.95E-1,1.95E-1,6.8E0));
#7628=CARTESIAN_POINT('',(1.95E-1,1.95E-1,6.8E0));
#7629=VERTEX_POINT('',#7627);
#7630=VERTEX_POINT('',#7628);
#7631=CARTESIAN_POINT('',(-3.2E-1,3.2E-1,6.583493649054E0));
#7632=CARTESIAN_POINT('',(3.2E-1,3.2E-1,6.583493649054E0));
#7633=VERTEX_POINT('',#7631);
#7634=VERTEX_POINT('',#7632);
#7635=CARTESIAN_POINT('',(1.95E-1,-1.95E-1,6.8E0));
#7636=VERTEX_POINT('',#7635);
#7637=CARTESIAN_POINT('',(3.2E-1,-3.2E-1,6.583493649054E0));
#7638=VERTEX_POINT('',#7637);
#7639=CARTESIAN_POINT('',(-1.95E-1,-1.95E-1,6.8E0));
#7640=VERTEX_POINT('',#7639);
#7641=CARTESIAN_POINT('',(-3.2E-1,-3.2E-1,6.583493649054E0));
#7642=VERTEX_POINT('',#7641);
#7643=CARTESIAN_POINT('',(1.95E-1,-6.81E0,-6.835E0));
#7644=CARTESIAN_POINT('',(1.95E-1,-6.81E0,-6.445E0));
#7645=VERTEX_POINT('',#7643);
#7646=VERTEX_POINT('',#7644);
#7647=CARTESIAN_POINT('',(3.2E-1,-6.593493649054E0,-6.96E0));
#7648=CARTESIAN_POINT('',(3.2E-1,-6.593493649054E0,-6.32E0));
#7649=VERTEX_POINT('',#7647);
#7650=VERTEX_POINT('',#7648);
#7651=CARTESIAN_POINT('',(-1.95E-1,-6.81E0,-6.835E0));
#7652=VERTEX_POINT('',#7651);
#7653=CARTESIAN_POINT('',(-3.2E-1,-6.593493649054E0,-6.96E0));
#7654=VERTEX_POINT('',#7653);
#7655=CARTESIAN_POINT('',(-1.95E-1,-6.81E0,-6.445E0));
#7656=VERTEX_POINT('',#7655);
#7657=CARTESIAN_POINT('',(-3.2E-1,-6.593493649054E0,-6.32E0));
#7658=VERTEX_POINT('',#7657);
#7659=CARTESIAN_POINT('',(0.E0,0.E0,6.8E0));
#7660=DIRECTION('',(0.E0,0.E0,-1.E0));
#7661=DIRECTION('',(0.E0,1.E0,0.E0));
#7662=AXIS2_PLACEMENT_3D('',#7659,#7660,#7661);
#7663=PLANE('',#7662);
#7665=ORIENTED_EDGE('',*,*,#7664,.T.);
#7667=ORIENTED_EDGE('',*,*,#7666,.T.);
#7669=ORIENTED_EDGE('',*,*,#7668,.T.);
#7671=ORIENTED_EDGE('',*,*,#7670,.T.);
#7672=EDGE_LOOP('',(#7665,#7667,#7669,#7671));
#7673=FACE_OUTER_BOUND('',#7672,.F.);
#7674=ADVANCED_FACE('',(#7673),#7663,.F.);
#7675=CARTESIAN_POINT('',(3.2E-1,-1.95E-1,6.8E0));
#7676=DIRECTION('',(0.E0,-8.660254037844E-1,5.E-1));
#7677=DIRECTION('',(-1.E0,0.E0,0.E0));
#7678=AXIS2_PLACEMENT_3D('',#7675,#7676,#7677);
#7679=PLANE('',#7678);
#7680=ORIENTED_EDGE('',*,*,#7664,.F.);
#7682=ORIENTED_EDGE('',*,*,#7681,.T.);
#7684=ORIENTED_EDGE('',*,*,#7683,.T.);
#7686=ORIENTED_EDGE('',*,*,#7685,.F.);
#7687=EDGE_LOOP('',(#7680,#7682,#7684,#7686));
#7688=FACE_OUTER_BOUND('',#7687,.F.);
#7689=ADVANCED_FACE('',(#7688),#7679,.T.);
#7690=CARTESIAN_POINT('',(1.95E-1,3.2E-1,6.8E0));
#7691=DIRECTION('',(8.660254037844E-1,0.E0,5.E-1));
#7692=DIRECTION('',(0.E0,-1.E0,0.E0));
#7693=AXIS2_PLACEMENT_3D('',#7690,#7691,#7692);
#7694=PLANE('',#7693);
#7695=ORIENTED_EDGE('',*,*,#7670,.F.);
#7697=ORIENTED_EDGE('',*,*,#7696,.T.);
#7699=ORIENTED_EDGE('',*,*,#7698,.T.);
#7700=ORIENTED_EDGE('',*,*,#7681,.F.);
#7701=EDGE_LOOP('',(#7695,#7697,#7699,#7700));
#7702=FACE_OUTER_BOUND('',#7701,.F.);
#7703=ADVANCED_FACE('',(#7702),#7694,.T.);
#7704=CARTESIAN_POINT('',(-3.2E-1,1.95E-1,6.8E0));
#7705=DIRECTION('',(0.E0,8.660254037844E-1,5.E-1));
#7706=DIRECTION('',(1.E0,0.E0,0.E0));
#7707=AXIS2_PLACEMENT_3D('',#7704,#7705,#7706);
#7708=PLANE('',#7707);
#7709=ORIENTED_EDGE('',*,*,#7668,.F.);
#7711=ORIENTED_EDGE('',*,*,#7710,.T.);
#7713=ORIENTED_EDGE('',*,*,#7712,.T.);
#7714=ORIENTED_EDGE('',*,*,#7696,.F.);
#7715=EDGE_LOOP('',(#7709,#7711,#7713,#7714));
#7716=FACE_OUTER_BOUND('',#7715,.F.);
#7717=ADVANCED_FACE('',(#7716),#7708,.T.);
#7718=CARTESIAN_POINT('',(-1.95E-1,-3.2E-1,6.8E0));
#7719=DIRECTION('',(-8.660254037844E-1,0.E0,5.E-1));
#7720=DIRECTION('',(0.E0,1.E0,0.E0));
#7721=AXIS2_PLACEMENT_3D('',#7718,#7719,#7720);
#7722=PLANE('',#7721);
#7723=ORIENTED_EDGE('',*,*,#7666,.F.);
#7724=ORIENTED_EDGE('',*,*,#7685,.T.);
#7726=ORIENTED_EDGE('',*,*,#7725,.T.);
#7727=ORIENTED_EDGE('',*,*,#7710,.F.);
#7728=EDGE_LOOP('',(#7723,#7724,#7726,#7727));
#7729=FACE_OUTER_BOUND('',#7728,.F.);
#7730=ADVANCED_FACE('',(#7729),#7722,.T.);
#7731=CARTESIAN_POINT('',(-3.2E-1,-3.2E-1,6.8E0));
#7732=DIRECTION('',(-1.E0,0.E0,0.E0));
#7733=DIRECTION('',(0.E0,1.E0,0.E0));
#7734=AXIS2_PLACEMENT_3D('',#7731,#7732,#7733);
#7735=PLANE('',#7734);
#7736=ORIENTED_EDGE('',*,*,#7725,.F.);
#7738=ORIENTED_EDGE('',*,*,#7737,.T.);
#7740=ORIENTED_EDGE('',*,*,#7739,.T.);
#7742=ORIENTED_EDGE('',*,*,#7741,.T.);
#7744=ORIENTED_EDGE('',*,*,#7743,.T.);
#7746=ORIENTED_EDGE('',*,*,#7745,.F.);
#7748=ORIENTED_EDGE('',*,*,#7747,.F.);
#7750=ORIENTED_EDGE('',*,*,#7749,.F.);
#7751=EDGE_LOOP('',(#7736,#7738,#7740,#7742,#7744,#7746,#7748,#7750));
#7752=FACE_OUTER_BOUND('',#7751,.F.);
#7753=ADVANCED_FACE('',(#7752),#7735,.T.);
#7754=CARTESIAN_POINT('',(3.2E-1,-3.2E-1,6.8E0));
#7755=DIRECTION('',(0.E0,-1.E0,0.E0));
#7756=DIRECTION('',(-1.E0,0.E0,0.E0));
#7757=AXIS2_PLACEMENT_3D('',#7754,#7755,#7756);
#7758=PLANE('',#7757);
#7759=ORIENTED_EDGE('',*,*,#7683,.F.);
#7761=ORIENTED_EDGE('',*,*,#7760,.T.);
#7763=ORIENTED_EDGE('',*,*,#7762,.T.);
#7764=ORIENTED_EDGE('',*,*,#7737,.F.);
#7765=EDGE_LOOP('',(#7759,#7761,#7763,#7764));
#7766=FACE_OUTER_BOUND('',#7765,.F.);
#7767=ADVANCED_FACE('',(#7766),#7758,.T.);
#7768=CARTESIAN_POINT('',(3.2E-1,3.2E-1,6.8E0));
#7769=DIRECTION('',(1.E0,0.E0,0.E0));
#7770=DIRECTION('',(0.E0,-1.E0,0.E0));
#7771=AXIS2_PLACEMENT_3D('',#7768,#7769,#7770);
#7772=PLANE('',#7771);
#7773=ORIENTED_EDGE('',*,*,#7698,.F.);
#7775=ORIENTED_EDGE('',*,*,#7774,.T.);
#7777=ORIENTED_EDGE('',*,*,#7776,.T.);
#7779=ORIENTED_EDGE('',*,*,#7778,.T.);
#7781=ORIENTED_EDGE('',*,*,#7780,.T.);
#7783=ORIENTED_EDGE('',*,*,#7782,.F.);
#7785=ORIENTED_EDGE('',*,*,#7784,.F.);
#7786=ORIENTED_EDGE('',*,*,#7760,.F.);
#7787=EDGE_LOOP('',(#7773,#7775,#7777,#7779,#7781,#7783,#7785,#7786));
#7788=FACE_OUTER_BOUND('',#7787,.F.);
#7789=ADVANCED_FACE('',(#7788),#7772,.T.);
#7790=CARTESIAN_POINT('',(-3.2E-1,3.2E-1,6.8E0));
#7791=DIRECTION('',(0.E0,1.E0,0.E0));
#7792=DIRECTION('',(1.E0,0.E0,0.E0));
#7793=AXIS2_PLACEMENT_3D('',#7790,#7791,#7792);
#7794=PLANE('',#7793);
#7795=ORIENTED_EDGE('',*,*,#7712,.F.);
#7796=ORIENTED_EDGE('',*,*,#7749,.T.);
#7798=ORIENTED_EDGE('',*,*,#7797,.T.);
#7799=ORIENTED_EDGE('',*,*,#7774,.F.);
#7800=EDGE_LOOP('',(#7795,#7796,#7798,#7799));
#7801=FACE_OUTER_BOUND('',#7800,.F.);
#7802=ADVANCED_FACE('',(#7801),#7794,.T.);
#7803=CARTESIAN_POINT('',(1.E0,-1.32E0,-5.32E0));
#7804=DIRECTION('',(-1.E0,0.E0,0.E0));
#7805=DIRECTION('',(0.E0,-1.E0,0.E0));
#7806=AXIS2_PLACEMENT_3D('',#7803,#7804,#7805);
#7807=CYLINDRICAL_SURFACE('',#7806,1.64E0);
#7808=ORIENTED_EDGE('',*,*,#7797,.F.);
#7809=ORIENTED_EDGE('',*,*,#7747,.T.);
#7811=ORIENTED_EDGE('',*,*,#7810,.T.);
#7812=ORIENTED_EDGE('',*,*,#7776,.F.);
#7813=EDGE_LOOP('',(#7808,#7809,#7811,#7812));
#7814=FACE_OUTER_BOUND('',#7813,.F.);
#7815=ADVANCED_FACE('',(#7814),#7807,.T.);
#7816=CARTESIAN_POINT('',(-3.2E-1,-1.32E0,-6.96E0));
#7817=DIRECTION('',(0.E0,0.E0,-1.E0));
#7818=DIRECTION('',(1.E0,0.E0,0.E0));
#7819=AXIS2_PLACEMENT_3D('',#7816,#7817,#7818);
#7820=PLANE('',#7819);
#7821=ORIENTED_EDGE('',*,*,#7810,.F.);
#7822=ORIENTED_EDGE('',*,*,#7745,.T.);
#7824=ORIENTED_EDGE('',*,*,#7823,.T.);
#7825=ORIENTED_EDGE('',*,*,#7778,.F.);
#7826=EDGE_LOOP('',(#7821,#7822,#7824,#7825));
#7827=FACE_OUTER_BOUND('',#7826,.F.);
#7828=ADVANCED_FACE('',(#7827),#7820,.T.);
#7829=CARTESIAN_POINT('',(-3.2E-1,-6.81E0,-6.835E0));
#7830=DIRECTION('',(0.E0,5.E-1,8.660254037844E-1));
#7831=DIRECTION('',(1.E0,0.E0,0.E0));
#7832=AXIS2_PLACEMENT_3D('',#7829,#7830,#7831);
#7833=PLANE('',#7832);
#7835=ORIENTED_EDGE('',*,*,#7834,.T.);
#7837=ORIENTED_EDGE('',*,*,#7836,.T.);
#7838=ORIENTED_EDGE('',*,*,#7823,.F.);
#7840=ORIENTED_EDGE('',*,*,#7839,.F.);
#7841=EDGE_LOOP('',(#7835,#7837,#7838,#7840));
#7842=FACE_OUTER_BOUND('',#7841,.F.);
#7843=ADVANCED_FACE('',(#7842),#7833,.F.);
#7844=CARTESIAN_POINT('',(0.E0,-6.81E0,-6.64E0));
#7845=DIRECTION('',(0.E0,-1.E0,0.E0));
#7846=DIRECTION('',(0.E0,0.E0,-1.E0));
#7847=AXIS2_PLACEMENT_3D('',#7844,#7845,#7846);
#7848=PLANE('',#7847);
#7850=ORIENTED_EDGE('',*,*,#7849,.F.);
#7852=ORIENTED_EDGE('',*,*,#7851,.F.);
#7853=ORIENTED_EDGE('',*,*,#7834,.F.);
#7855=ORIENTED_EDGE('',*,*,#7854,.F.);
#7856=EDGE_LOOP('',(#7850,#7852,#7853,#7855));
#7857=FACE_OUTER_BOUND('',#7856,.F.);
#7858=ADVANCED_FACE('',(#7857),#7848,.T.);
#7859=CARTESIAN_POINT('',(3.2E-1,-6.81E0,-6.445E0));
#7860=DIRECTION('',(0.E0,5.E-1,-8.660254037844E-1));
#7861=DIRECTION('',(-1.E0,0.E0,0.E0));
#7862=AXIS2_PLACEMENT_3D('',#7859,#7860,#7861);
#7863=PLANE('',#7862);
#7864=ORIENTED_EDGE('',*,*,#7849,.T.);
#7866=ORIENTED_EDGE('',*,*,#7865,.T.);
#7868=ORIENTED_EDGE('',*,*,#7867,.F.);
#7870=ORIENTED_EDGE('',*,*,#7869,.F.);
#7871=EDGE_LOOP('',(#7864,#7866,#7868,#7870));
#7872=FACE_OUTER_BOUND('',#7871,.F.);
#7873=ADVANCED_FACE('',(#7872),#7863,.F.);
#7874=CARTESIAN_POINT('',(-1.95E-1,-6.81E0,-6.32E0));
#7875=DIRECTION('',(8.660254037844E-1,5.E-1,0.E0));
#7876=DIRECTION('',(0.E0,0.E0,-1.E0));
#7877=AXIS2_PLACEMENT_3D('',#7874,#7875,#7876);
#7878=PLANE('',#7877);
#7879=ORIENTED_EDGE('',*,*,#7854,.T.);
#7880=ORIENTED_EDGE('',*,*,#7839,.T.);
#7881=ORIENTED_EDGE('',*,*,#7743,.F.);
#7882=ORIENTED_EDGE('',*,*,#7865,.F.);
#7883=EDGE_LOOP('',(#7879,#7880,#7881,#7882));
#7884=FACE_OUTER_BOUND('',#7883,.F.);
#7885=ADVANCED_FACE('',(#7884),#7878,.F.);
#7886=CARTESIAN_POINT('',(3.2E-1,-1.32E0,-6.32E0));
#7887=DIRECTION('',(0.E0,0.E0,1.E0));
#7888=DIRECTION('',(-1.E0,0.E0,0.E0));
#7889=AXIS2_PLACEMENT_3D('',#7886,#7887,#7888);
#7890=PLANE('',#7889);
#7892=ORIENTED_EDGE('',*,*,#7891,.F.);
#7893=ORIENTED_EDGE('',*,*,#7782,.T.);
#7894=ORIENTED_EDGE('',*,*,#7867,.T.);
#7895=ORIENTED_EDGE('',*,*,#7741,.F.);
#7896=EDGE_LOOP('',(#7892,#7893,#7894,#7895));
#7897=FACE_OUTER_BOUND('',#7896,.F.);
#7898=ADVANCED_FACE('',(#7897),#7890,.T.);
#7899=CARTESIAN_POINT('',(1.E0,-1.32E0,-5.32E0));
#7900=DIRECTION('',(-1.E0,0.E0,0.E0));
#7901=DIRECTION('',(0.E0,-1.E0,0.E0));
#7902=AXIS2_PLACEMENT_3D('',#7899,#7900,#7901);
#7903=CYLINDRICAL_SURFACE('',#7902,1.E0);
#7904=ORIENTED_EDGE('',*,*,#7762,.F.);
#7905=ORIENTED_EDGE('',*,*,#7784,.T.);
#7906=ORIENTED_EDGE('',*,*,#7891,.T.);
#7907=ORIENTED_EDGE('',*,*,#7739,.F.);
#7908=EDGE_LOOP('',(#7904,#7905,#7906,#7907));
#7909=FACE_OUTER_BOUND('',#7908,.F.);
#7910=ADVANCED_FACE('',(#7909),#7903,.F.);
#7911=CARTESIAN_POINT('',(1.95E-1,-6.81E0,-6.96E0));
#7912=DIRECTION('',(-8.660254037844E-1,5.E-1,0.E0));
#7913=DIRECTION('',(0.E0,0.E0,1.E0));
#7914=AXIS2_PLACEMENT_3D('',#7911,#7912,#7913);
#7915=PLANE('',#7914);
#7916=ORIENTED_EDGE('',*,*,#7851,.T.);
#7917=ORIENTED_EDGE('',*,*,#7869,.T.);
#7918=ORIENTED_EDGE('',*,*,#7780,.F.);
#7919=ORIENTED_EDGE('',*,*,#7836,.F.);
#7920=EDGE_LOOP('',(#7916,#7917,#7918,#7919));
#7921=FACE_OUTER_BOUND('',#7920,.F.);
#7922=ADVANCED_FACE('',(#7921),#7915,.F.);
#7923=CLOSED_SHELL('',(#7674,#7689,#7703,#7717,#7730,#7753,#7767,#7789,#7802,
#7815,#7828,#7843,#7858,#7873,#7885,#7898,#7910,#7922));
#7924=MANIFOLD_SOLID_BREP('',#7923);
#7925=FILL_AREA_STYLE_COLOUR('',#10);
#7926=FILL_AREA_STYLE('',(#7925));
#7927=SURFACE_STYLE_FILL_AREA(#7926);
#7928=SURFACE_SIDE_STYLE('',(#7927));
#7929=SURFACE_STYLE_USAGE(.BOTH.,#7928);
#7930=PRESENTATION_STYLE_ASSIGNMENT((#7929));
#7326=STYLED_ITEM('',(#7930),#7924);
#7932=DIMENSIONAL_EXPONENTS(0.E0,0.E0,0.E0,0.E0,0.E0,0.E0,0.E0);
#7934=PLANE_ANGLE_MEASURE_WITH_UNIT(PLANE_ANGLE_MEASURE(1.745329251994E-2),
#7933);
#7935=(CONVERSION_BASED_UNIT('DEGREE',#7934)NAMED_UNIT(*)PLANE_ANGLE_UNIT());
#7937=UNCERTAINTY_MEASURE_WITH_UNIT(LENGTH_MEASURE(1.627641118316E-3),#7931,
'closure',
'Maximum model space distance between geometric entities at asserted connectivities');
#7938=(GEOMETRIC_REPRESENTATION_CONTEXT(3)GLOBAL_UNCERTAINTY_ASSIGNED_CONTEXT((
#7937))GLOBAL_UNIT_ASSIGNED_CONTEXT((#7931,#7935,#7936))REPRESENTATION_CONTEXT(
'ID3','3'));
#7939=CARTESIAN_POINT('',(0.E0,0.E0,0.E0));
#7940=DIRECTION('',(0.E0,0.E0,1.E0));
#7941=DIRECTION('',(1.E0,0.E0,0.E0));
#7944=DESIGN_CONTEXT('',#6627,'design');
#7945=MECHANICAL_CONTEXT('',#6627,'mechanical');
#7946=PRODUCT('M20-995-PIN2','M20-995-PIN2','NOT SPECIFIED',(#7945));
#7947=PRODUCT_DEFINITION_FORMATION_WITH_SPECIFIED_SOURCE('3','LAST_VERSION',
#7946,.MADE.);
#7953=CARTESIAN_POINT('',(2.54E0,-7.E-1,1.27E0));
#7954=DIRECTION('',(0.E0,1.E0,0.E0));
#7955=DIRECTION('',(-1.E0,0.E0,0.E0));
#7956=AXIS2_PLACEMENT_3D('',#7953,#7954,#7955);
#7957=ITEM_DEFINED_TRANSFORMATION('','',#7942,#7956);
#7958=(REPRESENTATION_RELATIONSHIP('','',#7943,#6638)REPRESENTATION_RELATIONSHIP_WITH_TRANSFORMATION(#7957)SHAPE_REPRESENTATION_RELATIONSHIP());
#7959=CONTEXT_DEPENDENT_SHAPE_REPRESENTATION(#7958,#7952);
#7962=CARTESIAN_POINT('',(5.08E0,-7.E-1,1.27E0));
#7963=DIRECTION('',(0.E0,1.E0,0.E0));
#7964=DIRECTION('',(-1.E0,0.E0,0.E0));
#7965=AXIS2_PLACEMENT_3D('',#7962,#7963,#7964);
#7966=ITEM_DEFINED_TRANSFORMATION('','',#7942,#7965);
#7967=(REPRESENTATION_RELATIONSHIP('','',#7943,#6638)REPRESENTATION_RELATIONSHIP_WITH_TRANSFORMATION(#7966)SHAPE_REPRESENTATION_RELATIONSHIP());
#7968=CONTEXT_DEPENDENT_SHAPE_REPRESENTATION(#7967,#7961);
#7971=CARTESIAN_POINT('',(7.62E0,-7.E-1,1.27E0));
#7972=DIRECTION('',(0.E0,1.E0,0.E0));
#7973=DIRECTION('',(-1.E0,0.E0,0.E0));
#7974=AXIS2_PLACEMENT_3D('',#7971,#7972,#7973);
#7975=ITEM_DEFINED_TRANSFORMATION('','',#7942,#7974);
#7976=(REPRESENTATION_RELATIONSHIP('','',#7943,#6638)REPRESENTATION_RELATIONSHIP_WITH_TRANSFORMATION(#7975)SHAPE_REPRESENTATION_RELATIONSHIP());
#7977=CONTEXT_DEPENDENT_SHAPE_REPRESENTATION(#7976,#7970);
#7980=CARTESIAN_POINT('',(1.016E1,-7.E-1,1.27E0));
#7981=DIRECTION('',(0.E0,1.E0,0.E0));
#7982=DIRECTION('',(-1.E0,0.E0,0.E0));
#7983=AXIS2_PLACEMENT_3D('',#7980,#7981,#7982);
#7984=ITEM_DEFINED_TRANSFORMATION('','',#7942,#7983);
#7985=(REPRESENTATION_RELATIONSHIP('','',#7943,#6638)REPRESENTATION_RELATIONSHIP_WITH_TRANSFORMATION(#7984)SHAPE_REPRESENTATION_RELATIONSHIP());
#7986=CONTEXT_DEPENDENT_SHAPE_REPRESENTATION(#7985,#7979);
#7989=CARTESIAN_POINT('',(1.27E1,-7.E-1,1.27E0));
#7990=DIRECTION('',(0.E0,1.E0,0.E0));
#7991=DIRECTION('',(-1.E0,0.E0,0.E0));
#7992=AXIS2_PLACEMENT_3D('',#7989,#7990,#7991);
#7993=ITEM_DEFINED_TRANSFORMATION('','',#7942,#7992);
#7994=(REPRESENTATION_RELATIONSHIP('','',#7943,#6638)REPRESENTATION_RELATIONSHIP_WITH_TRANSFORMATION(#7993)SHAPE_REPRESENTATION_RELATIONSHIP());
#7995=CONTEXT_DEPENDENT_SHAPE_REPRESENTATION(#7994,#7988);
#7998=CARTESIAN_POINT('',(1.524E1,-7.E-1,1.27E0));
#7999=DIRECTION('',(0.E0,1.E0,0.E0));
#8000=DIRECTION('',(-1.E0,0.E0,0.E0));
#8001=AXIS2_PLACEMENT_3D('',#7998,#7999,#8000);
#8002=ITEM_DEFINED_TRANSFORMATION('','',#7942,#8001);
#8003=(REPRESENTATION_RELATIONSHIP('','',#7943,#6638)REPRESENTATION_RELATIONSHIP_WITH_TRANSFORMATION(#8002)SHAPE_REPRESENTATION_RELATIONSHIP());
#8004=CONTEXT_DEPENDENT_SHAPE_REPRESENTATION(#8003,#7997);
#8006=DIMENSIONAL_EXPONENTS(0.E0,0.E0,0.E0,0.E0,0.E0,0.E0,0.E0);
#8008=PLANE_ANGLE_MEASURE_WITH_UNIT(PLANE_ANGLE_MEASURE(1.745329251994E-2),
#8007);
#8009=(CONVERSION_BASED_UNIT('DEGREE',#8008)NAMED_UNIT(*)PLANE_ANGLE_UNIT());
#8011=UNCERTAINTY_MEASURE_WITH_UNIT(LENGTH_MEASURE(2.206451110383E-3),#8005,
'closure',
'Maximum model space distance between geometric entities at asserted connectivities');
#8012=(GEOMETRIC_REPRESENTATION_CONTEXT(3)GLOBAL_UNCERTAINTY_ASSIGNED_CONTEXT((
#8011))GLOBAL_UNIT_ASSIGNED_CONTEXT((#8005,#8009,#8010))REPRESENTATION_CONTEXT(
'ID4','3'));
#8013=CARTESIAN_POINT('',(0.E0,0.E0,0.E0));
#8014=DIRECTION('',(0.E0,0.E0,1.E0));
#8015=DIRECTION('',(1.E0,0.E0,0.E0));
#8017=MECHANICAL_DESIGN_GEOMETRIC_PRESENTATION_REPRESENTATION('',(#20,#27,#34,
#41,#48,#55,#62,#69,#76,#83,#90,#97,#104,#111,#118,#125,#132,#139,#146,#153,
#160,#167,#174,#181,#188,#195,#202,#209,#216,#223,#230,#237,#244,#251,#258,#265,
#272,#279,#286,#293,#300,#307,#314,#321,#328,#335,#342,#349,#356,#363,#370,#377,
#384,#391,#398,#405,#412,#419,#426,#433,#440,#447,#454,#461,#468,#475,#482,#489,
#496,#503,#510,#517,#524,#531,#538,#545,#552,#559,#566,#573,#580,#587,#594,#601,
#608,#615,#622,#629,#636,#643,#650,#657,#664,#671,#678,#685,#692,#699,#706,#713,
#720,#727,#734,#741,#748,#755,#762,#769,#776,#783,#790,#797,#804,#811,#818,#825,
#832,#839,#846,#853,#860,#867,#874,#881,#888,#895,#902,#909,#916,#923,#930,#937,
#944,#951,#958,#965,#972,#979,#986,#993,#1000,#1007,#1014,#1021,#1028,#1035,
#1042,#1049,#1056,#1063,#1070,#1077,#1084,#1091,#1098,#1105,#1112,#1119,#1126,
#1133,#1140,#1147,#1154,#1161,#1168,#1175,#1182,#1189,#1196,#1203,#1210,#1217,
#1224,#1231,#1238,#1245,#1252,#1259,#1266,#1273,#1280,#1287,#1294,#1301,#1308,
#1315,#1322,#1329,#1336,#1343,#1350,#1357,#1364,#1371,#1378,#1385,#1392,#1399,
#1406,#1413,#1420,#1427,#1434,#1441,#1448,#1455,#1462,#1469,#1476,#1483,#1490,
#1497,#1504,#1511,#1518,#1525,#1532,#1539,#1546,#1553,#1560,#1567,#1574,#1581,
#1588,#1595,#1602,#1609,#1616,#1623,#1630,#1637,#1644,#1651,#1658,#1665,#1672,
#1679,#1686,#1693,#1700,#1707,#1714,#1721,#1728,#1735,#1742,#1749,#1756,#1763,
#1770,#1777,#1784,#1791,#1798,#1805,#1812,#1819,#1826,#1833,#1840,#1847,#1854,
#1861,#1868,#1875,#1882,#1889,#1896,#1903,#1910,#1917,#1924,#1931,#1938,#1945,
#1952,#1959,#1966,#1973,#1980,#1987,#1994,#2001,#2008,#2015,#2022,#2029,#2036,
#2043,#2050,#2057,#2064,#2071,#2078,#2085,#2092,#2099,#2106,#2113,#2120,#2127,
#2134,#2141,#2148,#2155,#2162,#2169,#2176,#2183,#2190,#2197,#2204,#2211,#2218,
#2225,#2232,#2239,#2246,#2253,#2260,#2267,#2274,#2281,#2288,#2295,#2302,#2309,
#2316,#2323,#2330,#2337,#2344,#2351,#2358,#2365,#2372,#2379,#2386,#2393,#2400,
#2407,#2414,#2421,#2428,#2435,#2442,#2449,#2456,#2463,#2470,#2477,#2484,#2491,
#2498,#2505,#2512,#2519,#2526,#2533,#2540,#2547,#2554,#2561,#2568,#2575,#2582,
#2589,#2596,#2603,#2610,#2617,#2624,#2631,#2638,#2645,#2652,#2659,#2666,#2673,
#2680,#2687,#2694,#2701,#2708,#2715,#2722,#2729,#2736,#2743,#2750,#2757,#2764,
#2771,#2778,#2785,#2792,#2799,#2806,#2813,#2820,#2827,#2834,#2841,#2848,#2855,
#2862,#2869,#2876,#2883,#2890,#2897,#2904,#2911,#2918,#2925,#2932,#2939,#2946,
#2953,#2960,#2967,#2974,#2981,#2988,#2995,#3002,#3009,#3016,#3023,#3030,#3037,
#3044,#3051,#3058,#3065,#3072,#3079,#3086,#3093,#3100,#3107,#3114,#3121,#3128,
#3135,#3142,#3149,#3156,#3163,#3170,#3177,#3184,#3191,#3198,#3205,#3212,#3219,
#3226,#3233,#12,#6655,#6662,#6669,#6676,#6683,#6690,#6697,#6704,#6711,#6718,
#6725,#6732,#6739,#6747,#6754,#6761,#6768,#6776,#6783,#6790,#6797,#6805,#6812,
#6819,#6826,#6833,#6840,#6847,#6854,#6861,#6868,#6875,#6882,#6889,#6896,#6903,
#6910,#6918,#6925,#6932,#6648,#7333,#7340,#7347,#7354,#7361,#7368,#7375,#7382,
#7389,#7396,#7403,#7410,#7417,#7425,#7432,#7439,#7446,#7454,#7461,#7468,#7475,
#7483,#7490,#7497,#7504,#7511,#7518,#7525,#7532,#7539,#7546,#7553,#7560,#7567,
#7574,#7581,#7588,#7596,#7603,#7610,#7326),#8012);
#8018=MECHANICAL_CONTEXT('',#6627,'mechanical');
#8019=PRODUCT('M20-995_ASM','M20-995_ASM','NOT SPECIFIED',(#8018));
#8020=PRODUCT_DEFINITION_FORMATION_WITH_SPECIFIED_SOURCE('10','LAST_VERSION',
#8019,.MADE.);
#8022=PRODUCT_CATEGORY('part','');
#8023=PRODUCT_RELATED_PRODUCT_CATEGORY('assembly','',(#8019));
#8024=PRODUCT_CATEGORY_RELATIONSHIP('','',#8022,#8023);
#8025=PRODUCT_CATEGORY('part','');
#8026=PRODUCT_RELATED_PRODUCT_CATEGORY('detail','',(#6631,#7267,#7946));
#8027=PRODUCT_CATEGORY_RELATIONSHIP('','',#8025,#8026);
#8028=SECURITY_CLASSIFICATION_LEVEL('unclassified');
#8029=SECURITY_CLASSIFICATION('','',#8028);
#8030=CC_DESIGN_SECURITY_CLASSIFICATION(#8029,(#6632,#7268,#7947,#8020,#6639,
#7272,#7281,#7290,#7299,#7308,#7317,#7951,#7960,#7969,#7978,#7987,#7996));
#8031=APPROVAL_STATUS('approved');
#8032=APPROVAL(#8031,'');
#8033=CC_DESIGN_APPROVAL(#8032,(#8029,#6632,#7268,#7947,#8020,#6633,#7269,#7948,
#8021));
#8034=CALENDAR_DATE(113,3,1);
#8035=COORDINATED_UNIVERSAL_TIME_OFFSET(0,0,.BEHIND.);
#8036=LOCAL_TIME(12,6,5.E1,#8035);
#8037=DATE_AND_TIME(#8034,#8036);
#8038=APPROVAL_DATE_TIME(#8037,#8032);
#8039=DATE_TIME_ROLE('creation_date');
#8040=CC_DESIGN_DATE_AND_TIME_ASSIGNMENT(#8037,#8039,(#6633,#7269,#7948,#8021));
#8041=DATE_TIME_ROLE('classification_date');
#8042=CC_DESIGN_DATE_AND_TIME_ASSIGNMENT(#8037,#8041,(#8029));
#8043=PERSON('UNSPECIFIED','UNSPECIFIED',$,$,$,$);
#8044=ORGANIZATION('UNSPECIFIED','UNSPECIFIED','UNSPECIFIED');
#8045=PERSON_AND_ORGANIZATION(#8043,#8044);
#8046=APPROVAL_ROLE('approver');
#8047=APPROVAL_PERSON_ORGANIZATION(#8045,#8032,#8046);
#8048=PERSON_AND_ORGANIZATION_ROLE('creator');
#8049=CC_DESIGN_PERSON_AND_ORGANIZATION_ASSIGNMENT(#8045,#8048,(#6632,#7268,
#7947,#8020,#6633,#7269,#7948,#8021));
#8050=PERSON_AND_ORGANIZATION_ROLE('design_supplier');
#8051=CC_DESIGN_PERSON_AND_ORGANIZATION_ASSIGNMENT(#8045,#8050,(#6632,#7268,
#7947,#8020));
#8052=PERSON_AND_ORGANIZATION_ROLE('classification_officer');
#8053=CC_DESIGN_PERSON_AND_ORGANIZATION_ASSIGNMENT(#8045,#8052,(#8029));
#8054=PERSON_AND_ORGANIZATION_ROLE('design_owner');
#8055=CC_DESIGN_PERSON_AND_ORGANIZATION_ASSIGNMENT(#8045,#8054,(#8019,#6631,
#7267,#7946));
#1=COLOUR_RGB('',1.73616E-1,4.26579E-1,1.E0);
#2=COLOUR_RGB('',2.5E-1,7.4E-1,3.4E-1);
#3=COLOUR_RGB('',2.96117E-1,2.96117E-1,2.96117E-1);
#4=COLOUR_RGB('',4.85437E-1,3.0377E-1,1.57841E-1);
#5=COLOUR_RGB('',6.952E-1,7.426E-1,7.9E-1);
#6=COLOUR_RGB('',9.27184E-1,9.27184E-1,9.27184E-1);
#7=COLOUR_RGB('',9.32515E-1,9.41748E-1,9.41748E-1);
#8=COLOUR_RGB('',9.74868E-1,1.E0,8.54254E-1);
#9=COLOUR_RGB('',1.E0,2.30389E-1,2.01445E-1);
#10=COLOUR_RGB('',1.E0,8.07843E-1,4.58824E-1);
#11=COLOUR_RGB('',1.E0,0.E0,2.E-1);
#3823=EDGE_CURVE('',#3276,#3277,#94,.T.);
#3825=EDGE_CURVE('',#3240,#3277,#2768,.T.);
#3827=EDGE_CURVE('',#3240,#3241,#16,.T.);
#3829=EDGE_CURVE('',#3284,#3241,#2859,.T.);
#3831=EDGE_CURVE('',#3284,#3285,#2817,.T.);
#3833=EDGE_CURVE('',#3236,#3285,#2803,.T.);
#3835=EDGE_CURVE('',#3236,#3237,#24,.T.);
#3837=EDGE_CURVE('',#3276,#3237,#2460,.T.);
#3841=EDGE_CURVE('',#3300,#3301,#31,.T.);
#3843=EDGE_CURVE('',#3301,#3303,#38,.T.);
#3845=EDGE_CURVE('',#3303,#3305,#45,.T.);
#3847=EDGE_CURVE('',#3305,#3300,#52,.T.);
#3851=EDGE_CURVE('',#3308,#3309,#59,.T.);
#3853=EDGE_CURVE('',#3309,#3311,#66,.T.);
#3855=EDGE_CURVE('',#3311,#3313,#73,.T.);
#3857=EDGE_CURVE('',#3313,#3308,#80,.T.);
#3867=EDGE_CURVE('',#3333,#3331,#122,.T.);
#3869=EDGE_CURVE('',#3277,#3333,#87,.T.);
#3872=EDGE_CURVE('',#3276,#3331,#101,.T.);
#3882=EDGE_CURVE('',#3388,#3389,#108,.T.);
#3884=EDGE_CURVE('',#3388,#3333,#115,.T.);
#3887=EDGE_CURVE('',#3389,#3331,#129,.T.);
#3897=EDGE_CURVE('',#3380,#3381,#213,.T.);
#3899=EDGE_CURVE('',#3344,#3381,#2411,.T.);
#3901=EDGE_CURVE('',#3344,#3345,#136,.T.);
#3903=EDGE_CURVE('',#3388,#3345,#2740,.T.);
#3906=EDGE_CURVE('',#3340,#3389,#2446,.T.);
#3908=EDGE_CURVE('',#3340,#3341,#143,.T.);
#3910=EDGE_CURVE('',#3380,#3341,#2103,.T.);
#3914=EDGE_CURVE('',#3396,#3397,#150,.T.);
#3916=EDGE_CURVE('',#3397,#3399,#157,.T.);
#3918=EDGE_CURVE('',#3399,#3401,#164,.T.);
#3920=EDGE_CURVE('',#3401,#3396,#171,.T.);
#3924=EDGE_CURVE('',#3404,#3405,#178,.T.);
#3926=EDGE_CURVE('',#3405,#3407,#185,.T.);
#3928=EDGE_CURVE('',#3407,#3409,#192,.T.);
#3930=EDGE_CURVE('',#3409,#3404,#199,.T.);
#3940=EDGE_CURVE('',#3429,#3427,#241,.T.);
#3942=EDGE_CURVE('',#3381,#3429,#206,.T.);
#3945=EDGE_CURVE('',#3380,#3427,#220,.T.);
#3955=EDGE_CURVE('',#3484,#3485,#227,.T.);
#3957=EDGE_CURVE('',#3484,#3429,#234,.T.);
#3960=EDGE_CURVE('',#3485,#3427,#248,.T.);
#3970=EDGE_CURVE('',#3476,#3477,#332,.T.);
#3972=EDGE_CURVE('',#3440,#3477,#2054,.T.);
#3974=EDGE_CURVE('',#3440,#3441,#255,.T.);
#3976=EDGE_CURVE('',#3484,#3441,#2383,.T.);
#3979=EDGE_CURVE('',#3436,#3485,#2089,.T.);
#3981=EDGE_CURVE('',#3436,#3437,#262,.T.);
#3983=EDGE_CURVE('',#3476,#3437,#1746,.T.);
#3987=EDGE_CURVE('',#3492,#3493,#269,.T.);
#3989=EDGE_CURVE('',#3493,#3495,#276,.T.);
#3991=EDGE_CURVE('',#3495,#3497,#283,.T.);
#3993=EDGE_CURVE('',#3497,#3492,#290,.T.);
#3997=EDGE_CURVE('',#3500,#3501,#297,.T.);
#3999=EDGE_CURVE('',#3501,#3503,#304,.T.);
#4001=EDGE_CURVE('',#3503,#3505,#311,.T.);
#4003=EDGE_CURVE('',#3505,#3500,#318,.T.);
#4013=EDGE_CURVE('',#3525,#3523,#360,.T.);
#4015=EDGE_CURVE('',#3477,#3525,#325,.T.);
#4018=EDGE_CURVE('',#3476,#3523,#339,.T.);
#4028=EDGE_CURVE('',#3580,#3581,#346,.T.);
#4030=EDGE_CURVE('',#3580,#3525,#353,.T.);
#4033=EDGE_CURVE('',#3581,#3523,#367,.T.);
#4043=EDGE_CURVE('',#3572,#3573,#451,.T.);
#4045=EDGE_CURVE('',#3536,#3573,#1697,.T.);
#4047=EDGE_CURVE('',#3536,#3537,#374,.T.);
#4049=EDGE_CURVE('',#3580,#3537,#2026,.T.);
#4052=EDGE_CURVE('',#3532,#3581,#1732,.T.);
#4054=EDGE_CURVE('',#3532,#3533,#381,.T.);
#4056=EDGE_CURVE('',#3572,#3533,#1389,.T.);
#4060=EDGE_CURVE('',#3588,#3589,#388,.T.);
#4062=EDGE_CURVE('',#3589,#3591,#395,.T.);
#4064=EDGE_CURVE('',#3591,#3593,#402,.T.);
#4066=EDGE_CURVE('',#3593,#3588,#409,.T.);
#4070=EDGE_CURVE('',#3596,#3597,#416,.T.);
#4072=EDGE_CURVE('',#3597,#3599,#423,.T.);
#4074=EDGE_CURVE('',#3599,#3601,#430,.T.);
#4076=EDGE_CURVE('',#3601,#3596,#437,.T.);
#4086=EDGE_CURVE('',#3621,#3619,#479,.T.);
#4088=EDGE_CURVE('',#3573,#3621,#444,.T.);
#4091=EDGE_CURVE('',#3572,#3619,#458,.T.);
#4101=EDGE_CURVE('',#3676,#3677,#465,.T.);
#4103=EDGE_CURVE('',#3676,#3621,#472,.T.);
#4106=EDGE_CURVE('',#3677,#3619,#486,.T.);
#4116=EDGE_CURVE('',#3668,#3669,#570,.T.);
#4118=EDGE_CURVE('',#3632,#3669,#1340,.T.);
#4120=EDGE_CURVE('',#3632,#3633,#493,.T.);
#4122=EDGE_CURVE('',#3676,#3633,#1669,.T.);
#4125=EDGE_CURVE('',#3628,#3677,#1375,.T.);
#4127=EDGE_CURVE('',#3628,#3629,#500,.T.);
#4129=EDGE_CURVE('',#3668,#3629,#1032,.T.);
#4133=EDGE_CURVE('',#3684,#3685,#507,.T.);
#4135=EDGE_CURVE('',#3685,#3687,#514,.T.);
#4137=EDGE_CURVE('',#3687,#3689,#521,.T.);
#4139=EDGE_CURVE('',#3689,#3684,#528,.T.);
#4143=EDGE_CURVE('',#3692,#3693,#535,.T.);
#4145=EDGE_CURVE('',#3693,#3695,#542,.T.);
#4147=EDGE_CURVE('',#3695,#3697,#549,.T.);
#4149=EDGE_CURVE('',#3697,#3692,#556,.T.);
#4159=EDGE_CURVE('',#3717,#3715,#598,.T.);
#4161=EDGE_CURVE('',#3669,#3717,#563,.T.);
#4164=EDGE_CURVE('',#3668,#3715,#577,.T.);
#4174=EDGE_CURVE('',#3780,#3781,#584,.T.);
#4176=EDGE_CURVE('',#3780,#3717,#591,.T.);
#4179=EDGE_CURVE('',#3781,#3715,#605,.T.);
#4189=EDGE_CURVE('',#3764,#3765,#682,.T.);
#4191=EDGE_CURVE('',#3728,#3765,#878,.T.);
#4193=EDGE_CURVE('',#3728,#3729,#612,.T.);
#4195=EDGE_CURVE('',#3780,#3729,#1312,.T.);
#4198=EDGE_CURVE('',#3724,#3781,#1018,.T.);
#4200=EDGE_CURVE('',#3724,#3725,#619,.T.);
#4202=EDGE_CURVE('',#3764,#3725,#724,.T.);
#4206=EDGE_CURVE('',#3788,#3789,#626,.T.);
#4208=EDGE_CURVE('',#3789,#3791,#633,.T.);
#4210=EDGE_CURVE('',#3791,#3793,#640,.T.);
#4212=EDGE_CURVE('',#3793,#3788,#647,.T.);
#4216=EDGE_CURVE('',#3796,#3797,#654,.T.);
#4218=EDGE_CURVE('',#3797,#3799,#661,.T.);
#4220=EDGE_CURVE('',#3799,#3801,#668,.T.);
#4222=EDGE_CURVE('',#3801,#3796,#675,.T.);
#4233=EDGE_CURVE('',#3764,#3768,#689,.T.);
#4235=EDGE_CURVE('',#3768,#3769,#696,.T.);
#4237=EDGE_CURVE('',#3765,#3769,#703,.T.);
#4247=EDGE_CURVE('',#3776,#3761,#710,.T.);
#4249=EDGE_CURVE('',#3772,#3776,#843,.T.);
#4251=EDGE_CURVE('',#3768,#3772,#717,.T.);
#4255=EDGE_CURVE('',#3725,#3761,#731,.T.);
#4265=EDGE_CURVE('',#3776,#3777,#850,.T.);
#4268=EDGE_CURVE('',#3737,#3761,#738,.T.);
#4270=EDGE_CURVE('',#3736,#3737,#745,.T.);
#4272=EDGE_CURVE('',#3759,#3736,#752,.T.);
#4274=EDGE_CURVE('',#3759,#3785,#1004,.T.);
#4276=EDGE_CURVE('',#3784,#3785,#1284,.T.);
#4278=EDGE_CURVE('',#3784,#3757,#1298,.T.);
#4280=EDGE_CURVE('',#3733,#3757,#759,.T.);
#4282=EDGE_CURVE('',#3732,#3733,#766,.T.);
#4284=EDGE_CURVE('',#3755,#3732,#773,.T.);
#4286=EDGE_CURVE('',#3755,#3777,#864,.T.);
#4290=EDGE_CURVE('',#3804,#3805,#780,.T.);
#4292=EDGE_CURVE('',#3809,#3804,#787,.T.);
#4294=EDGE_CURVE('',#3807,#3809,#794,.T.);
#4296=EDGE_CURVE('',#3805,#3807,#801,.T.);
#4300=EDGE_CURVE('',#3812,#3813,#808,.T.);
#4302=EDGE_CURVE('',#3817,#3812,#815,.T.);
#4304=EDGE_CURVE('',#3815,#3817,#822,.T.);
#4306=EDGE_CURVE('',#3813,#3815,#829,.T.);
#4316=EDGE_CURVE('',#3772,#3773,#836,.T.);
#4320=EDGE_CURVE('',#3773,#3777,#857,.T.);
#4331=EDGE_CURVE('',#3769,#3773,#885,.T.);
#4344=EDGE_CURVE('',#3728,#3755,#871,.T.);
#4358=EDGE_CURVE('',#3740,#3755,#892,.T.);
#4360=EDGE_CURVE('',#3740,#3745,#927,.T.);
#4362=EDGE_CURVE('',#3745,#3757,#899,.T.);
#4364=EDGE_CURVE('',#3729,#3757,#1319,.T.);
#4376=EDGE_CURVE('',#3740,#3741,#906,.T.);
#4380=EDGE_CURVE('',#3741,#3732,#962,.T.);
#4391=EDGE_CURVE('',#3741,#3743,#913,.T.);
#4393=EDGE_CURVE('',#3745,#3743,#920,.T.);
#4404=EDGE_CURVE('',#3748,#3749,#934,.T.);
#4406=EDGE_CURVE('',#3749,#3751,#941,.T.);
#4408=EDGE_CURVE('',#3753,#3751,#948,.T.);
#4410=EDGE_CURVE('',#3748,#3753,#955,.T.);
#4423=EDGE_CURVE('',#3743,#3733,#969,.T.);
#4446=EDGE_CURVE('',#3748,#3759,#976,.T.);
#4449=EDGE_CURVE('',#3749,#3736,#997,.T.);
#4461=EDGE_CURVE('',#3753,#3761,#983,.T.);
#4465=EDGE_CURVE('',#3724,#3759,#1011,.T.);
#4476=EDGE_CURVE('',#3751,#3737,#990,.T.);
#4504=EDGE_CURVE('',#3715,#3719,#1025,.T.);
#4506=EDGE_CURVE('',#3719,#3785,#1291,.T.);
#4519=EDGE_CURVE('',#3629,#3665,#1039,.T.);
#4521=EDGE_CURVE('',#3672,#3665,#1046,.T.);
#4523=EDGE_CURVE('',#3719,#3672,#1249,.T.);
#4533=EDGE_CURVE('',#3652,#3663,#1053,.T.);
#4535=EDGE_CURVE('',#3652,#3657,#1116,.T.);
#4537=EDGE_CURVE('',#3657,#3665,#1060,.T.);
#4541=EDGE_CURVE('',#3628,#3663,#1368,.T.);
#4551=EDGE_CURVE('',#3652,#3653,#1095,.T.);
#4554=EDGE_CURVE('',#3663,#3640,#1165,.T.);
#4556=EDGE_CURVE('',#3653,#3640,#1354,.T.);
#4566=EDGE_CURVE('',#3644,#3645,#1067,.T.);
#4568=EDGE_CURVE('',#3645,#3647,#1074,.T.);
#4570=EDGE_CURVE('',#3649,#3647,#1081,.T.);
#4572=EDGE_CURVE('',#3644,#3649,#1088,.T.);
#4583=EDGE_CURVE('',#3653,#3655,#1102,.T.);
#4585=EDGE_CURVE('',#3657,#3655,#1109,.T.);
#4597=EDGE_CURVE('',#3644,#3659,#1123,.T.);
#4599=EDGE_CURVE('',#3659,#3636,#1186,.T.);
#4601=EDGE_CURVE('',#3645,#3636,#1144,.T.);
#4613=EDGE_CURVE('',#3649,#3661,#1130,.T.);
#4615=EDGE_CURVE('',#3633,#3661,#1676,.T.);
#4618=EDGE_CURVE('',#3632,#3659,#1333,.T.);
#4629=EDGE_CURVE('',#3647,#3637,#1137,.T.);
#4631=EDGE_CURVE('',#3637,#3661,#1172,.T.);
#4644=EDGE_CURVE('',#3636,#3637,#1179,.T.);
#4655=EDGE_CURVE('',#3672,#3673,#1256,.T.);
#4658=EDGE_CURVE('',#3641,#3665,#1151,.T.);
#4660=EDGE_CURVE('',#3640,#3641,#1158,.T.);
#4663=EDGE_CURVE('',#3663,#3681,#1361,.T.);
#4665=EDGE_CURVE('',#3680,#3681,#1641,.T.);
#4667=EDGE_CURVE('',#3680,#3661,#1655,.T.);
#4672=EDGE_CURVE('',#3659,#3673,#1326,.T.);
#4676=EDGE_CURVE('',#3700,#3701,#1193,.T.);
#4678=EDGE_CURVE('',#3705,#3700,#1200,.T.);
#4680=EDGE_CURVE('',#3703,#3705,#1207,.T.);
#4682=EDGE_CURVE('',#3701,#3703,#1214,.T.);
#4686=EDGE_CURVE('',#3708,#3709,#1221,.T.);
#4688=EDGE_CURVE('',#3713,#3708,#1228,.T.);
#4690=EDGE_CURVE('',#3711,#3713,#1235,.T.);
#4692=EDGE_CURVE('',#3709,#3711,#1242,.T.);
#4702=EDGE_CURVE('',#3721,#3719,#1270,.T.);
#4706=EDGE_CURVE('',#3721,#3673,#1263,.T.);
#4717=EDGE_CURVE('',#3721,#3784,#1277,.T.);
#4731=EDGE_CURVE('',#3717,#3721,#1305,.T.);
#4759=EDGE_CURVE('',#3655,#3641,#1347,.T.);
#4787=EDGE_CURVE('',#3619,#3623,#1382,.T.);
#4789=EDGE_CURVE('',#3623,#3681,#1648,.T.);
#4802=EDGE_CURVE('',#3533,#3569,#1396,.T.);
#4804=EDGE_CURVE('',#3576,#3569,#1403,.T.);
#4806=EDGE_CURVE('',#3623,#3576,#1606,.T.);
#4816=EDGE_CURVE('',#3556,#3567,#1410,.T.);
#4818=EDGE_CURVE('',#3556,#3561,#1473,.T.);
#4820=EDGE_CURVE('',#3561,#3569,#1417,.T.);
#4824=EDGE_CURVE('',#3532,#3567,#1725,.T.);
#4834=EDGE_CURVE('',#3556,#3557,#1452,.T.);
#4837=EDGE_CURVE('',#3567,#3544,#1522,.T.);
#4839=EDGE_CURVE('',#3557,#3544,#1711,.T.);
#4849=EDGE_CURVE('',#3548,#3549,#1424,.T.);
#4851=EDGE_CURVE('',#3549,#3551,#1431,.T.);
#4853=EDGE_CURVE('',#3553,#3551,#1438,.T.);
#4855=EDGE_CURVE('',#3548,#3553,#1445,.T.);
#4866=EDGE_CURVE('',#3557,#3559,#1459,.T.);
#4868=EDGE_CURVE('',#3561,#3559,#1466,.T.);
#4880=EDGE_CURVE('',#3548,#3563,#1480,.T.);
#4882=EDGE_CURVE('',#3563,#3540,#1543,.T.);
#4884=EDGE_CURVE('',#3549,#3540,#1501,.T.);
#4896=EDGE_CURVE('',#3553,#3565,#1487,.T.);
#4898=EDGE_CURVE('',#3537,#3565,#2033,.T.);
#4901=EDGE_CURVE('',#3536,#3563,#1690,.T.);
#4912=EDGE_CURVE('',#3551,#3541,#1494,.T.);
#4914=EDGE_CURVE('',#3541,#3565,#1529,.T.);
#4927=EDGE_CURVE('',#3540,#3541,#1536,.T.);
#4938=EDGE_CURVE('',#3576,#3577,#1613,.T.);
#4941=EDGE_CURVE('',#3545,#3569,#1508,.T.);
#4943=EDGE_CURVE('',#3544,#3545,#1515,.T.);
#4946=EDGE_CURVE('',#3567,#3585,#1718,.T.);
#4948=EDGE_CURVE('',#3584,#3585,#1998,.T.);
#4950=EDGE_CURVE('',#3584,#3565,#2012,.T.);
#4955=EDGE_CURVE('',#3563,#3577,#1683,.T.);
#4959=EDGE_CURVE('',#3604,#3605,#1550,.T.);
#4961=EDGE_CURVE('',#3609,#3604,#1557,.T.);
#4963=EDGE_CURVE('',#3607,#3609,#1564,.T.);
#4965=EDGE_CURVE('',#3605,#3607,#1571,.T.);
#4969=EDGE_CURVE('',#3612,#3613,#1578,.T.);
#4971=EDGE_CURVE('',#3617,#3612,#1585,.T.);
#4973=EDGE_CURVE('',#3615,#3617,#1592,.T.);
#4975=EDGE_CURVE('',#3613,#3615,#1599,.T.);
#4985=EDGE_CURVE('',#3625,#3623,#1627,.T.);
#4989=EDGE_CURVE('',#3625,#3577,#1620,.T.);
#5000=EDGE_CURVE('',#3625,#3680,#1634,.T.);
#5014=EDGE_CURVE('',#3621,#3625,#1662,.T.);
#5042=EDGE_CURVE('',#3559,#3545,#1704,.T.);
#5070=EDGE_CURVE('',#3523,#3527,#1739,.T.);
#5072=EDGE_CURVE('',#3527,#3585,#2005,.T.);
#5085=EDGE_CURVE('',#3437,#3473,#1753,.T.);
#5087=EDGE_CURVE('',#3480,#3473,#1760,.T.);
#5089=EDGE_CURVE('',#3527,#3480,#1963,.T.);
#5099=EDGE_CURVE('',#3460,#3471,#1767,.T.);
#5101=EDGE_CURVE('',#3460,#3465,#1830,.T.);
#5103=EDGE_CURVE('',#3465,#3473,#1774,.T.);
#5107=EDGE_CURVE('',#3436,#3471,#2082,.T.);
#5117=EDGE_CURVE('',#3460,#3461,#1809,.T.);
#5120=EDGE_CURVE('',#3471,#3448,#1879,.T.);
#5122=EDGE_CURVE('',#3461,#3448,#2068,.T.);
#5132=EDGE_CURVE('',#3452,#3453,#1781,.T.);
#5134=EDGE_CURVE('',#3453,#3455,#1788,.T.);
#5136=EDGE_CURVE('',#3457,#3455,#1795,.T.);
#5138=EDGE_CURVE('',#3452,#3457,#1802,.T.);
#5149=EDGE_CURVE('',#3461,#3463,#1816,.T.);
#5151=EDGE_CURVE('',#3465,#3463,#1823,.T.);
#5163=EDGE_CURVE('',#3452,#3467,#1837,.T.);
#5165=EDGE_CURVE('',#3467,#3444,#1900,.T.);
#5167=EDGE_CURVE('',#3453,#3444,#1858,.T.);
#5179=EDGE_CURVE('',#3457,#3469,#1844,.T.);
#5181=EDGE_CURVE('',#3441,#3469,#2390,.T.);
#5184=EDGE_CURVE('',#3440,#3467,#2047,.T.);
#5195=EDGE_CURVE('',#3455,#3445,#1851,.T.);
#5197=EDGE_CURVE('',#3445,#3469,#1886,.T.);
#5210=EDGE_CURVE('',#3444,#3445,#1893,.T.);
#5221=EDGE_CURVE('',#3480,#3481,#1970,.T.);
#5224=EDGE_CURVE('',#3449,#3473,#1865,.T.);
#5226=EDGE_CURVE('',#3448,#3449,#1872,.T.);
#5229=EDGE_CURVE('',#3471,#3489,#2075,.T.);
#5231=EDGE_CURVE('',#3488,#3489,#2355,.T.);
#5233=EDGE_CURVE('',#3488,#3469,#2369,.T.);
#5238=EDGE_CURVE('',#3467,#3481,#2040,.T.);
#5242=EDGE_CURVE('',#3508,#3509,#1907,.T.);
#5244=EDGE_CURVE('',#3513,#3508,#1914,.T.);
#5246=EDGE_CURVE('',#3511,#3513,#1921,.T.);
#5248=EDGE_CURVE('',#3509,#3511,#1928,.T.);
#5252=EDGE_CURVE('',#3516,#3517,#1935,.T.);
#5254=EDGE_CURVE('',#3521,#3516,#1942,.T.);
#5256=EDGE_CURVE('',#3519,#3521,#1949,.T.);
#5258=EDGE_CURVE('',#3517,#3519,#1956,.T.);
#5268=EDGE_CURVE('',#3529,#3527,#1984,.T.);
#5272=EDGE_CURVE('',#3529,#3481,#1977,.T.);
#5283=EDGE_CURVE('',#3529,#3584,#1991,.T.);
#5297=EDGE_CURVE('',#3525,#3529,#2019,.T.);
#5325=EDGE_CURVE('',#3463,#3449,#2061,.T.);
#5353=EDGE_CURVE('',#3427,#3431,#2096,.T.);
#5355=EDGE_CURVE('',#3431,#3489,#2362,.T.);
#5368=EDGE_CURVE('',#3341,#3377,#2110,.T.);
#5370=EDGE_CURVE('',#3384,#3377,#2117,.T.);
#5372=EDGE_CURVE('',#3431,#3384,#2320,.T.);
#5382=EDGE_CURVE('',#3364,#3375,#2124,.T.);
#5384=EDGE_CURVE('',#3364,#3369,#2187,.T.);
#5386=EDGE_CURVE('',#3369,#3377,#2131,.T.);
#5390=EDGE_CURVE('',#3340,#3375,#2439,.T.);
#5400=EDGE_CURVE('',#3364,#3365,#2166,.T.);
#5403=EDGE_CURVE('',#3375,#3352,#2236,.T.);
#5405=EDGE_CURVE('',#3365,#3352,#2425,.T.);
#5415=EDGE_CURVE('',#3356,#3357,#2138,.T.);
#5417=EDGE_CURVE('',#3357,#3359,#2145,.T.);
#5419=EDGE_CURVE('',#3361,#3359,#2152,.T.);
#5421=EDGE_CURVE('',#3356,#3361,#2159,.T.);
#5432=EDGE_CURVE('',#3365,#3367,#2173,.T.);
#5434=EDGE_CURVE('',#3369,#3367,#2180,.T.);
#5446=EDGE_CURVE('',#3356,#3371,#2194,.T.);
#5448=EDGE_CURVE('',#3371,#3348,#2257,.T.);
#5450=EDGE_CURVE('',#3357,#3348,#2215,.T.);
#5462=EDGE_CURVE('',#3361,#3373,#2201,.T.);
#5464=EDGE_CURVE('',#3345,#3373,#2747,.T.);
#5467=EDGE_CURVE('',#3344,#3371,#2404,.T.);
#5478=EDGE_CURVE('',#3359,#3349,#2208,.T.);
#5480=EDGE_CURVE('',#3349,#3373,#2243,.T.);
#5493=EDGE_CURVE('',#3348,#3349,#2250,.T.);
#5504=EDGE_CURVE('',#3384,#3385,#2327,.T.);
#5507=EDGE_CURVE('',#3353,#3377,#2222,.T.);
#5509=EDGE_CURVE('',#3352,#3353,#2229,.T.);
#5512=EDGE_CURVE('',#3375,#3393,#2432,.T.);
#5514=EDGE_CURVE('',#3392,#3393,#2712,.T.);
#5516=EDGE_CURVE('',#3392,#3373,#2726,.T.);
#5521=EDGE_CURVE('',#3371,#3385,#2397,.T.);
#5525=EDGE_CURVE('',#3412,#3413,#2264,.T.);
#5527=EDGE_CURVE('',#3417,#3412,#2271,.T.);
#5529=EDGE_CURVE('',#3415,#3417,#2278,.T.);
#5531=EDGE_CURVE('',#3413,#3415,#2285,.T.);
#5535=EDGE_CURVE('',#3420,#3421,#2292,.T.);
#5537=EDGE_CURVE('',#3425,#3420,#2299,.T.);
#5539=EDGE_CURVE('',#3423,#3425,#2306,.T.);
#5541=EDGE_CURVE('',#3421,#3423,#2313,.T.);
#5551=EDGE_CURVE('',#3433,#3431,#2341,.T.);
#5555=EDGE_CURVE('',#3433,#3385,#2334,.T.);
#5566=EDGE_CURVE('',#3433,#3488,#2348,.T.);
#5580=EDGE_CURVE('',#3429,#3433,#2376,.T.);
#5608=EDGE_CURVE('',#3367,#3353,#2418,.T.);
#5636=EDGE_CURVE('',#3331,#3335,#2453,.T.);
#5638=EDGE_CURVE('',#3335,#3393,#2719,.T.);
#5651=EDGE_CURVE('',#3237,#3273,#2467,.T.);
#5653=EDGE_CURVE('',#3280,#3273,#2474,.T.);
#5655=EDGE_CURVE('',#3335,#3280,#2677,.T.);
#5665=EDGE_CURVE('',#3260,#3271,#2481,.T.);
#5667=EDGE_CURVE('',#3260,#3265,#2544,.T.);
#5669=EDGE_CURVE('',#3265,#3273,#2488,.T.);
#5673=EDGE_CURVE('',#3236,#3271,#2796,.T.);
#5683=EDGE_CURVE('',#3260,#3261,#2523,.T.);
#5686=EDGE_CURVE('',#3271,#3248,#2593,.T.);
#5688=EDGE_CURVE('',#3261,#3248,#2782,.T.);
#5698=EDGE_CURVE('',#3252,#3253,#2495,.T.);
#5700=EDGE_CURVE('',#3253,#3255,#2502,.T.);
#5702=EDGE_CURVE('',#3257,#3255,#2509,.T.);
#5704=EDGE_CURVE('',#3252,#3257,#2516,.T.);
#5715=EDGE_CURVE('',#3261,#3263,#2530,.T.);
#5717=EDGE_CURVE('',#3265,#3263,#2537,.T.);
#5729=EDGE_CURVE('',#3252,#3267,#2551,.T.);
#5731=EDGE_CURVE('',#3267,#3244,#2614,.T.);
#5733=EDGE_CURVE('',#3253,#3244,#2572,.T.);
#5745=EDGE_CURVE('',#3257,#3269,#2558,.T.);
#5747=EDGE_CURVE('',#3241,#3269,#2866,.T.);
#5750=EDGE_CURVE('',#3240,#3267,#2761,.T.);
#5761=EDGE_CURVE('',#3255,#3245,#2565,.T.);
#5763=EDGE_CURVE('',#3245,#3269,#2600,.T.);
#5776=EDGE_CURVE('',#3244,#3245,#2607,.T.);
#5787=EDGE_CURVE('',#3280,#3281,#2684,.T.);
#5790=EDGE_CURVE('',#3249,#3273,#2579,.T.);
#5792=EDGE_CURVE('',#3248,#3249,#2586,.T.);
#5795=EDGE_CURVE('',#3271,#3297,#2789,.T.);
#5797=EDGE_CURVE('',#3296,#3297,#2887,.T.);
#5799=EDGE_CURVE('',#3296,#3269,#2845,.T.);
#5804=EDGE_CURVE('',#3267,#3281,#2754,.T.);
#5808=EDGE_CURVE('',#3316,#3317,#2621,.T.);
#5810=EDGE_CURVE('',#3321,#3316,#2628,.T.);
#5812=EDGE_CURVE('',#3319,#3321,#2635,.T.);
#5814=EDGE_CURVE('',#3317,#3319,#2642,.T.);
#5818=EDGE_CURVE('',#3324,#3325,#2649,.T.);
#5820=EDGE_CURVE('',#3329,#3324,#2656,.T.);
#5822=EDGE_CURVE('',#3327,#3329,#2663,.T.);
#5824=EDGE_CURVE('',#3325,#3327,#2670,.T.);
#5834=EDGE_CURVE('',#3337,#3335,#2698,.T.);
#5838=EDGE_CURVE('',#3337,#3281,#2691,.T.);
#5849=EDGE_CURVE('',#3337,#3392,#2705,.T.);
#5863=EDGE_CURVE('',#3333,#3337,#2733,.T.);
#5891=EDGE_CURVE('',#3263,#3249,#2775,.T.);
#5918=EDGE_CURVE('',#3285,#3289,#2838,.T.);
#5920=EDGE_CURVE('',#3289,#3293,#2810,.T.);
#5922=EDGE_CURVE('',#3293,#3297,#2894,.T.);
#5933=EDGE_CURVE('',#3284,#3288,#2824,.T.);
#5935=EDGE_CURVE('',#3288,#3289,#2831,.T.);
#5947=EDGE_CURVE('',#3292,#3296,#2880,.T.);
#5949=EDGE_CURVE('',#3288,#3292,#2852,.T.);
#5962=EDGE_CURVE('',#3292,#3293,#2873,.T.);
#5988=EDGE_CURVE('',#3300,#3316,#2901,.T.);
#5991=EDGE_CURVE('',#3301,#3317,#2922,.T.);
#6002=EDGE_CURVE('',#3305,#3321,#2908,.T.);
#6015=EDGE_CURVE('',#3303,#3319,#2915,.T.);
#6040=EDGE_CURVE('',#3308,#3324,#2929,.T.);
#6043=EDGE_CURVE('',#3309,#3325,#2950,.T.);
#6054=EDGE_CURVE('',#3313,#3329,#2936,.T.);
#6067=EDGE_CURVE('',#3311,#3327,#2943,.T.);
#6092=EDGE_CURVE('',#3396,#3412,#2957,.T.);
#6095=EDGE_CURVE('',#3397,#3413,#2978,.T.);
#6106=EDGE_CURVE('',#3401,#3417,#2964,.T.);
#6119=EDGE_CURVE('',#3399,#3415,#2971,.T.);
#6144=EDGE_CURVE('',#3404,#3420,#2985,.T.);
#6147=EDGE_CURVE('',#3405,#3421,#3006,.T.);
#6158=EDGE_CURVE('',#3409,#3425,#2992,.T.);
#6171=EDGE_CURVE('',#3407,#3423,#2999,.T.);
#6196=EDGE_CURVE('',#3492,#3508,#3013,.T.);
#6199=EDGE_CURVE('',#3493,#3509,#3034,.T.);
#6210=EDGE_CURVE('',#3497,#3513,#3020,.T.);
#6223=EDGE_CURVE('',#3495,#3511,#3027,.T.);
#6248=EDGE_CURVE('',#3500,#3516,#3041,.T.);
#6251=EDGE_CURVE('',#3501,#3517,#3062,.T.);
#6262=EDGE_CURVE('',#3505,#3521,#3048,.T.);
#6275=EDGE_CURVE('',#3503,#3519,#3055,.T.);
#6300=EDGE_CURVE('',#3588,#3604,#3069,.T.);
#6303=EDGE_CURVE('',#3589,#3605,#3090,.T.);
#6314=EDGE_CURVE('',#3593,#3609,#3076,.T.);
#6327=EDGE_CURVE('',#3591,#3607,#3083,.T.);
#6352=EDGE_CURVE('',#3596,#3612,#3097,.T.);
#6355=EDGE_CURVE('',#3597,#3613,#3118,.T.);
#6366=EDGE_CURVE('',#3601,#3617,#3104,.T.);
#6379=EDGE_CURVE('',#3599,#3615,#3111,.T.);
#6404=EDGE_CURVE('',#3684,#3700,#3125,.T.);
#6407=EDGE_CURVE('',#3685,#3701,#3146,.T.);
#6418=EDGE_CURVE('',#3689,#3705,#3132,.T.);
#6431=EDGE_CURVE('',#3687,#3703,#3139,.T.);
#6456=EDGE_CURVE('',#3692,#3708,#3153,.T.);
#6459=EDGE_CURVE('',#3693,#3709,#3174,.T.);
#6470=EDGE_CURVE('',#3697,#3713,#3160,.T.);
#6483=EDGE_CURVE('',#3695,#3711,#3167,.T.);
#6508=EDGE_CURVE('',#3788,#3804,#3181,.T.);
#6511=EDGE_CURVE('',#3789,#3805,#3202,.T.);
#6522=EDGE_CURVE('',#3793,#3809,#3188,.T.);
#6535=EDGE_CURVE('',#3791,#3807,#3195,.T.);
#6560=EDGE_CURVE('',#3796,#3812,#3209,.T.);
#6563=EDGE_CURVE('',#3797,#3813,#3230,.T.);
#6574=EDGE_CURVE('',#3801,#3817,#3216,.T.);
#6587=EDGE_CURVE('',#3799,#3815,#3223,.T.);
#6614=(LENGTH_UNIT()NAMED_UNIT(*)SI_UNIT(.MILLI.,.METRE.));
#6616=(NAMED_UNIT(*)PLANE_ANGLE_UNIT()SI_UNIT($,.RADIAN.));
#6619=(NAMED_UNIT(*)SI_UNIT($,.STERADIAN.)SOLID_ANGLE_UNIT());
#6625=AXIS2_PLACEMENT_3D('',#6622,#6623,#6624);
#6626=ADVANCED_BREP_SHAPE_REPRESENTATION('',(#6625,#6607),#6621);
#6633=PRODUCT_DEFINITION('design','',#6632,#6629);
#6634=PRODUCT_DEFINITION_SHAPE('','SHAPE FOR M20-995-MOULD.',#6633);
#6635=SHAPE_DEFINITION_REPRESENTATION(#6634,#6626);
#6636=SHAPE_DEFINITION_REPRESENTATION(#6637,#6638);
#6637=PRODUCT_DEFINITION_SHAPE('','SHAPE FOR M20-995_ASM.',#8021);
#6638=SHAPE_REPRESENTATION('',(#6644,#7277,#7286,#7295,#7304,#7313,#7322,#7956,
#7965,#7974,#7983,#7992,#8001,#8016),#8012);
#6639=NEXT_ASSEMBLY_USAGE_OCCURRENCE('5674','Next assembly relationship',
'M20-995-MOULD',#8021,#6633,$);
#6640=PRODUCT_DEFINITION_SHAPE('Placement #5674',
'Placement of M20-995-MOULD with respect to M20-995_ASM',#6639);
#6744=CIRCLE('',#6743,1.E0);
#6773=CIRCLE('',#6772,1.64E0);
#6802=CIRCLE('',#6801,1.64E0);
#6915=CIRCLE('',#6914,1.E0);
#6986=EDGE_CURVE('',#6958,#6962,#6652,.T.);
#6988=EDGE_CURVE('',#6962,#6951,#6708,.T.);
#6990=EDGE_CURVE('',#6951,#6952,#6694,.T.);
#6992=EDGE_CURVE('',#6952,#6958,#6673,.T.);
#7003=EDGE_CURVE('',#6958,#6960,#6659,.T.);
#7005=EDGE_CURVE('',#6960,#6964,#6666,.T.);
#7007=EDGE_CURVE('',#6962,#6964,#6715,.T.);
#7018=EDGE_CURVE('',#6952,#6956,#6680,.T.);
#7020=EDGE_CURVE('',#6956,#6960,#6687,.T.);
#7032=EDGE_CURVE('',#6951,#6955,#6729,.T.);
#7034=EDGE_CURVE('',#6955,#6956,#6701,.T.);
#7047=EDGE_CURVE('',#6964,#6955,#6722,.T.);
#7059=EDGE_CURVE('',#6964,#6936,#6736,.T.);
#7061=EDGE_CURVE('',#6936,#6944,#6744,.T.);
#7063=EDGE_CURVE('',#6944,#6980,#6751,.T.);
#7065=EDGE_CURVE('',#6980,#6976,#6886,.T.);
#7067=EDGE_CURVE('',#6947,#6976,#6816,.T.);
#7069=EDGE_CURVE('',#6939,#6947,#6802,.T.);
#7071=EDGE_CURVE('',#6955,#6939,#6787,.T.);
#7082=EDGE_CURVE('',#6960,#6935,#6758,.T.);
#7084=EDGE_CURVE('',#6935,#6936,#6907,.T.);
#7096=EDGE_CURVE('',#6956,#6940,#6765,.T.);
#7098=EDGE_CURVE('',#6940,#6948,#6773,.T.);
#7100=EDGE_CURVE('',#6948,#6971,#6780,.T.);
#7102=EDGE_CURVE('',#6971,#6972,#6929,.T.);
#7104=EDGE_CURVE('',#6943,#6972,#6900,.T.);
#7106=EDGE_CURVE('',#6935,#6943,#6915,.T.);
#7119=EDGE_CURVE('',#6939,#6940,#6794,.T.);
#7132=EDGE_CURVE('',#6947,#6948,#6809,.T.);
#7145=EDGE_CURVE('',#6976,#6971,#6837,.T.);
#7156=EDGE_CURVE('',#6974,#6967,#6823,.T.);
#7158=EDGE_CURVE('',#6967,#6971,#6830,.T.);
#7161=EDGE_CURVE('',#6974,#6976,#6879,.T.);
#7171=EDGE_CURVE('',#6968,#6978,#6844,.T.);
#7173=EDGE_CURVE('',#6967,#6968,#6922,.T.);
#7176=EDGE_CURVE('',#6978,#6974,#6872,.T.);
#7187=EDGE_CURVE('',#6978,#6980,#6851,.T.);
#7189=EDGE_CURVE('',#6972,#6980,#6858,.T.);
#7191=EDGE_CURVE('',#6968,#6972,#6865,.T.);
#7213=EDGE_CURVE('',#6943,#6944,#6893,.T.);
#7253=(LENGTH_UNIT()NAMED_UNIT(*)SI_UNIT(.MILLI.,.METRE.));
#7255=(NAMED_UNIT(*)PLANE_ANGLE_UNIT()SI_UNIT($,.RADIAN.));
#7258=(NAMED_UNIT(*)SI_UNIT($,.STERADIAN.)SOLID_ANGLE_UNIT());
#7264=AXIS2_PLACEMENT_3D('',#7261,#7262,#7263);
#7265=ADVANCED_BREP_SHAPE_REPRESENTATION('',(#7264,#7246),#7260);
#7269=PRODUCT_DEFINITION('design','',#7268,#6629);
#7270=PRODUCT_DEFINITION_SHAPE('','SHAPE FOR M20-995-PIN1.',#7269);
#7271=SHAPE_DEFINITION_REPRESENTATION(#7270,#7265);
#7272=NEXT_ASSEMBLY_USAGE_OCCURRENCE('5675','Next assembly relationship',
'M20-995-PIN1',#8021,#7269,$);
#7273=PRODUCT_DEFINITION_SHAPE('Placement #5675',
'Placement of M20-995-PIN1 with respect to M20-995_ASM',#7272);
#7281=NEXT_ASSEMBLY_USAGE_OCCURRENCE('5676','Next assembly relationship',
'M20-995-PIN1',#8021,#7269,$);
#7282=PRODUCT_DEFINITION_SHAPE('Placement #5676',
'Placement of M20-995-PIN1 with respect to M20-995_ASM',#7281);
#7290=NEXT_ASSEMBLY_USAGE_OCCURRENCE('5677','Next assembly relationship',
'M20-995-PIN1',#8021,#7269,$);
#7291=PRODUCT_DEFINITION_SHAPE('Placement #5677',
'Placement of M20-995-PIN1 with respect to M20-995_ASM',#7290);
#7299=NEXT_ASSEMBLY_USAGE_OCCURRENCE('5678','Next assembly relationship',
'M20-995-PIN1',#8021,#7269,$);
#7300=PRODUCT_DEFINITION_SHAPE('Placement #5678',
'Placement of M20-995-PIN1 with respect to M20-995_ASM',#7299);
#7308=NEXT_ASSEMBLY_USAGE_OCCURRENCE('5679','Next assembly relationship',
'M20-995-PIN1',#8021,#7269,$);
#7309=PRODUCT_DEFINITION_SHAPE('Placement #5679',
'Placement of M20-995-PIN1 with respect to M20-995_ASM',#7308);
#7317=NEXT_ASSEMBLY_USAGE_OCCURRENCE('5680','Next assembly relationship',
'M20-995-PIN1',#8021,#7269,$);
#7318=PRODUCT_DEFINITION_SHAPE('Placement #5680',
'Placement of M20-995-PIN1 with respect to M20-995_ASM',#7317);
#7422=CIRCLE('',#7421,1.E0);
#7451=CIRCLE('',#7450,1.64E0);
#7480=CIRCLE('',#7479,1.64E0);
#7593=CIRCLE('',#7592,1.E0);
#7664=EDGE_CURVE('',#7636,#7640,#7330,.T.);
#7666=EDGE_CURVE('',#7640,#7629,#7386,.T.);
#7668=EDGE_CURVE('',#7629,#7630,#7372,.T.);
#7670=EDGE_CURVE('',#7630,#7636,#7351,.T.);
#7681=EDGE_CURVE('',#7636,#7638,#7337,.T.);
#7683=EDGE_CURVE('',#7638,#7642,#7344,.T.);
#7685=EDGE_CURVE('',#7640,#7642,#7393,.T.);
#7696=EDGE_CURVE('',#7630,#7634,#7358,.T.);
#7698=EDGE_CURVE('',#7634,#7638,#7365,.T.);
#7710=EDGE_CURVE('',#7629,#7633,#7407,.T.);
#7712=EDGE_CURVE('',#7633,#7634,#7379,.T.);
#7725=EDGE_CURVE('',#7642,#7633,#7400,.T.);
#7737=EDGE_CURVE('',#7642,#7614,#7414,.T.);
#7739=EDGE_CURVE('',#7614,#7622,#7422,.T.);
#7741=EDGE_CURVE('',#7622,#7658,#7429,.T.);
#7743=EDGE_CURVE('',#7658,#7654,#7564,.T.);
#7745=EDGE_CURVE('',#7625,#7654,#7494,.T.);
#7747=EDGE_CURVE('',#7617,#7625,#7480,.T.);
#7749=EDGE_CURVE('',#7633,#7617,#7465,.T.);
#7760=EDGE_CURVE('',#7638,#7613,#7436,.T.);
#7762=EDGE_CURVE('',#7613,#7614,#7585,.T.);
#7774=EDGE_CURVE('',#7634,#7618,#7443,.T.);
#7776=EDGE_CURVE('',#7618,#7626,#7451,.T.);
#7778=EDGE_CURVE('',#7626,#7649,#7458,.T.);
#7780=EDGE_CURVE('',#7649,#7650,#7607,.T.);
#7782=EDGE_CURVE('',#7621,#7650,#7578,.T.);
#7784=EDGE_CURVE('',#7613,#7621,#7593,.T.);
#7797=EDGE_CURVE('',#7617,#7618,#7472,.T.);
#7810=EDGE_CURVE('',#7625,#7626,#7487,.T.);
#7823=EDGE_CURVE('',#7654,#7649,#7515,.T.);
#7834=EDGE_CURVE('',#7652,#7645,#7501,.T.);
#7836=EDGE_CURVE('',#7645,#7649,#7508,.T.);
#7839=EDGE_CURVE('',#7652,#7654,#7557,.T.);
#7849=EDGE_CURVE('',#7646,#7656,#7522,.T.);
#7851=EDGE_CURVE('',#7645,#7646,#7600,.T.);
#7854=EDGE_CURVE('',#7656,#7652,#7550,.T.);
#7865=EDGE_CURVE('',#7656,#7658,#7529,.T.);
#7867=EDGE_CURVE('',#7650,#7658,#7536,.T.);
#7869=EDGE_CURVE('',#7646,#7650,#7543,.T.);
#7891=EDGE_CURVE('',#7621,#7622,#7571,.T.);
#7931=(LENGTH_UNIT()NAMED_UNIT(*)SI_UNIT(.MILLI.,.METRE.));
#7933=(NAMED_UNIT(*)PLANE_ANGLE_UNIT()SI_UNIT($,.RADIAN.));
#7936=(NAMED_UNIT(*)SI_UNIT($,.STERADIAN.)SOLID_ANGLE_UNIT());
#7942=AXIS2_PLACEMENT_3D('',#7939,#7940,#7941);
#7943=ADVANCED_BREP_SHAPE_REPRESENTATION('',(#7942,#7924),#7938);
#7948=PRODUCT_DEFINITION('design','',#7947,#7944);
#7949=PRODUCT_DEFINITION_SHAPE('','SHAPE FOR M20-995-PIN2.',#7948);
#7950=SHAPE_DEFINITION_REPRESENTATION(#7949,#7943);
#7951=NEXT_ASSEMBLY_USAGE_OCCURRENCE('5681','Next assembly relationship',
'M20-995-PIN2',#8021,#7948,$);
#7952=PRODUCT_DEFINITION_SHAPE('Placement #5681',
'Placement of M20-995-PIN2 with respect to M20-995_ASM',#7951);
#7960=NEXT_ASSEMBLY_USAGE_OCCURRENCE('5682','Next assembly relationship',
'M20-995-PIN2',#8021,#7948,$);
#7961=PRODUCT_DEFINITION_SHAPE('Placement #5682',
'Placement of M20-995-PIN2 with respect to M20-995_ASM',#7960);
#7969=NEXT_ASSEMBLY_USAGE_OCCURRENCE('5683','Next assembly relationship',
'M20-995-PIN2',#8021,#7948,$);
#7970=PRODUCT_DEFINITION_SHAPE('Placement #5683',
'Placement of M20-995-PIN2 with respect to M20-995_ASM',#7969);
#7978=NEXT_ASSEMBLY_USAGE_OCCURRENCE('5684','Next assembly relationship',
'M20-995-PIN2',#8021,#7948,$);
#7979=PRODUCT_DEFINITION_SHAPE('Placement #5684',
'Placement of M20-995-PIN2 with respect to M20-995_ASM',#7978);
#7987=NEXT_ASSEMBLY_USAGE_OCCURRENCE('5685','Next assembly relationship',
'M20-995-PIN2',#8021,#7948,$);
#7988=PRODUCT_DEFINITION_SHAPE('Placement #5685',
'Placement of M20-995-PIN2 with respect to M20-995_ASM',#7987);
#7996=NEXT_ASSEMBLY_USAGE_OCCURRENCE('5686','Next assembly relationship',
'M20-995-PIN2',#8021,#7948,$);
#7997=PRODUCT_DEFINITION_SHAPE('Placement #5686',
'Placement of M20-995-PIN2 with respect to M20-995_ASM',#7996);
#8005=(LENGTH_UNIT()NAMED_UNIT(*)SI_UNIT(.MILLI.,.METRE.));
#8007=(NAMED_UNIT(*)PLANE_ANGLE_UNIT()SI_UNIT($,.RADIAN.));
#8010=(NAMED_UNIT(*)SI_UNIT($,.STERADIAN.)SOLID_ANGLE_UNIT());
#8016=AXIS2_PLACEMENT_3D('',#8013,#8014,#8015);
#8021=PRODUCT_DEFINITION('design','',#8020,#7944);
ENDSEC;
END-ISO-10303-21;
